登番,選手名,地力3連対,全国6走,実6_2着率,実6_3着率,実6_2_3,期待6_2_3,残し残差,補正2着率,全国6ST,当地6走,当地6_2_3
3352,小川晃司,41.1,208,11.5,27.9,39.4,16.3,21.5,11.1,0.165,7,85.7
4528,黒井達矢,62.3,31,19.4,35.5,54.8,29.0,17.4,16.0,0.181,6,66.7
5321,一色颯輝,47.4,33,15.2,27.3,42.4,17.4,17.2,12.0,0.205,0,
5095,小原聡将,61.2,32,15.6,37.5,53.1,29.0,16.5,13.6,0.133,3,66.7
4739,中村晃朋,65.6,38,7.9,47.4,55.3,33.0,15.9,8.7,0.156,1,100.0
4002,古結宏,66.1,26,7.7,50.0,57.7,33.0,15.6,8.8,0.151,0,
4911,片岡大地,52.8,30,6.7,40.0,46.7,25.1,14.4,6.9,0.143,2,100.0
4215,吉島祥之,56.9,48,16.7,27.1,43.8,25.1,14.2,14.5,0.201,1,100.0
5350,網代良芽,44.4,38,10.5,26.3,36.8,17.4,14.0,9.0,0.146,2,0.0
3294,野中義生,40.6,34,11.8,23.5,35.3,16.3,13.2,9.6,0.14,5,40.0
4748,渡邉雄朗,65.4,39,23.1,28.2,51.3,33.0,13.2,19.6,0.149,3,100.0
4287,今井貴士,58.7,48,18.8,27.1,45.8,29.0,12.9,16.5,0.159,3,33.3
4967,中村魁生,67.2,35,22.9,28.6,51.4,33.0,12.9,19.2,0.15,0,
5181,森智哉,45.5,30,10.0,26.7,36.7,17.4,12.9,8.3,0.199,0,
3300,川崎智幸,57.0,40,17.5,25.0,42.5,25.1,12.7,14.8,0.184,3,0.0
3543,福田雅一,48.3,24,8.3,33.3,41.7,21.0,12.7,7.6,0.173,3,0.0
4572,渡部悟,52.6,46,17.4,23.9,41.3,25.1,12.3,15.0,0.182,4,25.0
4360,庄司孝輔,55.0,38,15.8,26.3,42.1,25.1,12.2,13.4,0.166,4,50.0
5441,鈴木雄登,27.5,122,10.7,12.3,23.0,10.1,11.4,9.8,0.179,9,11.1
4448,青木玄太,69.5,40,20.0,32.5,52.5,37.2,11.2,18.2,0.171,1,0.0
5058,前原大道,70.5,40,17.5,35.0,52.5,37.2,11.2,16.4,0.196,1,100.0
3699,富永正人,38.5,34,2.9,29.4,32.4,16.3,11.1,3.4,0.206,0,
4984,森下愛梨,44.7,44,13.6,18.2,31.8,17.4,10.8,11.4,0.204,2,50.0
4069,山本修一,61.6,39,20.5,23.1,43.6,29.0,10.6,17.4,0.225,0,
5282,中本大樹,48.1,30,10.0,26.7,36.7,21.0,10.5,8.8,0.168,1,0.0
4737,竹井貴史,76.0,40,30.0,27.5,57.5,43.2,10.4,25.8,0.158,1,0.0
5245,倉富大誠,47.0,34,8.8,23.5,32.4,17.4,10.4,7.7,0.189,4,50.0
4200,早川尚人,37.2,31,6.5,22.6,29.0,13.7,10.3,5.6,0.18,1,0.0
4908,上田龍星,65.6,31,22.6,25.8,48.4,33.0,10.3,18.7,0.175,1,0.0
4134,杉山貴博,61.8,37,21.6,21.6,43.2,29.0,10.2,18.0,0.197,1,0.0
4283,石井裕美,37.3,27,3.7,25.9,29.6,13.7,10.2,3.8,0.176,0,
5073,上原健次郎,48.8,37,8.1,27.0,35.1,21.0,10.1,7.6,0.182,3,33.3
3663,木山和幸,54.2,36,11.1,27.8,38.9,25.1,9.8,10.0,0.188,0,
4813,宮内直哉,30.6,27,3.7,22.2,25.9,10.8,9.7,3.4,0.211,2,0.0
5046,松山裕基,33.7,28,7.1,21.4,28.6,13.7,9.7,6.0,0.191,2,0.0
3232,山川美由紀,60.2,30,3.3,40.0,43.3,29.0,9.6,5.3,0.176,0,
3576,白水勝也,72.0,29,10.3,41.4,51.7,37.2,9.6,11.4,0.189,1,0.0
4456,鎌倉涼,61.5,30,10.0,33.3,43.3,29.0,9.6,9.7,0.181,1,100.0
4674,池田剛規,53.5,42,14.3,23.8,38.1,25.1,9.6,12.5,0.143,1,100.0
4743,木村仁紀,65.5,46,13.0,32.6,45.7,33.0,9.5,12.5,0.166,0,
4096,石橋道友,65.7,32,9.4,37.5,46.9,33.0,9.4,9.8,0.153,2,0.0
4444,桐生順平,66.4,32,6.2,40.6,46.9,33.0,9.4,7.7,0.15,0,
5434,藤田康生,21.7,111,6.3,12.6,18.9,8.3,9.4,5.8,0.165,0,
4584,村岡賢人,69.9,40,20.0,30.0,50.0,37.2,9.3,18.2,0.122,0,
4886,入海馨,65.4,44,11.4,34.1,45.5,33.0,9.3,11.2,0.161,1,100.0
5356,長谷川暖,46.0,36,11.1,19.4,30.6,17.4,9.3,9.3,0.198,2,0.0
3528,笠野友紀恵,30.2,23,4.3,21.7,26.1,10.8,9.2,3.7,0.223,0,
4003,表憲一,53.3,34,14.7,23.5,38.2,25.1,9.1,12.5,0.164,0,
4044,湯川浩司,61.9,28,7.1,35.7,42.9,29.0,9.1,7.8,0.141,2,0.0
5032,谷口知優,51.7,32,9.4,25.0,34.4,21.0,9.1,8.4,0.169,1,100.0
5125,高井雄基,51.0,42,4.8,28.6,33.3,21.0,9.1,5.2,0.22,2,0.0
3961,谷村一哉,69.1,36,13.9,36.1,50.0,37.2,9.1,13.8,0.189,0,
4504,前田将太,60.8,36,19.4,22.2,41.7,29.0,9.0,16.4,0.137,0,
4470,平田健之佑,66.3,35,14.3,31.4,45.7,33.0,8.9,13.2,0.181,0,
4497,桑原悠,64.6,35,14.3,31.4,45.7,33.0,8.9,13.2,0.153,4,50.0
4508,野間大樹,58.3,31,12.9,29.0,41.9,29.0,8.8,11.7,0.217,3,33.3
4754,松尾充,62.0,31,12.9,29.0,41.9,29.0,8.8,11.7,0.183,2,50.0
5011,高木圭大,31.6,34,8.8,14.7,23.5,10.8,8.8,7.0,0.172,0,
4117,廣中智紗衣,65.8,28,17.9,28.6,46.4,33.0,8.7,15.4,0.211,1,0.0
5012,加倉侑征,52.3,43,11.6,20.9,32.6,21.0,8.6,10.3,0.172,2,100.0
5048,眞鳥康太,42.2,79,11.4,15.2,26.6,16.3,8.6,10.3,0.206,3,0.0
4119,泥谷一毅,56.9,26,11.5,26.9,38.5,25.1,8.5,10.0,0.192,0,
4161,黒柳浩孝,52.7,35,14.3,22.9,37.1,25.1,8.5,12.2,0.152,2,50.0
4450,平高奈菜,65.7,33,15.2,30.3,45.5,33.0,8.5,13.8,0.164,0,
3719,辻栄蔵,65.7,38,13.2,31.6,44.7,33.0,8.4,12.5,0.168,0,
3906,飯山晃三,35.6,35,14.3,11.4,25.7,13.7,8.4,11.2,0.229,0,
3978,齊藤仁,56.7,41,9.8,26.8,36.6,25.1,8.4,9.1,0.202,1,0.0
4320,峰竜太,77.5,25,12.0,52.0,64.0,50.6,8.4,13.1,0.124,0,
5134,大原祥昌,57.7,45,15.6,24.4,40.0,29.0,8.3,13.9,0.168,1,0.0
3616,中村真,50.3,30,13.3,20.0,33.3,21.0,8.2,11.0,0.166,0,
4136,江夏満,69.8,37,16.2,32.4,48.6,37.2,8.2,15.4,0.191,1,100.0
4308,河村了,70.3,37,10.8,37.8,48.6,37.2,8.2,11.6,0.174,1,100.0
4618,乃村康友,52.1,30,6.7,26.7,33.3,21.0,8.2,6.6,0.182,5,40.0
4961,西橋奈未,62.1,37,13.5,27.0,40.5,29.0,8.2,12.2,0.157,3,66.7
5281,井上遥妃,58.3,37,10.8,29.7,40.5,29.0,8.2,10.3,0.17,0,
5344,谷口丞,43.1,46,4.3,23.9,28.3,17.4,8.2,4.5,0.155,0,
3686,鳥居塚孝博,58.8,40,17.5,22.5,40.0,29.0,8.0,15.2,0.188,2,50.0
4477,篠崎仁志,66.1,36,16.7,27.8,44.4,33.0,8.0,14.9,0.148,1,100.0
4715,村上遼,65.2,36,13.9,30.6,44.4,33.0,8.0,13.0,0.15,0,
5224,西岡顕心,69.4,46,17.4,30.4,47.8,37.2,8.0,16.4,0.159,1,0.0
3896,上田洋平,52.5,27,7.4,25.9,33.3,21.0,7.9,7.1,0.164,0,
4256,渡辺浩司,71.1,44,20.5,27.3,47.7,37.2,7.9,18.7,0.145,0,
4424,松尾昂明,56.7,45,11.1,24.4,35.6,25.1,7.9,10.2,0.159,3,33.3
5153,佐藤ほのか,28.8,31,9.7,12.9,22.6,10.8,7.9,7.4,0.135,0,
5255,藤原仙二,67.8,44,20.5,27.3,47.7,37.2,7.9,18.7,0.175,0,
4179,広次修,57.3,39,10.3,25.6,35.9,25.1,7.8,9.5,0.185,2,50.0
4809,外崎悟,58.4,35,8.6,31.4,40.0,29.0,7.7,8.7,0.166,4,25.0
4644,山田亮太,67.9,31,9.7,38.7,48.4,37.2,7.6,10.9,0.127,1,0.0
4880,澤崎雄哉,49.3,31,6.5,25.8,32.3,21.0,7.6,6.4,0.187,1,0.0
5248,本田愛,49.0,38,15.8,15.8,31.6,21.0,7.6,13.1,0.175,1,0.0
5101,表健太,25.1,22,9.1,13.6,22.7,10.1,7.5,6.7,0.249,1,100.0
5291,三嶌こころ,33.0,42,9.5,14.3,23.8,13.7,7.4,8.0,0.259,0,
4229,市川美宏,36.6,28,3.6,21.4,25.0,13.7,7.3,3.7,0.19,1,100.0
4298,宮下元胤,64.4,32,18.8,25.0,43.8,33.0,7.3,16.2,0.185,0,
4487,三原司,37.3,28,3.6,21.4,25.0,13.7,7.3,3.7,0.194,0,
4641,磯村匠,43.3,24,8.3,20.8,29.2,17.4,7.3,7.1,0.236,2,50.0
4825,倉持莉々,69.3,29,34.5,13.8,48.3,37.2,7.3,27.3,0.14,2,100.0
4228,吉田慎二郎,62.0,44,11.4,27.3,38.6,29.0,7.2,10.8,0.172,0,
3482,金子猛志,48.1,46,13.0,17.4,30.4,21.0,7.1,11.4,0.155,2,50.0
4323,山田佑樹,52.8,34,0.0,35.3,35.3,25.1,7.1,2.3,0.181,0,
4865,立具敬司,41.1,21,4.8,23.8,28.6,16.3,7.1,4.7,0.178,1,0.0
4954,内山峻輔,36.3,43,11.6,11.6,23.3,13.7,7.1,9.6,0.19,0,
5204,宇恵有香,40.8,21,0.0,28.6,28.6,16.3,7.1,1.9,0.155,0,
3406,中里英夫,55.7,31,9.7,25.8,35.5,25.1,7.0,9.0,0.193,0,
4347,魚谷香織,62.1,36,8.3,30.6,38.9,29.0,7.0,8.6,0.162,1,0.0
3715,倉尾大介,58.0,25,20.0,20.0,40.0,29.0,6.9,15.9,0.184,3,66.7
3747,國崎良春,59.2,39,15.4,23.1,38.5,29.0,6.9,13.6,0.147,1,0.0
3852,澤大介,40.9,30,10.0,16.7,26.7,16.3,6.9,8.2,0.237,2,0.0
4000,松本博昭,60.1,39,5.1,33.3,38.5,29.0,6.9,6.2,0.186,1,100.0
4976,金山立樹,51.4,25,12.0,20.0,32.0,21.0,6.9,9.9,0.201,0,
5388,佐野優都,35.7,97,7.2,14.4,21.6,13.7,6.9,6.8,0.181,4,75.0
4184,渡邊雄一郎,76.0,26,11.5,42.3,53.8,43.2,6.8,12.7,0.162,0,
4544,松田大志郎,77.1,36,19.4,33.3,52.8,43.2,6.8,18.0,0.196,0,
4840,鈴木秀茉,45.5,33,15.2,12.1,27.3,17.4,6.8,12.0,0.186,1,100.0
4066,東本勝利,62.3,42,9.5,28.6,38.1,29.0,6.7,9.4,0.159,5,40.0
4095,福来剛,71.6,41,31.7,14.6,46.3,37.2,6.7,26.8,0.146,2,0.0
4382,高山智至,40.9,26,3.8,23.1,26.9,16.3,6.7,4.1,0.192,0,
5004,河野主樹,55.4,44,9.1,25.0,34.1,25.1,6.7,8.7,0.165,1,0.0
5299,西丸敦基,54.7,41,7.3,26.8,34.1,25.1,6.7,7.4,0.143,0,
3947,寺本昇平,41.5,35,8.6,17.1,25.7,16.3,6.6,7.4,0.183,4,50.0
4540,相原利章,51.8,40,2.5,27.5,30.0,21.0,6.6,3.6,0.125,1,0.0
4575,戸塚邦好,59.8,31,16.1,22.6,38.7,29.0,6.6,13.8,0.164,0,
4759,今泉友吾,72.1,48,18.8,27.1,45.8,37.2,6.6,17.5,0.166,1,100.0
5133,堀越雄貴,51.4,29,10.3,20.7,31.0,21.0,6.6,9.0,0.214,3,33.3
5246,楠将太郎,50.2,40,12.5,17.5,30.0,21.0,6.6,10.8,0.176,10,20.0
5285,若林麗,26.7,36,2.8,16.7,19.4,10.1,6.6,2.9,0.193,0,
3293,宮内由紀英,32.1,29,6.9,13.8,20.7,10.8,6.5,5.5,0.2,1,0.0
4596,葛原大陽,64.7,43,11.6,30.2,41.9,33.0,6.5,11.4,0.157,0,
4888,金児隆太,49.8,22,18.2,13.6,31.8,21.0,6.5,13.4,0.168,3,0.0
5394,福西広太郎,23.3,108,2.8,14.8,17.6,10.1,6.5,2.8,0.195,8,25.0
5228,若林樹蘭,56.7,35,8.6,25.7,34.3,25.1,6.5,8.2,0.2,1,100.0
3333,丸尾義孝,65.1,33,9.1,33.3,42.4,33.0,6.4,9.6,0.16,0,
5141,大澤風葵,67.5,28,14.3,28.6,42.9,33.0,6.4,13.0,0.134,3,66.7
5343,小林礼央,36.2,55,10.9,10.9,21.8,13.7,6.4,9.4,0.147,3,33.3
3611,岩崎芳美,57.5,37,13.5,24.3,37.8,29.0,6.3,12.2,0.157,1,100.0
3783,瓜生正義,57.2,32,9.4,25.0,34.4,25.1,6.3,8.8,0.132,1,0.0
5320,岩崎麗子,20.9,28,7.1,10.7,17.9,8.3,6.3,5.5,0.169,1,0.0
3107,平岡重典,28.1,18,0.0,22.2,22.2,10.8,6.2,1.3,0.192,2,0.0
3412,鈴木博,66.8,46,19.6,21.7,41.3,33.0,6.2,17.4,0.147,4,25.0
3746,岡瀬正人,57.2,45,6.7,26.7,33.3,25.1,6.2,6.9,0.185,2,0.0
4033,伊藤将吉,63.6,41,9.8,31.7,41.5,33.0,6.2,10.0,0.141,1,100.0
4471,新田泰章,68.3,44,18.2,27.3,45.5,37.2,6.2,17.0,0.181,7,57.1
4692,酒井俊弘,43.5,47,12.8,12.8,25.5,17.4,6.2,10.9,0.129,4,0.0
5110,杉山喜一,49.1,37,5.4,24.3,29.7,21.0,6.2,5.7,0.179,1,100.0
5359,佐藤世那,42.5,30,10.0,16.7,26.7,17.4,6.2,8.3,0.191,5,40.0
4363,大野芳顕,57.7,43,4.7,32.6,37.2,29.0,6.1,5.8,0.163,2,50.0
5198,奥村明日香,44.6,26,7.7,19.2,26.9,17.4,6.1,6.7,0.185,0,
5377,鳥居塚嶺王,37.4,56,5.4,16.1,21.4,13.7,6.1,5.1,0.163,2,0.0
3931,黒崎竜也,59.9,46,10.9,26.1,37.0,29.0,6.0,10.4,0.153,1,0.0
4189,川上剛,62.0,26,7.7,30.8,38.5,29.0,6.0,8.2,0.215,0,
4241,大串重幸,57.4,39,10.3,23.1,33.3,25.1,6.0,9.5,0.212,0,
4665,加藤啓太,36.1,31,6.5,16.1,22.6,13.7,6.0,5.6,0.178,3,33.3
4944,田代達也,35.8,36,8.3,13.9,22.2,13.7,6.0,7.0,0.169,2,50.0
5189,藤原早菜,52.9,39,15.4,17.9,33.3,25.1,6.0,13.2,0.206,0,
3377,塚田修二,33.7,26,7.7,15.4,23.1,13.7,5.9,6.3,0.183,3,33.3
3546,中里昌志,43.1,22,4.5,22.7,27.3,17.4,5.9,4.7,0.157,0,
3779,原田幸哉,51.7,34,14.7,14.7,29.4,21.0,5.9,12.2,0.119,1,0.0
4288,永田啓二,74.5,39,12.8,38.5,51.3,43.2,5.9,13.3,0.13,0,
4305,金子拓矢,73.4,39,25.6,25.6,51.3,43.2,5.9,22.6,0.163,0,
4377,濱本優一,64.4,49,10.2,30.6,40.8,33.0,5.9,10.3,0.161,4,25.0
4482,守屋美穂,58.0,29,3.4,34.5,37.9,29.0,5.9,5.4,0.186,0,
4713,白神優,65.9,49,12.2,28.6,40.8,33.0,5.9,11.9,0.137,0,
5158,宮脇遼太,64.6,49,24.5,16.3,40.8,33.0,5.9,21.3,0.147,0,
5211,高井駿弥,35.1,26,3.8,19.2,23.1,13.7,5.9,3.9,0.174,1,100.0
5337,出畑孝成,37.1,82,11.0,9.8,20.7,13.7,5.9,9.9,0.203,4,25.0
5375,庄島潤成,12.0,99,4.0,9.1,13.1,6.4,5.9,3.7,0.191,0,
3523,寳田亮治,43.3,35,11.4,14.3,25.7,17.4,5.8,9.5,0.212,0,
3538,菊池峰晴,34.9,16,6.2,18.8,25.0,13.7,5.8,5.1,0.257,1,100.0
4071,古賀千晶,36.1,16,6.2,18.8,25.0,13.7,5.8,5.1,0.176,0,
4090,中村尊,57.3,36,13.9,19.4,33.3,25.1,5.8,12.0,0.196,8,50.0
4233,亀山雅幸,63.1,39,7.7,33.3,41.0,33.0,5.8,8.5,0.207,2,50.0
4469,土山卓也,56.4,36,2.8,30.6,33.3,25.1,5.8,4.2,0.184,1,0.0
4636,赤池修平,31.9,31,0.0,19.4,19.4,10.8,5.8,0.9,0.203,0,
4702,三浦敬太,63.7,39,15.4,25.6,41.0,33.0,5.8,14.1,0.135,4,25.0
4940,白石有美,36.8,16,12.5,12.5,25.0,13.7,5.8,8.3,0.159,0,
4064,原田篤志,69.2,40,22.5,22.5,45.0,37.2,5.7,20.0,0.193,1,100.0
4494,河合佑樹,61.2,35,14.3,22.9,37.1,29.0,5.7,12.7,0.177,2,0.0
4847,佐藤隆太郎,62.4,35,17.1,20.0,37.1,29.0,5.7,14.7,0.157,2,50.0
4891,寺島美里,42.9,31,9.7,16.1,25.8,17.4,5.7,8.2,0.2,0,
4931,木谷賢太,71.3,47,12.8,31.9,44.7,37.2,5.7,12.9,0.179,3,66.7
5276,大島隆乃介,46.4,31,3.2,22.6,25.8,17.4,5.7,3.8,0.18,2,0.0
5316,村松将平,52.2,38,5.3,23.7,28.9,21.0,5.7,5.6,0.142,0,
3569,増田進,34.0,32,0.0,21.9,21.9,13.7,5.6,1.2,0.228,0,
3584,佐々木英樹,49.1,27,7.4,22.2,29.6,21.0,5.6,7.1,0.19,0,
3878,胡本悟志,36.2,32,3.1,18.8,21.9,13.7,5.6,3.4,0.186,2,0.0
3973,崎利仁,37.1,37,5.4,16.2,21.6,13.7,5.6,5.0,0.18,2,0.0
4375,照屋厚仁,59.3,41,4.9,31.7,36.6,29.0,5.6,6.0,0.177,1,0.0
3848,川上聡介,44.8,49,10.2,14.3,24.5,17.4,5.5,9.0,0.166,0,
4214,林祐介,52.6,30,10.0,23.3,33.3,25.1,5.5,9.2,0.172,2,50.0
4948,木場悠介,52.5,30,6.7,26.7,33.3,25.1,5.5,6.9,0.162,0,
4708,半田尚也,35.2,22,0.0,22.7,22.7,13.7,5.4,1.6,0.216,0,
4895,門間雄大,50.7,31,9.7,19.4,29.0,21.0,5.4,8.6,0.135,2,0.0
4979,中野夢斗,47.5,36,5.6,19.4,25.0,17.4,5.4,5.4,0.189,1,100.0
5310,土屋蘭,42.5,36,8.3,16.7,25.0,17.4,5.4,7.4,0.211,2,0.0
3935,岩津徹郎,51.4,35,8.6,20.0,28.6,21.0,5.3,7.9,0.194,2,50.0
4219,本岡勝利,28.9,26,3.8,15.4,19.2,10.8,5.3,3.5,0.232,0,
4231,鈴木裕隆,51.8,35,8.6,20.0,28.6,21.0,5.3,7.9,0.178,4,0.0
4635,峰重力也,51.3,35,8.6,20.0,28.6,21.0,5.3,7.9,0.11,1,0.0
5239,上野俊樹,53.1,37,5.4,27.0,32.4,25.1,5.3,6.0,0.164,2,0.0
4067,永井源,62.9,32,15.6,25.0,40.6,33.0,5.2,14.1,0.188,3,66.7
5118,野田なづき,59.1,27,11.1,25.9,37.0,29.0,5.2,10.4,0.191,1,0.0
4108,吉村正明,58.8,33,12.1,24.2,36.4,29.0,5.1,11.2,0.161,1,0.0
4227,安達裕樹,54.6,34,8.8,23.5,32.4,25.1,5.1,8.4,0.175,0,
4345,西舘健,51.4,43,23.3,4.7,27.9,21.0,5.1,18.9,0.166,0,
4977,馬野耀,62.0,30,16.7,20.0,36.7,29.0,5.1,14.2,0.174,2,0.0
5018,竹下大樹,69.6,36,11.1,33.3,44.4,37.2,5.1,11.8,0.162,0,
5172,田村慶,46.1,41,9.8,14.6,24.4,17.4,5.1,8.5,0.169,0,
3448,高山秀雄,39.9,20,5.0,20.0,25.0,16.3,5.0,4.8,0.192,1,0.0
3968,茶谷信次,61.1,42,9.5,26.2,35.7,29.0,5.0,9.4,0.216,2,0.0
4089,妹尾忠幸,65.1,48,8.3,31.2,39.6,33.0,5.0,8.9,0.174,2,50.0
4114,深澤達徳,44.0,28,3.6,21.4,25.0,17.4,5.0,4.1,0.205,2,50.0
4379,桑島和宏,57.9,42,11.9,23.8,35.7,29.0,5.0,11.2,0.173,1,0.0
4425,大井清貴,44.9,28,0.0,25.0,25.0,17.4,5.0,1.8,0.176,0,
4550,石岡将太,50.4,28,3.6,25.0,28.6,21.0,5.0,4.6,0.147,0,
4551,三川昂暁,62.0,45,8.9,26.7,35.6,29.0,5.0,8.9,0.18,2,50.0
5043,中村日向,63.5,48,16.7,22.9,39.6,33.0,5.0,15.2,0.13,2,50.0
5232,樅山拓馬,46.6,28,7.1,17.9,25.0,17.4,5.0,6.4,0.184,1,0.0
5374,木山大聖,19.9,70,1.4,12.9,14.3,8.3,5.0,1.6,0.17,1,0.0
5427,港理樹,16.9,134,3.0,10.4,13.4,7.9,5.0,2.9,0.214,7,14.3
5467,野村羽玖,18.8,62,3.2,11.3,14.5,8.3,5.0,3.1,0.193,0,
3478,嶋田貴支,51.1,32,6.2,21.9,28.1,21.0,4.9,6.3,0.209,1,0.0
3527,中嶋誠一郎,49.2,32,9.4,18.8,28.1,21.0,4.9,8.4,0.191,0,
3653,品川賢次,35.5,23,4.3,17.4,21.7,13.7,4.9,4.2,0.205,2,50.0
4295,小坂尚哉,75.2,38,13.2,36.8,50.0,43.2,4.9,13.6,0.146,3,33.3
4318,桑原将光,57.1,41,4.9,26.8,31.7,25.1,4.9,5.6,0.176,2,100.0
4684,楠原翔太,55.0,41,9.8,22.0,31.7,25.1,4.9,9.1,0.136,1,100.0
5085,中村栄治,51.0,32,0.0,28.1,28.1,21.0,4.9,2.1,0.237,1,100.0
5170,佐藤太亮,48.2,32,6.2,21.9,28.1,21.0,4.9,6.3,0.169,2,0.0
5352,西岡蒼志,47.1,37,5.4,18.9,24.3,17.4,4.9,5.3,0.2,0,
3432,宮迫暢彦,39.6,25,8.0,16.0,24.0,16.3,4.8,6.7,0.233,1,0.0
4133,高橋正男,64.2,43,11.6,27.9,39.5,33.0,4.8,11.4,0.179,1,100.0
4346,前田健太郎,39.9,44,4.5,18.2,22.7,16.3,4.8,4.6,0.177,2,50.0
4939,宮之原輝紀,69.9,46,21.7,21.7,43.5,37.2,4.8,19.7,0.135,0,
3975,小野寺智洋,54.9,38,5.3,26.3,31.6,25.1,4.7,5.9,0.143,0,
4879,山崎鉄平,45.5,42,11.9,11.9,23.8,17.4,4.7,10.1,0.188,1,100.0
5008,羽野諒,40.1,30,3.3,20.0,23.3,16.3,4.7,3.7,0.152,2,50.0
4028,田村隆信,55.1,28,3.6,28.6,32.1,25.1,4.6,4.9,0.183,2,0.0
4124,池田雄一,63.6,38,2.6,36.8,39.5,33.0,4.6,4.9,0.179,1,0.0
4166,吉田拡郎,66.6,46,8.7,30.4,39.1,33.0,4.6,9.2,0.119,1,0.0
4203,小倉康典,36.8,29,6.9,13.8,20.7,13.7,4.6,5.9,0.165,4,25.0
4832,権藤俊光,69.2,39,7.7,35.9,43.6,37.2,4.6,9.3,0.162,1,100.0
5313,鈴木唯央,34.0,40,10.0,10.0,20.0,13.7,4.6,8.3,0.183,3,33.3
4839,四宮与寛,55.8,35,11.4,20.0,31.4,25.1,4.5,10.2,0.135,1,0.0
4925,森悠稀,57.1,35,8.6,22.9,31.4,25.1,4.5,8.2,0.145,1,100.0
3251,平石和男,58.1,40,10.0,25.0,35.0,29.0,4.4,9.8,0.217,3,66.7
3988,古川誠之,60.8,43,4.7,30.2,34.9,29.0,4.4,5.8,0.159,2,100.0
4011,堀之内紀代子,58.4,34,11.8,23.5,35.3,29.0,4.4,11.0,0.155,1,0.0
4098,赤澤文香,35.4,24,4.2,16.7,20.8,13.7,4.4,4.1,0.21,0,
4364,池永太,62.4,37,16.2,18.9,35.1,29.0,4.4,14.2,0.148,2,50.0
4430,永田秀二,60.5,40,17.5,17.5,35.0,29.0,4.4,15.2,0.186,1,100.0
4434,田中辰彦,61.5,31,12.9,22.6,35.5,29.0,4.4,11.7,0.191,0,
4472,尾嶋一広,64.9,33,12.1,27.3,39.4,33.0,4.4,11.7,0.156,0,
4645,上村純一,64.6,49,12.2,26.5,38.8,33.0,4.4,11.9,0.145,1,100.0
4656,大崎翔,48.8,29,6.9,20.7,27.6,21.0,4.4,6.7,0.183,1,0.0
4797,中山将,62.1,49,14.3,20.4,34.7,29.0,4.4,13.1,0.175,2,0.0
5150,坂本雄紀,63.3,33,12.1,27.3,39.4,33.0,4.4,11.7,0.136,2,0.0
5303,土井歩夢,59.3,31,3.2,32.3,35.5,29.0,4.4,5.2,0.187,0,
3722,西村秀樹,24.9,30,3.3,13.3,16.7,10.1,4.3,3.3,0.234,2,0.0
4459,片岡雅裕,52.1,45,6.7,20.0,26.7,21.0,4.3,6.6,0.142,1,100.0
4625,渡邊裕貴,41.7,26,11.5,11.5,23.1,16.3,4.3,9.0,0.18,0,
4672,守屋大地,41.9,26,11.5,11.5,23.1,16.3,4.3,9.0,0.138,0,
4709,岡村将也,56.7,42,2.4,28.6,31.0,25.1,4.3,3.7,0.166,2,100.0
5027,重冨勇哉,43.4,34,5.9,17.6,23.5,17.4,4.3,5.6,0.211,0,
5091,為本智也,62.9,25,12.0,28.0,40.0,33.0,4.3,11.5,0.147,0,
3602,奥平拓也,40.9,31,6.5,16.1,22.6,16.3,4.2,5.8,0.188,3,0.0
5331,佐藤永梧,40.5,31,9.7,12.9,22.6,16.3,4.2,8.0,0.162,1,0.0
5404,内田壮,11.9,127,2.4,8.7,11.0,6.4,4.2,2.3,0.194,0,
4082,濱崎誠,55.1,39,12.8,17.9,30.8,25.1,4.1,11.3,0.208,1,0.0
4856,豊田健士郎,70.6,47,14.9,27.7,42.6,37.2,4.1,14.6,0.151,2,50.0
4904,松本一毅,52.9,39,10.3,20.5,30.8,25.1,4.1,9.5,0.169,1,100.0
5129,山口真喜子,57.3,39,12.8,17.9,30.8,25.1,4.1,11.3,0.157,0,
5300,横田海人,9.5,23,0.0,13.0,13.0,6.4,4.1,0.7,0.169,1,0.0
5333,山下智己,32.7,19,0.0,21.1,21.1,13.7,4.1,1.7,0.194,0,
5416,龍田真白,19.4,100,7.0,6.0,13.0,8.3,4.1,6.4,0.146,2,50.0
4065,金田幸子,47.3,30,3.3,20.0,23.3,17.4,4.0,3.9,0.185,0,
4270,岸本雄貴,42.9,30,16.7,6.7,23.3,17.4,4.0,12.8,0.18,1,100.0
4919,吉田翔悟,42.6,30,6.7,16.7,23.3,17.4,4.0,6.1,0.189,2,0.0
3630,黒田誠司,26.2,24,4.2,12.5,16.7,10.1,4.0,3.8,0.164,2,50.0
3637,齋藤和政,31.6,30,3.3,13.3,16.7,10.8,3.9,3.2,0.212,2,50.0
3966,作間章,66.8,39,10.3,28.2,38.5,33.0,3.9,10.4,0.182,2,0.0
4015,前野竜一,61.3,47,10.6,23.4,34.0,29.0,3.9,10.3,0.168,0,
4276,鈴木勝博,55.6,36,13.9,16.7,30.6,25.1,3.9,12.0,0.158,2,50.0
4680,後藤美翼,56.1,29,3.4,27.6,31.0,25.1,3.9,4.8,0.209,2,0.0
5126,山下大輝,66.1,39,15.4,23.1,38.5,33.0,3.9,14.1,0.158,1,0.0
5408,中山鷹輔,6.7,49,0.0,8.2,8.2,3.1,3.9,0.2,0.216,0,
3315,広瀬聖仁,38.0,27,7.4,14.8,22.2,16.3,3.8,6.4,0.211,0,
3475,橋本久和,47.6,26,7.7,19.2,26.9,21.0,3.8,7.2,0.241,2,0.0
3809,吉田光,41.6,37,2.7,18.9,21.6,16.3,3.8,3.2,0.203,0,
3957,大谷直弘,48.0,30,10.0,16.7,26.7,21.0,3.8,8.8,0.204,0,
3999,大瀧明日香,61.1,38,7.9,26.3,34.2,29.0,3.8,8.2,0.169,0,
4146,柳橋宏紀,52.4,42,9.5,16.7,26.2,21.0,3.8,8.7,0.171,0,
4230,濱崎直矢,65.1,31,9.7,29.0,38.7,33.0,3.8,10.0,0.171,3,66.7
4248,岡本大,38.1,22,4.5,18.2,22.7,16.3,3.8,4.6,0.205,0,
4367,山口修路,39.7,27,3.7,18.5,22.2,16.3,3.8,4.0,0.237,2,0.0
4396,大田直弥,44.8,35,2.9,20.0,22.9,17.4,3.8,3.5,0.234,0,
4400,加藤奈月,33.5,31,3.2,16.1,19.4,13.7,3.8,3.5,0.192,0,
4413,水摩敦,61.8,41,14.6,19.5,34.1,29.0,3.8,13.2,0.149,3,66.7
4543,重木輝彦,66.5,31,12.9,25.8,38.7,33.0,3.8,12.2,0.192,0,
4642,松尾夏海,67.4,31,9.7,29.0,38.7,33.0,3.8,10.0,0.156,1,100.0
4836,大谷健太,44.5,35,5.7,17.1,22.9,17.4,3.8,5.5,0.138,6,33.3
4887,富澤祐作,49.5,34,8.8,17.6,26.5,21.0,3.8,8.1,0.146,3,33.3
5005,石田貴洋,65.0,31,16.1,22.6,38.7,33.0,3.8,14.4,0.156,2,50.0
5023,久永祥平,59.0,41,17.1,17.1,34.1,29.0,3.8,14.9,0.193,1,0.0
5047,國分将太郎,51.6,38,5.3,21.1,26.3,21.0,3.8,5.6,0.217,0,
5092,篠原晟弥,58.2,38,13.2,21.1,34.2,29.0,3.8,12.0,0.128,0,
5338,香月大輝,35.5,48,4.2,14.6,18.8,13.7,3.8,4.1,0.167,1,0.0
4936,戸敷晃美,62.0,35,14.3,20.0,34.3,29.0,3.7,12.7,0.193,1,0.0
4983,前田篤哉,67.1,42,16.7,21.4,38.1,33.0,3.7,15.1,0.155,0,
3771,折下寛法,52.9,26,3.8,26.9,30.8,25.1,3.6,5.2,0.171,2,50.0
4099,吉永則雄,60.6,29,13.8,20.7,34.5,29.0,3.6,12.2,0.147,1,0.0
4209,藤田竜弘,56.8,33,0.0,30.3,30.3,25.1,3.6,2.3,0.169,2,0.0
4567,上村慎太郎,35.8,20,5.0,15.0,20.0,13.7,3.6,4.5,0.26,0,
4694,高田綾,43.7,26,3.8,19.2,23.1,17.4,3.6,4.3,0.187,3,66.7
5082,一色凌雅,54.0,40,15.0,15.0,30.0,25.1,3.6,12.9,0.209,1,100.0
5084,末永和也,67.4,34,14.7,23.5,38.2,33.0,3.6,13.5,0.16,0,
5086,本村大,29.9,24,8.3,8.3,16.7,10.8,3.6,6.2,0.211,0,
5242,高山弘斗,29.6,31,9.7,6.5,16.1,10.8,3.6,7.4,0.212,4,50.0
3850,小川知行,45.4,31,0.0,22.6,22.6,17.4,3.5,1.6,0.156,3,66.7
3905,天野友和,64.6,45,8.9,28.9,37.8,33.0,3.5,9.3,0.158,4,50.0
3918,深井利寿,69.3,43,9.3,32.6,41.9,37.2,3.5,10.4,0.184,1,100.0
3945,橋口真樹,35.5,26,11.5,7.7,19.2,13.7,3.5,8.7,0.195,2,0.0
4036,金田諭,65.5,45,8.9,28.9,37.8,33.0,3.5,9.3,0.149,1,0.0
4535,北山康介,70.1,43,16.3,25.6,41.9,37.2,3.5,15.6,0.148,5,40.0
5191,飛田江己,66.5,45,13.3,24.4,37.8,33.0,3.5,12.7,0.111,7,28.6
5237,永松良教,45.2,31,0.0,22.6,22.6,17.4,3.5,1.6,0.186,2,0.0
5328,井上慧人,36.9,26,0.0,19.2,19.2,13.7,3.5,1.4,0.183,2,0.0
3873,別府昌樹,44.3,60,11.7,10.0,21.7,17.4,3.4,10.3,0.223,3,66.7
4449,中嶋達也,33.0,32,15.6,3.1,18.8,13.7,3.4,11.9,0.18,1,0.0
4546,浜田亜理沙,66.7,26,15.4,23.1,38.5,33.0,3.4,13.7,0.156,3,66.7
5236,小宮涼雅,38.6,48,2.1,18.8,20.8,16.3,3.4,2.7,0.201,0,
5240,高橋龍治,40.2,43,7.0,14.0,20.9,16.3,3.4,6.4,0.179,1,100.0
3745,橋本年光,54.1,23,13.0,17.4,30.4,25.1,3.3,10.8,0.208,1,100.0
3891,谷口健一,22.9,26,0.0,15.4,15.4,10.1,3.3,1.1,0.207,1,100.0
4173,岡谷健吾,48.0,31,16.1,9.7,25.8,21.0,3.3,13.0,0.167,0,
4261,岡祐臣,62.3,48,14.6,18.8,33.3,29.0,3.3,13.3,0.171,0,
4465,大西賢,39.8,28,7.1,14.3,21.4,16.3,3.3,6.2,0.254,0,
4650,中山雄太,45.8,17,11.8,11.8,23.5,17.4,3.3,8.6,0.169,2,0.0
4753,森照夫,39.3,28,3.6,17.9,21.4,16.3,3.3,3.9,0.164,1,0.0
5456,今村天次朗,7.0,70,2.9,4.3,7.1,3.1,3.3,2.5,0.141,0,
3509,池千夏,25.3,19,5.3,10.5,15.8,10.1,3.2,4.3,0.17,2,50.0
3769,佐竹恒彦,50.0,27,3.7,22.2,25.9,21.0,3.2,4.7,0.194,0,
3801,五反田忍,39.7,18,16.7,5.6,22.2,16.3,3.2,11.2,0.182,1,0.0
4264,長尾章平,66.9,40,20.0,17.5,37.5,33.0,3.2,17.5,0.197,1,100.0
4350,篠崎元志,71.5,31,12.9,29.0,41.9,37.2,3.2,13.1,0.139,0,
4509,平見真彦,61.0,39,7.7,25.6,33.3,29.0,3.2,8.1,0.217,0,
4640,山ノ内雅人,62.1,42,9.5,23.8,33.3,29.0,3.2,9.4,0.133,3,66.7
4760,山崎郡,69.0,41,17.1,24.4,41.5,37.2,3.2,16.1,0.137,3,33.3
5034,若林義人,63.7,40,12.5,25.0,37.5,33.0,3.2,12.0,0.144,2,100.0
5180,藤本紗弥香,31.7,18,5.6,11.1,16.7,10.8,3.2,4.3,0.219,0,
5216,長谷川晴哉,61.2,39,10.3,23.1,33.3,29.0,3.2,9.9,0.177,3,0.0
4068,幸田智裕,46.8,32,6.2,15.6,21.9,17.4,3.1,5.9,0.162,1,0.0
4110,小澤和也,37.1,21,4.8,14.3,19.0,13.7,3.1,4.4,0.206,3,33.3
4405,南野利騰,36.7,27,3.7,14.8,18.5,13.7,3.1,3.8,0.167,3,0.0
4410,井上大輔,46.6,27,11.1,11.1,22.2,17.4,3.1,8.9,0.163,2,0.0
4660,宇田川信一,33.3,27,3.7,14.8,18.5,13.7,3.1,3.8,0.197,0,
4718,北川太一,62.2,36,8.3,25.0,33.3,29.0,3.1,8.6,0.16,0,
4918,川島拓郎,47.3,32,3.1,18.8,21.9,17.4,3.1,3.7,0.182,1,0.0
5067,山田真聖,47.1,27,3.7,18.5,22.2,17.4,3.1,4.2,0.184,0,
3435,寺田千恵,62.5,33,6.1,27.3,33.3,29.0,3.0,7.0,0.162,2,100.0
3439,大平誉史明,61.1,33,9.1,24.2,33.3,29.0,3.0,9.1,0.175,3,33.3
4144,石塚久也,64.3,32,6.2,31.2,37.5,33.0,3.0,7.7,0.182,2,50.0
4210,松村康太,58.7,33,9.1,24.2,33.3,29.0,3.0,9.1,0.176,1,0.0
4549,小林文彦,57.6,33,9.1,24.2,33.3,29.0,3.0,9.1,0.206,2,50.0
3422,服部幸男,55.4,27,7.4,22.2,29.6,25.1,2.9,7.4,0.153,0,
3661,柳瀬興志,47.8,40,7.5,17.5,25.0,21.0,2.9,7.2,0.179,4,25.0
4505,島田賢人,63.9,35,11.4,25.7,37.1,33.0,2.9,11.2,0.161,2,0.0
4700,金子和之,64.5,35,11.4,25.7,37.1,33.0,2.9,11.2,0.161,5,40.0
4941,孫崎百世,42.0,34,2.9,17.6,20.6,16.3,2.9,3.4,0.197,2,0.0
4995,田邉亮蔵,39.5,29,3.4,17.2,20.7,16.3,2.9,3.8,0.218,1,0.0
5076,石原光,50.9,40,2.5,22.5,25.0,21.0,2.9,3.6,0.186,3,66.7
4533,峰重侑治,39.2,29,10.3,10.3,20.7,16.3,2.9,8.4,0.199,2,50.0
5417,小柳勝希,24.7,81,3.7,9.9,13.6,10.1,2.9,3.6,0.194,0,
3551,藤田美代,28.1,19,0.0,15.8,15.8,10.8,2.8,1.2,0.182,0,
3857,阿波勝哉,41.2,76,11.8,7.9,19.7,16.3,2.8,10.6,0.188,5,20.0
3908,重成一人,60.7,49,8.2,24.5,32.7,29.0,2.8,8.4,0.142,0,
4102,益田啓司,66.2,49,14.3,22.4,36.7,33.0,2.8,13.4,0.162,2,0.0
4224,大橋栄里佳,48.1,36,13.9,11.1,25.0,21.0,2.8,11.7,0.222,0,
4243,西村歩,55.9,38,13.2,15.8,28.9,25.1,2.8,11.5,0.193,1,0.0
4349,犬童千秋,39.3,24,8.3,12.5,20.8,16.3,2.8,6.9,0.127,1,100.0
4537,渡邉和将,67.7,39,5.1,35.9,41.0,37.2,2.8,7.5,0.171,0,
4633,森智也,57.1,38,5.3,23.7,28.9,25.1,2.8,5.9,0.209,0,
4704,河野大,60.5,49,14.3,18.4,32.7,29.0,2.8,13.1,0.126,2,100.0
4828,松山将吾,62.4,46,8.7,23.9,32.6,29.0,2.8,8.8,0.2,0,
4978,山田和佐,47.9,36,11.1,13.9,25.0,21.0,2.8,9.7,0.168,0,
5136,濱野斗馬,61.0,46,10.9,21.7,32.6,29.0,2.8,10.4,0.178,0,
5187,小坂風太,31.8,19,0.0,15.8,15.8,10.8,2.8,1.2,0.201,1,0.0
5354,渡邊雄斗,29.6,78,7.7,6.4,14.1,10.8,2.8,6.9,0.197,0,
3202,三品隆浩,36.1,34,8.8,8.8,17.6,13.7,2.7,7.3,0.247,2,0.0
3629,浅見昌克,61.1,24,0.0,33.3,33.3,29.0,2.7,3.5,0.19,1,100.0
4085,荻野裕介,52.8,31,6.5,22.6,29.0,25.1,2.7,6.8,0.219,5,40.0
4254,川島圭司,52.9,31,6.5,22.6,29.0,25.1,2.7,6.8,0.17,1,0.0
4339,平瀬城啓,32.7,28,3.6,14.3,17.9,13.7,2.7,3.7,0.206,2,50.0
4362,土屋智則,64.6,24,4.2,33.3,37.5,33.0,2.7,6.7,0.158,0,
4443,津田裕絵,54.2,31,6.5,22.6,29.0,25.1,2.7,6.8,0.215,1,0.0
4570,前田聖文,65.3,38,7.9,28.9,36.8,33.0,2.7,8.7,0.173,0,
4675,井手良太,56.2,31,16.1,12.9,29.0,25.1,2.7,13.3,0.117,3,33.3
5045,平川香織,66.9,38,2.6,34.2,36.8,33.0,2.7,4.9,0.203,4,50.0
5258,仲本舜,35.9,28,3.6,14.3,17.9,13.7,2.7,3.7,0.186,2,0.0
3992,関口智久,50.5,32,9.4,15.6,25.0,21.0,2.7,8.4,0.13,7,14.3
4729,佐藤謙史朗,33.3,22,18.2,0.0,18.2,13.7,2.7,12.4,0.197,2,50.0
3712,淺香文武,44.0,28,7.1,14.3,21.4,17.4,2.6,6.4,0.202,1,0.0
3888,山本英志,55.4,42,9.5,19.0,28.6,25.1,2.6,9.0,0.16,1,100.0
4059,入澤友治,46.3,33,12.1,9.1,21.2,17.4,2.6,9.9,0.18,3,0.0
4172,森定晃史,62.7,41,9.8,26.8,36.6,33.0,2.6,10.0,0.207,1,100.0
4272,大場広孝,44.1,33,6.1,15.2,21.2,17.4,2.6,5.7,0.188,4,0.0
4311,岡村仁,64.5,41,17.1,19.5,36.6,33.0,2.6,15.4,0.178,3,33.3
4545,岡村慶太,73.1,45,13.3,33.3,46.7,43.2,2.6,13.7,0.155,2,50.0
4750,井上尚悟,46.6,23,4.3,17.4,21.7,17.4,2.6,4.6,0.18,2,0.0
4835,橋本明,45.4,38,2.6,18.4,21.1,17.4,2.6,3.3,0.164,1,0.0
4994,山本梨菜,62.0,40,15.0,17.5,32.5,29.0,2.6,13.4,0.19,1,0.0
5108,柴田愛梨,12.0,18,5.6,5.6,11.1,6.4,2.6,3.8,0.262,1,0.0
5155,内山七海,61.2,40,10.0,22.5,32.5,29.0,2.6,9.8,0.138,2,0.0
5223,森清友翔,43.8,43,7.0,14.0,20.9,17.4,2.6,6.5,0.166,1,100.0
5247,大森翼,42.9,38,0.0,21.1,21.1,17.4,2.6,1.4,0.166,0,
5209,小野京平,28.5,27,7.4,7.4,14.8,10.8,2.6,5.8,0.205,0,
3940,飯山泰,64.7,44,13.6,22.7,36.4,33.0,2.5,12.9,0.148,4,0.0
4731,間野兼礼,47.9,24,8.3,16.7,25.0,21.0,2.5,7.6,0.147,0,
4779,伊倉光,51.0,24,12.5,12.5,25.0,21.0,2.5,10.2,0.187,2,0.0
3339,泉具巳,40.2,30,10.0,10.0,20.0,16.3,2.4,8.2,0.163,0,
4043,桐本康臣,60.6,34,8.8,23.5,32.4,29.0,2.4,8.9,0.199,2,100.0
4073,大橋純一郎,67.8,42,26.2,14.3,40.5,37.2,2.4,22.8,0.186,1,100.0
4138,中井俊祐,41.4,30,13.3,6.7,20.0,16.3,2.4,10.4,0.144,2,50.0
4359,横川聖志,50.7,37,8.1,16.2,24.3,21.0,2.4,7.6,0.154,1,0.0
4374,永田義紘,41.0,30,6.7,13.3,20.0,16.3,2.4,6.0,0.178,1,100.0
4440,萩原知哉,38.4,30,3.3,16.7,20.0,16.3,2.4,3.7,0.204,0,
4446,和田兼輔,72.1,32,9.4,31.2,40.6,37.2,2.4,10.7,0.144,1,100.0
4900,中田夕貴,50.6,37,8.1,16.2,24.3,21.0,2.4,7.6,0.211,7,28.6
4906,鈴木雅希,59.5,34,8.8,23.5,32.4,29.0,2.4,8.9,0.192,4,0.0
5050,木下雄介,60.0,34,8.8,23.5,32.4,29.0,2.4,8.9,0.162,1,100.0
5286,坂井滉哉,42.0,30,10.0,10.0,20.0,16.3,2.4,8.2,0.15,0,
5308,藤森拓海,35.5,35,5.7,11.4,17.1,13.7,2.4,5.2,0.175,2,0.0
5348,小林甘寧,48.2,67,16.4,7.5,23.9,21.0,2.4,14.6,0.164,0,
5401,谷海夏人,12.8,84,3.6,7.1,10.7,7.9,2.4,3.4,0.207,0,
3690,河合三弘,41.1,41,7.3,12.2,19.5,16.3,2.3,6.6,0.184,2,0.0
3748,小黒竜吾,36.8,29,6.9,10.3,17.2,13.7,2.3,5.9,0.18,3,0.0
3813,佐藤大介,67.2,33,9.1,27.3,36.4,33.0,2.3,9.6,0.208,0,
4094,中島真二,41.2,25,0.0,20.0,20.0,16.3,2.3,1.7,0.206,0,
4097,貫地谷直人,28.7,28,3.6,10.7,14.3,10.8,2.3,3.3,0.236,0,
4293,鈴木智啓,46.5,44,4.5,15.9,20.5,17.4,2.3,4.7,0.173,2,0.0
4506,稗田聖也,66.7,33,15.2,21.2,36.4,33.0,2.3,13.8,0.14,0,
4555,富永大一,55.0,39,10.3,17.9,28.2,25.1,2.3,9.5,0.191,2,50.0
4583,古田祐貴,53.5,50,4.0,24.0,28.0,25.1,2.3,4.8,0.182,1,0.0
4782,浜崎準也,38.5,25,0.0,20.0,20.0,16.3,2.3,1.7,0.245,1,0.0
4803,飯田庄吾,30.9,28,3.6,10.7,14.3,10.8,2.3,3.3,0.212,2,50.0
4928,栗城匠,64.4,33,12.1,24.2,36.4,33.0,2.3,11.7,0.145,2,0.0
5066,鈴木孝明,67.3,33,6.1,30.3,36.4,33.0,2.3,7.5,0.165,3,33.3
5199,垂水悠,47.8,33,6.1,18.2,24.2,21.0,2.3,6.2,0.116,0,
5340,樋江井舞,33.3,54,5.6,11.1,16.7,13.7,2.3,5.2,0.154,2,0.0
3965,北中元樹,62.4,47,8.5,23.4,31.9,29.0,2.2,8.7,0.176,3,66.7
4245,高橋直哉,40.3,36,5.6,13.9,19.4,16.3,2.2,5.3,0.186,2,0.0
4296,岡崎恭裕,67.9,22,22.7,18.2,40.9,37.2,2.2,19.0,0.148,0,
4457,神田達也,43.5,34,8.8,11.8,20.6,17.4,2.2,7.7,0.193,4,0.0
4467,渡邉俊介,66.0,36,19.4,16.7,36.1,33.0,2.2,16.9,0.175,2,0.0
4757,山田祐也,64.2,36,13.9,22.2,36.1,33.0,2.2,13.0,0.136,0,
4899,占部一真,34.4,23,4.3,13.0,17.4,13.7,2.2,4.2,0.13,2,0.0
5127,沼田大都,42.6,34,2.9,17.6,20.6,17.4,2.2,3.6,0.234,0,
5165,小林愛実,45.3,34,8.8,11.8,20.6,17.4,2.2,7.7,0.191,3,0.0
5183,中野孝二,46.2,34,5.9,14.7,20.6,17.4,2.2,5.6,0.171,2,0.0
5220,青木蓮,66.2,36,2.8,33.3,36.1,33.0,2.2,5.1,0.114,7,42.9
5241,門田栞,46.2,34,8.8,11.8,20.6,17.4,2.2,7.7,0.176,0,
4818,伏見俊介,24.4,38,10.5,2.6,13.2,10.1,2.2,8.4,0.156,0,
4569,中澤宏奈,44.4,34,8.8,11.8,20.6,17.4,2.2,7.7,0.184,2,0.0
5453,久保翔耶,7.2,69,2.9,2.9,5.8,3.1,2.2,2.5,0.162,0,
3385,渡邉睦広,53.8,32,9.4,18.8,28.1,25.1,2.1,8.8,0.161,2,50.0
3470,新田芳美,47.7,29,3.4,20.7,24.1,21.0,2.1,4.5,0.168,0,
3590,濱野谷憲吾,65.0,39,10.3,25.6,35.9,33.0,2.1,10.4,0.173,1,0.0
3993,永井聖美,54.3,21,4.8,23.8,28.6,25.1,2.1,5.9,0.159,0,
4122,安東幸治,55.6,43,7.0,20.9,27.9,25.1,2.1,7.1,0.172,2,100.0
4168,石野貴之,62.4,28,7.1,25.0,32.1,29.0,2.1,7.8,0.18,1,100.0
4225,土屋千明,60.6,28,14.3,17.9,32.1,29.0,2.1,12.5,0.177,3,66.7
4574,東潤樹,51.2,29,10.3,13.8,24.1,21.0,2.1,9.0,0.188,0,
4821,妻鳥晋也,51.5,29,10.3,13.8,24.1,21.0,2.1,9.0,0.176,0,
5229,吉川晴人,52.6,43,9.3,18.6,27.9,25.1,2.1,8.8,0.155,1,0.0
5379,廣部大明,16.0,57,1.8,8.8,10.5,7.9,2.1,1.9,0.166,0,
5175,島崎丈一朗,42.4,20,0.0,20.0,20.0,16.3,2.1,2.0,0.17,1,0.0
4325,新出浩司,41.5,31,3.2,16.1,19.4,16.3,2.0,3.7,0.147,4,25.0
4387,平山智加,68.9,35,5.7,34.3,40.0,37.2,2.0,8.0,0.15,2,50.0
4586,磯部誠,66.1,42,9.5,26.2,35.7,33.0,2.0,9.8,0.135,1,100.0
4720,西澤日花里,33.5,30,0.0,16.7,16.7,13.7,2.0,1.3,0.207,1,0.0
5015,高橋竜矢,70.5,35,8.6,31.4,40.0,37.2,2.0,10.0,0.16,1,100.0
5143,常盤海心,38.5,31,3.2,16.1,19.4,16.3,2.0,3.7,0.228,0,
5266,石田勇斗,39.5,31,3.2,16.1,19.4,16.3,2.0,3.7,0.156,2,0.0
3692,竹腰正樹,49.6,38,2.6,21.1,23.7,21.0,1.9,3.7,0.176,2,0.0
4158,木場雄二郎,48.2,38,2.6,21.1,23.7,21.0,1.9,3.7,0.159,2,0.0
4259,真庭明志,56.6,36,2.8,25.0,27.8,25.1,1.9,4.2,0.187,0,
4428,有賀達也,60.1,38,21.1,10.5,31.6,29.0,1.9,17.7,0.131,4,75.0
4927,関野文,58.0,38,10.5,21.1,31.6,29.0,1.9,10.1,0.159,2,0.0
5287,滝沢織寧,24.9,31,3.2,9.7,12.9,10.1,1.9,3.2,0.16,8,12.5
5351,齊藤廉,43.5,40,5.0,15.0,20.0,17.4,1.9,5.0,0.174,0,
5398,鐘ヶ江真司,25.8,72,1.4,11.1,12.5,10.1,1.9,1.7,0.206,2,50.0
3444,香月大介,21.8,17,5.9,5.9,11.8,8.3,1.9,4.2,0.184,0,
3105,内山文典,48.1,34,0.0,23.5,23.5,21.0,1.8,2.0,0.181,3,66.7
3282,池本輝明,37.7,26,0.0,19.2,19.2,16.3,1.8,1.7,0.253,0,
3370,坪内実,33.2,24,12.5,4.2,16.7,13.7,1.8,9.2,0.258,1,0.0
3577,向所浩二,34.6,37,10.8,5.4,16.2,13.7,1.8,8.8,0.148,0,
3880,浅見宗孝,42.9,35,2.9,17.1,20.0,17.4,1.8,3.5,0.194,5,0.0
4113,木村浩士,44.3,30,10.0,10.0,20.0,17.4,1.8,8.3,0.163,0,
4473,藤堂里香,52.2,34,11.8,11.8,23.5,21.0,1.8,10.1,0.174,0,
4626,伊藤紘章,41.7,26,3.8,15.4,19.2,16.3,1.8,4.1,0.234,0,
4736,高倉和士,71.2,43,16.3,23.3,39.5,37.2,1.8,15.6,0.145,1,0.0
5010,宇留田翔平,57.3,40,7.5,20.0,27.5,25.1,1.8,7.5,0.138,2,0.0
5088,高憧四季,64.9,48,18.8,16.7,35.4,33.0,1.8,16.8,0.167,2,100.0
5185,加藤優弥,49.8,34,2.9,20.6,23.5,21.0,1.8,4.0,0.16,3,100.0
5277,井上未都,51.1,34,5.9,17.6,23.5,21.0,1.8,6.0,0.131,1,100.0
5289,佃來紀,55.4,40,10.0,17.5,27.5,25.1,1.8,9.3,0.164,0,
5361,植竹玲奈,16.0,49,2.0,8.2,10.2,7.9,1.8,2.1,0.214,0,
5399,長野未来,4.8,117,0.0,5.1,5.1,3.1,1.8,0.1,0.234,16,0.0
5419,櫻井隼,8.9,119,0.8,7.6,8.4,6.4,1.8,0.9,0.237,10,0.0
4313,西村美智子,54.4,40,5.0,22.5,27.5,25.1,1.8,5.7,0.166,1,0.0
5201,村上宗太郎,43.8,30,0.0,20.0,20.0,17.4,1.8,1.7,0.262,0,
3797,岩井繁,30.6,30,0.0,13.3,13.3,10.8,1.7,0.9,0.202,1,0.0
3826,村田修次,62.9,28,14.3,21.4,35.7,33.0,1.7,13.0,0.171,1,100.0
3854,吉川元浩,64.1,28,3.6,32.1,35.7,33.0,1.7,6.1,0.155,2,0.0
4020,川上清人,31.9,38,7.9,5.3,13.2,10.8,1.7,6.5,0.214,0,
4171,榎幸司,62.5,51,11.8,23.5,35.3,33.0,1.7,11.5,0.232,0,
4236,松村敏,80.5,32,15.6,37.5,53.1,50.6,1.7,15.4,0.101,0,
5466,成田華音,5.3,57,1.8,3.5,5.3,3.1,1.7,1.6,0.181,14,7.1
3519,冨田秀幸,35.9,31,0.0,16.1,16.1,13.7,1.6,1.3,0.204,2,50.0
3814,金子貴志,42.1,32,3.1,15.6,18.8,16.3,1.6,3.6,0.197,2,0.0
3897,白井英治,63.7,31,9.7,25.8,35.5,33.0,1.6,10.0,0.139,1,100.0
4148,枝尾賢,63.8,34,11.8,23.5,35.3,33.0,1.6,11.4,0.156,0,
4190,長嶋万記,70.3,20,10.0,30.0,40.0,37.2,1.6,11.5,0.164,0,
4232,笠雅雄,52.3,30,6.7,16.7,23.3,21.0,1.6,6.6,0.179,0,
4581,吉村誠,61.6,45,11.1,20.0,31.1,29.0,1.6,10.6,0.123,1,100.0
5154,村松栄太,40.4,32,6.2,12.5,18.8,16.3,1.6,5.7,0.17,0,
5389,恵良琴美,13.7,103,2.9,6.8,9.7,7.9,1.6,2.8,0.166,4,25.0
4180,上野秀和,52.8,33,3.0,24.2,27.3,25.1,1.5,4.4,0.17,0,
4371,西山貴浩,56.6,33,6.1,21.2,27.3,25.1,1.5,6.5,0.165,0,
4659,木下翔太,70.5,33,21.2,18.2,39.4,37.2,1.5,18.8,0.164,0,
4959,井上忠政,65.3,37,16.2,18.9,35.1,33.0,1.5,14.6,0.152,0,
5130,上野拓馬,40.2,38,0.0,18.4,18.4,16.3,1.5,1.3,0.176,0,
5197,中野仁照,55.6,33,12.1,15.2,27.3,25.1,1.5,10.7,0.18,0,
5387,戸田海咲音,2.4,74,0.0,2.7,2.7,0.9,1.5,0.0,0.195,3,0.0
5438,星田夢結,2.4,113,0.9,1.8,2.7,0.9,1.5,0.8,0.2,0,
3645,淺田千亜希,49.0,17,11.8,11.8,23.5,21.0,1.4,9.3,0.141,0,
3773,津留浩一郎,36.5,25,0.0,16.0,16.0,13.7,1.4,1.5,0.171,0,
3910,松下知幸,31.8,31,3.2,9.7,12.9,10.8,1.4,3.1,0.194,0,
4486,野村誠,53.6,37,5.4,21.6,27.0,25.1,1.4,6.0,0.174,1,0.0
4766,石井孝之,39.0,27,3.7,14.8,18.5,16.3,1.4,4.0,0.096,2,0.0
4987,島倉都,31.6,31,3.2,9.7,12.9,10.8,1.4,3.1,0.178,1,0.0
4991,宗行治哉,61.5,29,6.9,24.1,31.0,29.0,1.4,7.7,0.213,0,
5295,田上凜,34.1,58,8.6,6.9,15.5,13.7,1.4,7.7,0.172,5,0.0
5360,高木茉白,20.6,60,3.3,6.7,10.0,8.3,1.4,3.1,0.204,8,37.5
5397,寺田夢生,2.5,122,0.0,2.5,2.5,0.9,1.4,0.0,0.175,6,0.0
5443,西村仁吾,2.5,120,1.7,0.8,2.5,0.9,1.4,1.5,0.228,0,
5460,早川理稀,5.9,85,1.2,3.5,4.7,3.1,1.4,1.1,0.182,0,
3156,金子良昭,31.4,15,0.0,13.3,13.3,10.8,1.3,1.4,0.227,0,
3445,加藤高史,48.8,26,3.8,19.2,23.1,21.0,1.3,4.8,0.192,2,0.0
4035,杉江浩明,32.9,32,3.1,12.5,15.6,13.7,1.3,3.4,0.172,2,0.0
4197,渥美卓郎,27.6,23,0.0,13.0,13.0,10.8,1.3,1.1,0.181,1,0.0
4484,稲生夏季,46.4,31,3.2,16.1,19.4,17.4,1.3,3.8,0.205,0,
4531,武富智亮,64.9,46,13.0,21.7,34.8,33.0,1.3,12.5,0.145,2,100.0
4547,中田竜太,59.1,39,5.1,25.6,30.8,29.0,1.3,6.2,0.203,6,16.7
4648,木村亮太,48.3,26,3.8,19.2,23.1,21.0,1.3,4.8,0.153,1,100.0
4892,柴田直哉,48.4,35,5.7,17.1,22.9,21.0,1.3,5.9,0.224,1,100.0
4947,間庭菜摘,42.4,33,6.1,12.1,18.2,16.3,1.3,5.6,0.173,0,
5167,小川竜太朗,50.5,26,3.8,19.2,23.1,21.0,1.3,4.8,0.159,6,33.3
5186,遠藤圭吾,39.2,33,0.0,18.2,18.2,16.3,1.3,1.4,0.193,0,
5195,北村寧々,52.0,35,5.7,17.1,22.9,21.0,1.3,5.9,0.143,0,
5317,長尾萌加,46.2,31,6.5,12.9,19.4,17.4,1.3,6.0,0.169,0,
5376,吉田一心,49.1,44,15.9,6.8,22.7,21.0,1.3,13.5,0.16,2,50.0
4998,中村かなえ,43.5,15,6.7,13.3,20.0,17.4,1.3,5.8,0.131,1,0.0
4361,柳生泰二,70.7,36,19.4,19.4,38.9,37.2,1.2,17.7,0.158,0,
4514,上條嘉嗣,69.1,36,13.9,25.0,38.9,37.2,1.2,13.8,0.212,2,0.0
4676,後藤隼之,52.8,26,7.7,19.2,26.9,25.1,1.2,7.6,0.195,0,
4876,梅木敬太,45.5,42,9.5,9.5,19.0,17.4,1.2,8.3,0.169,4,50.0
5152,丸山祐也,27.3,25,0.0,12.0,12.0,10.1,1.2,1.2,0.259,1,100.0
5371,早川颯太,4.2,66,3.0,1.5,4.5,3.1,1.2,2.6,0.197,2,0.0
4557,松尾光広,35.6,39,0.0,15.4,15.4,13.7,1.2,1.1,0.247,1,0.0
3455,谷本幸司,46.8,37,8.1,10.8,18.9,17.4,1.1,7.2,0.199,2,0.0
3839,川合理司,21.9,41,2.4,7.3,9.8,8.3,1.1,2.4,0.227,4,25.0
4247,齊藤優,48.3,31,6.5,16.1,22.6,21.0,1.1,6.4,0.176,0,
4521,小池公生,48.7,31,0.0,22.6,22.6,21.0,1.1,2.1,0.248,0,
4526,池田雄祐,51.6,31,6.5,16.1,22.6,21.0,1.1,6.4,0.153,2,0.0
5122,相馬翔,38.2,22,4.5,13.6,18.2,16.3,1.1,4.6,0.21,1,0.0
5368,宮崎心之介,50.3,58,6.9,15.5,22.4,21.0,1.1,6.8,0.199,10,10.0
5406,小畑楓夏,2.4,138,0.0,2.2,2.2,0.9,1.1,0.0,0.19,0,
3752,宇土泰就,34.6,33,3.0,12.1,15.2,13.7,1.0,3.3,0.168,2,0.0
3955,眞田英二,44.2,21,0.0,19.0,19.0,17.4,1.0,2.1,0.221,0,
4201,佐竹友樹,34.8,33,6.1,9.1,15.2,13.7,1.0,5.4,0.176,3,0.0
4357,田中和也,69.0,31,9.7,29.0,38.7,37.2,1.0,10.9,0.18,0,
4566,塩田北斗,57.3,34,5.9,20.6,26.5,25.1,1.0,6.4,0.128,0,
4901,出口舞有子,49.2,22,0.0,22.7,22.7,21.0,1.0,2.6,0.156,4,0.0
5044,渡邉健,35.4,33,6.1,9.1,15.2,13.7,1.0,5.4,0.19,3,0.0
5107,松本真広,41.3,28,3.6,14.3,17.9,16.3,1.0,3.9,0.177,0,
5269,山口晃朋,54.7,34,0.0,26.5,26.5,25.1,1.0,2.3,0.141,5,40.0
5271,杉山太陽,34.1,33,3.0,12.1,15.2,13.7,1.0,3.3,0.181,0,
5312,川辺郭人,22.5,31,0.0,9.7,9.7,8.3,1.0,0.8,0.158,0,
5385,鈴木柊介,16.4,77,3.9,5.2,9.1,7.9,1.0,3.7,0.15,6,0.0
5415,阿部未侑,2.4,98,0.0,2.0,2.0,0.9,1.0,0.0,0.225,6,0.0
5451,知念伶奈,2.2,45,2.2,0.0,2.2,0.9,1.0,1.7,0.277,0,
3361,岡部浩,32.0,33,0.0,12.1,12.1,10.8,0.9,0.9,0.212,2,50.0
3685,荒井輝年,54.2,38,5.3,21.1,26.3,25.1,0.9,5.9,0.198,3,66.7
3790,佐口達也,40.3,34,5.9,11.8,17.6,16.3,0.9,5.5,0.221,0,
3792,田中豪,65.1,32,9.4,25.0,34.4,33.0,0.9,9.8,0.183,1,100.0
3928,林恵祐,27.8,33,0.0,12.1,12.1,10.8,0.9,0.9,0.199,5,20.0
3944,山口裕二,63.5,32,15.6,18.8,34.4,33.0,0.9,14.1,0.216,0,
4205,山口剛,66.5,35,14.3,20.0,34.3,33.0,0.9,13.2,0.145,3,66.7
4258,関根彰人,43.3,32,3.1,15.6,18.8,17.4,0.9,3.7,0.207,5,20.0
4278,藤岡俊介,70.2,39,23.1,15.4,38.5,37.2,0.9,20.4,0.144,0,
4463,三苫晃幸,61.9,33,9.1,21.2,30.3,29.0,0.9,9.1,0.184,0,
4845,前田紗希,64.0,29,13.8,20.7,34.5,33.0,0.9,12.7,0.163,2,50.0
4894,原村拓也,45.0,32,0.0,18.8,18.8,17.4,0.9,1.6,0.214,0,
5036,福田翔吾,51.9,36,5.6,16.7,22.2,21.0,0.9,5.8,0.172,1,100.0
5230,石原凪紗,40.8,34,0.0,17.6,17.6,16.3,0.9,1.4,0.219,1,0.0
3804,中渡修作,47.0,38,7.9,10.5,18.4,17.4,0.8,7.1,0.193,2,0.0
3983,須藤博倫,60.7,40,12.5,17.5,30.0,29.0,0.8,11.6,0.168,3,66.7
4251,川崎誠志,44.0,38,2.6,15.8,18.4,17.4,0.8,3.3,0.222,0,
4290,稲田浩二,65.1,41,7.3,26.8,34.1,33.0,0.8,8.2,0.121,2,50.0
4319,三宅潤,55.6,42,11.9,14.3,26.2,25.1,0.8,10.7,0.212,0,
4348,宮崎奨,60.8,40,7.5,22.5,30.0,29.0,0.8,7.9,0.183,1,100.0
4604,岩瀬裕亮,66.3,38,5.3,28.9,34.2,33.0,0.8,6.8,0.138,1,0.0
4815,伏島祐介,39.4,40,5.0,12.5,17.5,16.3,0.8,4.9,0.21,2,50.0
4938,小芦るり華,64.8,38,5.3,28.9,34.2,33.0,0.8,6.8,0.182,1,0.0
5311,小林京平,51.5,27,11.1,11.1,22.2,21.0,0.8,9.4,0.217,0,
5437,中澤里桜,4.0,99,2.0,2.0,4.0,3.1,0.8,1.9,0.223,0,
4663,籾山佳岳,56.7,15,0.0,26.7,26.7,25.1,0.8,3.7,0.153,0,
5455,澁澤周羽,4.1,74,0.0,4.1,4.1,3.1,0.8,0.2,0.187,13,0.0
3467,森弘行,35.3,27,11.1,3.7,14.8,13.7,0.7,8.5,0.15,4,0.0
4004,山本浩輔,47.2,27,7.4,11.1,18.5,17.4,0.7,6.6,0.187,0,
4211,村田敦,36.9,41,2.4,12.2,14.6,13.7,0.7,2.8,0.141,5,20.0
4683,向井田直弥,29.8,51,7.8,3.9,11.8,10.8,0.7,6.7,0.139,0,
5100,栗原一馬,36.6,34,2.9,11.8,14.7,13.7,0.7,3.2,0.195,7,14.3
5392,安武一也,2.2,117,0.9,0.9,1.7,0.9,0.7,0.8,0.175,0,
5410,今泉澪,4.4,127,1.6,2.4,3.9,3.1,0.7,1.5,0.162,4,0.0
5435,中西月輝,1.7,117,0.0,1.7,1.7,0.9,0.7,0.0,0.223,0,
5445,一ノ木匠,1.8,55,0.0,1.8,1.8,0.9,0.7,0.0,0.155,7,0.0
5462,山浦槙,1.8,57,0.0,1.8,1.8,0.9,0.7,0.0,0.211,0,
3562,山下和彦,62.2,37,13.5,16.2,29.7,29.0,0.6,12.2,0.188,3,33.3
3710,吉永泰弘,41.0,29,10.3,6.9,17.2,16.3,0.6,8.4,0.182,0,
4327,加藤翔,39.7,29,3.4,13.8,17.2,16.3,0.6,3.8,0.211,1,0.0
4589,塩崎桐加,53.5,27,7.4,18.5,25.9,25.1,0.6,7.4,0.194,1,0.0
4725,佐竹太一,46.1,33,0.0,18.2,18.2,17.4,0.6,1.6,0.189,1,0.0
4784,向井田真紀,40.4,23,8.7,8.7,17.4,16.3,0.6,7.1,0.237,0,
4785,木幡純也,39.2,29,3.4,13.8,17.2,16.3,0.6,3.8,0.218,5,20.0
4816,村松修二,57.9,37,5.4,24.3,29.7,29.0,0.6,6.5,0.183,1,0.0
4898,菊地敬介,44.7,44,6.8,11.4,18.2,17.4,0.6,6.4,0.163,3,0.0
4905,土井祥伍,38.7,29,3.4,13.8,17.2,16.3,0.6,3.8,0.222,0,
5000,岡本翔太郎,43.3,33,6.1,12.1,18.2,17.4,0.6,5.7,0.137,0,
5325,澁川夏,49.6,46,4.3,17.4,21.7,21.0,0.6,4.9,0.172,4,50.0
5444,林風音,1.6,125,0.8,0.8,1.6,0.9,0.6,0.7,0.204,16,0.0
5469,今泉博人,1.6,61,0.0,1.6,1.6,0.9,0.6,0.0,0.221,0,
4498,宮本夏樹,47.4,22,4.5,13.6,18.2,17.4,0.5,4.7,0.187,0,
4653,小野達哉,68.3,29,17.2,20.7,37.9,37.2,0.5,16.0,0.152,0,
4730,土屋実沙希,49.0,23,4.3,17.4,21.7,21.0,0.5,5.2,0.203,1,0.0
4826,井上一輝,67.5,45,15.6,22.2,37.8,37.2,0.5,15.0,0.142,0,
5016,宮田龍馬,69.0,45,8.9,28.9,37.8,37.2,0.5,10.0,0.166,2,50.0
5106,山崎祥,55.7,31,3.2,22.6,25.8,25.1,0.5,4.6,0.193,0,
5386,米玉利大悟,20.6,56,0.0,8.9,8.9,8.3,0.5,0.5,0.183,0,
5430,鳥本智史,3.7,109,1.8,1.8,3.7,3.1,0.5,1.7,0.173,6,16.7
5454,谷島咲希,1.5,68,1.5,0.0,1.5,0.9,0.5,1.2,0.212,17,0.0
3596,河上年昭,32.7,28,0.0,14.3,14.3,13.7,0.4,1.4,0.177,6,33.3
3989,熊本英一,34.6,35,5.7,8.6,14.3,13.7,0.4,5.2,0.265,0,
4260,中越博紀,52.9,43,11.6,14.0,25.6,25.1,0.4,10.6,0.177,0,
4433,川野芽唯,73.0,48,6.2,37.5,43.8,43.2,0.4,8.2,0.181,0,
4565,西村豪洋,32.8,35,2.9,11.4,14.3,13.7,0.4,3.2,0.195,1,0.0
4812,西野雄貴,76.2,32,15.6,28.1,43.8,43.2,0.4,15.3,0.163,2,50.0
4861,田中宏樹,54.2,43,4.7,20.9,25.6,25.1,0.4,5.4,0.186,1,100.0
5002,上田健太,58.5,44,2.3,27.3,29.5,29.0,0.4,4.0,0.159,4,25.0
5114,小林孝彰,55.9,47,2.1,23.4,25.5,25.1,0.4,3.4,0.189,0,
5137,川原涼,52.5,56,8.9,12.5,21.4,21.0,0.4,8.4,0.18,1,100.0
5161,登玉隼百,58.9,44,11.4,18.2,29.5,29.0,0.4,10.8,0.145,1,100.0
5326,三嶌さらら,36.6,49,4.1,10.2,14.3,13.7,0.4,4.0,0.182,0,
5382,山下心一,9.6,73,2.7,4.1,6.8,6.4,0.4,2.6,0.178,0,
5470,坂口諒宗,3.6,56,0.0,3.6,3.6,3.1,0.4,0.2,0.206,0,
3372,加藤雅之,21.2,23,4.3,4.3,8.7,8.3,0.3,3.5,0.235,0,
3796,長野道臣,43.1,45,8.9,8.9,17.8,17.4,0.3,7.9,0.176,0,
4682,大上卓人,60.3,34,17.6,11.8,29.4,29.0,0.3,15.0,0.163,0,
4811,向井田佑紀,43.4,28,0.0,17.9,17.9,17.4,0.3,1.8,0.187,2,50.0
5156,坂野さくら,45.5,28,0.0,17.9,17.9,17.4,0.3,1.8,0.195,0,
5318,河内一馬,25.6,38,7.9,2.6,10.5,10.1,0.3,6.5,0.18,1,0.0
5363,山本凱立,2.3,80,0.0,1.2,1.2,0.9,0.3,0.0,0.201,0,
5372,上岡巧汰,6.7,115,0.0,3.5,3.5,3.1,0.3,0.1,0.155,0,
5450,藤本遼磨,5.3,57,0.0,3.5,3.5,3.1,0.3,0.2,0.2,0,
5471,田中結,1.2,82,0.0,1.2,1.2,0.9,0.3,0.0,0.161,0,
3701,大西隆洋,27.6,27,3.7,7.4,11.1,10.8,0.2,3.4,0.136,0,
3874,山本寛久,64.8,36,13.9,19.4,33.3,33.0,0.2,13.0,0.164,0,
3889,須藤隆雄,30.6,27,0.0,11.1,11.1,10.8,0.2,1.0,0.167,1,0.0
3987,後藤正宗,60.3,41,12.2,17.1,29.3,29.0,0.2,11.4,0.144,1,0.0
4109,谷津幸宏,58.6,41,7.3,22.0,29.3,29.0,0.2,7.8,0.147,3,33.3
4324,海野康志郎,68.4,16,18.8,18.8,37.5,37.2,0.2,16.2,0.133,0,
4332,村上彰一,37.8,30,6.7,10.0,16.7,16.3,0.2,6.0,0.196,1,0.0
4368,山口隆史,29.0,36,2.8,8.3,11.1,10.8,0.2,2.8,0.242,0,
4441,末永由楽,63.8,42,4.8,28.6,33.3,33.0,0.2,6.3,0.141,1,100.0
4468,大池佑来,62.3,48,8.3,20.8,29.2,29.0,0.2,8.5,0.154,3,33.3
4530,小野生奈,70.5,32,12.5,25.0,37.5,37.2,0.2,12.8,0.175,0,
4590,渡邉優美,63.2,39,12.8,20.5,33.3,33.0,0.2,12.2,0.173,0,
4697,國弘翔平,38.1,30,3.3,13.3,16.7,16.3,0.2,3.7,0.222,0,
4711,前出達吉,63.0,33,9.1,24.2,33.3,33.0,0.2,9.6,0.168,3,0.0
4794,和田拓也,69.5,32,9.4,28.1,37.5,37.2,0.2,10.7,0.138,1,100.0
4823,中村桃佳,65.0,36,8.3,25.0,33.3,33.0,0.2,9.0,0.162,1,0.0
4890,石川諒,59.9,41,4.9,24.4,29.3,29.0,0.2,6.0,0.136,0,
4910,中村泰平,67.3,33,12.1,21.2,33.3,33.0,0.2,11.7,0.151,2,0.0
5007,近藤雄一郎,45.9,34,5.9,11.8,17.6,17.4,0.2,5.6,0.222,3,33.3
5075,中島秀治,63.0,45,4.4,28.9,33.3,33.0,0.2,6.0,0.174,0,
5169,堀本翔太,26.0,19,5.3,5.3,10.5,10.1,0.2,4.3,0.178,1,0.0
5177,松井貫太,38.0,30,3.3,13.3,16.7,16.3,0.2,3.7,0.218,1,100.0
5217,藤原碧生,60.2,48,12.5,16.7,29.2,29.0,0.2,11.7,0.204,1,0.0
5257,西丸侑太朗,65.2,36,13.9,19.4,33.3,33.0,0.2,13.0,0.146,0,
5272,松田真実,41.1,30,3.3,13.3,16.7,16.3,0.2,3.7,0.192,0,
5275,松田淳平,63.3,30,13.3,20.0,33.3,33.0,0.2,12.5,0.13,0,
5341,山道諄也,17.2,62,3.2,4.8,8.1,7.9,0.2,3.1,0.197,16,12.5
5432,安藤瑠希,13.7,111,3.6,4.5,8.1,7.9,0.2,3.5,0.162,12,0.0
4664,東口晃,32.5,18,0.0,11.1,11.1,10.8,0.2,1.3,0.188,0,
5033,藤原孝斗,33.0,29,0.0,13.8,13.8,13.7,0.1,1.3,0.197,3,0.0
5264,登みひ果,47.2,40,0.0,17.5,17.5,17.4,0.1,1.4,0.18,4,0.0
5383,中村楓,7.2,93,0.0,3.2,3.2,3.1,0.1,0.1,0.175,2,0.0
4964,土屋南,61.6,31,12.9,16.1,29.0,29.0,0.1,11.7,0.145,1,0.0
4207,松下一也,60.9,38,13.2,15.8,28.9,29.0,-0.0,12.0,0.126,1,0.0
4335,若林将,69.6,43,16.3,20.9,37.2,37.2,0.0,15.6,0.128,2,50.0
4423,坂口貴彦,53.1,40,5.0,20.0,25.0,25.1,-0.0,5.7,0.173,0,
4435,服部達哉,55.6,36,2.8,22.2,25.0,25.1,-0.0,4.2,0.196,0,
4458,抹香雄三,52.8,32,3.1,21.9,25.0,25.1,-0.0,4.5,0.151,0,
4552,杉山勝匡,46.9,46,4.3,13.0,17.4,17.4,0.0,4.5,0.148,0,
4630,岩永雅人,53.5,40,10.0,15.0,25.0,25.1,-0.0,9.3,0.201,2,0.0
4678,水野望美,45.4,23,0.0,17.4,17.4,17.4,0.0,2.0,0.193,0,
4773,中川りな,60.2,38,7.9,21.1,28.9,29.0,-0.0,8.2,0.189,0,
4824,松井洪弥,59.9,45,8.9,20.0,28.9,29.0,-0.0,8.9,0.146,2,100.0
4852,川原祐明,74.8,44,9.1,34.1,43.2,43.2,0.0,10.5,0.163,1,100.0
5019,柴田百恵,48.6,19,15.8,5.3,21.1,21.0,0.0,11.7,0.175,0,
5218,山田理央,61.0,38,15.8,13.2,28.9,29.0,-0.0,13.9,0.174,2,0.0
5279,石渡翔一郎,56.1,32,15.6,9.4,25.0,25.1,-0.0,13.0,0.153,2,0.0
5298,水谷理人,72.0,43,16.3,20.9,37.2,37.2,0.0,15.6,0.14,0,
5353,草川壮良,18.1,61,3.3,4.9,8.2,8.3,-0.0,3.1,0.179,0,
5403,藤山湧太,10.1,110,2.7,3.6,6.4,6.4,0.0,2.6,0.19,0,
5433,米本圭佑,5.1,95,1.1,2.1,3.2,3.1,0.0,1.0,0.235,13,7.7
5436,市川瑚幸,1.4,116,0.0,0.9,0.9,0.9,-0.0,0.0,0.211,14,0.0
5440,薗頭心,3.8,129,3.1,0.0,3.1,3.1,-0.0,2.9,0.176,0,
5442,池田美優,3.1,127,0.8,2.4,3.1,3.1,0.0,0.8,0.208,0,
3787,天野誠,27.0,20,0.0,10.0,10.0,10.1,-0.1,1.3,0.227,0,
4417,服部剛,47.5,24,8.3,12.5,20.8,21.0,-0.1,7.6,0.217,2,50.0
4631,新井英孝,47.0,29,10.3,6.9,17.2,17.4,-0.1,8.5,0.151,2,0.0
4649,和田操拓,50.2,48,4.2,16.7,20.8,21.0,-0.1,4.7,0.134,2,0.0
5120,山本稔太朗,51.7,24,12.5,8.3,20.8,21.0,-0.1,10.2,0.176,1,0.0
5203,神里琴音,45.5,29,3.4,13.8,17.2,17.4,-0.1,4.0,0.159,3,0.0
5395,日高龍之介,15.0,78,3.8,3.8,7.7,7.9,-0.1,3.6,0.202,0,
5400,高村諒,8.3,96,1.0,5.2,6.2,6.4,-0.1,1.1,0.169,0,
4863,三浦裕貴,38.2,37,2.7,13.5,16.2,16.3,-0.1,3.2,0.174,5,20.0
5393,藤原駿,1.3,125,0.0,0.8,0.8,0.9,-0.1,0.0,0.208,0,
3904,森貴洋,49.4,24,0.0,20.8,20.8,21.0,-0.1,2.5,0.195,0,
3388,今垣光太郎,61.7,21,9.5,19.0,28.6,29.0,-0.2,9.4,0.192,0,
3587,武田信一,31.4,38,2.6,7.9,10.5,10.8,-0.2,2.7,0.179,2,0.0
4106,坂井康嗣,30.0,19,0.0,10.5,10.5,10.8,-0.2,1.2,0.174,0,
4418,茅原悠紀,73.9,35,11.4,31.4,42.9,43.2,-0.2,12.4,0.128,1,100.0
4527,高野心吾,40.1,25,4.0,12.0,16.0,16.3,-0.2,4.2,0.206,0,
4714,喜多須杏奈,48.1,29,3.4,17.2,20.7,21.0,-0.2,4.5,0.214,1,0.0
4960,黒野元基,75.1,35,17.1,25.7,42.9,43.2,-0.2,16.4,0.147,0,
5098,大江純,51.6,29,6.9,13.8,20.7,21.0,-0.2,6.7,0.16,1,0.0
5407,中岡駿,15.0,92,2.2,5.4,7.6,7.9,-0.2,2.2,0.189,0,
3841,佐々木和伸,63.3,46,8.7,23.9,32.6,33.0,-0.3,9.2,0.188,1,0.0
3901,松田憲幸,41.8,19,5.3,10.5,15.8,16.3,-0.3,5.0,0.283,0,
4016,西川新太郎,48.8,34,8.8,11.8,20.6,21.0,-0.3,8.1,0.166,2,0.0
4103,山崎善庸,28.2,29,0.0,10.3,10.3,10.8,-0.3,1.0,0.274,3,0.0
4105,松下直也,52.3,34,5.9,14.7,20.6,21.0,-0.3,6.0,0.211,0,
4237,大峯豊,69.2,30,10.0,26.7,36.7,37.2,-0.3,11.2,0.153,1,100.0
4560,庄司樹良々,58.6,35,5.7,22.9,28.6,29.0,-0.3,6.7,0.204,0,
4651,佐藤大騎,29.4,29,3.4,6.9,10.3,10.8,-0.3,3.2,0.178,3,0.0
4851,関浩哉,65.0,46,13.0,19.6,32.6,33.0,-0.3,12.5,0.136,2,50.0
4933,板橋侑我,59.4,35,5.7,22.9,28.6,29.0,-0.3,6.7,0.17,1,0.0
5061,中村駿平,24.6,31,3.2,6.5,9.7,10.1,-0.3,3.2,0.185,1,0.0
5249,三木晴斗,48.8,39,7.7,12.8,20.5,21.0,-0.3,7.3,0.171,0,
5253,藤井太雅,26.6,31,0.0,9.7,9.7,10.1,-0.3,1.0,0.27,1,0.0
5304,井田涼介,8.1,34,2.9,2.9,5.9,6.4,-0.3,2.6,0.22,5,20.0
5426,甲斐貴大,8.5,117,1.7,4.3,6.0,6.4,-0.3,1.7,0.196,0,
3652,森下勇,26.4,21,4.8,4.8,9.5,10.1,-0.4,4.1,0.225,6,16.7
4022,待鳥雄紀,36.4,23,4.3,8.7,13.0,13.7,-0.4,4.2,0.172,1,0.0
4213,重富伸也,35.3,68,7.4,5.9,13.2,13.7,-0.4,6.7,0.156,0,
4373,若狭奈美子,67.5,41,9.8,26.8,36.6,37.2,-0.4,10.8,0.2,2,50.0
4475,末永祐輝,64.3,40,12.5,20.0,32.5,33.0,-0.4,12.0,0.18,0,
4593,小坂宗司,63.0,37,10.8,21.6,32.4,33.0,-0.4,10.8,0.181,1,100.0
4769,馬場剛,65.0,40,5.0,27.5,32.5,33.0,-0.4,6.6,0.117,2,100.0
5020,宮村勇哉,42.0,38,2.6,13.2,15.8,16.3,-0.4,3.2,0.192,1,0.0
5026,安河内健,63.6,37,16.2,16.2,32.4,33.0,-0.4,14.6,0.168,0,
5063,大塚雅治,41.3,38,2.6,13.2,15.8,16.3,-0.4,3.2,0.217,0,
5256,中山翔太,62.9,37,10.8,21.6,32.4,33.0,-0.4,10.8,0.135,0,
5330,安河内鈴之介,63.8,37,10.8,21.6,32.4,33.0,-0.4,10.8,0.17,3,66.7
3419,栗原謙治,8.9,18,0.0,5.6,5.6,6.4,-0.4,0.8,0.264,2,0.0
3211,北川敏弘,30.0,30,3.3,6.7,10.0,10.8,-0.5,3.2,0.171,0,
3284,渡邊伸太郎,48.8,15,0.0,20.0,20.0,21.0,-0.5,3.2,0.273,0,
3340,池田雷太,33.0,31,3.2,9.7,12.9,13.7,-0.5,3.5,0.186,0,
3411,池上隆行,28.3,20,0.0,10.0,10.0,10.8,-0.5,1.2,0.197,1,0.0
3516,吉原聖人,35.5,31,3.2,9.7,12.9,13.7,-0.5,3.5,0.191,1,0.0
3578,塩田雄一,29.7,20,0.0,10.0,10.0,10.8,-0.5,1.2,0.177,0,
3679,飯島昌弘,66.2,34,5.9,26.5,32.4,33.0,-0.5,7.4,0.176,6,66.7
3898,平田忠則,76.8,40,22.5,20.0,42.5,43.2,-0.5,20.4,0.157,1,100.0
3964,宮地博士,34.6,31,3.2,9.7,12.9,13.7,-0.5,3.5,0.227,1,0.0
4128,川口貴久,46.9,36,2.8,13.9,16.7,17.4,-0.5,3.4,0.164,3,0.0
4292,麻生慎介,65.3,31,22.6,9.7,32.3,33.0,-0.5,18.7,0.146,3,66.7
4451,松崎祐太郎,63.1,31,6.5,25.8,32.3,33.0,-0.5,7.8,0.19,1,0.0
4460,後藤翔之,62.5,34,5.9,26.5,32.4,33.0,-0.5,7.4,0.169,0,
4578,藤山雅弘,56.2,37,8.1,16.2,24.3,25.1,-0.5,7.9,0.212,4,25.0
4643,近江翔吾,62.9,34,8.8,23.5,32.4,33.0,-0.5,9.4,0.163,0,
4685,島村隆幸,77.4,40,12.5,30.0,42.5,43.2,-0.5,13.1,0.17,2,50.0
4732,堀本和也,66.9,34,11.8,20.6,32.4,33.0,-0.5,11.4,0.139,0,
4808,松尾拓,61.1,39,7.7,20.5,28.2,29.0,-0.5,8.1,0.177,4,25.0
4896,花本剛,37.8,32,0.0,15.6,15.6,16.3,-0.5,1.5,0.208,0,
4945,上村宏太,34.6,31,3.2,9.7,12.9,13.7,-0.5,3.5,0.176,0,
5131,江藤敦宏,28.1,20,0.0,10.0,10.0,10.8,-0.5,1.2,0.159,3,33.3
5207,高山敬悟,43.2,30,6.7,10.0,16.7,17.4,-0.5,6.1,0.161,0,
5288,尾道佳諭,31.4,30,0.0,10.0,10.0,10.8,-0.5,0.9,0.158,5,20.0
5390,高橋涼夏,10.2,86,1.2,4.7,5.8,6.4,-0.5,1.2,0.173,0,
5409,宮本琉正,8.9,120,1.7,4.2,5.8,6.4,-0.5,1.7,0.159,0,
5420,吉原快誓,4.9,116,0.9,1.7,2.6,3.1,-0.5,0.9,0.176,0,
5439,志賀美優,3.5,120,0.0,2.5,2.5,3.1,-0.5,0.1,0.202,8,0.0
2878,富山弘幸,59.0,18,16.7,11.1,27.8,29.0,-0.6,13.2,0.204,1,0.0
3381,滝沢芳行,47.7,20,15.0,5.0,20.0,21.0,-0.6,11.3,0.151,1,0.0
3696,白井友晴,48.3,30,0.0,20.0,20.0,21.0,-0.6,2.1,0.185,3,0.0
3832,下田哲也,23.6,22,0.0,9.1,9.1,10.1,-0.6,1.3,0.186,2,0.0
3875,廣中良一,38.8,26,7.7,7.7,15.4,16.3,-0.6,6.5,0.235,0,
4012,中村有裕,58.7,18,0.0,27.8,27.8,29.0,-0.6,4.2,0.197,0,
4063,市橋卓士,61.4,32,9.4,18.8,28.1,29.0,-0.6,9.3,0.145,3,0.0
4111,奥田誠,53.3,33,6.1,18.2,24.2,25.1,-0.6,6.5,0.193,2,100.0
4485,楠原正剛,51.7,30,10.0,10.0,20.0,21.0,-0.6,8.8,0.168,0,
3471,赤峰和也,34.0,24,0.0,12.5,12.5,13.7,-0.7,1.5,0.201,1,0.0
3717,立間充宏,52.2,40,5.0,15.0,20.0,21.0,-0.7,5.4,0.173,1,0.0
3838,伊藤啓三,49.8,35,5.7,14.3,20.0,21.0,-0.7,5.9,0.169,0,
3853,岩崎正哉,52.2,35,2.9,17.1,20.0,21.0,-0.7,3.9,0.224,2,0.0
4786,佐藤博亮,70.4,47,23.4,12.8,36.2,37.2,-0.7,21.0,0.136,2,0.0
4943,八木治樹,34.8,24,0.0,12.5,12.5,13.7,-0.7,1.5,0.184,1,0.0
5210,藤井公人,52.3,40,5.0,15.0,20.0,21.0,-0.7,5.4,0.153,1,0.0
5349,宮崎奏磨,1.8,56,0.0,0.0,0.0,0.9,-0.7,0.0,0.203,2,0.0
5357,田中瀬里奈,2.4,65,0.0,0.0,0.0,0.9,-0.7,0.0,0.197,16,0.0
5365,石村日奈那,13.4,57,1.8,5.3,7.0,7.9,-0.7,1.9,0.212,4,0.0
5370,日隈茜,2.1,65,0.0,0.0,0.0,0.9,-0.7,0.0,0.198,0,
5378,鈴木結平太,4.0,89,1.1,1.1,2.2,3.1,-0.7,1.1,0.215,6,0.0
5405,竹内来,11.4,90,0.0,5.6,5.6,6.4,-0.7,0.2,0.179,10,20.0
5421,原田朱理,3.3,89,1.1,1.1,2.2,3.1,-0.7,1.1,0.229,0,
5446,長嶺真李愛,0.0,47,0.0,0.0,0.0,0.9,-0.7,0.1,0.225,0,
5447,岡本亜子,0.0,62,0.0,0.0,0.0,0.9,-0.7,0.0,0.198,0,
5448,福田柊人,0.0,57,0.0,0.0,0.0,0.9,-0.7,0.0,0.206,0,
5449,堀井涼平,4.4,45,2.2,0.0,2.2,3.1,-0.7,1.9,0.166,7,0.0
5452,上馬場風依,0.0,51,0.0,0.0,0.0,0.9,-0.7,0.0,0.188,0,
5457,山田陽翔,0.0,60,0.0,0.0,0.0,0.9,-0.7,0.0,0.205,0,
5459,田中きら,0.0,53,0.0,0.0,0.0,0.9,-0.7,0.0,0.212,0,
5461,板頭里緒,0.0,54,0.0,0.0,0.0,0.9,-0.7,0.0,0.192,13,0.0
5463,出口飛龍,0.0,54,0.0,0.0,0.0,0.9,-0.7,0.0,0.205,0,
5464,宮田栞,0.0,64,0.0,0.0,0.0,0.9,-0.7,0.0,0.223,0,
5465,直江健成,0.0,50,0.0,0.0,0.0,0.9,-0.7,0.0,0.212,0,
5468,山口隼人,0.0,58,0.0,0.0,0.0,0.9,-0.7,0.0,0.197,0,
5472,中川海虹,0.0,48,0.0,0.0,0.0,0.9,-0.7,0.0,0.245,0,
3642,大塚浩二,30.9,21,0.0,9.5,9.5,10.8,-0.8,1.2,0.212,1,0.0
3868,尾形栄治,40.0,33,3.0,12.1,15.2,16.3,-0.8,3.5,0.195,3,0.0
3929,杢野誓良,37.7,33,3.0,12.1,15.2,16.3,-0.8,3.5,0.16,2,0.0
4297,山田哲也,62.1,36,2.8,25.0,27.8,29.0,-0.8,4.6,0.107,0,
4422,永井亮次,44.3,31,3.2,12.9,16.1,17.4,-0.8,3.8,0.209,0,
4854,大橋由珠,38.1,20,5.0,10.0,15.0,16.3,-0.8,4.8,0.159,1,0.0
4871,菊池宏志,38.2,33,0.0,15.2,15.2,16.3,-0.8,1.4,0.17,0,
4902,山川雄大,47.0,31,6.5,9.7,16.1,17.4,-0.8,6.0,0.188,0,
4917,岩橋裕馬,37.6,33,6.1,9.1,15.2,16.3,-0.8,5.6,0.141,1,0.0
5123,福山恵里奈,34.9,32,3.1,9.4,12.5,13.7,-0.8,3.4,0.177,3,0.0
5151,山下奈緒,31.0,31,3.2,6.5,9.7,10.8,-0.8,3.1,0.239,1,0.0
5182,宮崎安奈,39.4,33,3.0,12.1,15.2,16.3,-0.8,3.5,0.137,3,0.0
5263,花田凱成,36.7,32,0.0,12.5,12.5,13.7,-0.8,1.2,0.2,4,25.0
5366,塩嶋泰空,1.9,84,0.0,0.0,0.0,0.9,-0.8,0.0,0.198,0,
5396,近藤来希,6.7,94,0.0,2.1,2.1,3.1,-0.8,0.1,0.212,0,
5418,堀内亜海,0.0,132,0.0,0.0,0.0,0.9,-0.8,0.0,0.196,0,
5380,野田亜湖,0.0,86,0.0,0.0,0.0,0.9,-0.8,0.0,0.272,0,
5422,真田聖也,1.0,84,0.0,0.0,0.0,0.9,-0.8,0.0,0.154,15,0.0
5425,西山育,1.6,106,0.0,0.0,0.0,0.9,-0.8,0.0,0.239,8,0.0
5428,古園井綾南,0.0,115,0.0,0.0,0.0,0.9,-0.8,0.0,0.195,0,
5429,吉川颯汰,0.8,114,0.0,0.0,0.0,0.9,-0.8,0.0,0.213,0,
5423,高橋嗣穏,0.0,105,0.0,0.0,0.0,0.9,-0.8,0.0,0.218,0,
4013,中島孝平,66.1,47,21.3,10.6,31.9,33.0,-0.9,18.7,0.149,2,100.0
4156,浜野孝志,57.3,42,2.4,21.4,23.8,25.1,-0.9,3.7,0.185,0,
4175,川尻泰輔,57.5,29,17.2,10.3,27.6,29.0,-0.9,14.5,0.138,2,50.0
4271,川崎公靖,43.1,19,10.5,5.3,15.8,17.4,-0.9,8.1,0.169,0,
4372,原田佑実,59.3,29,6.9,20.7,27.6,29.0,-0.9,7.7,0.161,0,
4496,内堀学,70.0,28,28.6,7.1,35.7,37.2,-0.9,23.3,0.13,3,33.3
4980,佐々木完太,64.2,47,8.5,23.4,31.9,33.0,-0.9,9.0,0.162,1,100.0
5384,八戸琉楓,5.0,95,0.0,2.1,2.1,3.1,-0.9,0.1,0.212,0,
3459,中野和裕,24.5,23,0.0,8.7,8.7,10.1,-0.9,1.2,0.165,0,
4724,吉田祐貴,25.6,23,4.3,4.3,8.7,10.1,-0.9,3.9,0.181,0,
3233,小畑実成,40.0,27,0.0,14.8,14.8,16.3,-1.0,1.6,0.195,0,
3860,松本浩貴,30.0,32,3.1,6.2,9.4,10.8,-1.0,3.0,0.18,3,33.3
4050,田口節子,74.4,43,18.6,23.3,41.9,43.2,-1.0,17.6,0.192,1,0.0
5140,吉田彩乃,41.1,27,0.0,14.8,14.8,16.3,-1.0,1.6,0.186,2,0.0
5193,米丸乃絵,66.9,41,9.8,22.0,31.7,33.0,-1.0,10.0,0.17,1,0.0
5367,赤松咲香,5.7,56,1.8,0.0,1.8,3.1,-1.0,1.6,0.183,5,0.0
5412,久保田凪紗,3.7,100,0.0,2.0,2.0,3.1,-1.0,0.1,0.181,4,0.0
5413,宮城那菜,9.0,116,1.7,3.4,5.2,6.4,-1.0,1.7,0.136,5,0.0
4843,深尾巴恵,39.4,27,7.4,7.4,14.8,16.3,-1.0,6.4,0.164,0,
5431,得山大輝,2.8,102,1.0,1.0,2.0,3.1,-1.0,1.0,0.167,0,
3434,松尾宣邦,45.5,38,2.6,13.2,15.8,17.4,-1.1,3.3,0.179,0,
3550,都築正治,51.7,36,5.6,13.9,19.4,21.0,-1.1,5.8,0.159,0,
3834,細川明人,34.7,25,8.0,4.0,12.0,13.7,-1.1,6.5,0.208,2,50.0
3837,秋山広一,62.9,38,15.8,15.8,31.6,33.0,-1.1,14.4,0.203,0,
3900,香川素子,62.8,35,17.1,14.3,31.4,33.0,-1.1,15.2,0.19,4,50.0
3950,石川哲秀,34.2,25,12.0,0.0,12.0,13.7,-1.1,9.0,0.19,2,0.0
4014,片岡恵里,54.4,34,8.8,14.7,23.5,25.1,-1.1,8.4,0.179,0,
4074,柳沢一,64.5,35,11.4,20.0,31.4,33.0,-1.1,11.2,0.129,1,0.0
4076,杉田篤光,51.9,41,4.9,14.6,19.5,21.0,-1.1,5.3,0.241,1,100.0
4300,加藤綾,48.3,31,3.2,16.1,19.4,21.0,-1.1,4.3,0.185,1,100.0
4352,下條雄太郎,65.6,35,11.4,20.0,31.4,33.0,-1.1,11.2,0.17,0,
4394,永嶋裕一,62.6,35,11.4,20.0,31.4,33.0,-1.1,11.2,0.15,3,0.0
4442,松竹大輔,54.9,30,3.3,20.0,23.3,25.1,-1.1,4.7,0.197,1,0.0
4637,中田友也,53.3,30,10.0,13.3,23.3,25.1,-1.1,9.2,0.192,1,0.0
4693,松下誉士,38.2,34,0.0,14.7,14.7,16.3,-1.1,1.4,0.189,0,
4914,吉田裕平,62.8,35,22.9,8.6,31.4,33.0,-1.1,19.2,0.139,0,
4973,栗原直也,48.2,41,4.9,14.6,19.5,21.0,-1.1,5.3,0.21,3,33.3
4981,牧山敦也,51.4,31,0.0,19.4,19.4,21.0,-1.1,2.1,0.187,0,
5013,山下夏鈴,51.3,31,9.7,9.7,19.4,21.0,-1.1,8.6,0.178,2,0.0
5115,香川颯太,52.4,36,11.1,8.3,19.4,21.0,-1.1,9.7,0.163,0,
5147,田中勇輔,33.1,25,4.0,8.0,12.0,13.7,-1.1,4.0,0.156,3,0.0
3302,谷川里江,51.0,21,14.3,4.8,19.0,21.0,-1.1,11.0,0.206,2,50.0
3558,山本浩次,42.3,21,0.0,14.3,14.3,16.3,-1.2,1.9,0.165,3,66.7
4045,佐々木裕美,38.8,21,4.8,9.5,14.3,16.3,-1.2,4.7,0.166,2,0.0
4502,遠藤エミ,72.7,41,19.5,22.0,41.5,43.2,-1.2,18.2,0.148,2,0.0
4524,深谷知博,60.1,33,9.1,18.2,27.3,29.0,-1.2,9.1,0.151,3,33.3
4553,坪口竜也,62.3,33,6.1,21.2,27.3,29.0,-1.2,7.0,0.162,1,0.0
4762,藤原啓史朗,69.8,45,6.7,28.9,35.6,37.2,-1.2,8.4,0.117,0,
5347,井澤聖奈,4.4,64,0.0,1.6,1.6,3.1,-1.2,0.2,0.188,3,0.0
5402,塚越陸斗,3.1,114,0.9,0.9,1.8,3.1,-1.2,0.9,0.203,10,0.0
3442,宮武英司,42.8,26,0.0,15.4,15.4,17.4,-1.3,1.8,0.165,0,
3681,山谷央,43.7,26,0.0,15.4,15.4,17.4,-1.3,1.8,0.155,2,50.0
4010,越智照浩,31.9,23,0.0,8.7,8.7,10.8,-1.3,1.1,0.219,1,0.0
4220,深川和仁,44.8,26,7.7,7.7,15.4,17.4,-1.3,6.7,0.18,0,
4627,藤原菜希,63.6,29,13.8,17.2,31.0,33.0,-1.3,12.7,0.144,0,
5205,刑部亜里紗,58.6,44,9.1,18.2,27.3,29.0,-1.3,9.1,0.177,0,
5458,田中大輝,4.6,65,0.0,1.5,1.5,3.1,-1.3,0.2,0.194,0,
3441,土屋太朗,45.4,20,5.0,10.0,15.0,17.4,-1.4,5.0,0.212,2,50.0
3635,石田政吾,48.0,47,2.1,17.0,19.1,21.0,-1.4,3.2,0.19,0,
3647,伊藤雄二,29.7,34,0.0,8.8,8.8,10.8,-1.4,0.9,0.209,5,0.0
3716,石渡鉄兵,56.5,39,10.3,12.8,23.1,25.1,-1.4,9.5,0.123,4,0.0
3963,原田秀弥,61.1,37,2.7,24.3,27.0,29.0,-1.4,4.6,0.188,5,60.0
4041,小林基樹,34.3,18,0.0,11.1,11.1,13.7,-1.4,1.8,0.253,0,
4380,鈴木峻佑,40.3,35,5.7,8.6,14.3,16.3,-1.4,5.4,0.162,3,0.0
4501,樋口由加里,45.1,39,7.7,7.7,15.4,17.4,-1.4,7.0,0.148,1,0.0
4568,廣瀬真也,51.3,42,4.8,14.3,19.0,21.0,-1.4,5.2,0.157,5,20.0
4792,杉村賢也,46.3,20,0.0,15.0,15.0,17.4,-1.4,2.2,0.224,1,0.0
5121,定松勇樹,70.0,37,21.6,13.5,35.1,37.2,-1.4,19.3,0.13,1,0.0
5132,中野希一,71.1,37,16.2,18.9,35.1,37.2,-1.4,15.4,0.141,5,20.0
3620,信濃由行,30.7,24,0.0,8.3,8.3,10.8,-1.5,1.1,0.2,2,0.0
3740,大澤普司,63.4,45,8.9,22.2,31.1,33.0,-1.5,9.3,0.159,3,33.3
3772,一柳和孝,51.2,32,6.2,12.5,18.8,21.0,-1.5,6.3,0.182,4,0.0
3922,菅沼佳昭,30.8,24,0.0,8.3,8.3,10.8,-1.5,1.1,0.232,1,0.0
4039,村上功祐,52.1,37,5.4,13.5,18.9,21.0,-1.5,5.7,0.159,0,
4092,岡部大輔,49.7,32,9.4,9.4,18.8,21.0,-1.5,8.4,0.196,0,
4116,川田正人,46.2,33,3.0,12.1,15.2,17.4,-1.5,3.7,0.221,0,
4710,福田宗平,63.2,42,7.1,23.8,31.0,33.0,-1.5,8.1,0.15,0,
4789,古賀智之,55.4,35,8.6,14.3,22.9,25.1,-1.5,8.2,0.198,2,50.0
5037,田頭虎親,57.2,35,11.4,11.4,22.9,25.1,-1.5,10.2,0.179,0,
5335,森陽多,20.3,48,4.2,2.1,6.2,8.3,-1.5,3.7,0.182,0,
5391,出穂和鼓,3.4,76,1.3,0.0,1.3,3.1,-1.5,1.3,0.194,0,
3662,大庭元明,52.6,48,8.3,14.6,22.9,25.1,-1.6,8.1,0.172,3,66.7
4083,福島勇樹,73.0,27,11.1,29.6,40.7,43.2,-1.6,12.4,0.185,1,100.0
4152,深水慎一郎,48.1,27,7.4,11.1,18.5,21.0,-1.6,7.1,0.201,2,50.0
4573,佐藤翼,58.1,41,9.8,17.1,26.8,29.0,-1.6,9.6,0.152,5,20.0
4614,石倉洋行,71.9,40,5.0,30.0,35.0,37.2,-1.6,7.3,0.13,0,
4735,角山雄哉,44.8,27,0.0,14.8,14.8,17.4,-1.6,1.8,0.17,0,
5319,近藤颯斗,48.5,27,3.7,14.8,18.5,21.0,-1.6,4.7,0.16,0,
5334,樫葉新心,20.5,34,0.0,5.9,5.9,8.3,-1.6,0.7,0.214,0,
3350,藤本佳史,47.9,27,3.7,14.8,18.5,21.0,-1.6,4.7,0.214,2,50.0
3075,中村裕将,40.9,29,3.4,10.3,13.8,16.3,-1.7,3.8,0.137,4,25.0
3306,武田正紀,34.0,27,7.4,3.7,11.1,13.7,-1.7,6.2,0.158,5,20.0
3518,倉田郁美,36.0,27,11.1,0.0,11.1,13.7,-1.7,8.5,0.2,0,
3977,山本兼士,39.7,36,11.1,2.8,13.9,16.3,-1.7,9.2,0.181,0,
4188,久田敏之,76.7,32,12.5,28.1,40.6,43.2,-1.7,13.2,0.108,0,
4461,安田吉宏,41.5,36,2.8,11.1,13.9,16.3,-1.7,3.3,0.165,1,0.0
4523,中村辰也,62.4,34,0.0,26.5,26.5,29.0,-1.7,2.8,0.167,0,
4562,阪本勇介,37.7,36,5.6,8.3,13.9,16.3,-1.7,5.3,0.21,2,50.0
4601,森野正弘,69.1,43,14.0,20.9,34.9,37.2,-1.7,13.8,0.133,0,
4932,新開航,70.9,43,14.0,20.9,34.9,37.2,-1.7,13.8,0.165,5,0.0
5179,藤本元輝,34.4,27,0.0,11.1,11.1,13.7,-1.7,1.4,0.226,0,
5214,田中宏典,43.9,40,5.0,10.0,15.0,17.4,-1.7,5.0,0.194,1,0.0
5302,秋末秦悟,32.8,27,3.7,7.4,11.1,13.7,-1.7,3.8,0.174,0,
5362,中嶋世奈,12.1,49,0.0,4.1,4.1,6.4,-1.7,0.4,0.219,4,0.0
3256,三角哲男,65.0,36,2.8,27.8,30.6,33.0,-1.8,5.1,0.174,1,100.0
3463,乙津康志,43.5,21,0.0,14.3,14.3,17.4,-1.8,2.1,0.191,2,0.0
3619,長谷川充,46.8,34,5.9,8.8,14.7,17.4,-1.8,5.6,0.196,1,0.0
3893,汐崎正則,46.4,34,2.9,11.8,14.7,17.4,-1.8,3.6,0.149,2,0.0
4051,清水敦揮,71.5,29,17.2,17.2,34.5,37.2,-1.8,16.0,0.204,1,100.0
4145,小澤学,32.1,25,0.0,8.0,8.0,10.8,-1.8,1.1,0.288,4,0.0
4532,秋元哲,70.9,29,20.7,13.8,34.5,37.2,-1.8,18.2,0.156,5,60.0
4882,瀧川千依,27.9,25,0.0,8.0,8.0,10.8,-1.8,1.1,0.293,0,
4909,薮内瑞希,44.1,34,5.9,8.8,14.7,17.4,-1.8,5.6,0.168,5,40.0
5041,荒牧凪沙,48.7,38,7.9,10.5,18.4,21.0,-1.8,7.5,0.206,0,
5166,仲道大輔,64.3,36,2.8,27.8,30.6,33.0,-1.8,5.1,0.173,3,0.0
5200,筒井美琴,3.1,22,0.0,0.0,0.0,3.1,-1.8,0.4,0.185,0,
5138,村本大成,32.7,19,0.0,10.5,10.5,13.7,-1.8,1.7,0.198,0,
3499,市川哲也,60.4,27,7.4,18.5,25.9,29.0,-1.9,8.0,0.161,3,66.7
3548,室田泰史,52.9,40,7.5,15.0,22.5,25.1,-1.9,7.5,0.146,2,50.0
3612,馬袋義則,68.8,15,6.7,26.7,33.3,37.2,-1.9,10.1,0.157,0,
3930,岸本隆,51.4,33,3.0,15.2,18.2,21.0,-1.9,4.1,0.201,3,33.3
3934,鋤柄貴俊,50.0,33,9.1,9.1,18.2,21.0,-1.9,8.3,0.193,1,0.0
3956,横澤剛治,58.6,27,11.1,14.8,25.9,29.0,-1.9,10.4,0.167,0,
4155,長野壮志郎,61.6,38,13.2,13.2,26.3,29.0,-1.9,12.0,0.154,0,
4376,藤田靖弘,55.6,53,9.4,13.2,22.6,25.1,-1.9,9.0,0.17,3,33.3
4638,小林遼太,50.7,33,6.1,12.1,18.2,21.0,-1.9,6.2,0.212,1,0.0
4654,篠田優也,65.5,33,6.1,24.2,30.3,33.0,-1.9,7.5,0.179,1,100.0
4695,尾崎雄二,49.8,33,3.0,15.2,18.2,21.0,-1.9,4.1,0.137,1,0.0
5055,眞鳥章太,57.0,40,5.0,17.5,22.5,25.1,-1.9,5.7,0.166,0,
5314,中曽瑠華,20.2,36,0.0,5.6,5.6,8.3,-1.9,0.7,0.191,0,
5342,原村百那,10.0,52,1.9,1.9,3.8,6.4,-1.9,1.9,0.174,1,0.0
5345,牧村俊輝,16.7,55,1.8,3.6,5.5,7.9,-1.9,1.9,0.2,6,0.0
3207,田村美和,18.9,21,0.0,4.8,4.8,8.3,-2.0,1.0,0.173,1,0.0
3226,浦田信義,46.0,28,7.1,7.1,14.3,17.4,-2.0,6.4,0.191,1,0.0
3286,坂東満,36.4,28,0.0,10.7,10.7,13.7,-2.0,1.4,0.203,2,0.0
3656,伯母芳恒,50.8,28,7.1,10.7,17.9,21.0,-2.0,6.9,0.222,1,0.0
3932,池田浩美,47.1,28,7.1,7.1,14.3,17.4,-2.0,6.4,0.21,0,
3949,今出晋二,27.3,28,0.0,7.1,7.1,10.1,-2.0,1.1,0.224,0,
4104,木下陽介,44.2,28,7.1,7.1,14.3,17.4,-2.0,6.4,0.145,0,
4191,赤羽克也,64.8,30,13.3,16.7,30.0,33.0,-2.0,12.5,0.169,5,20.0
4269,杉山裕也,70.3,35,8.6,25.7,34.3,37.2,-2.0,10.0,0.144,1,0.0
4317,木村紗友希,37.1,28,0.0,10.7,10.7,13.7,-2.0,1.4,0.174,2,0.0
4329,小松卓司,42.5,30,0.0,13.3,13.3,16.3,-2.0,1.5,0.241,3,33.3
4383,竹田吉行,55.6,36,11.1,11.1,22.2,25.1,-2.0,10.0,0.182,0,
4401,小林泰,54.7,36,5.6,16.7,22.2,25.1,-2.0,6.1,0.146,2,0.0
4592,小林孝弘,42.4,23,0.0,13.0,13.0,16.3,-2.0,1.8,0.168,0,
4603,谷川将太,56.3,36,8.3,13.9,22.2,25.1,-2.0,8.1,0.18,0,
4727,安部慎一,41.4,23,0.0,13.0,13.0,16.3,-2.0,1.8,0.15,0,
4834,浜本裕己,56.6,36,2.8,19.4,22.2,25.1,-2.0,4.2,0.168,0,
4850,野中一平,63.5,30,10.0,20.0,30.0,33.0,-2.0,10.2,0.118,0,
4889,後藤盛也,46.4,28,10.7,3.6,14.3,17.4,-2.0,8.7,0.165,1,0.0
4958,溝口海義也,65.1,46,6.5,23.9,30.4,33.0,-2.0,7.6,0.151,1,0.0
4962,畑竜生,56.2,36,8.3,13.9,22.2,25.1,-2.0,8.1,0.173,0,
5054,佐々木大河,66.8,30,10.0,20.0,30.0,33.0,-2.0,10.2,0.14,2,50.0
5254,羽田妃希,33.5,28,0.0,10.7,10.7,13.7,-2.0,1.4,0.231,0,
3660,長谷川親王,24.4,29,0.0,6.9,6.9,10.1,-2.1,1.1,0.223,1,0.0
3867,松浦勝,25.1,29,0.0,6.9,6.9,10.1,-2.1,1.1,0.202,1,0.0
4112,大久保信一郎,58.0,31,6.5,19.4,25.8,29.0,-2.1,7.3,0.201,1,0.0
5381,有山望,17.8,54,0.0,5.6,5.6,8.3,-2.1,0.5,0.17,4,0.0
3742,宮地秀祈,44.9,22,4.5,9.1,13.6,17.4,-2.2,4.7,0.19,3,0.0
3911,鈴木猛,46.8,35,0.0,14.3,14.3,17.4,-2.2,1.5,0.18,3,0.0
4027,松江秀徳,50.7,23,4.3,13.0,17.4,21.0,-2.2,5.2,0.175,0,
4262,馬場貴也,67.9,41,9.8,24.4,34.1,37.2,-2.2,10.8,0.157,1,100.0
4390,松本弓雄,35.2,29,0.0,10.3,10.3,13.7,-2.2,1.3,0.182,0,
4558,宮野仁,34.7,29,3.4,6.9,10.3,13.7,-2.2,3.6,0.273,0,
4822,百武翔,63.3,40,5.0,25.0,30.0,33.0,-2.2,6.6,0.202,1,0.0
5196,鰐部太空海,62.8,40,10.0,20.0,30.0,33.0,-2.2,10.2,0.187,0,
5327,西田和加,3.7,35,0.0,0.0,0.0,3.1,-2.2,0.3,0.181,7,0.0
5355,萩原丈太朗,11.4,56,0.0,3.6,3.6,6.4,-2.2,0.4,0.202,3,0.0
3313,本吉正樹,34.5,29,3.4,6.9,10.3,13.7,-2.2,3.6,0.186,3,0.0
5148,松本怜,45.5,22,9.1,4.5,13.6,17.4,-2.2,7.4,0.209,0,
3557,太田和美,65.6,50,12.0,18.0,30.0,33.0,-2.3,11.7,0.152,3,33.3
3621,天野晶夫,57.7,20,5.0,20.0,25.0,29.0,-2.3,6.8,0.203,0,
3641,一瀬明,59.7,35,8.6,17.1,25.7,29.0,-2.3,8.7,0.156,2,50.0
3704,本部めぐみ,24.4,17,5.9,0.0,5.9,10.1,-2.3,4.6,0.24,3,0.0
3811,石田章央,58.7,50,14.0,12.0,26.0,29.0,-2.3,12.9,0.152,2,50.0
3981,今坂晃広,33.1,38,2.6,7.9,10.5,13.7,-2.3,3.0,0.218,1,100.0
4139,丹下健,41.1,31,3.2,9.7,12.9,16.3,-2.3,3.7,0.203,0,
4268,和合俊介,23.5,17,5.9,0.0,5.9,10.1,-2.3,4.6,0.225,3,0.0
4728,山口亮,40.9,31,3.2,9.7,12.9,16.3,-2.3,3.7,0.214,0,
4949,横田貴満,62.0,35,8.6,17.1,25.7,29.0,-2.3,8.7,0.163,0,
4963,實森美祐,60.0,35,11.4,14.3,25.7,29.0,-2.3,10.7,0.168,4,25.0
4966,田川大貴,46.7,42,4.8,9.5,14.3,17.4,-2.3,4.8,0.175,1,100.0
5157,市川健太,41.1,38,2.6,10.5,13.2,16.3,-2.3,3.2,0.174,2,50.0
5163,清水愛海,68.2,44,13.6,20.5,34.1,37.2,-2.3,13.6,0.178,0,
5358,増本杏珠,19.7,39,0.0,5.1,5.1,8.3,-2.3,0.6,0.211,0,
5293,眞崎武蔵,28.4,39,2.6,5.1,7.7,10.8,-2.3,2.6,0.227,7,0.0
3541,三嶌誠司,63.3,37,5.4,24.3,29.7,33.0,-2.4,6.9,0.182,3,33.3
3871,池田紫乃,33.1,21,0.0,9.5,9.5,13.7,-2.4,1.6,0.201,0,
4299,中島浩哉,42.3,24,4.2,8.3,12.5,16.3,-2.4,4.3,0.169,0,
4351,里岡右貴,72.6,50,12.0,28.0,40.0,43.2,-2.4,12.6,0.127,5,40.0
4355,小川広大,17.4,25,0.0,4.0,4.0,7.9,-2.4,0.9,0.238,2,0.0
4529,嶋義信,62.6,37,8.1,21.6,29.7,33.0,-2.4,8.9,0.174,1,0.0
5227,川原愛未,30.9,16,0.0,6.2,6.2,10.8,-2.4,1.4,0.197,0,
5262,鈴木章司,40.3,24,8.3,4.2,12.5,16.3,-2.4,6.9,0.239,2,0.0
5268,山本幸也,22.3,58,1.7,3.4,5.2,8.3,-2.4,1.8,0.255,0,
5306,河内悠利杏,15.7,25,0.0,4.0,4.0,7.9,-2.4,0.9,0.216,1,0.0
3489,大場敏,57.3,46,4.3,17.4,21.7,25.1,-2.5,5.1,0.185,5,40.0
3583,齋藤智裕,24.6,31,3.2,3.2,6.5,10.1,-2.5,3.2,0.187,0,
3775,泉啓文,33.0,39,2.6,7.7,10.3,13.7,-2.5,2.9,0.193,0,
3952,中澤和志,67.4,34,8.8,20.6,29.4,33.0,-2.5,9.4,0.136,5,0.0
4077,品田直樹,52.1,40,2.5,15.0,17.5,21.0,-2.5,3.6,0.205,2,0.0
4252,松下哲也,42.9,36,2.8,11.1,13.9,17.4,-2.5,3.4,0.21,4,25.0
4266,長田頼宗,63.7,34,11.8,17.6,29.4,33.0,-2.5,11.4,0.178,1,0.0
4336,松田竜馬,48.1,40,10.0,7.5,17.5,21.0,-2.5,9.0,0.154,2,50.0
4337,平本真之,68.4,30,6.7,26.7,33.3,37.2,-2.5,8.9,0.152,1,100.0
4407,鹿島敏弘,46.2,36,2.8,11.1,13.9,17.4,-2.5,3.4,0.208,2,0.0
4848,仲谷颯仁,66.5,34,5.9,23.5,29.4,33.0,-2.5,7.4,0.16,0,
5329,金子龍斗,45.4,36,5.6,8.3,13.9,17.4,-2.5,5.4,0.16,1,0.0
5373,諏訪玲奈,17.9,41,0.0,4.9,4.9,8.3,-2.5,0.6,0.171,2,0.0
3566,川添英正,45.0,23,0.0,13.0,13.0,17.4,-2.6,2.0,0.255,1,0.0
3827,今泉徹,31.0,29,0.0,6.9,6.9,10.8,-2.6,1.0,0.185,3,33.3
3997,北村征嗣,68.0,33,12.1,21.2,33.3,37.2,-2.6,12.5,0.163,0,
4118,宇佐見淳,64.4,44,4.5,25.0,29.5,33.0,-2.6,6.1,0.161,6,33.3
4140,梶野学志,59.4,28,0.0,25.0,25.0,29.0,-2.6,3.2,0.17,1,0.0
4169,多田有佑,28.0,29,3.4,3.4,6.9,10.8,-2.6,3.2,0.244,1,0.0
4177,萬正嗣,39.9,32,3.1,9.4,12.5,16.3,-2.6,3.6,0.196,2,0.0
4790,柳内敬太,64.3,44,6.8,22.7,29.5,33.0,-2.6,7.8,0.187,2,0.0
5244,黒田剛,28.6,29,0.0,6.9,6.9,10.8,-2.6,1.0,0.176,0,
3833,中辻博訓,66.2,31,16.1,12.9,29.0,33.0,-2.7,14.4,0.138,0,
3869,井芹大志,35.8,22,0.0,9.1,9.1,13.7,-2.7,1.6,0.195,1,0.0
3951,石川吉鎬,45.5,30,0.0,13.3,13.3,17.4,-2.7,1.7,0.216,0,
3974,深山祐二,39.4,25,0.0,12.0,12.0,16.3,-2.7,1.7,0.188,1,0.0
4196,田中太一郎,37.0,31,0.0,9.7,9.7,13.7,-2.7,1.3,0.204,1,0.0
4393,田中孝明,32.8,31,0.0,9.7,9.7,13.7,-2.7,1.3,0.246,1,100.0
4403,木下大將,62.6,31,6.5,22.6,29.0,33.0,-2.7,7.8,0.159,2,50.0
4579,中嶋健一郎,60.9,32,12.5,12.5,25.0,29.0,-2.7,11.4,0.155,0,
4580,長谷川雅和,56.6,42,7.1,14.3,21.4,25.1,-2.7,7.2,0.166,0,
4677,片橋幸貴,65.2,31,12.9,16.1,29.0,33.0,-2.7,12.2,0.162,0,
4842,山下昂大,57.0,42,7.1,14.3,21.4,25.1,-2.7,7.2,0.186,0,
4857,加藤翔馬,69.4,36,8.3,25.0,33.3,37.2,-2.7,9.9,0.195,3,33.3
4864,小川日紀太,36.2,22,4.5,4.5,9.1,13.7,-2.7,4.3,0.166,0,
5070,中島航,38.9,25,8.0,4.0,12.0,16.3,-2.7,6.7,0.241,2,50.0
5206,梅原祥平,36.8,22,0.0,9.1,9.1,13.7,-2.7,1.6,0.12,1,0.0
5292,佐藤右京,36.3,31,0.0,9.7,9.7,13.7,-2.7,1.3,0.218,1,0.0
5307,富永夏哉人,45.4,30,3.3,10.0,13.3,17.4,-2.7,3.9,0.178,2,0.0
5364,金子怜央,8.4,92,2.2,1.1,3.3,6.4,-2.7,2.1,0.151,2,0.0
4275,菅野はやか,27.4,19,5.3,0.0,5.3,10.1,-2.7,4.3,0.245,0,
5235,岩田凌,23.4,19,0.0,5.3,5.3,10.1,-2.7,1.4,0.2,2,0.0
5424,熊倉幹太,4.2,89,0.0,0.0,0.0,3.1,-2.7,0.1,0.207,14,0.0
2538,高橋二朗,20.2,26,0.0,3.8,3.8,8.3,-2.8,0.9,0.239,1,0.0
3544,豊田訓靖,27.8,30,6.7,0.0,6.7,10.8,-2.8,5.4,0.206,2,0.0
4019,笠原亮,64.6,41,12.2,17.1,29.3,33.0,-2.8,11.8,0.192,0,
4421,森作広大,27.8,30,0.0,6.7,6.7,10.8,-2.8,0.9,0.246,1,0.0
4608,荒井翔伍,58.9,36,5.6,19.4,25.0,29.0,-2.8,6.6,0.177,1,100.0
4688,永井彪也,63.9,41,7.3,22.0,29.3,33.0,-2.8,8.2,0.131,0,
4776,竹田和哉,71.1,42,7.1,26.2,33.3,37.2,-2.8,8.8,0.161,0,
5006,久保原秀人,20.6,26,0.0,3.8,3.8,8.3,-2.8,0.9,0.205,1,0.0
4123,細川裕子,68.9,39,10.3,23.1,33.3,37.2,-2.8,11.2,0.222,0,
3777,樋口亮,55.2,47,6.4,14.9,21.3,25.1,-2.9,6.6,0.214,0,
3788,一宮稔弘,52.7,20,10.0,10.0,20.0,25.1,-2.9,8.9,0.151,0,
3807,岡部哲,41.4,33,6.1,6.1,12.1,16.3,-2.9,5.6,0.199,3,0.0
3872,岡田憲行,57.3,38,5.3,15.8,21.1,25.1,-2.9,5.9,0.18,0,
3995,重野哲之,65.2,28,7.1,21.4,28.6,33.0,-2.9,8.4,0.138,5,40.0
4216,星栄爾,50.0,41,4.9,12.2,17.1,21.0,-2.9,5.3,0.171,0,
4303,牧原崇,49.1,30,0.0,16.7,16.7,21.0,-2.9,2.1,0.202,2,0.0
4408,仁科さやか,26.6,20,5.0,0.0,5.0,10.1,-2.9,4.2,0.199,0,
4594,谷川祐一,59.8,17,5.9,17.6,23.5,29.0,-2.9,7.4,0.217,3,33.3
4691,水原慎,42.3,18,0.0,11.1,11.1,16.3,-2.9,2.1,0.152,0,
4706,三浦洋次朗,57.4,38,13.2,7.9,21.1,25.1,-2.9,11.5,0.168,3,0.0
4761,山田晃大,54.8,47,6.4,14.9,21.3,25.1,-2.9,6.6,0.141,4,25.0
4982,中村将隆,51.8,30,3.3,13.3,16.7,21.0,-2.9,4.4,0.192,1,100.0
5017,澤田尚也,59.1,40,10.0,15.0,25.0,29.0,-2.9,9.8,0.135,2,50.0
3277,齋藤勇,38.5,26,3.8,7.7,11.5,16.3,-3.0,4.1,0.188,1,0.0
3726,桂林寛,40.6,26,0.0,11.5,11.5,16.3,-3.0,1.7,0.186,1,0.0
4042,丸岡正典,64.5,48,12.5,16.7,29.2,33.0,-3.0,12.1,0.219,3,66.7
4669,井上茂,42.2,26,3.8,7.7,11.5,16.3,-3.0,4.1,0.183,0,
4744,伊藤玲奈,41.8,26,3.8,7.7,11.5,16.3,-3.0,4.1,0.253,0,
4866,橋本英一,42.4,26,3.8,7.7,11.5,16.3,-3.0,4.1,0.186,1,100.0
4872,山下流心,39.6,26,0.0,11.5,11.5,16.3,-3.0,1.7,0.217,0,
5068,前田滉,73.9,31,3.2,35.5,38.7,43.2,-3.0,6.9,0.136,0,
5102,原田雄次,49.1,36,2.8,13.9,16.7,21.0,-3.0,3.9,0.217,2,0.0
5322,根岸真優,21.9,28,3.6,0.0,3.6,8.3,-3.0,3.1,0.163,6,16.7
5411,木下虎之輔,8.8,131,1.5,1.5,3.1,6.4,-3.0,1.5,0.166,8,0.0
4294,古賀繁輝,67.3,35,11.4,17.1,28.6,33.0,-3.1,11.2,0.137,1,0.0
4462,夏山亮平,47.6,25,4.0,12.0,16.0,21.0,-3.1,4.9,0.178,2,0.0
4466,南佑典,56.7,34,8.8,11.8,20.6,25.1,-3.1,8.4,0.207,1,0.0
5090,生方靖亜,55.2,34,2.9,17.6,20.6,25.1,-3.1,4.3,0.189,1,0.0
5243,三馬崇史,53.6,34,5.9,14.7,20.6,25.1,-3.1,6.4,0.193,2,0.0
5290,坂本一真,27.7,32,3.1,3.1,6.2,10.8,-3.1,3.0,0.188,1,0.0
5296,永田楽,27.3,35,0.0,5.7,5.7,10.1,-3.1,0.9,0.201,0,
5369,岡崎凪汰,22.2,48,0.0,4.2,4.2,8.3,-3.1,0.6,0.18,0,
3604,武藤綾子,36.3,33,0.0,9.1,9.1,13.7,-3.2,1.2,0.219,0,
3812,山崎聖司,41.3,34,0.0,11.8,11.8,16.3,-3.2,1.4,0.191,2,0.0
3851,森田昭彦,11.0,15,0.0,0.0,0.0,6.4,-3.2,0.8,0.196,0,
4009,小林一樹,53.5,25,8.0,12.0,20.0,25.1,-3.2,7.8,0.125,0,
4202,浮田圭浩,40.5,34,2.9,8.8,11.8,16.3,-3.2,3.4,0.219,0,
4452,松尾祭,51.3,42,7.1,9.5,16.7,21.0,-3.2,7.0,0.189,0,
4499,滝川真由子,52.7,25,0.0,20.0,20.0,25.1,-3.2,2.8,0.183,0,
4607,鶴田勇雄,56.5,48,4.2,16.7,20.8,25.1,-3.2,5.0,0.165,3,0.0
4885,大山千広,71.4,22,13.6,18.2,31.8,37.2,-3.2,13.6,0.147,0,
5074,大澤誠也,36.1,33,6.1,3.0,9.1,13.7,-3.2,5.4,0.191,2,0.0
5139,大場恒季,65.0,25,20.0,8.0,28.0,33.0,-3.2,16.5,0.156,2,0.0
3737,上平真二,69.2,31,6.5,25.8,32.3,37.2,-3.3,8.7,0.21,1,100.0
3761,山本光雄,47.6,31,6.5,9.7,16.1,21.0,-3.3,6.4,0.166,3,66.7
3941,池田浩二,71.1,34,5.9,26.5,32.4,37.2,-3.3,8.2,0.129,1,0.0
4244,鈴木成美,25.4,22,0.0,4.5,4.5,10.1,-3.3,1.3,0.178,1,0.0
4314,青木幸太郎,59.8,41,7.3,17.1,24.4,29.0,-3.3,7.8,0.16,1,100.0
4344,新田雄史,67.6,31,6.5,25.8,32.3,37.2,-3.3,8.7,0.19,2,50.0
4366,前沢丈史,69.6,34,8.8,23.5,32.4,37.2,-3.3,10.3,0.175,1,0.0
4402,乙藤智史,56.5,39,5.1,15.4,20.5,25.1,-3.3,5.8,0.204,0,
4438,森作雄大,45.0,32,6.2,6.2,12.5,17.4,-3.3,5.9,0.138,1,0.0
4615,板倉敦史,36.9,24,0.0,8.3,8.3,13.7,-3.3,1.5,0.242,4,0.0
4752,西尾亮輔,36.9,24,4.2,4.2,8.3,13.7,-3.3,4.1,0.182,0,
4819,蜂須瑞生,55.0,39,7.7,12.8,20.5,25.1,-3.3,7.6,0.202,2,0.0
4951,新田洋一,49.3,31,3.2,12.9,16.1,21.0,-3.3,4.3,0.143,0,
5022,伊藤尚汰,32.6,24,8.3,0.0,8.3,13.7,-3.3,6.6,0.176,0,
5049,松井友汰,61.4,37,5.4,18.9,24.3,29.0,-3.3,6.5,0.203,7,0.0
5079,大石真央,45.6,39,2.6,10.3,12.8,17.4,-3.3,3.2,0.191,2,0.0
5221,竹間隆晟,65.5,42,7.1,21.4,28.6,33.0,-3.3,8.1,0.162,3,66.7
5297,南彩寧,23.5,22,0.0,4.5,4.5,10.1,-3.3,1.3,0.241,1,0.0
5309,森雄利,17.8,30,0.0,3.3,3.3,8.3,-3.3,0.8,0.149,0,
5252,荒木颯斗,62.1,37,5.4,18.9,24.3,29.0,-3.3,6.5,0.17,2,50.0
4343,村岡賢,39.1,27,0.0,11.1,11.1,16.3,-3.4,1.6,0.161,0,
4495,森晋太郎,56.7,30,3.3,16.7,20.0,25.1,-3.4,4.7,0.147,3,0.0
4503,上野真之介,72.5,37,13.5,18.9,32.4,37.2,-3.4,13.5,0.117,3,0.0
4705,吉川勇作,26.6,37,2.7,2.7,5.4,10.1,-3.4,2.8,0.17,0,
5051,松本純平,67.7,40,5.0,27.5,32.5,37.2,-3.4,7.3,0.16,4,25.0
5105,富田恕生,41.1,27,7.4,3.7,11.1,16.3,-3.4,6.4,0.173,0,
5178,成貞琳平,37.4,34,2.9,5.9,8.8,13.7,-3.4,3.2,0.239,4,0.0
5219,森口和紀,47.5,37,8.1,8.1,16.2,21.0,-3.4,7.6,0.178,0,
5234,塚越海斗,68.0,43,9.3,23.3,32.6,37.2,-3.4,10.4,0.149,3,0.0
3224,栗山繁洋,31.9,21,0.0,4.8,4.8,10.8,-3.5,1.2,0.231,0,
3319,山崎義明,55.4,35,2.9,17.1,20.0,25.1,-3.5,4.2,0.177,2,50.0
3825,宮嵜隆太郎,26.6,38,2.6,2.6,5.3,10.1,-3.5,2.8,0.134,0,
4186,小川時光,26.2,23,0.0,4.3,4.3,10.1,-3.5,1.2,0.176,5,0.0
4483,北野輝季,66.5,39,10.3,17.9,28.2,33.0,-3.5,10.4,0.146,2,0.0
4798,浜先真範,65.2,39,7.7,20.5,28.2,33.0,-3.5,8.5,0.153,0,
5009,大賀龍之介,48.4,43,7.0,9.3,16.3,21.0,-3.5,6.8,0.199,1,0.0
5146,野田彩加,52.0,26,7.7,7.7,15.4,21.0,-3.5,7.2,0.178,2,50.0
5323,香川陽太,38.3,43,2.3,9.3,11.6,16.3,-3.5,2.9,0.157,2,0.0
3508,久富政弘,51.1,32,0.0,15.6,15.6,21.0,-3.6,2.1,0.24,1,100.0
4081,樋口範政,43.0,33,3.0,9.1,12.1,17.4,-3.6,3.7,0.207,1,100.0
4100,松田隆司,47.1,33,3.0,9.1,12.1,17.4,-3.6,3.7,0.205,2,0.0
4195,前川守嗣,48.6,32,9.4,6.2,15.6,21.0,-3.6,8.4,0.154,0,
4511,中岡健人,43.9,33,3.0,9.1,12.1,17.4,-3.6,3.7,0.19,2,0.0
4516,野口勝弘,66.8,29,10.3,17.2,27.6,33.0,-3.6,10.5,0.177,1,100.0
4723,寺島吉彦,41.7,59,8.5,3.4,11.9,16.3,-3.6,7.7,0.168,3,0.0
5031,渡辺空依,45.1,33,3.0,9.1,12.1,17.4,-3.6,3.7,0.214,2,50.0
3175,渡辺千草,44.6,26,3.8,7.7,11.5,17.4,-3.7,4.3,0.184,0,
3659,藤生雄人,58.9,26,3.8,19.2,23.1,29.0,-3.7,5.8,0.178,3,33.3
3842,星野太郎,45.4,26,0.0,11.5,11.5,17.4,-3.7,1.8,0.239,1,0.0
3990,芹澤克彦,40.4,28,3.6,7.1,10.7,16.3,-3.7,3.9,0.183,0,
4049,荒川健太,61.1,22,4.5,18.2,22.7,29.0,-3.7,6.4,0.198,1,0.0
4788,小池哲也,60.8,30,6.7,16.7,23.3,29.0,-3.7,7.5,0.159,2,50.0
4791,黒澤めぐみ,56.7,40,5.0,15.0,20.0,25.1,-3.7,5.7,0.218,3,33.3
5081,篠原飛翔,60.2,30,10.0,13.3,23.3,29.0,-3.7,9.7,0.152,0,
5208,屋良龍紀,38.5,28,3.6,7.1,10.7,16.3,-3.7,3.9,0.184,1,0.0
5259,野田昇吾,24.0,24,0.0,4.2,4.2,10.1,-3.7,1.2,0.199,2,0.0
3081,岡本慎治,45.5,19,0.0,10.5,10.5,17.4,-3.8,2.2,0.193,0,
3158,島川光男,60.6,38,7.9,15.8,23.7,29.0,-3.8,8.2,0.158,0,
3304,烏野賢太,60.9,42,9.5,14.3,23.8,29.0,-3.8,9.4,0.185,0,
3953,志道吉和,25.0,25,4.0,0.0,4.0,10.1,-3.8,3.7,0.262,0,
4075,中野次郎,57.8,42,11.9,11.9,23.8,29.0,-3.8,11.2,0.148,2,0.0
4121,富永修一,59.3,42,2.4,21.4,23.8,29.0,-3.8,4.2,0.152,2,0.0
4406,幸野史明,36.1,46,2.2,6.5,8.7,13.7,-3.8,2.6,0.16,5,0.0
4478,櫻本あゆみ,61.4,38,5.3,18.4,23.7,29.0,-3.8,6.4,0.174,4,25.0
4587,木田峰由季,59.0,38,13.2,10.5,23.7,29.0,-3.8,12.0,0.218,1,0.0
3714,梶原正,39.3,29,0.0,10.3,10.3,16.3,-3.9,1.6,0.205,0,
3859,多羅尾達之,39.2,29,3.4,6.9,10.3,16.3,-3.9,3.8,0.155,2,0.0
4007,榮田将彦,43.3,34,0.0,11.8,11.8,17.4,-3.9,1.5,0.136,0,
4226,村田浩司,41.3,29,6.9,3.4,10.3,16.3,-3.9,6.1,0.13,0,
4415,下出卓矢,55.5,50,14.0,6.0,20.0,25.1,-3.9,12.5,0.147,1,0.0
4873,蒲原健太,46.9,34,5.9,5.9,11.8,17.4,-3.9,5.6,0.211,0,
4875,大塚康雅,47.2,34,2.9,8.8,11.8,17.4,-3.9,3.6,0.204,1,0.0
5332,村松遥輝,32.2,37,0.0,5.4,5.4,10.8,-3.9,0.8,0.159,4,25.0
3581,加木郁,44.3,27,7.4,3.7,11.1,17.4,-4.0,6.6,0.196,0,
4006,小野勇作,50.9,27,0.0,14.8,14.8,21.0,-4.0,2.3,0.188,0,
4034,西原明生,27.5,26,0.0,3.8,3.8,10.1,-4.0,1.1,0.218,0,
4164,岩永節也,37.8,21,4.8,4.8,9.5,16.3,-4.0,4.7,0.232,0,
4208,三浦永理,72.2,38,13.2,18.4,31.6,37.2,-4.0,13.3,0.156,0,
4342,谷野錬志,65.5,33,12.1,15.2,27.3,33.0,-4.0,11.7,0.161,1,0.0
4512,高野哲史,68.5,41,7.3,24.4,31.7,37.2,-4.0,9.0,0.162,0,
4632,長尾京志郎,46.2,27,0.0,11.1,11.1,17.4,-4.0,1.8,0.211,2,0.0
4771,下寺秀和,71.9,35,17.1,14.3,31.4,37.2,-4.0,16.0,0.161,1,0.0
4837,酒井陽祐,45.2,27,3.7,7.4,11.1,17.4,-4.0,4.2,0.162,3,0.0
4953,尾上雅也,66.7,40,12.5,15.0,27.5,33.0,-4.0,12.0,0.15,2,0.0
5014,梶山涼斗,45.6,27,7.4,3.7,11.1,17.4,-4.0,6.6,0.176,0,
5053,山口広樹,34.7,37,2.7,5.4,8.1,13.7,-4.0,3.1,0.211,2,0.0
5071,野見山拓己,47.4,27,0.0,11.1,11.1,17.4,-4.0,1.8,0.151,2,0.0
5103,芝田京介,29.3,38,2.6,2.6,5.3,10.8,-4.0,2.7,0.204,11,0.0
5109,川崎智稔,45.7,42,4.8,7.1,11.9,17.4,-4.0,4.8,0.155,0,
5231,寺田空詩,52.3,27,3.7,11.1,14.8,21.0,-4.0,4.7,0.182,1,0.0
3866,木山誠一,43.6,27,3.7,7.4,11.1,17.4,-4.0,4.2,0.183,0,
4017,向井美鈴,53.3,36,0.0,19.4,19.4,25.1,-4.0,2.2,0.221,2,50.0
3430,角浜修,35.0,27,3.7,3.7,7.4,13.7,-4.1,3.8,0.163,2,0.0
3605,中村守成,32.7,27,0.0,7.4,7.4,13.7,-4.1,1.4,0.203,1,0.0
4054,福嶋智之,39.5,46,6.5,4.3,10.9,16.3,-4.1,6.0,0.169,2,0.0
4619,伏田裕隆,48.0,75,5.3,10.7,16.0,21.0,-4.1,5.5,0.15,1,0.0
4924,中北涼,35.5,27,3.7,3.7,7.4,13.7,-4.1,3.8,0.191,1,0.0
5265,大廣咲季,28.7,39,5.1,0.0,5.1,10.8,-4.1,4.5,0.17,0,
5324,畑田希咲,9.5,28,0.0,0.0,0.0,6.4,-4.1,0.6,0.221,1,0.0
3591,後藤孝義,22.4,15,0.0,0.0,0.0,8.3,-4.1,1.2,0.217,0,
3843,上之晃弘,41.4,30,0.0,10.0,10.0,16.3,-4.2,1.5,0.158,0,
4024,井口佳典,59.8,39,2.6,20.5,23.1,29.0,-4.2,4.4,0.152,1,0.0
4183,宇野弥生,41.8,38,2.6,7.9,10.5,16.3,-4.2,3.2,0.159,3,0.0
4525,真子奈津実,42.6,20,0.0,10.0,10.0,17.4,-4.2,2.2,0.132,1,0.0
4989,石原翼,57.9,43,4.7,18.6,23.3,29.0,-4.2,5.8,0.18,0,
5083,柳瀬幹太,39.3,30,3.3,6.7,10.0,16.3,-4.2,3.7,0.158,2,50.0
5128,坪井爽佑,40.4,30,3.3,6.7,10.0,16.3,-4.2,3.7,0.178,1,0.0
5251,沼田七華,13.9,17,0.0,0.0,0.0,7.9,-4.2,1.1,0.184,0,
3654,武田光史,66.5,23,8.7,17.4,26.1,33.0,-4.2,9.5,0.158,2,0.0
3357,福島陽子,32.9,28,0.0,7.1,7.1,13.7,-4.3,1.4,0.211,0,
3800,牧宏次,52.5,34,2.9,11.8,14.7,21.0,-4.3,4.0,0.191,3,33.3
3808,秋田健太郎,28.3,25,4.0,0.0,4.0,10.8,-4.3,3.6,0.176,1,0.0
4437,中田元泰,62.6,44,6.8,20.5,27.3,33.0,-4.3,7.8,0.17,0,
4489,岩川仁士,51.1,34,5.9,8.8,14.7,21.0,-4.3,6.0,0.219,1,100.0
4689,豊田結,49.5,34,0.0,14.7,14.7,21.0,-4.3,2.0,0.177,1,0.0
4740,齋藤達希,44.1,28,3.6,7.1,10.7,17.4,-4.3,4.1,0.188,3,33.3
5038,金田智博,63.5,37,10.8,16.2,27.0,33.0,-4.3,10.8,0.162,4,75.0
5222,津田陸翔,64.4,37,10.8,16.2,27.0,33.0,-4.3,10.8,0.217,2,50.0
5226,藤田俊祐,58.2,27,7.4,14.8,22.2,29.0,-4.3,8.0,0.192,2,0.0
5315,浅井翼,18.3,42,2.4,0.0,2.4,8.3,-4.3,2.4,0.244,2,0.0
5346,中村紋夕梨,15.1,47,0.0,2.1,2.1,7.9,-4.3,0.6,0.203,1,0.0
3514,山一鉄也,53.5,42,7.1,11.9,19.0,25.1,-4.4,7.2,0.185,1,100.0
3567,吉岡誠,25.5,29,3.4,0.0,3.4,10.1,-4.4,3.3,0.201,2,0.0
3882,新田智彰,47.6,28,3.6,10.7,14.3,21.0,-4.4,4.6,0.179,1,0.0
4030,森高一真,56.0,37,5.4,13.5,18.9,25.1,-4.4,6.0,0.158,1,100.0
5176,石倉拓美,14.6,19,0.0,0.0,0.0,7.9,-4.4,1.1,0.168,0,
3392,小森信雄,38.0,31,3.2,6.5,9.7,16.3,-4.5,3.7,0.227,2,50.0
3730,塩崎優司,39.0,31,0.0,9.7,9.7,16.3,-4.5,1.5,0.198,0,
3778,安達美帆,20.6,18,0.0,0.0,0.0,8.3,-4.5,1.1,0.243,2,0.0
4061,萩原秀人,69.3,48,16.7,14.6,31.2,37.2,-4.5,15.9,0.134,1,0.0
4084,杉山正樹,63.1,48,12.5,14.6,27.1,33.0,-4.5,12.1,0.157,0,
5190,大月遊雅,41.7,31,9.7,0.0,9.7,16.3,-4.5,8.0,0.206,1,0.0
5250,嶋田有里,38.8,31,0.0,9.7,9.7,16.3,-4.5,1.5,0.196,0,
4990,田中博子,19.6,18,0.0,0.0,0.0,8.3,-4.5,1.1,0.146,0,
3664,鈴木賢一,45.5,29,6.9,3.4,10.3,17.4,-4.6,6.3,0.215,3,0.0
4167,片岡秀樹,40.5,40,5.0,5.0,10.0,16.3,-4.6,4.9,0.154,0,
4515,藤田浩人,59.1,48,4.2,18.8,22.9,29.0,-4.6,5.3,0.188,0,
4539,金子賢志,58.5,44,4.5,18.2,22.7,29.0,-4.6,5.7,0.134,0,
4703,森永隆,63.5,27,11.1,14.8,25.9,33.0,-4.6,11.0,0.155,0,
5029,中亮太,65.0,41,14.6,12.2,26.8,33.0,-4.6,13.6,0.164,1,0.0
5064,品川二千翔,63.5,41,2.4,24.4,26.8,33.0,-4.6,4.7,0.187,1,0.0
3401,上田隆章,40.0,32,0.0,9.4,9.4,16.3,-4.7,1.5,0.236,0,
3503,堂原洋史,33.8,30,0.0,6.7,6.7,13.7,-4.7,1.3,0.181,5,0.0
3556,田中信一郎,71.5,33,9.1,21.2,30.3,37.2,-4.7,10.5,0.145,4,50.0
3976,内田圭,30.4,28,3.6,0.0,3.6,10.8,-4.7,3.3,0.189,1,0.0
4062,後藤陽介,35.4,30,0.0,6.7,6.7,13.7,-4.7,1.3,0.191,2,0.0
4246,喜多那由夏,36.7,30,0.0,6.7,6.7,13.7,-4.7,1.3,0.181,2,0.0
4395,下河雅史,45.4,37,5.4,5.4,10.8,17.4,-4.7,5.3,0.196,5,20.0
4474,渡辺崇,50.0,29,6.9,6.9,13.8,21.0,-4.7,6.7,0.234,2,0.0
4491,田中堅,38.8,32,3.1,6.2,9.4,16.3,-4.7,3.6,0.219,2,0.0
4513,河野真也,60.3,40,2.5,20.0,22.5,29.0,-4.7,4.3,0.207,1,0.0
5060,数原魁,57.6,40,7.5,15.0,22.5,29.0,-4.7,7.9,0.191,0,
5087,佐藤航,67.9,33,15.2,15.2,30.3,37.2,-4.7,14.6,0.171,7,28.6
5274,城間盛渚,48.8,29,3.4,10.3,13.8,21.0,-4.7,4.5,0.178,0,
3684,清水攻二,57.9,32,3.1,18.8,21.9,29.0,-4.8,5.0,0.243,1,0.0
3912,川原正明,55.0,38,2.6,15.8,18.4,25.1,-4.8,4.0,0.145,2,0.0
3994,小野桜,48.6,23,4.3,8.7,13.0,21.0,-4.8,5.2,0.182,0,
4040,廣瀬将亨,55.6,48,6.2,12.5,18.8,25.1,-4.8,6.5,0.131,1,0.0
4131,原豊土,60.6,32,9.4,12.5,21.9,29.0,-4.8,9.3,0.185,2,50.0
4281,大澤大夢,48.6,23,0.0,13.0,13.0,21.0,-4.8,2.5,0.18,0,
4447,深川麻奈美,56.2,38,13.2,5.3,18.4,25.1,-4.8,11.5,0.195,1,0.0
4548,篠木亜衣花,19.4,21,0.0,0.0,0.0,8.3,-4.8,1.0,0.263,1,0.0
4719,上條暢嵩,64.3,38,10.5,15.8,26.3,33.0,-4.8,10.6,0.148,2,0.0
5096,上原崚,55.2,43,7.0,11.6,18.6,25.1,-4.8,7.1,0.151,1,100.0
5283,植木美帆,12.9,23,0.0,0.0,0.0,7.9,-4.8,0.9,0.216,4,0.0
5294,豊田祥生,27.1,32,3.1,0.0,3.1,10.1,-4.8,3.1,0.171,1,0.0
5305,伊藤栞,14.7,23,0.0,0.0,0.0,7.9,-4.8,0.9,0.193,0,
3305,小野信樹,30.4,29,3.4,0.0,3.4,10.8,-4.9,3.2,0.181,0,
3477,近藤稔也,30.3,29,3.4,0.0,3.4,10.8,-4.9,3.2,0.217,0,
3580,水口由紀,34.9,31,0.0,6.5,6.5,13.7,-4.9,1.3,0.214,1,100.0
4023,柴田友和,30.7,29,0.0,3.4,3.4,10.8,-4.9,1.0,0.176,1,0.0
4273,佐藤旭,46.5,38,2.6,7.9,10.5,17.4,-4.9,3.3,0.183,2,0.0
4623,中北将史,45.4,30,0.0,10.0,10.0,17.4,-4.9,1.7,0.193,2,0.0
4652,酒見峻介,43.3,30,0.0,10.0,10.0,17.4,-4.9,1.7,0.225,0,
4747,山戸信二,29.9,29,0.0,3.4,3.4,10.8,-4.9,1.0,0.212,0,
5039,倉田茂将,42.1,24,8.3,0.0,8.3,16.3,-4.9,6.9,0.161,0,
4404,岸蔭亮,30.8,30,3.3,0.0,3.3,10.8,-5.0,3.2,0.175,2,0.0
4429,豊田泰洋,26.1,34,0.0,2.9,2.9,10.1,-5.0,0.9,0.212,0,
4538,笠置博之,59.1,45,11.1,11.1,22.2,29.0,-5.0,10.6,0.147,3,33.3
5093,浦野海,39.6,33,6.1,3.0,9.1,16.3,-5.0,5.6,0.254,1,100.0
5145,島川海輝,60.1,45,8.9,13.3,22.2,29.0,-5.0,8.9,0.168,2,50.0
3828,明石正之,48.3,30,3.3,10.0,13.3,21.0,-5.1,4.4,0.197,1,100.0
3870,寺嶋雄,33.8,32,0.0,6.2,6.2,13.7,-5.1,1.2,0.174,3,0.0
4510,坂本奈央,23.3,15,0.0,0.0,0.0,10.1,-5.1,1.6,0.242,0,
4520,高倉孝太,56.6,34,5.9,11.8,17.6,25.1,-5.1,6.4,0.136,2,0.0
4598,加藤政彦,54.5,39,2.6,15.4,17.9,25.1,-5.1,3.9,0.19,1,0.0
4997,濱崎寿里矢,25.8,15,0.0,0.0,0.0,10.1,-5.1,1.6,0.243,1,0.0
5278,田中駿兵,73.0,44,22.7,13.6,36.4,43.2,-5.1,20.7,0.155,2,50.0
3474,松瀬弘美,43.7,31,0.0,9.7,9.7,17.4,-5.2,1.6,0.213,0,
3568,木村光宏,38.4,16,6.2,0.0,6.2,16.3,-5.2,5.4,0.171,0,
3948,大町利克,31.6,32,0.0,3.1,3.1,10.8,-5.2,0.9,0.24,4,25.0
4057,松井賢治,58.3,37,5.4,16.2,21.6,29.0,-5.2,6.5,0.156,0,
4150,山田雄太,59.8,37,2.7,18.9,21.6,29.0,-5.2,4.6,0.136,2,50.0
4159,向後龍一,62.0,37,10.8,10.8,21.6,29.0,-5.2,10.3,0.183,3,33.3
4793,金子萌,63.4,46,13.0,13.0,26.1,33.0,-5.2,12.5,0.131,0,
4957,竹之内極,51.6,43,7.0,7.0,14.0,21.0,-5.2,6.8,0.196,2,0.0
5142,常住蓮,73.0,31,9.7,25.8,35.5,43.2,-5.2,11.3,0.134,1,100.0
4666,日笠勝弘,37.6,25,0.0,8.0,8.0,16.3,-5.2,1.7,0.164,0,
3461,渡邊哲也,15.3,32,0.0,0.0,0.0,7.9,-5.4,0.8,0.233,0,
3967,鈴木茂高,36.1,34,0.0,5.9,5.9,13.7,-5.4,1.2,0.243,0,
4182,吉田和仁,46.1,32,0.0,9.4,9.4,17.4,-5.4,1.6,0.24,1,0.0
4274,長畑友輔,43.7,32,3.1,6.2,9.4,17.4,-5.4,3.7,0.177,3,0.0
4277,金田大輔,45.1,32,3.1,6.2,9.4,17.4,-5.4,3.7,0.132,1,0.0
4439,近藤友宝,33.3,34,0.0,5.9,5.9,13.7,-5.4,1.2,0.165,3,0.0
4733,赤井睦,48.9,31,3.2,9.7,12.9,21.0,-5.4,4.3,0.134,0,
5192,中尾優香,42.5,40,0.0,10.0,10.0,17.4,-5.4,1.4,0.237,0,
5339,石井伸長,47.8,31,6.5,6.5,12.9,21.0,-5.4,6.4,0.173,0,
3863,海老澤泰行,41.6,26,3.8,3.8,7.7,16.3,-5.5,4.1,0.202,2,50.0
4143,浦田晃嗣,36.5,22,0.0,4.5,4.5,13.7,-5.5,1.6,0.176,1,0.0
4420,津久井拓也,56.1,40,7.5,10.0,17.5,25.1,-5.5,7.5,0.188,3,66.7
4610,佐藤大佑,58.9,42,14.3,7.1,21.4,29.0,-5.5,12.9,0.174,2,0.0
4639,雑賀勇貴,35.5,22,0.0,4.5,4.5,13.7,-5.5,1.6,0.183,1,0.0
5035,櫻井優,54.4,35,0.0,17.1,17.1,25.1,-5.5,2.2,0.181,4,50.0
5052,赤井星璃菜,35.0,22,0.0,4.5,4.5,13.7,-5.5,1.6,0.205,2,0.0
5124,上瀧絢也,36.9,22,0.0,4.5,4.5,13.7,-5.5,1.6,0.169,0,
4831,羽野直也,68.1,31,6.5,22.6,29.0,37.2,-5.5,8.7,0.155,4,0.0
3054,北川幸典,54.8,30,3.3,13.3,16.7,25.1,-5.6,4.7,0.206,0,
3176,長谷川巌,41.8,17,0.0,5.9,5.9,16.3,-5.6,2.1,0.226,0,
3680,森林太,36.6,35,0.0,5.7,5.7,13.7,-5.6,1.2,0.255,1,0.0
4479,矢野真梨菜,31.8,16,0.0,0.0,0.0,10.8,-5.6,1.4,0.253,1,0.0
4969,町田洸希,47.7,25,4.0,8.0,12.0,21.0,-5.6,4.9,0.207,0,
3757,畑和宏,57.5,25,12.0,4.0,16.0,25.1,-5.7,10.3,0.183,2,0.0
3984,坂口周,62.2,38,0.0,21.1,21.1,29.0,-5.7,2.6,0.18,1,100.0
4053,芦澤望,58.8,38,5.3,15.8,21.1,29.0,-5.7,6.4,0.177,4,50.0
4331,三好勇人,56.6,25,4.0,12.0,16.0,25.1,-5.7,5.3,0.212,0,
4985,井本昌也,64.0,36,8.3,16.7,25.0,33.0,-5.7,9.0,0.143,1,0.0
5003,来田衣織,46.7,16,0.0,6.2,6.2,17.4,-5.7,2.4,0.17,2,0.0
5336,瀬川大地,20.7,33,0.0,0.0,0.0,8.3,-5.7,0.7,0.19,2,0.0
3713,伊藤誠二,53.8,41,2.4,14.6,17.1,25.1,-5.8,3.8,0.178,1,0.0
3718,伊達正利,37.2,36,0.0,5.6,5.6,13.7,-5.8,1.2,0.204,4,0.0
3960,菊地孝平,57.6,34,11.8,8.8,20.6,29.0,-5.8,11.0,0.124,4,25.0
4137,君島秀三,68.4,41,12.2,17.1,29.3,37.2,-5.8,12.5,0.12,1,0.0
4154,森安弘雅,52.0,32,3.1,9.4,12.5,21.0,-5.8,4.2,0.236,0,
4204,柴田大輔,49.1,32,3.1,9.4,12.5,21.0,-5.8,4.2,0.222,0,
4411,沢田昭宏,52.6,46,4.3,13.0,17.4,25.1,-5.8,5.1,0.173,0,
4738,清埜翔子,57.5,46,2.2,15.2,17.4,25.1,-5.8,3.5,0.164,5,60.0
5135,仲航太,52.7,41,9.8,7.3,17.1,25.1,-5.8,9.1,0.236,1,0.0
3563,堤昇,54.7,15,13.3,0.0,13.3,25.1,-5.9,10.4,0.149,2,0.0
3741,松尾基成,25.4,21,0.0,0.0,0.0,10.1,-5.9,1.3,0.205,2,0.0
3776,横井健太,19.9,37,0.0,0.0,0.0,8.3,-5.9,0.7,0.199,2,0.0
4079,出畑孝典,59.0,43,9.3,11.6,20.9,29.0,-5.9,9.3,0.165,2,50.0
4263,武重雄介,49.8,39,12.8,0.0,12.8,21.0,-5.9,11.0,0.217,0,
4563,齋藤真之,32.6,24,0.0,4.2,4.2,13.7,-5.9,1.5,0.2,0,
4772,石丸海渡,68.1,38,13.2,15.8,28.9,37.2,-5.9,13.3,0.125,0,
4988,牟田奨太,38.2,37,5.4,2.7,8.1,16.3,-5.9,5.2,0.164,0,
5280,廣瀬凜,73.0,40,2.5,32.5,35.0,43.2,-5.9,5.8,0.195,2,50.0
5301,岩下巧斗,43.3,34,2.9,5.9,8.8,17.4,-5.9,3.6,0.163,1,0.0
3589,西村勝,40.7,28,3.6,3.6,7.1,16.3,-6.0,3.9,0.194,4,0.0
3655,本橋克洋,52.6,31,3.2,12.9,16.1,25.1,-6.0,4.6,0.185,0,
4661,中島昂章,58.3,30,6.7,13.3,20.0,29.0,-6.0,7.5,0.225,0,
5042,畑田汰一,61.9,30,10.0,10.0,20.0,29.0,-6.0,9.7,0.182,6,16.7
5267,石本裕武,64.4,44,11.4,13.6,25.0,33.0,-6.0,11.2,0.163,0,
3353,前田光昭,23.6,22,0.0,0.0,0.0,10.1,-6.0,1.3,0.165,1,0.0
3606,川北浩貴,55.7,31,0.0,16.1,16.1,25.1,-6.0,2.4,0.202,0,
3711,江本真治,63.5,48,10.4,14.6,25.0,33.0,-6.1,10.5,0.185,1,100.0
3784,中島友和,49.3,33,0.0,12.1,12.1,21.0,-6.1,2.0,0.168,0,
4419,原加央理,56.3,26,11.5,3.8,15.4,25.1,-6.1,10.0,0.163,2,0.0
4817,渡邉翼,63.7,33,12.1,12.1,24.2,33.0,-6.1,11.7,0.168,0,
4992,廣瀬篤哉,39.7,38,0.0,7.9,7.9,16.3,-6.1,1.3,0.168,2,0.0
3617,竹田広樹,30.2,20,0.0,0.0,0.0,10.8,-6.2,1.2,0.196,0,
3708,岡部貴司,47.1,35,5.7,2.9,8.6,17.4,-6.2,5.5,0.161,1,0.0
3885,久田武,51.5,40,2.5,10.0,12.5,21.0,-6.2,3.6,0.21,1,0.0
4804,高田ひかる,62.9,37,5.4,18.9,24.3,33.0,-6.2,6.9,0.204,0,
4965,福岡泉水,39.9,29,3.4,3.4,6.9,16.3,-6.2,3.8,0.17,3,0.0
5173,谷口佳蓮,43.5,35,0.0,8.6,8.6,17.4,-6.2,1.5,0.179,0,
5238,笹木香吾,55.1,42,9.5,7.1,16.7,25.1,-6.2,9.0,0.148,5,20.0
4253,西川真人,37.0,26,0.0,3.8,3.8,13.7,-6.3,1.4,0.2,1,0.0
4930,佐藤悠,58.4,44,6.8,13.6,20.5,29.0,-6.3,7.4,0.167,3,33.3
4950,高岡竜也,61.5,35,5.7,14.3,20.0,29.0,-6.3,6.7,0.173,0,
4853,前原哉,36.3,26,0.0,3.8,3.8,13.7,-6.3,1.4,0.233,0,
3793,高橋真吾,43.3,36,0.0,8.3,8.3,17.4,-6.4,1.5,0.146,1,0.0
4031,飯島誠,45.9,36,5.6,2.8,8.3,17.4,-6.4,5.4,0.175,3,33.3
4257,古川健,42.6,27,3.7,3.7,7.4,17.4,-6.4,4.2,0.174,0,
5078,山川波乙,39.6,30,3.3,3.3,6.7,16.3,-6.4,3.7,0.218,0,
5188,武井莉里佳,56.5,32,12.5,3.1,15.6,25.1,-6.4,10.9,0.136,0,
5261,岡暢祐,36.5,27,0.0,3.7,3.7,13.7,-6.4,1.4,0.196,1,0.0
5270,小玉啓太,42.5,36,0.0,8.3,8.3,17.4,-6.4,1.5,0.201,0,
5284,嘉手苅徹哉,26.7,26,0.0,0.0,0.0,10.1,-6.4,1.1,0.185,0,
3831,安藤裕貴,43.1,27,3.7,3.7,7.4,17.4,-6.4,4.2,0.22,1,0.0
4286,平田さやか,58.5,40,7.5,12.5,20.0,29.0,-6.5,7.9,0.174,4,0.0
4445,宮地元輝,55.6,43,2.3,14.0,16.3,25.1,-6.5,3.7,0.115,0,
4934,佐々木翔斗,57.9,40,5.0,15.0,20.0,29.0,-6.5,6.1,0.177,2,50.0
4427,秦英悟,63.1,34,14.7,8.8,23.5,33.0,-6.6,13.5,0.14,0,
5065,伊久間陽優,52.8,38,15.8,0.0,15.8,25.1,-6.6,13.4,0.104,0,
3907,村越篤,52.5,42,2.4,9.5,11.9,21.0,-6.7,3.4,0.165,1,0.0
4025,山本隆幸,69.0,23,8.7,17.4,26.1,37.2,-6.7,10.6,0.173,0,
4060,島田一生,49.3,35,2.9,8.6,11.4,21.0,-6.7,3.9,0.171,3,33.3
4844,村上奈穂,39.0,31,3.2,3.2,6.5,16.3,-6.7,3.7,0.222,1,100.0
3334,角ひとみ,55.3,33,3.0,12.1,15.2,25.1,-6.8,4.4,0.205,0,
3458,東健介,27.2,30,0.0,0.0,0.0,10.1,-6.8,1.0,0.194,0,
4129,宇野博之,33.8,29,3.4,0.0,3.4,13.7,-6.8,3.6,0.205,3,0.0
4787,椎名豊,73.6,33,15.2,18.2,33.3,43.2,-6.8,15.0,0.146,1,100.0
4796,春園功太,62.7,42,4.8,19.0,23.8,33.0,-6.8,6.3,0.136,5,0.0
4878,西岡育未,39.4,21,4.8,0.0,4.8,16.3,-6.8,4.7,0.194,0,
5273,山下拓巳,33.3,29,0.0,3.4,3.4,13.7,-6.8,1.3,0.198,3,0.0
4047,吉永浩則,32.7,30,0.0,3.3,3.3,13.7,-6.9,1.3,0.223,2,0.0
4142,平野和明,58.0,32,6.2,12.5,18.8,29.0,-6.9,7.2,0.173,1,0.0
4765,野田部宏子,38.6,32,0.0,6.2,6.2,16.3,-6.9,1.5,0.135,0,
3579,中里優子,40.0,22,0.0,4.5,4.5,16.3,-7.0,1.9,0.182,0,
4093,吉田宗弘,39.4,22,4.5,0.0,4.5,16.3,-7.0,4.6,0.173,0,
4358,松本庸平,37.7,22,0.0,4.5,4.5,16.3,-7.0,1.9,0.244,0,
4556,竹井奈美,67.4,27,7.4,14.8,22.2,33.0,-7.0,8.6,0.183,1,0.0
4764,小池礼乃,51.7,29,0.0,10.3,10.3,21.0,-7.0,2.2,0.184,0,
4086,寺本重宣,58.4,37,5.4,13.5,18.9,29.0,-7.1,6.5,0.174,3,33.3
4564,山本景士郎,42.1,33,0.0,6.1,6.1,16.3,-7.1,1.4,0.178,2,0.0
4686,丸野一樹,63.3,35,2.9,20.0,22.9,33.0,-7.1,5.2,0.114,2,0.0
4903,吉田凌太朗,66.4,39,7.7,15.4,23.1,33.0,-7.2,8.5,0.174,4,25.0
3618,海野ゆかり,61.4,42,4.8,14.3,19.0,29.0,-7.3,5.9,0.224,0,
4897,深見亜由美,32.9,33,0.0,3.0,3.0,13.7,-7.3,1.2,0.207,2,0.0
5144,中尾彩香,49.6,30,3.3,6.7,10.0,21.0,-7.3,4.4,0.168,0,
3805,高橋英之,52.9,29,6.9,6.9,13.8,25.1,-7.4,7.1,0.144,0,
3822,平尾崇典,62.4,33,9.1,9.1,18.2,29.0,-7.4,9.1,0.15,2,0.0
3986,沖島広和,50.0,23,0.0,8.7,8.7,21.0,-7.4,2.5,0.171,1,0.0
4240,今井裕梨,59.0,33,12.1,6.1,18.2,29.0,-7.4,11.2,0.165,2,50.0
4388,是澤孝宏,60.8,47,6.4,12.8,19.1,29.0,-7.4,7.0,0.179,3,33.3
4746,大豆生田蒼,55.8,29,6.9,6.9,13.8,25.1,-7.4,7.1,0.203,5,20.0
3539,金子順一,34.0,18,0.0,0.0,0.0,13.7,-7.5,1.8,0.177,1,0.0
3942,寺田祥,64.9,20,0.0,20.0,20.0,33.0,-7.5,4.6,0.14,0,
4522,古澤光紀,60.6,38,2.6,15.8,18.4,29.0,-7.5,4.5,0.17,0,
4846,佐藤駿介,32.9,34,0.0,2.9,2.9,13.7,-7.5,1.2,0.208,2,0.0
5111,三村岳人,55.2,35,5.7,8.6,14.3,25.1,-7.5,6.2,0.157,1,100.0
4877,鈴谷一平,62.5,32,15.6,6.2,21.9,33.0,-7.6,14.1,0.134,1,0.0
3613,角谷健吾,62.7,44,6.8,15.9,22.7,33.0,-7.7,7.8,0.175,0,
4369,丹下将,58.5,43,7.0,11.6,18.6,29.0,-7.7,7.5,0.178,0,
3484,芝田浩治,61.1,34,5.9,11.8,17.6,29.0,-7.8,6.9,0.189,3,0.0
4072,森永淳,70.8,21,0.0,23.8,23.8,37.2,-7.8,5.6,0.141,0,
4289,落合直子,58.0,34,0.0,17.6,17.6,29.0,-7.8,2.8,0.156,3,0.0
4365,盛本真輔,57.6,34,0.0,17.6,17.6,29.0,-7.8,2.8,0.216,2,0.0
4391,松田祐季,61.4,39,10.3,7.7,17.9,29.0,-7.9,9.9,0.197,2,0.0
4397,西村拓也,68.2,28,17.9,7.1,25.0,37.2,-7.9,16.3,0.142,1,0.0
4942,柴田朋哉,58.4,39,2.6,15.4,17.9,29.0,-7.9,4.4,0.153,2,50.0
4398,船岡洋一郎,61.8,44,9.1,9.1,18.2,29.0,-8.0,9.1,0.177,1,0.0
3564,桑原啓,41.2,27,0.0,3.7,3.7,16.3,-8.1,1.6,0.142,0,
4464,山下友貴,62.6,29,6.9,13.8,20.7,33.0,-8.1,8.2,0.21,2,0.0
4488,小山勉,67.1,41,9.8,12.2,22.0,33.0,-8.1,10.0,0.2,4,0.0
4536,喜井つかさ,64.4,33,3.0,18.2,21.2,33.0,-8.1,5.4,0.177,1,0.0
5117,冨名腰桃奈,42.9,24,4.2,0.0,4.2,17.4,-8.1,4.5,0.188,1,0.0
3643,米田隆弘,48.4,33,3.0,6.1,9.1,21.0,-8.2,4.1,0.182,0,
4381,田路朋史,58.1,30,3.3,13.3,16.7,29.0,-8.2,5.3,0.176,0,
4389,伊藤喜智,53.4,37,10.8,2.7,13.5,25.1,-8.2,9.8,0.187,2,0.0
4414,大澤真菜,35.9,22,0.0,0.0,0.0,13.7,-8.2,1.6,0.192,0,
4681,太田潮,34.1,22,0.0,0.0,0.0,13.7,-8.2,1.6,0.222,1,0.0
4883,岡部大輝,62.7,25,8.0,12.0,20.0,33.0,-8.2,9.0,0.149,3,0.0
4974,安井瑞紀,53.6,37,0.0,13.5,13.5,25.1,-8.2,2.2,0.159,1,0.0
5160,藤森陸斗,53.6,49,6.1,8.2,14.3,25.1,-8.2,6.4,0.169,1,0.0
3497,後藤浩,39.9,28,0.0,3.6,3.6,16.3,-8.3,1.6,0.185,2,0.0
3615,横田茂,39.2,28,0.0,3.6,3.6,16.3,-8.3,1.6,0.174,1,0.0
3505,山田竜一,51.7,34,2.9,5.9,8.8,21.0,-8.4,4.0,0.145,1,0.0
3982,福田理,35.4,24,0.0,0.0,0.0,13.7,-8.4,1.5,0.171,1,0.0
5057,上田紗奈,50.9,26,7.7,0.0,7.7,21.0,-8.4,7.2,0.18,0,
3572,安田政彦,44.2,25,4.0,0.0,4.0,17.4,-8.4,4.4,0.227,5,0.0
3876,中辻崇人,70.4,36,8.3,16.7,25.0,37.2,-8.6,9.9,0.135,0,
4058,野末智一,63.3,38,5.3,15.8,21.1,33.0,-8.6,6.8,0.198,0,
4234,野相弘司,43.5,26,0.0,3.8,3.8,17.4,-8.6,1.8,0.25,3,0.0
4500,山田康二,70.5,36,11.1,13.9,25.0,37.2,-8.6,11.8,0.149,2,50.0
3614,谷勝幸,36.9,26,0.0,0.0,0.0,13.7,-8.7,1.4,0.192,0,
4611,今井美亜,60.4,36,5.6,11.1,16.7,29.0,-8.7,6.6,0.143,1,0.0
4952,吉武真也,32.8,26,0.0,0.0,0.0,13.7,-8.7,1.4,0.217,1,0.0
5213,湯淺紀香,49.8,35,0.0,8.6,8.6,21.0,-8.7,1.9,0.231,2,0.0
4306,畔柳俊吾,42.7,27,3.7,0.0,3.7,17.4,-8.8,4.2,0.19,1,0.0
3535,渡修平,32.8,28,0.0,0.0,0.0,13.7,-8.9,1.4,0.224,0,
4518,大須賀友,69.7,33,9.1,15.2,24.2,37.2,-8.9,10.5,0.199,0,
3303,渡辺豊,43.9,40,2.5,2.5,5.0,17.4,-9.0,3.2,0.221,1,0.0
4315,山崎昂介,44.4,28,3.6,0.0,3.6,17.4,-9.0,4.1,0.187,1,0.0
4193,郷原章平,61.2,37,5.4,10.8,16.2,29.0,-9.1,6.5,0.171,2,0.0
4409,坂元浩仁,64.4,39,10.3,10.3,20.5,33.0,-9.1,10.4,0.175,1,0.0
4734,安河内将,70.3,37,2.7,21.6,24.3,37.2,-9.1,5.8,0.174,3,33.3
4778,堤啓輔,52.7,21,4.8,4.8,9.5,25.1,-9.1,5.9,0.195,0,
5112,砂長知輝,68.1,44,6.8,18.2,25.0,37.2,-9.1,8.5,0.188,3,0.0
5212,西川拓利,62.8,35,2.9,17.1,20.0,33.0,-9.1,5.2,0.148,0,
4775,千葉真弥,61.5,27,0.0,14.8,14.8,29.0,-9.1,3.3,0.178,2,50.0
4571,菅章哉,51.2,80,5.0,5.0,10.0,21.0,-9.2,5.2,0.141,1,0.0
4600,井内将太郎,65.8,31,0.0,19.4,19.4,33.0,-9.2,3.5,0.141,0,
4370,山口達也,65.3,27,11.1,7.4,18.5,33.0,-9.3,11.0,0.141,1,0.0
4893,渡邉真奈美,48.2,29,0.0,6.9,6.9,21.0,-9.3,2.2,0.164,0,
4907,小池修平,68.2,41,7.3,17.1,24.4,37.2,-9.3,9.0,0.154,1,0.0
4416,三宅健太,48.9,38,2.6,5.3,7.9,21.0,-9.4,3.7,0.195,2,0.0
3915,繁野谷圭介,62.9,40,7.5,12.5,20.0,33.0,-9.5,8.4,0.181,0,
4436,渋谷明憲,67.2,40,0.0,20.0,20.0,33.0,-9.5,2.9,0.162,1,100.0
5089,前田翔,75.5,34,14.7,14.7,29.4,43.2,-9.5,14.7,0.183,0,
4561,藤山翔大,52.1,31,3.2,3.2,6.5,21.0,-9.8,4.3,0.279,0,
3454,井川大作,53.6,37,2.7,8.1,10.8,25.1,-10.1,4.1,0.198,0,
4239,竹田辰也,65.7,33,3.0,15.2,18.2,33.0,-10.2,5.4,0.165,0,
3721,守田俊介,60.0,19,0.0,10.5,10.5,29.0,-10.3,4.0,0.13,2,0.0
5069,山崎小葉音,46.3,22,0.0,0.0,0.0,17.4,-10.3,2.0,0.188,0,
4330,奈須啓太,60.8,30,0.0,13.3,13.3,29.0,-10.4,3.0,0.124,1,0.0
3998,冨成謙児,38.5,28,0.0,0.0,0.0,16.3,-10.6,1.6,0.223,0,
4926,吉川貴仁,79.3,24,16.7,16.7,33.3,50.6,-10.6,16.0,0.162,1,0.0
4120,柘植政浩,60.9,42,4.8,9.5,14.3,29.0,-10.8,5.9,0.178,1,0.0
5194,大久保佑香,39.2,29,0.0,0.0,0.0,16.3,-10.8,1.6,0.181,3,0.0
4432,黄金井力良,52.7,33,9.1,0.0,9.1,25.1,-11.0,8.6,0.175,3,0.0
4679,植田太一,58.9,37,5.4,8.1,13.5,29.0,-11.0,6.5,0.171,0,
4055,吉田俊彦,63.4,26,7.7,7.7,15.4,33.0,-11.2,8.8,0.184,1,100.0
3892,草場康幸,47.7,28,0.0,3.6,3.6,21.0,-11.3,2.2,0.166,0,
4052,興津藍,57.3,42,2.4,7.1,9.5,25.1,-11.4,3.7,0.181,0,
4431,石塚裕介,44.1,32,0.0,0.0,0.0,17.4,-11.8,1.6,0.239,0,
5028,原田才一郎,67.9,35,8.6,11.4,20.0,37.2,-12.0,10.0,0.212,2,0.0
4588,田中京介,56.7,45,2.2,6.7,8.9,25.1,-12.1,3.5,0.182,0,
5104,山田丈,62.6,24,0.0,12.5,12.5,33.0,-12.6,4.1,0.183,0,
3436,柏野幸二,57.9,24,0.0,8.3,8.3,29.0,-12.7,3.5,0.169,0,
3744,徳増秀樹,57.9,18,5.6,0.0,5.6,29.0,-12.8,7.2,0.138,0,
4163,山崎裕司,57.3,34,0.0,5.9,5.9,25.1,-13.3,2.3,0.186,2,0.0
3959,坪井康晴,68.5,34,2.9,14.7,17.6,37.2,-13.5,6.2,0.167,2,0.0
4384,鶴本崇文,63.9,36,5.6,8.3,13.9,33.0,-13.5,7.1,0.217,1,100.0
4356,長岡良也,62.8,30,3.3,6.7,10.0,33.0,-15.4,5.8,0.177,2,0.0
4624,高田明,62.5,37,5.4,5.4,10.8,33.0,-15.8,6.9,0.158,0,
