登番,選手名,地力3連対,全国4走,実4まくり率,期待まくり率,まくり力,実4_1着率,全国4ST,当地4走,当地4まくり率
4571,菅章哉,52.4,25,52.0,6.8,28.3,56.0,0.132,1,0.0
4538,笠置博之,56.1,36,44.4,9.0,25.0,47.2,0.148,2,100.0
4561,藤山翔大,53.8,53,32.1,9.0,18.0,35.8,0.189,1,0.0
5126,山下大輝,66.2,47,31.9,10.7,16.1,31.9,0.152,1,0.0
4438,森作雄大,45.7,57,26.3,6.4,15.8,28.1,0.106,3,0.0
4960,黒野元基,75.6,53,34.0,15.4,14.5,43.4,0.133,3,66.7
5013,山下夏鈴,52.7,43,27.9,9.0,14.0,27.9,0.162,1,0.0
5041,荒牧凪沙,47.6,30,26.7,6.8,13.3,26.7,0.187,0,
4294,古賀繁輝,68.1,50,30.0,13.1,13.0,36.0,0.1,2,50.0
4619,伏田裕隆,49.4,36,25.0,6.8,12.9,30.6,0.153,0,
5368,宮崎心之介,49.7,31,25.8,6.8,12.8,25.8,0.154,10,40.0
3577,向所浩二,36.9,30,23.3,4.3,12.7,26.7,0.122,0,
5075,中島秀治,62.1,56,25.0,9.1,12.6,28.6,0.146,0,
5077,滝沢崚,30.4,20,25.0,2.9,12.6,25.0,0.187,4,0.0
4544,松田大志郎,79.7,47,36.2,19.7,12.5,44.7,0.131,0,
4704,河野大,62.0,52,25.0,9.1,12.4,28.8,0.14,3,66.7
4610,佐藤大佑,56.7,43,25.6,9.0,12.3,27.9,0.143,1,0.0
5295,田上凜,34.1,31,22.6,4.3,12.3,22.6,0.169,2,0.0
4188,久田敏之,77.0,45,31.1,15.4,11.8,37.8,0.122,0,
3965,北中元樹,62.8,55,25.5,10.7,11.6,29.1,0.157,4,25.0
4257,古川健,42.4,38,21.1,5.3,11.3,23.7,0.145,0,
4364,池永太,63.7,43,25.6,10.7,11.0,27.9,0.134,1,0.0
3562,山下和彦,60.9,47,23.4,9.1,10.9,25.5,0.15,1,0.0
4974,安井瑞紀,56.9,47,23.4,9.0,10.9,25.5,0.176,3,33.3
4702,三浦敬太,63.9,39,25.6,10.7,10.8,25.6,0.126,3,0.0
4207,松下一也,60.1,34,23.5,9.1,10.0,26.5,0.131,3,0.0
4297,山田哲也,63.4,51,23.5,10.7,9.9,23.5,0.086,1,0.0
5197,中野仁照,54.0,19,26.3,9.0,9.7,26.3,0.172,0,
4416,三宅健太,47.2,41,19.5,6.4,9.6,22.0,0.176,0,
4928,栗城匠,65.6,47,23.4,10.7,9.6,29.8,0.131,3,66.7
5044,渡邉健,40.5,38,18.4,5.3,9.4,18.4,0.119,2,50.0
3388,今垣光太郎,59.3,47,21.3,9.1,9.3,23.4,0.15,0,
3876,中辻崇人,70.1,25,28.0,13.1,9.3,28.0,0.162,0,
4624,高田明,67.0,38,23.7,10.7,9.3,26.3,0.153,0,
4826,井上一輝,68.3,39,25.6,13.1,9.1,28.2,0.125,0,
5029,中亮太,63.3,54,22.2,10.7,9.0,25.9,0.122,5,60.0
5158,宮脇遼太,63.5,44,22.7,10.7,9.0,29.5,0.158,0,
3870,寺嶋雄,33.1,43,16.3,4.3,8.9,18.6,0.176,4,50.0
4183,宇野弥生,42.9,37,18.9,6.4,8.9,18.9,0.134,1,0.0
4766,石井孝之,38.0,26,19.2,5.3,8.8,23.1,0.125,2,0.0
4012,中村有裕,60.4,49,20.4,9.1,8.7,20.4,0.146,3,66.7
4230,濱崎直矢,62.4,32,21.9,9.1,8.7,21.9,0.173,6,33.3
4100,松田隆司,49.0,50,18.0,6.8,8.6,20.0,0.154,1,0.0
4496,内堀学,68.7,54,24.1,13.1,8.6,25.9,0.152,3,0.0
4992,廣瀬篤哉,39.3,41,17.1,5.3,8.6,24.4,0.138,1,0.0
4288,永田啓二,74.1,49,26.5,15.4,8.5,28.6,0.11,0,
5226,藤田俊祐,57.8,27,22.2,9.1,8.5,22.2,0.162,2,0.0
5132,中野希一,72.3,50,24.0,13.1,8.4,32.0,0.109,15,20.0
5220,青木蓮,66.2,51,21.6,10.7,8.4,23.5,0.118,13,23.1
3843,上之晃弘,42.5,42,16.7,5.3,8.3,16.7,0.16,0,
4483,北野輝季,67.7,41,24.4,13.1,8.3,31.7,0.132,1,0.0
5256,中山翔太,63.8,46,21.7,10.7,8.3,28.3,0.118,0,
4027,松江秀徳,51.6,46,17.4,6.8,8.0,19.6,0.153,0,
4518,大須賀友,70.6,37,24.3,13.1,8.0,27.0,0.169,0,
5098,大江純,50.2,46,17.4,6.8,8.0,23.9,0.14,3,0.0
4769,馬場剛,64.7,48,20.8,10.7,7.7,20.8,0.116,4,0.0
3289,高橋淳美,22.2,20,15.0,2.1,7.4,15.0,0.157,0,
3912,川原正明,55.1,48,18.8,9.0,7.4,18.8,0.129,2,50.0
4930,佐藤悠,59.0,42,19.0,9.1,7.4,21.4,0.135,4,25.0
4427,秦英悟,65.0,44,20.5,10.7,7.3,27.3,0.16,2,0.0
4649,和田操拓,50.0,56,16.1,6.8,7.3,19.6,0.133,0,
5150,坂本雄紀,64.7,44,20.5,10.7,7.3,25.0,0.148,5,40.0
5179,藤本元輝,37.7,31,16.1,5.3,7.3,16.1,0.181,0,
5331,佐藤永梧,39.3,31,16.1,5.3,7.3,19.4,0.143,1,0.0
4252,松下哲也,42.9,51,15.7,6.4,7.2,19.6,0.181,2,0.0
4636,赤池修平,30.8,29,13.8,2.9,7.2,13.8,0.148,0,
5161,登玉隼百,57.0,49,18.4,9.0,7.2,18.4,0.143,2,100.0
5214,田中宏典,45.2,36,16.7,6.4,7.2,19.4,0.163,1,0.0
4692,酒井俊弘,44.2,29,17.2,6.4,7.1,17.2,0.124,1,0.0
3849,中岡正彦,74.5,40,25.0,15.4,7.0,30.0,0.107,0,
4505,島田賢人,64.5,45,20.0,10.7,7.0,24.4,0.161,7,42.9
5065,伊久間陽優,51.0,36,16.7,6.8,7.0,19.4,0.131,0,
5245,倉富大誠,47.0,37,16.2,6.4,7.0,16.2,0.155,2,50.0
4423,坂口貴彦,52.8,50,18.0,9.0,6.9,18.0,0.152,0,
4760,山崎郡,68.7,55,21.8,13.1,6.9,27.3,0.13,1,0.0
4804,高田ひかる,62.5,50,18.0,9.1,6.9,26.0,0.168,0,
3784,中島友和,51.2,44,15.9,6.8,6.8,15.9,0.145,0,
4520,高倉孝太,54.9,44,18.2,9.0,6.8,18.2,0.155,4,25.0
4650,中山雄太,50.4,22,18.2,6.8,6.8,18.2,0.14,1,0.0
4988,牟田奨太,35.7,36,13.9,4.3,6.8,13.9,0.135,0,
4254,川島圭司,52.2,37,16.2,6.8,6.7,21.6,0.134,3,0.0
5003,来田衣織,44.3,54,14.8,6.4,6.6,16.7,0.153,5,0.0
4539,金子賢志,59.7,45,17.8,9.1,6.5,20.0,0.119,0,
4625,渡邊裕貴,42.1,34,14.7,5.3,6.5,20.6,0.166,0,
4677,片橋幸貴,63.1,35,20.0,10.7,6.5,22.9,0.139,0,
4834,浜本裕己,56.1,58,17.2,9.0,6.5,20.7,0.137,0,
4845,前田紗希,63.8,41,19.5,10.7,6.5,22.0,0.157,8,25.0
4729,佐藤謙史朗,33.5,28,14.3,4.3,6.5,14.3,0.164,0,
4587,木田峰由季,59.0,39,17.9,9.1,6.4,17.9,0.146,0,
3470,新田芳美,46.9,32,15.6,6.4,6.3,15.6,0.173,0,
4925,森悠稀,57.1,46,17.4,9.0,6.3,17.4,0.133,1,0.0
5234,塚越海斗,68.3,52,21.2,13.1,6.3,28.8,0.138,1,100.0
3630,黒田誠司,26.8,22,13.6,3.1,6.2,13.6,0.149,3,33.3
3779,原田幸哉,51.9,47,14.9,6.8,6.2,17.0,0.111,1,0.0
4370,山口達也,65.8,42,19.0,10.7,6.2,19.0,0.156,2,0.0
4823,中村桃佳,63.6,36,19.4,10.7,6.2,27.8,0.125,1,0.0
4213,重富伸也,36.0,30,13.3,4.3,6.1,13.3,0.17,1,0.0
3381,滝沢芳行,47.8,48,14.6,6.8,6.0,14.6,0.139,7,28.6
3930,岸本隆,50.2,48,14.6,6.8,6.0,18.8,0.139,2,0.0
4594,谷川祐一,60.7,54,16.7,9.1,6.0,18.5,0.141,4,25.0
4813,宮内直哉,30.2,35,11.4,2.9,6.0,11.4,0.165,3,33.3
5264,登みひ果,46.4,33,15.2,6.4,6.0,18.2,0.175,1,0.0
4342,谷野錬志,67.1,43,18.6,10.7,5.9,25.6,0.145,4,50.0
4797,中山将,64.4,37,18.9,10.7,5.9,21.6,0.135,3,33.3
4983,前田篤哉,67.1,43,18.6,10.7,5.9,27.9,0.143,2,50.0
4040,廣瀬将亨,56.8,48,16.7,9.0,5.8,18.8,0.14,0,
4062,後藤陽介,35.2,41,12.2,4.3,5.8,12.2,0.16,3,0.0
4330,奈須啓太,60.1,48,16.7,9.1,5.8,16.7,0.14,1,0.0
4945,上村宏太,34.1,41,12.2,4.3,5.8,12.2,0.164,1,0.0
4402,乙藤智史,57.0,35,17.1,9.0,5.7,22.9,0.145,0,
4102,益田啓司,66.1,50,18.0,10.7,5.6,20.0,0.157,3,0.0
4482,守屋美穂,59.5,49,16.3,9.1,5.6,22.4,0.16,0,
5020,宮村勇哉,40.3,38,13.2,5.3,5.6,15.8,0.171,3,66.7
5034,若林義人,64.0,50,18.0,10.7,5.6,22.0,0.117,3,33.3
5188,武井莉里佳,56.9,42,16.7,9.0,5.6,19.0,0.164,0,
3825,宮嵜隆太郎,26.6,37,10.8,3.1,5.5,10.8,0.113,0,
4226,村田浩司,43.3,35,14.3,6.4,5.5,14.3,0.158,0,
4519,清水沙樹,51.1,26,15.4,6.8,5.5,15.4,0.144,2,50.0
4979,中野夢斗,49.2,42,14.3,6.8,5.5,14.3,0.153,2,0.0
5016,宮田龍馬,68.8,44,20.5,13.1,5.5,20.5,0.13,1,100.0
5038,金田智博,64.4,38,18.4,10.7,5.5,23.7,0.125,1,0.0
5115,香川颯太,50.7,34,14.7,6.8,5.5,14.7,0.134,0,
5377,鳥居塚嶺王,36.7,43,11.6,4.3,5.5,11.6,0.175,2,0.0
3805,高橋英之,52.7,36,16.7,9.0,5.4,16.7,0.124,0,
3940,飯山泰,64.8,51,17.6,10.7,5.4,17.6,0.135,3,0.0
4131,原豊土,61.6,36,16.7,9.1,5.4,22.2,0.157,1,0.0
4276,鈴木勝博,56.0,43,16.3,9.0,5.4,23.3,0.134,1,100.0
4410,井上大輔,45.6,44,13.6,6.4,5.4,13.6,0.136,3,33.3
4467,渡邉俊介,64.8,51,17.6,10.7,5.4,21.6,0.119,2,0.0
4675,井手良太,54.8,29,17.2,9.0,5.4,20.7,0.121,1,0.0
4825,倉持莉々,69.3,39,20.5,13.1,5.4,23.1,0.133,3,33.3
4887,富澤祐作,49.8,35,14.3,6.8,5.3,17.1,0.121,3,0.0
5196,鰐部太空海,66.3,45,17.8,10.7,5.3,24.4,0.159,0,
5344,谷口丞,41.5,30,13.3,5.3,5.3,20.0,0.134,1,0.0
4750,井上尚悟,46.5,45,13.3,6.4,5.2,17.8,0.167,4,25.0
3975,小野寺智洋,54.4,37,16.2,9.0,5.1,16.2,0.132,0,
4073,大橋純一郎,66.8,46,17.4,10.7,5.1,17.4,0.142,1,100.0
4177,萬正嗣,41.1,31,12.9,5.3,5.1,12.9,0.162,4,0.0
4232,笠雅雄,47.1,37,13.5,6.4,5.1,18.9,0.171,1,0.0
4796,春園功太,62.9,33,18.2,10.7,5.1,21.2,0.126,5,40.0
4832,権藤俊光,67.7,51,19.6,13.1,5.1,29.4,0.144,0,
4959,井上忠政,66.3,52,17.3,10.7,5.1,25.0,0.132,2,50.0
5129,山口真喜子,56.2,37,16.2,9.0,5.1,18.9,0.155,0,
5145,島川海輝,60.1,44,15.9,9.1,5.1,20.5,0.146,3,0.0
5238,笹木香吾,56.2,37,16.2,9.0,5.1,16.2,0.132,3,0.0
5267,石本裕武,65.7,46,17.4,10.7,5.1,26.1,0.145,0,
5290,坂本一真,25.5,39,10.3,3.1,5.1,10.3,0.166,1,0.0
3740,大澤普司,62.8,40,17.5,10.7,5.0,20.0,0.162,2,50.0
3822,平尾崇典,62.7,40,17.5,10.7,5.0,17.5,0.14,1,0.0
3878,胡本悟志,36.5,35,11.4,4.3,5.0,11.4,0.167,3,0.0
4374,永田義紘,40.4,41,12.2,5.3,5.0,12.2,0.15,1,0.0
5005,石田貴洋,65.8,40,17.5,10.7,5.0,17.5,0.157,6,16.7
4072,森永淳,71.6,46,19.6,13.1,4.9,21.7,0.123,1,0.0
4793,金子萌,62.4,45,15.6,9.1,4.9,22.2,0.136,0,
5036,福田翔吾,50.9,54,13.0,6.8,4.9,18.5,0.134,1,0.0
5070,中島航,39.3,32,12.5,5.3,4.9,12.5,0.181,3,0.0
5289,佃來紀,56.1,45,15.6,9.0,4.9,15.6,0.148,0,
3699,富永正人,36.9,36,11.1,4.3,4.8,11.1,0.191,0,
4011,堀之内紀代子,59.4,38,15.8,9.1,4.8,15.8,0.16,2,0.0
4237,大峯豊,68.4,52,19.2,13.1,4.8,19.2,0.139,1,0.0
4568,廣瀬真也,51.5,37,13.5,6.8,4.8,13.5,0.143,3,33.3
5252,荒木颯斗,61.5,38,15.8,9.1,4.8,15.8,0.147,1,0.0
3444,香月大介,20.5,19,10.5,2.1,4.7,10.5,0.181,0,
4645,上村純一,64.9,41,17.1,10.7,4.7,22.0,0.139,2,0.0
5141,大澤風葵,66.4,41,17.1,10.7,4.7,22.0,0.111,3,66.7
5190,大月遊雅,39.5,33,12.1,5.3,4.7,12.1,0.182,3,0.0
4843,深尾巴恵,39.7,23,13.0,5.3,4.7,13.0,0.15,0,
3439,大平誉史明,60.5,39,15.4,9.1,4.6,23.1,0.157,2,0.0
3612,馬袋義則,68.3,64,18.8,13.1,4.6,25.0,0.117,0,
4059,入澤友治,49.8,38,13.2,6.8,4.6,21.1,0.14,1,0.0
4879,山崎鉄平,45.7,39,12.8,6.4,4.6,15.4,0.161,1,0.0
4977,馬野耀,60.1,39,15.4,9.1,4.6,17.9,0.137,2,0.0
5086,本村大,29.6,31,9.7,2.9,4.6,12.9,0.169,0,
5217,藤原碧生,62.0,32,15.6,9.1,4.5,18.8,0.15,2,0.0
3302,谷川里江,47.8,30,13.3,6.8,4.4,16.7,0.15,1,0.0
5212,西川拓利,61.8,47,14.9,9.1,4.4,21.3,0.131,0,
5278,田中駿兵,72.4,42,19.0,13.1,4.4,21.4,0.137,2,50.0
4286,平田さやか,57.0,55,14.5,9.0,4.3,20.0,0.145,0,
4816,村松修二,57.6,40,15.0,9.1,4.3,20.0,0.139,3,0.0
4899,占部一真,35.4,39,10.3,4.3,4.3,10.3,0.153,5,20.0
4950,高岡竜也,62.0,40,15.0,9.1,4.3,17.5,0.147,0,
5006,久保原秀人,21.6,37,8.1,2.1,4.3,8.1,0.171,1,0.0
4885,大山千広,70.3,25,20.0,13.1,4.3,20.0,0.138,0,
3568,木村光宏,39.5,46,10.9,5.3,4.2,10.9,0.16,3,0.0
4163,山崎裕司,56.5,48,14.6,9.0,4.2,16.7,0.173,2,0.0
4733,赤井睦,48.2,40,12.5,6.8,4.2,15.0,0.143,0,
5057,上田紗奈,50.7,40,12.5,6.8,4.2,12.5,0.152,0,
5269,山口晃朋,53.4,48,14.6,9.0,4.2,14.6,0.142,3,0.0
3339,泉具巳,39.2,36,11.1,5.3,4.1,11.1,0.153,0,
4401,小林泰,55.1,41,14.6,9.0,4.1,17.1,0.148,2,50.0
4903,吉田凌太朗,67.8,49,18.4,13.1,4.1,20.4,0.14,3,0.0
5121,定松勇樹,69.9,43,18.6,13.1,4.1,20.9,0.121,0,
5319,近藤颯斗,49.7,22,13.6,6.8,4.1,18.2,0.11,3,33.3
5341,山道諄也,14.9,26,7.7,1.2,4.1,7.7,0.196,4,0.0
3306,武田正紀,33.8,41,9.8,4.3,4.0,9.8,0.145,9,11.1
3459,中野和裕,24.2,34,8.8,3.1,4.0,8.8,0.148,0,
3895,堀本裕也,33.3,17,11.8,4.3,4.0,11.8,0.151,1,0.0
4024,井口佳典,60.6,49,14.3,9.1,4.0,18.4,0.154,4,25.0
4109,谷津幸宏,58.6,49,14.3,9.1,4.0,14.3,0.122,7,42.9
4703,森永隆,62.5,49,14.3,9.1,4.0,18.4,0.15,0,
4973,栗原直也,48.3,41,12.2,6.8,4.0,12.2,0.171,5,0.0
3544,豊田訓靖,28.7,36,8.3,2.9,3.9,8.3,0.184,1,0.0
3617,竹田広樹,30.3,36,8.3,2.9,3.9,11.1,0.183,0,
3713,伊藤誠二,54.7,42,14.3,9.0,3.9,14.3,0.153,0,
4319,三宅潤,57.9,42,14.3,9.1,3.9,16.7,0.155,0,
4871,菊池宏志,38.0,37,10.8,5.3,3.9,10.8,0.182,0,
4877,鈴谷一平,62.8,44,15.9,10.7,3.9,18.2,0.132,1,100.0
5068,前田滉,74.4,49,20.4,15.4,3.9,28.6,0.144,0,
5079,大石真央,44.8,33,12.1,6.4,3.9,12.1,0.156,2,0.0
5156,坂野さくら,44.4,33,12.1,6.4,3.9,15.2,0.198,0,
4589,塩崎桐加,50.8,32,12.5,6.8,3.9,12.5,0.145,1,0.0
3517,高橋勲,56.8,58,13.8,9.0,3.8,15.5,0.151,6,0.0
4025,山本隆幸,71.4,38,18.4,13.1,3.8,21.1,0.171,0,
4734,安河内将,72.2,44,18.2,13.1,3.8,25.0,0.135,1,0.0
5298,水谷理人,72.0,56,17.9,13.1,3.8,23.2,0.154,0,
5321,一色颯輝,47.8,23,13.0,6.8,3.8,17.4,0.182,0,
5355,萩原丈太朗,10.1,27,7.4,1.5,3.8,11.1,0.151,1,0.0
3233,小畑実成,41.9,38,10.5,5.3,3.7,13.2,0.17,2,50.0
3475,橋本久和,46.3,34,11.8,6.4,3.7,14.7,0.17,3,0.0
3497,後藤浩,40.4,38,10.5,5.3,3.7,13.2,0.168,7,0.0
3516,吉原聖人,35.1,31,9.7,4.3,3.7,9.7,0.173,2,50.0
3664,鈴木賢一,46.1,34,11.8,6.4,3.7,11.8,0.178,6,16.7
3757,畑和宏,56.9,43,14.0,9.0,3.7,14.0,0.149,0,
3872,岡田憲行,55.6,43,14.0,9.0,3.7,14.0,0.177,0,
3995,重野哲之,64.2,38,15.8,10.7,3.7,15.8,0.107,3,0.0
4260,中越博紀,54.2,43,14.0,9.0,3.7,20.9,0.167,0,
4385,鈴木祐美子,28.8,22,9.1,2.9,3.7,9.1,0.226,4,25.0
5048,眞鳥康太,43.6,24,12.5,6.4,3.7,12.5,0.167,0,
5388,佐野優都,33.3,43,9.3,4.3,3.7,11.6,0.134,3,0.0
3811,石田章央,59.8,43,14.0,9.1,3.6,14.0,0.149,4,25.0
5028,原田才一郎,66.8,45,15.6,10.7,3.6,17.8,0.169,4,0.0
3556,田中信一郎,70.2,39,17.9,13.1,3.5,20.5,0.145,2,50.0
3652,森下勇,26.9,37,8.1,3.1,3.5,8.1,0.174,3,0.0
3992,関口智久,51.3,34,11.8,6.8,3.5,11.8,0.147,5,20.0
4045,佐々木裕美,41.2,39,10.3,5.3,3.5,10.3,0.152,2,0.0
4361,柳生泰二,73.2,45,20.0,15.4,3.5,28.9,0.142,0,
4762,藤原啓史朗,70.0,39,17.9,13.1,3.5,17.9,0.139,1,0.0
4932,新開航,69.9,45,17.8,13.1,3.5,22.2,0.146,5,40.0
5082,一色凌雅,53.9,52,13.5,9.0,3.5,17.3,0.169,0,
5117,冨名腰桃奈,38.5,28,10.7,5.3,3.5,10.7,0.178,1,0.0
5137,川原涼,51.5,34,11.8,6.8,3.5,14.7,0.177,1,0.0
5223,森清友翔,43.2,45,11.1,6.4,3.5,17.8,0.153,2,0.0
5405,竹内来,10.9,30,6.7,1.5,3.5,6.7,0.186,5,0.0
3256,三角哲男,65.2,39,15.4,10.7,3.4,25.6,0.142,1,0.0
4028,田村隆信,55.8,44,13.6,9.0,3.4,15.9,0.161,2,50.0
4365,盛本真輔,57.1,44,13.6,9.0,3.4,22.7,0.176,0,
4383,竹田吉行,56.1,44,13.6,9.0,3.4,13.6,0.17,0,
4552,杉山勝匡,47.7,44,11.4,6.8,3.4,15.9,0.157,0,
4683,向井田直弥,26.6,23,8.7,3.1,3.4,8.7,0.142,0,
4840,鈴木秀茉,47.2,46,10.9,6.4,3.4,10.9,0.169,2,0.0
4851,関浩哉,65.4,39,15.4,10.7,3.4,15.4,0.129,3,33.3
5103,芝田京介,31.7,24,8.3,2.9,3.4,8.3,0.206,2,0.0
3212,亀本勇樹,37.7,52,9.6,5.3,3.3,9.6,0.145,0,
3294,野中義生,39.9,29,10.3,5.3,3.3,10.3,0.158,4,0.0
3952,中澤和志,68.7,46,17.4,13.1,3.3,19.6,0.125,7,28.6
4302,西野翔太,68.8,46,17.4,13.1,3.3,19.6,0.139,2,50.0
4725,佐竹太一,45.0,36,11.1,6.4,3.3,16.7,0.158,0,
5014,梶山涼斗,45.4,36,11.1,6.4,3.3,13.9,0.114,0,
4569,中澤宏奈,44.4,26,11.5,6.4,3.3,15.4,0.161,0,
3158,島川光男,60.6,53,13.2,9.1,3.2,17.0,0.136,0,
3361,岡部浩,31.4,25,8.0,2.9,3.2,8.0,0.188,0,
3918,深井利寿,67.5,54,14.8,10.7,3.2,18.5,0.147,1,0.0
4196,田中太一郎,37.2,47,8.5,4.3,3.2,8.5,0.159,1,0.0
4445,宮地元輝,56.5,45,13.3,9.0,3.2,20.0,0.113,0,
4488,小山勉,68.6,34,17.6,13.1,3.2,23.5,0.145,2,0.0
4530,小野生奈,70.3,40,17.5,13.1,3.2,22.5,0.156,0,
4562,阪本勇介,36.0,47,8.5,4.3,3.2,8.5,0.186,2,0.0
4679,植田太一,60.0,45,13.3,9.1,3.2,15.6,0.16,0,
4948,木場悠介,52.7,37,13.5,9.0,3.2,16.2,0.133,0,
4953,尾上雅也,66.3,47,14.9,10.7,3.2,19.1,0.151,5,20.0
5104,山田丈,59.7,37,13.5,9.1,3.2,18.9,0.157,0,
5218,山田理央,63.0,54,14.8,10.7,3.2,22.2,0.151,2,0.0
5275,松田淳平,64.5,47,14.9,10.7,3.2,19.1,0.127,1,0.0
3277,齋藤勇,38.6,42,9.5,5.3,3.1,9.5,0.176,2,0.0
3550,都築正治,51.5,46,10.9,6.8,3.1,15.2,0.162,2,0.0
4156,浜野孝志,57.3,54,13.0,9.0,3.1,16.7,0.152,0,
4349,犬童千秋,42.0,30,10.0,5.3,3.1,13.3,0.16,0,
4747,山戸信二,30.6,26,7.7,2.9,3.1,11.5,0.15,0,
4811,向井田佑紀,44.1,48,10.4,6.4,3.1,10.4,0.16,5,20.0
4856,豊田健士郎,69.6,53,17.0,13.1,3.1,20.8,0.127,3,0.0
5183,中野孝二,46.0,37,10.8,6.4,3.1,10.8,0.152,3,33.3
4313,西村美智子,54.3,29,13.8,9.0,3.1,20.7,0.132,2,0.0
3567,吉岡誠,27.1,25,8.0,3.1,3.0,8.0,0.162,2,0.0
3716,石渡鉄兵,58.6,46,13.0,9.1,3.0,15.2,0.133,3,0.0
3898,平田忠則,74.7,41,19.5,15.4,3.0,22.0,0.163,4,50.0
3981,今坂晃広,34.1,49,8.2,4.3,3.0,8.2,0.187,2,0.0
4190,長嶋万記,70.6,22,18.2,13.1,3.0,22.7,0.154,0,
4608,荒井翔伍,58.5,46,13.0,9.1,3.0,13.0,0.158,1,0.0
4754,松尾充,61.3,46,13.0,9.1,3.0,17.4,0.144,1,0.0
5255,藤原仙二,69.5,47,17.0,13.1,3.0,19.1,0.185,0,
5257,西丸侑太朗,63.2,48,14.6,10.7,3.0,18.8,0.158,0,
5315,浅井翼,19.2,31,6.5,2.1,3.0,6.5,0.171,1,0.0
5386,米玉利大悟,18.4,31,6.5,2.1,3.0,6.5,0.162,0,
3982,福田理,36.1,36,8.3,4.3,2.9,8.3,0.156,4,0.0
4138,中井俊祐,41.2,43,9.3,5.3,2.9,14.0,0.143,1,0.0
4359,横川聖志,51.4,37,10.8,6.8,2.9,10.8,0.123,0,
4735,角山雄哉,43.7,38,10.5,6.4,2.9,13.2,0.132,0,
4938,小芦るり華,65.6,41,14.6,10.7,2.9,17.1,0.166,2,50.0
4994,山本梨菜,64.5,41,14.6,10.7,2.9,14.6,0.166,3,0.0
5194,大久保佑香,39.6,43,9.3,5.3,2.9,9.3,0.159,3,0.0
5052,赤井星璃菜,36.3,22,9.1,4.3,2.9,13.6,0.15,1,0.0
3175,渡辺千草,44.2,39,10.3,6.4,2.8,10.3,0.141,0,
3340,池田雷太,32.1,45,6.7,2.9,2.8,6.7,0.182,0,
3615,横田茂,40.4,44,9.1,5.3,2.8,9.1,0.154,2,100.0
4446,和田兼輔,70.2,54,16.7,13.1,2.8,16.7,0.129,1,0.0
4640,山ノ内雅人,62.0,47,12.8,9.1,2.8,12.8,0.141,1,0.0
4656,大崎翔,47.1,39,10.3,6.4,2.8,12.8,0.147,4,0.0
4792,杉村賢也,45.0,28,10.7,6.4,2.8,10.7,0.167,2,50.0
4914,吉田裕平,63.3,49,14.3,10.7,2.8,22.4,0.12,0,
4997,濱崎寿里矢,26.5,27,7.4,3.1,2.8,7.4,0.166,3,0.0
5136,濱野斗馬,61.9,47,12.8,9.1,2.8,14.9,0.147,0,
3960,菊地孝平,61.2,56,12.5,9.1,2.7,19.6,0.098,4,25.0
4193,郷原章平,61.0,56,12.5,9.1,2.7,21.4,0.147,8,25.0
4215,吉島祥之,55.9,48,12.5,9.0,2.7,12.5,0.145,0,
4711,前出達吉,60.9,39,12.8,9.1,2.7,17.9,0.137,2,50.0
4761,山田晃大,54.2,48,12.5,9.0,2.7,18.8,0.145,1,0.0
4812,西野雄貴,75.4,42,19.0,15.4,2.7,21.4,0.113,0,
4926,吉川貴仁,79.1,34,23.5,19.7,2.7,35.3,0.142,3,33.3
5083,柳瀬幹太,41.8,32,9.4,5.3,2.7,15.6,0.147,0,
5299,西丸敦基,54.8,48,12.5,9.0,2.7,14.6,0.149,0,
5301,岩下巧斗,41.9,32,9.4,5.3,2.7,9.4,0.149,1,0.0
3857,阿波勝哉,41.7,32,9.4,5.3,2.7,15.6,0.205,4,0.0
3721,守田俊介,61.7,57,12.3,9.1,2.6,21.1,0.105,7,0.0
3932,池田浩美,43.7,29,10.3,6.4,2.6,10.3,0.17,0,
4281,大澤大夢,47.5,40,10.0,6.4,2.6,10.0,0.165,1,100.0
4317,木村紗友希,35.5,38,7.9,4.3,2.6,7.9,0.187,2,0.0
5067,山田真聖,45.7,40,10.0,6.4,2.6,10.0,0.155,0,
5265,大廣咲季,27.0,46,6.5,3.1,2.6,10.9,0.152,0,
5371,早川颯太,3.6,47,4.3,0.8,2.6,4.3,0.219,3,0.0
5432,安藤瑠希,14.0,16,6.2,1.2,2.6,6.2,0.146,2,50.0
3535,渡修平,32.5,30,6.7,2.9,2.5,6.7,0.202,0,
3966,作間章,67.1,50,14.0,10.7,2.5,18.0,0.153,3,0.0
4419,原加央理,57.9,40,12.5,9.1,2.5,17.5,0.156,2,0.0
4478,櫻本あゆみ,60.4,40,12.5,9.1,2.5,17.5,0.132,4,0.0
4575,戸塚邦好,59.9,40,12.5,9.1,2.5,12.5,0.136,0,
3422,服部幸男,57.9,58,12.1,9.1,2.4,15.5,0.158,6,0.0
3959,坪井康晴,69.2,43,16.3,13.1,2.4,18.6,0.151,2,0.0
4220,深川和仁,43.4,41,9.8,6.4,2.4,12.2,0.157,0,
4277,金田大輔,42.7,41,9.8,6.4,2.4,9.8,0.161,0,
4315,山崎昂介,45.0,41,9.8,6.4,2.4,9.8,0.162,1,0.0
4638,小林遼太,50.2,40,10.0,6.8,2.4,17.5,0.178,3,0.0
4765,野田部宏子,41.2,34,8.8,5.3,2.4,8.8,0.129,0,
4788,小池哲也,60.7,49,12.2,9.1,2.4,12.2,0.159,2,0.0
4821,妻鳥晋也,51.1,40,10.0,6.8,2.4,15.0,0.162,0,
4863,三浦裕貴,39.4,21,9.5,5.3,2.4,9.5,0.146,1,0.0
4878,西岡育未,41.0,34,8.8,5.3,2.4,11.8,0.161,0,
5051,松本純平,68.5,43,16.3,13.1,2.4,16.3,0.153,6,33.3
5107,松本真広,41.1,34,8.8,5.3,2.4,8.8,0.195,0,
5350,網代良芽,42.7,41,9.8,6.4,2.4,9.8,0.157,2,50.0
3801,五反田忍,42.1,21,9.5,5.3,2.4,9.5,0.17,0,
3319,山崎義明,55.3,50,12.0,9.0,2.3,12.0,0.146,5,40.0
3377,塚田修二,32.3,32,6.2,2.9,2.3,6.2,0.193,4,25.0
3692,竹腰正樹,46.1,42,9.5,6.4,2.3,11.9,0.148,1,0.0
3897,白井英治,64.7,51,13.7,10.7,2.3,17.6,0.135,2,0.0
3909,佐々木康幸,66.4,59,13.6,10.7,2.3,13.6,0.113,0,
3978,齊藤仁,56.7,41,12.2,9.0,2.3,12.2,0.153,3,0.0
3993,永井聖美,52.8,41,12.2,9.0,2.3,12.2,0.167,0,
4204,柴田大輔,47.0,42,9.5,6.4,2.3,11.9,0.18,0,
4375,照屋厚仁,59.0,41,12.2,9.1,2.3,14.6,0.157,2,50.0
4715,村上遼,64.7,36,13.9,10.7,2.3,19.4,0.121,0,
4808,松尾拓,63.9,51,13.7,10.7,2.3,13.7,0.158,2,0.0
5055,眞鳥章太,57.1,50,12.0,9.0,2.3,14.0,0.156,0,
5096,上原崚,55.5,50,12.0,9.0,2.3,16.0,0.146,0,
5147,田中勇輔,33.1,25,8.0,4.3,2.3,12.0,0.133,1,0.0
5155,内山七海,61.0,41,12.2,9.1,2.3,14.6,0.145,2,0.0
5320,岩崎麗子,18.9,38,5.3,2.1,2.3,5.3,0.149,1,0.0
3286,坂東満,38.4,22,9.1,5.3,2.2,9.1,0.18,2,0.0
3579,中里優子,42.7,31,9.7,6.4,2.2,9.7,0.168,0,
3719,辻栄蔵,66.4,44,13.6,10.7,2.2,18.2,0.138,5,20.0
4084,杉山正樹,64.1,44,13.6,10.7,2.2,18.2,0.157,0,
4092,岡部大輔,49.5,30,10.0,6.8,2.2,10.0,0.157,0,
4189,川上剛,61.9,59,11.9,9.1,2.2,15.3,0.168,1,0.0
4377,濱本優一,66.3,44,13.6,10.7,2.2,25.0,0.14,3,66.7
5287,滝沢織寧,23.0,31,6.5,3.1,2.2,9.7,0.155,5,0.0
5311,小林京平,48.9,41,9.8,6.8,2.2,14.6,0.165,0,
5381,有山望,17.7,39,5.1,2.1,2.2,5.1,0.17,2,50.0
5416,龍田真白,16.0,20,5.0,1.2,2.2,5.0,0.139,0,
4449,中嶋達也,33.6,42,7.1,4.3,2.1,9.5,0.145,2,0.0
4573,佐藤翼,57.7,42,11.9,9.1,2.1,14.3,0.124,7,28.6
5090,生方靖亜,54.1,33,12.1,9.0,2.1,12.1,0.162,3,33.3
5243,三馬崇史,52.9,42,11.9,9.0,2.1,16.7,0.171,2,0.0
5337,出畑孝成,33.8,58,6.9,4.3,2.1,10.3,0.175,3,33.3
5390,高橋涼夏,9.4,19,5.3,1.5,2.1,5.3,0.149,0,
3842,星野太郎,45.4,32,9.4,6.4,2.0,15.6,0.181,1,0.0
4036,金田諭,67.5,45,13.3,10.7,2.0,17.8,0.168,1,0.0
4152,深水慎一郎,50.0,31,9.7,6.8,2.0,16.1,0.153,2,0.0
4174,赤坂俊輔,65.7,53,13.2,10.7,2.0,13.2,0.162,1,0.0
4346,前田健太郎,39.7,37,8.1,5.3,2.0,13.5,0.162,0,
4368,山口隆史,31.4,35,5.7,2.9,2.0,5.7,0.21,0,
4404,岸蔭亮,30.7,35,5.7,2.9,2.0,5.7,0.194,2,0.0
4497,桑原悠,63.4,37,13.5,10.7,2.0,18.9,0.147,3,0.0
4635,峰重力也,48.7,31,9.7,6.8,2.0,19.4,0.116,1,0.0
4705,吉川勇作,26.3,33,6.1,3.1,2.0,9.1,0.157,0,
4939,宮之原輝紀,69.0,38,15.8,13.1,2.0,26.3,0.13,1,100.0
4958,溝口海義也,63.5,53,13.2,10.7,2.0,18.9,0.137,1,0.0
5042,畑田汰一,64.3,53,13.2,10.7,2.0,15.1,0.113,15,33.3
5288,尾道佳諭,29.1,35,5.7,2.9,2.0,5.7,0.161,9,22.2
5318,河内一馬,24.3,33,6.1,3.1,2.0,6.1,0.175,2,0.0
5404,内田壮,9.9,20,5.0,1.5,2.0,5.0,0.156,0,
4075,中野次郎,60.1,52,11.5,9.1,1.9,15.4,0.131,2,0.0
4169,多田有佑,26.9,34,5.9,3.1,1.9,5.9,0.214,1,0.0
4289,落合直子,56.7,43,11.6,9.0,1.9,11.6,0.142,1,0.0
4548,篠木亜衣花,20.6,18,5.6,2.1,1.9,5.6,0.233,1,0.0
4772,石丸海渡,69.9,45,15.6,13.1,1.9,17.8,0.09,0,
4819,蜂須瑞生,57.4,34,11.8,9.0,1.9,14.7,0.159,2,0.0
5060,数原魁,57.7,43,11.6,9.1,1.9,11.6,0.169,0,
5206,梅原祥平,36.3,28,7.1,4.3,1.9,7.1,0.149,3,0.0
5236,小宮涼雅,38.0,51,7.8,5.3,1.9,9.8,0.166,0,
5276,大島隆乃介,45.9,45,8.9,6.4,1.9,8.9,0.157,1,0.0
5352,西岡蒼志,45.3,45,8.9,6.4,1.9,8.9,0.138,0,
5367,赤松咲香,6.1,27,3.7,0.8,1.9,3.7,0.179,1,0.0
5395,日高龍之介,13.5,23,4.3,1.2,1.9,8.7,0.167,0,
5111,三村岳人,54.7,34,11.8,9.0,1.9,14.7,0.136,1,0.0
4203,小倉康典,37.9,38,7.9,5.3,1.8,10.5,0.143,3,33.3
4380,鈴木峻佑,38.3,38,7.9,5.3,1.8,10.5,0.163,2,0.0
4431,石塚裕介,43.1,33,9.1,6.4,1.8,18.2,0.156,0,
4461,安田吉宏,41.0,38,7.9,5.3,1.8,10.5,0.158,2,50.0
4472,尾嶋一広,63.0,54,13.0,10.7,1.8,16.7,0.146,4,50.0
4527,高野心吾,38.7,38,7.9,5.3,1.8,10.5,0.163,0,
4618,乃村康友,51.1,32,9.4,6.8,1.8,12.5,0.164,3,66.7
4644,山田亮太,65.8,54,13.0,10.7,1.8,14.8,0.143,3,0.0
5153,佐藤ほのか,30.0,37,5.4,2.9,1.8,5.4,0.166,0,
5286,坂井滉哉,41.5,38,7.9,5.3,1.8,7.9,0.153,0,
3442,宮武英司,42.0,39,7.7,5.3,1.7,10.3,0.153,0,
3564,桑原啓,41.2,53,7.5,5.3,1.7,7.5,0.162,1,0.0
4031,飯島誠,46.1,34,8.8,6.4,1.7,11.8,0.16,6,16.7
4106,坂井康嗣,29.2,38,5.3,2.9,1.7,5.3,0.176,0,
4460,後藤翔之,62.3,44,11.4,9.1,1.7,13.6,0.149,0,
4882,瀧川千依,30.6,16,6.2,2.9,1.7,6.2,0.176,0,
5007,近藤雄一郎,45.4,34,8.8,6.4,1.7,8.8,0.157,0,
5008,羽野諒,39.6,39,7.7,5.3,1.7,7.7,0.122,2,0.0
5092,篠原晟弥,61.3,44,11.4,9.1,1.7,18.2,0.143,1,0.0
5191,飛田江己,68.0,59,15.3,13.1,1.7,16.9,0.128,11,27.3
5199,垂水悠,46.2,34,8.8,6.4,1.7,8.8,0.116,0,
3543,福田雅一,49.2,33,9.1,6.8,1.6,9.1,0.168,0,
3604,武藤綾子,35.9,30,6.7,4.3,1.6,10.0,0.17,0,
3627,井上恵一,47.5,59,8.5,6.4,1.6,11.9,0.177,2,0.0
3717,立間充宏,52.7,26,11.5,9.0,1.6,11.5,0.168,2,0.0
4035,杉江浩明,31.0,39,5.1,2.9,1.6,5.1,0.211,3,0.0
4186,小川時光,26.9,37,5.4,3.1,1.6,5.4,0.151,9,11.1
4227,安達裕樹,55.9,45,11.1,9.0,1.6,11.1,0.162,0,
4601,森野正弘,70.0,60,15.0,13.1,1.6,16.7,0.12,0,
4727,安部慎一,41.0,40,7.5,5.3,1.6,7.5,0.144,0,
4889,後藤盛也,46.5,22,9.1,6.4,1.6,9.1,0.143,1,100.0
4957,竹之内極,51.6,45,8.9,6.8,1.6,13.3,0.156,1,0.0
5073,上原健次郎,50.2,33,9.1,6.8,1.6,15.2,0.171,2,0.0
5125,高井雄基,50.4,33,9.1,6.8,1.6,9.1,0.181,0,
5157,市川健太,40.9,40,7.5,5.3,1.6,7.5,0.157,1,0.0
5231,寺田空詩,52.2,33,9.1,6.8,1.6,15.2,0.165,2,0.0
5270,小玉啓太,42.3,40,7.5,5.3,1.6,7.5,0.154,0,
5293,眞崎武蔵,24.7,16,6.2,3.1,1.6,12.5,0.166,0,
4660,宇田川信一,32.9,30,6.7,4.3,1.6,6.7,0.207,0,
3701,大西隆洋,28.9,40,5.0,2.9,1.5,5.0,0.167,0,
4113,木村浩士,46.0,48,8.3,6.4,1.5,10.4,0.178,0,
4216,星栄爾,50.2,46,8.7,6.8,1.5,8.7,0.149,0,
4381,田路朋史,57.3,36,11.1,9.0,1.5,16.7,0.158,3,0.0
4627,藤原菜希,63.3,39,12.8,10.7,1.5,20.5,0.152,0,
4637,中田友也,54.7,36,11.1,9.0,1.5,19.4,0.15,2,0.0
5181,森智哉,44.4,35,8.6,6.4,1.5,8.6,0.137,2,0.0
5294,豊田祥生,27.9,40,5.0,2.9,1.5,5.0,0.146,4,0.0
5323,香川陽太,39.4,26,7.7,5.3,1.5,7.7,0.158,2,50.0
3637,齋藤和政,34.3,32,6.2,4.3,1.4,9.4,0.189,4,0.0
3874,山本寛久,68.0,47,14.9,13.1,1.4,19.1,0.169,2,50.0
3945,橋口真樹,35.9,32,6.2,4.3,1.4,6.2,0.207,2,0.0
3999,大瀧明日香,61.0,46,10.9,9.1,1.4,13.0,0.15,0,
4044,湯川浩司,61.2,46,10.9,9.1,1.4,13.0,0.135,3,66.7
4137,君島秀三,68.0,47,14.9,13.1,1.4,17.0,0.128,4,0.0
4158,木場雄二郎,45.9,36,8.3,6.4,1.4,11.1,0.16,0,
4414,大澤真菜,34.4,32,6.2,4.3,1.4,6.2,0.175,0,
4495,森晋太郎,57.8,36,11.1,9.1,1.4,11.1,0.147,3,0.0
4500,山田康二,70.1,40,15.0,13.1,1.4,25.0,0.125,1,0.0
5133,堀越雄貴,51.7,34,8.8,6.8,1.4,11.8,0.198,3,0.0
5135,仲航太,52.3,34,8.8,6.8,1.4,8.8,0.145,1,100.0
5222,津田陸翔,64.3,48,12.5,10.7,1.4,20.8,0.152,4,25.0
5313,鈴木唯央,34.1,32,6.2,4.3,1.4,6.2,0.187,2,0.0
3349,吉田一郎,60.8,56,10.7,9.1,1.3,14.3,0.144,0,
3653,品川賢次,38.1,27,7.4,5.3,1.3,7.4,0.18,2,0.0
4239,竹田辰也,66.9,40,12.5,10.7,1.3,12.5,0.155,0,
4436,渋谷明憲,66.8,40,12.5,10.7,1.3,15.0,0.172,1,0.0
4672,守屋大地,41.3,42,7.1,5.3,1.3,9.5,0.189,0,
5085,中村栄治,51.8,47,8.5,6.8,1.3,12.8,0.2,1,0.0
5106,山崎祥,55.7,37,10.8,9.0,1.3,13.5,0.161,0,
5263,花田凱成,37.5,42,7.1,5.3,1.3,9.5,0.168,3,0.0
3654,武田光史,65.3,49,12.2,10.7,1.2,24.5,0.149,4,0.0
3778,安達美帆,22.0,25,4.0,2.1,1.2,8.0,0.202,1,0.0
4002,古結宏,67.5,49,12.2,10.7,1.2,22.4,0.13,0,
4009,小林一樹,54.6,47,10.6,9.0,1.2,10.6,0.127,0,
4013,中島孝平,67.1,49,12.2,10.7,1.2,14.3,0.13,1,0.0
4270,岸本雄貴,42.3,43,7.0,5.3,1.2,9.3,0.185,4,50.0
4366,前沢丈史,68.4,48,14.6,13.1,1.2,16.7,0.127,4,25.0
4824,松井洪弥,58.4,47,10.6,9.1,1.2,17.0,0.107,0,
4883,岡部大輝,59.3,37,10.8,9.1,1.2,24.3,0.159,4,0.0
4943,八木治樹,33.9,33,6.1,4.3,1.2,6.1,0.137,1,0.0
5074,大澤誠也,36.5,33,6.1,4.3,1.2,6.1,0.179,3,0.0
5087,佐藤航,68.4,62,14.5,13.1,1.2,17.7,0.156,14,0.0
4287,今井貴士,58.8,37,10.8,9.1,1.2,10.8,0.156,1,0.0
3202,三品隆浩,36.0,34,5.9,4.3,1.1,5.9,0.179,1,0.0
3232,山川美由紀,57.8,28,10.7,9.1,1.1,14.3,0.141,0,
4201,佐竹友樹,34.5,34,5.9,4.3,1.1,11.8,0.153,8,12.5
4240,今井裕梨,58.3,38,10.5,9.1,1.1,13.2,0.135,1,0.0
4893,渡邉真奈美,50.0,36,8.3,6.8,1.1,8.3,0.147,1,0.0
4944,田代達也,37.5,44,6.8,5.3,1.1,6.8,0.171,4,0.0
4966,田川大貴,47.2,38,7.9,6.4,1.1,10.5,0.148,1,100.0
5258,仲本舜,36.4,34,5.9,4.3,1.1,5.9,0.195,1,0.0
5338,香月大輝,33.6,53,5.7,4.3,1.1,5.7,0.147,2,0.0
4093,吉田宗弘,36.5,35,5.7,4.3,1.0,5.7,0.189,0,
4405,南野利騰,36.4,35,5.7,4.3,1.0,8.6,0.151,0,
4689,豊田結,49.8,37,8.1,6.8,1.0,8.1,0.144,0,
4852,川原祐明,73.0,48,16.7,15.4,1.0,27.1,0.143,2,50.0
5012,加倉侑征,51.2,37,8.1,6.8,1.0,13.5,0.14,5,20.0
5017,澤田尚也,62.0,48,10.4,9.1,1.0,16.7,0.14,1,0.0
5253,藤井太雅,24.4,21,4.8,3.1,1.0,14.3,0.242,2,0.0
5339,石井伸長,48.1,37,8.1,6.8,1.0,13.5,0.173,0,
4533,峰重侑治,39.2,29,6.9,5.3,1.0,6.9,0.174,1,0.0
4954,内山峻輔,36.3,16,6.2,4.3,1.0,18.8,0.171,3,0.0
3226,浦田信義,45.2,39,7.7,6.4,0.9,7.7,0.185,1,0.0
3519,冨田秀幸,34.5,36,5.6,4.3,0.9,8.3,0.161,2,0.0
3629,浅見昌克,59.3,49,10.2,9.1,0.9,14.3,0.142,3,0.0
4082,濱崎誠,54.7,39,10.3,9.0,0.9,12.8,0.176,2,0.0
4086,寺本重宣,58.4,39,10.3,9.1,0.9,25.6,0.134,3,0.0
4150,山田雄太,57.4,39,10.3,9.0,0.9,23.1,0.134,2,0.0
4305,金子拓矢,76.7,36,16.7,15.4,0.9,25.0,0.147,0,
4509,平見真彦,59.5,39,10.3,9.1,0.9,12.8,0.167,1,0.0
4847,佐藤隆太郎,62.0,39,10.3,9.1,0.9,10.3,0.14,2,0.0
4872,山下流心,42.3,46,6.5,5.3,0.9,6.5,0.182,0,
4933,板橋侑我,60.7,39,10.3,9.1,0.9,15.4,0.128,2,0.0
5328,井上慧人,36.7,36,5.6,4.3,0.9,5.6,0.155,1,0.0
3911,鈴木猛,47.1,54,7.4,6.4,0.8,9.3,0.176,1,0.0
4090,中村尊,59.3,29,10.3,9.1,0.8,17.2,0.144,5,0.0
4122,安東幸治,55.1,50,10.0,9.0,0.8,20.0,0.158,3,0.0
4327,加藤翔,38.0,47,6.4,5.3,0.8,6.4,0.2,3,0.0
4369,丹下将,56.3,50,10.0,9.0,0.8,12.0,0.156,0,
4420,津久井拓也,57.1,60,10.0,9.0,0.8,16.7,0.146,2,0.0
4421,森作広大,27.8,24,4.2,2.9,0.8,4.2,0.172,4,0.0
4459,片岡雅裕,52.3,38,7.9,6.8,0.8,10.5,0.096,0,
4540,相原利章,50.4,38,7.9,6.8,0.8,10.5,0.121,1,0.0
4895,門間雄大,50.4,38,7.9,6.8,0.8,10.5,0.143,1,0.0
4900,中田夕貴,51.0,38,7.9,6.8,0.8,13.2,0.171,5,0.0
5039,倉田茂将,42.1,47,6.4,5.3,0.8,10.6,0.136,2,0.0
5091,為本智也,63.2,25,12.0,10.7,0.8,16.0,0.164,0,
5172,田村慶,48.1,38,7.9,6.8,0.8,7.9,0.194,0,
5277,井上未都,49.1,38,7.9,6.8,0.8,13.2,0.147,0,
5345,牧村俊輝,15.3,44,2.3,1.2,0.8,2.3,0.206,5,0.0
3578,塩田雄一,32.1,25,4.0,2.9,0.7,4.0,0.199,0,
3590,濱野谷憲吾,64.7,52,11.5,10.7,0.7,13.5,0.121,4,25.0
4006,小野勇作,51.1,39,7.7,6.8,0.7,10.3,0.159,0,
4017,向井美鈴,52.7,40,10.0,9.0,0.7,15.0,0.186,2,0.0
4060,島田一生,49.1,39,7.7,6.8,0.7,12.8,0.191,2,0.0
4244,鈴木成美,29.8,25,4.0,2.9,0.7,4.0,0.127,2,0.0
4247,齊藤優,46.4,41,7.3,6.4,0.7,9.8,0.155,0,
4356,長岡良也,64.5,52,11.5,10.7,0.7,11.5,0.161,1,0.0
4430,永田秀二,58.6,50,10.0,9.1,0.7,14.0,0.173,2,0.0
4442,松竹大輔,51.9,39,7.7,6.8,0.7,10.3,0.157,1,0.0
4516,野口勝弘,66.4,52,11.5,10.7,0.7,15.4,0.15,4,0.0
4537,渡邉和将,69.2,50,14.0,13.1,0.7,20.0,0.126,0,
4942,柴田朋哉,57.7,40,10.0,9.1,0.7,15.0,0.138,4,0.0
5058,前原大道,69.8,50,14.0,13.1,0.7,18.0,0.136,1,0.0
5066,鈴木孝明,67.8,50,14.0,13.1,0.7,18.0,0.156,6,16.7
5163,清水愛海,66.8,43,11.6,10.7,0.7,14.0,0.209,0,
5180,藤本紗弥香,32.4,25,4.0,2.9,0.7,8.0,0.179,0,
5230,石原凪紗,38.1,31,6.5,5.3,0.7,6.5,0.189,2,0.0
5261,岡暢祐,35.5,38,5.3,4.3,0.7,7.9,0.169,2,0.0
5322,根岸真優,18.5,32,3.1,2.1,0.7,3.1,0.168,6,0.0
5340,樋江井舞,31.9,53,3.8,2.9,0.7,5.7,0.157,0,
5369,岡崎凪汰,22.0,32,3.1,2.1,0.7,3.1,0.159,0,
3726,桂林寛,40.3,31,6.5,5.3,0.7,6.5,0.159,0,
3860,松本浩貴,29.8,26,3.8,2.9,0.6,3.8,0.195,4,0.0
3866,木山誠一,40.4,32,6.2,5.3,0.6,6.2,0.113,2,0.0
5182,宮崎安奈,43.3,27,7.4,6.4,0.6,11.1,0.145,4,25.0
5308,藤森拓海,35.6,39,5.1,4.3,0.6,5.1,0.15,1,100.0
5382,山下心一,11.7,43,2.3,1.5,0.6,2.3,0.174,0,
5417,小柳勝希,23.5,24,4.2,3.1,0.6,8.3,0.197,0,
3463,乙津康志,43.5,42,7.1,6.4,0.5,7.1,0.189,3,0.0
3508,久富政弘,51.2,40,7.5,6.8,0.5,10.0,0.191,1,0.0
3873,別府昌樹,44.8,28,7.1,6.4,0.5,10.7,0.135,0,
3987,後藤正宗,60.1,41,9.8,9.1,0.5,12.2,0.14,2,0.0
4143,浦田晃嗣,36.7,41,4.9,4.3,0.5,7.3,0.135,2,0.0
4161,黒柳浩孝,53.0,41,9.8,9.0,0.5,9.8,0.158,1,0.0
4245,高橋直哉,38.9,33,6.1,5.3,0.5,6.1,0.172,2,0.0
4846,佐藤駿介,34.3,41,4.9,4.3,0.5,7.3,0.163,3,0.0
4875,大塚康雅,45.5,42,7.1,6.4,0.5,11.9,0.195,2,0.0
4980,佐々木完太,66.6,44,11.4,10.7,0.5,18.2,0.164,2,0.0
5124,上瀧絢也,38.4,33,6.1,5.3,0.5,6.1,0.17,0,
3931,黒崎竜也,58.0,31,9.7,9.1,0.4,12.9,0.152,0,
4433,川野芽唯,72.1,44,13.6,13.1,0.4,15.9,0.169,0,
4787,椎名豊,72.9,44,15.9,15.4,0.4,20.5,0.138,3,33.3
4789,古賀智之,55.1,42,9.5,9.0,0.4,9.5,0.138,5,20.0
5076,石原光,50.0,41,7.3,6.8,0.4,9.8,0.172,2,50.0
5165,小林愛実,42.3,34,5.9,5.3,0.4,8.8,0.158,2,0.0
5394,福西広太郎,21.5,38,2.6,2.1,0.4,2.6,0.177,4,25.0
3613,角谷健吾,62.3,53,9.4,9.1,0.3,15.1,0.138,1,0.0
3787,天野誠,26.8,28,3.6,3.1,0.3,3.6,0.194,0,
3792,田中豪,68.1,37,13.5,13.1,0.3,18.9,0.134,3,0.0
3796,長野道臣,42.5,35,5.7,5.3,0.3,8.6,0.148,0,
3953,志道吉和,23.5,28,3.6,3.1,0.3,3.6,0.206,0,
3956,横澤剛治,58.7,42,9.5,9.1,0.3,14.3,0.153,3,33.3
4016,西川新太郎,49.6,42,7.1,6.8,0.3,11.9,0.159,3,0.0
4067,永井源,64.5,54,11.1,10.7,0.3,16.7,0.151,2,50.0
4079,出畑孝典,59.6,42,9.5,9.1,0.3,11.9,0.17,2,50.0
4146,柳橋宏紀,49.8,42,7.1,6.8,0.3,9.5,0.139,0,
4175,川尻泰輔,58.5,42,9.5,9.1,0.3,11.9,0.126,7,14.3
4283,石井裕美,38.3,35,5.7,5.3,0.3,5.7,0.182,0,
4298,宮下元胤,66.1,54,11.1,10.7,0.3,13.0,0.173,1,100.0
4641,磯村匠,42.1,35,5.7,5.3,0.3,8.6,0.192,1,0.0
4784,向井田真紀,36.6,21,4.8,4.3,0.3,9.5,0.22,0,
4803,飯田庄吾,29.1,30,3.3,2.9,0.3,6.7,0.197,1,0.0
4839,四宮与寛,57.8,42,9.5,9.1,0.3,11.9,0.141,1,0.0
5000,岡本翔太郎,41.9,35,5.7,5.3,0.3,8.6,0.117,0,
5027,重冨勇哉,43.9,44,6.8,6.4,0.3,6.8,0.174,0,
5061,中村駿平,24.9,28,3.6,3.1,0.3,3.6,0.144,1,0.0
5069,山崎小葉音,45.2,29,6.9,6.4,0.3,6.9,0.167,0,
5081,篠原飛翔,59.4,42,9.5,9.1,0.3,14.3,0.176,0,
5207,高山敬悟,44.7,29,6.9,6.4,0.3,10.3,0.167,0,
5356,長谷川暖,46.9,29,6.9,6.4,0.3,6.9,0.133,1,0.0
2878,富山弘幸,56.0,43,9.3,9.0,0.2,11.6,0.171,2,0.0
3582,吉川昭男,59.9,32,9.4,9.1,0.2,12.5,0.175,0,
3611,岩崎芳美,57.0,43,9.3,9.0,0.2,9.3,0.131,4,25.0
3661,柳瀬興志,49.6,43,7.0,6.8,0.2,9.3,0.162,3,0.0
3680,森林太,36.4,44,4.5,4.3,0.2,6.8,0.172,1,0.0
3808,秋田健太郎,29.4,31,3.2,2.9,0.2,3.2,0.156,3,0.0
3976,内田圭,32.7,44,4.5,4.3,0.2,4.5,0.162,1,0.0
4004,山本浩輔,45.4,45,6.7,6.4,0.2,8.9,0.172,0,
4020,川上清人,31.8,31,3.2,2.9,0.2,3.2,0.19,0,
4180,上野秀和,52.9,43,9.3,9.0,0.2,11.6,0.156,0,
4984,森下愛梨,46.9,30,6.7,6.4,0.2,10.0,0.215,2,0.0
3293,宮内由紀英,31.2,33,3.0,2.9,0.1,3.0,0.191,1,0.0
3910,松下知幸,30.9,33,3.0,2.9,0.1,9.1,0.17,0,
4033,伊藤将吉,63.6,46,10.9,10.7,0.1,15.2,0.133,1,0.0
4415,下出卓矢,56.4,44,9.1,9.0,0.1,9.1,0.133,3,0.0
4468,大池佑来,63.5,37,10.8,10.7,0.1,10.8,0.161,3,33.3
4681,太田潮,34.5,23,4.3,4.3,0.1,4.3,0.16,1,0.0
4752,西尾亮輔,35.1,46,4.3,4.3,0.1,6.5,0.18,0,
4781,西舘果里,37.6,18,5.6,5.3,0.1,5.6,0.196,1,0.0
4876,梅木敬太,43.4,46,6.5,6.4,0.1,8.7,0.179,2,0.0
4902,山川雄大,47.4,46,6.5,6.4,0.1,6.5,0.187,0,
5330,安河内鈴之介,64.6,46,10.9,10.7,0.1,15.2,0.146,3,33.3
5348,小林甘寧,45.8,46,6.5,6.4,0.1,15.2,0.142,0,
5204,宇恵有香,38.5,18,5.6,5.3,0.1,11.1,0.177,0,
3305,小野信樹,29.4,35,2.9,2.9,-0.0,5.7,0.141,0,
3532,柴田光,61.8,22,9.1,9.1,0.0,13.6,0.147,2,0.0
3546,中里昌志,41.7,56,5.4,5.3,0.0,7.1,0.182,5,0.0
3642,大塚浩二,31.1,35,2.9,2.9,-0.0,2.9,0.209,2,0.0
3852,澤大介,37.6,37,5.4,5.3,0.0,5.4,0.184,2,0.0
3882,新田智彰,46.4,47,6.4,6.4,-0.0,8.5,0.163,0,
4112,大久保信一郎,59.8,44,9.1,9.1,0.0,15.9,0.191,1,0.0
4278,藤岡俊介,71.6,46,13.0,13.1,-0.0,15.2,0.123,0,
4485,楠原正剛,51.0,44,6.8,6.8,0.0,9.1,0.153,0,
4764,小池礼乃,49.1,44,6.8,6.8,0.0,9.1,0.17,0,
4850,野中一平,63.4,47,10.6,10.7,-0.0,14.9,0.112,1,0.0
4969,町田洸希,46.6,31,6.5,6.4,0.0,6.5,0.202,0,
5151,山下奈緒,31.1,35,2.9,2.9,-0.0,2.9,0.238,1,0.0
5349,宮崎奏磨,1.8,41,0.0,0.0,0.0,0.0,0.204,3,0.0
5366,塩嶋泰空,1.8,22,0.0,0.0,0.0,0.0,0.204,0,
5370,日隈茜,0.7,29,0.0,0.0,0.0,0.0,0.154,0,
5380,野田亜湖,0.0,37,0.0,0.0,0.0,0.0,0.261,0,
5387,戸田海咲音,2.2,19,0.0,0.0,0.0,0.0,0.223,2,0.0
5392,安武一也,2.2,26,0.0,0.0,0.0,0.0,0.203,0,
3477,近藤稔也,28.8,37,2.7,2.9,-0.1,5.4,0.191,1,0.0
3528,笠野友紀恵,31.4,36,2.8,2.9,-0.1,5.6,0.163,2,0.0
3761,山本光雄,48.0,45,6.7,6.8,-0.1,6.7,0.167,1,0.0
3929,杢野誓良,39.7,38,5.3,5.3,-0.1,7.9,0.165,3,33.3
3935,岩津徹郎,49.5,30,6.7,6.8,-0.1,10.0,0.157,1,0.0
4010,越智照浩,32.5,37,2.7,2.9,-0.1,2.7,0.134,3,0.0
4114,深澤達徳,45.4,32,6.2,6.4,-0.1,6.2,0.2,3,0.0
4118,宇佐見淳,65.7,57,10.5,10.7,-0.1,17.5,0.158,5,20.0
4437,中田元泰,60.7,45,8.9,9.1,-0.1,13.3,0.152,0,
4501,樋口由加里,45.8,48,6.2,6.4,-0.1,8.3,0.156,2,0.0
4535,北山康介,71.2,31,12.9,13.1,-0.1,16.1,0.138,0,
4651,佐藤大騎,28.3,36,2.8,2.9,-0.1,2.8,0.168,4,0.0
4669,井上茂,40.6,38,5.3,5.3,-0.1,5.3,0.186,0,
4743,木村仁紀,66.6,57,10.5,10.7,-0.1,10.5,0.138,0,
4771,下寺秀和,72.5,46,15.2,15.4,-0.1,23.9,0.17,0,
5130,上野拓馬,42.3,38,5.3,5.3,-0.1,10.5,0.165,0,
5131,江藤敦宏,27.5,34,2.9,3.1,-0.1,2.9,0.164,2,0.0
5192,中尾優香,44.9,32,6.2,6.4,-0.1,9.4,0.172,0,
3075,中村裕将,41.0,39,5.1,5.3,-0.2,5.1,0.132,8,12.5
3327,野長瀬正孝,61.3,68,8.8,9.1,-0.2,13.2,0.188,7,0.0
3583,齋藤智裕,26.2,35,2.9,3.1,-0.2,2.9,0.193,4,0.0
3712,淺香文武,45.2,33,6.1,6.4,-0.2,9.1,0.172,2,0.0
3951,石川吉鎬,47.7,46,6.5,6.8,-0.2,6.5,0.178,0,
4110,小澤和也,39.5,39,5.1,5.3,-0.2,7.7,0.161,6,33.3
4197,渥美卓郎,28.5,38,2.6,2.9,-0.2,2.6,0.186,2,0.0
4403,木下大將,63.2,48,10.4,10.7,-0.2,14.6,0.151,4,25.0
4489,岩川仁士,49.8,46,6.5,6.8,-0.2,10.9,0.14,2,50.0
4556,竹井奈美,68.9,47,12.8,13.1,-0.2,19.1,0.148,3,0.0
4723,寺島吉彦,40.1,20,5.0,5.3,-0.2,10.0,0.164,2,0.0
4982,中村将隆,52.3,31,6.5,6.8,-0.2,6.5,0.167,1,0.0
4985,井本昌也,65.3,48,10.4,10.7,-0.2,10.4,0.155,2,0.0
5100,栗原一馬,36.7,25,4.0,4.3,-0.2,4.0,0.178,2,0.0
5114,小林孝彰,56.1,46,8.7,9.0,-0.2,15.2,0.154,0,
5128,坪井爽佑,42.7,33,6.1,6.4,-0.2,9.1,0.163,1,0.0
5160,藤森陸斗,53.9,46,8.7,9.0,-0.2,8.7,0.134,2,50.0
5232,樅山拓馬,45.5,33,6.1,6.4,-0.2,6.1,0.13,1,100.0
5246,楠将太郎,48.9,31,6.5,6.8,-0.2,12.9,0.168,9,0.0
5284,嘉手苅徹哉,26.6,36,2.8,3.1,-0.2,2.8,0.163,0,
3251,平石和男,58.5,46,8.7,9.1,-0.3,19.6,0.188,5,40.0
3503,堂原洋史,30.5,40,2.5,2.9,-0.3,2.5,0.142,5,0.0
3714,梶原正,37.9,40,5.0,5.3,-0.3,5.0,0.141,3,33.3
3747,國崎良春,59.3,35,8.6,9.1,-0.3,14.3,0.165,1,0.0
3827,今泉徹,32.1,41,2.4,2.9,-0.3,2.4,0.152,5,20.0
3908,重成一人,61.6,35,8.6,9.1,-0.3,14.3,0.124,0,
4095,福来剛,71.4,55,12.7,13.1,-0.3,18.2,0.152,3,0.0
4129,宇野博之,32.4,40,2.5,2.9,-0.3,2.5,0.189,7,14.3
4205,山口剛,64.5,39,10.3,10.7,-0.3,20.5,0.116,2,0.0
4395,下河雅史,44.6,50,6.0,6.4,-0.3,8.0,0.181,3,0.0
4473,藤堂里香,52.6,35,8.6,9.0,-0.3,14.3,0.17,0,
4512,高野哲史,67.6,55,12.7,13.1,-0.3,18.2,0.147,0,
4529,嶋義信,60.2,35,8.6,9.1,-0.3,11.4,0.152,2,0.0
4563,齋藤真之,31.2,40,2.5,2.9,-0.3,2.5,0.189,1,0.0
4775,千葉真弥,61.9,35,8.6,9.1,-0.3,8.6,0.153,2,0.0
4941,孫崎百世,41.7,41,4.9,5.3,-0.3,7.3,0.227,1,0.0
4989,石原翼,58.8,46,8.7,9.1,-0.3,10.9,0.137,0,
5273,山下拓巳,32.4,40,2.5,2.9,-0.3,2.5,0.192,3,33.3
5274,城間盛渚,48.1,32,6.2,6.8,-0.3,6.2,0.184,0,
3620,信濃由行,32.3,43,2.3,2.9,-0.4,7.0,0.158,6,0.0
3730,塩崎優司,37.8,42,4.8,5.3,-0.4,7.1,0.166,0,
4034,西原明生,31.3,43,2.3,2.9,-0.4,4.7,0.206,0,
4042,丸岡正典,62.5,49,10.2,10.7,-0.4,10.2,0.172,4,0.0
4134,杉山貴博,61.3,47,8.5,9.1,-0.4,12.8,0.155,4,0.0
4211,村田敦,36.0,28,3.6,4.3,-0.4,3.6,0.136,3,0.0
4228,吉田慎二郎,61.6,47,8.5,9.1,-0.4,10.6,0.137,2,0.0
4376,藤田靖弘,56.4,47,8.5,9.0,-0.4,14.9,0.167,1,0.0
4443,津田裕絵,56.7,47,8.5,9.0,-0.4,12.8,0.178,1,0.0
4534,坂咲友理,34.9,28,3.6,4.3,-0.4,3.6,0.186,0,
4653,小野達哉,68.7,32,12.5,13.1,-0.4,15.6,0.132,0,
4967,中村魁生,67.2,49,10.2,10.7,-0.4,16.3,0.129,0,
5084,末永和也,68.9,40,12.5,13.1,-0.4,15.0,0.12,0,
5112,砂長知輝,68.4,48,12.5,13.1,-0.4,14.6,0.142,11,27.3
5333,山下智己,33.3,28,3.6,4.3,-0.4,7.1,0.204,0,
5412,久保田凪紗,2.9,18,0.0,0.8,-0.4,0.0,0.216,3,0.0
3315,広瀬聖仁,36.6,29,3.4,4.3,-0.5,6.9,0.163,0,
3539,金子順一,34.7,56,3.6,4.3,-0.5,3.6,0.191,0,
3685,荒井輝年,54.2,36,8.3,9.0,-0.5,11.1,0.145,2,50.0
3839,川合理司,26.3,40,2.5,3.1,-0.5,2.5,0.163,2,0.0
3867,松浦勝,27.1,41,2.4,3.1,-0.5,4.9,0.157,2,0.0
4173,岡谷健吾,48.0,49,6.1,6.8,-0.5,6.1,0.174,0,
4182,吉田和仁,45.9,52,5.8,6.4,-0.5,9.6,0.179,2,0.0
4231,鈴木裕隆,52.8,48,8.3,9.0,-0.5,12.5,0.166,4,0.0
4372,原田佑実,58.6,36,8.3,9.1,-0.5,11.1,0.159,0,
4526,池田雄祐,53.8,36,8.3,9.0,-0.5,8.3,0.134,4,25.0
4836,大谷健太,44.5,35,5.7,6.4,-0.5,11.4,0.157,5,0.0
4904,松本一毅,51.2,49,6.1,6.8,-0.5,10.2,0.155,2,50.0
5035,櫻井優,54.6,48,8.3,9.0,-0.5,12.5,0.149,8,0.0
5101,表健太,25.9,40,2.5,3.1,-0.5,2.5,0.173,1,0.0
5139,大場恒季,63.6,40,10.0,10.7,-0.5,17.5,0.142,3,0.0
5200,筒井美琴,3.6,20,0.0,0.8,-0.5,0.0,0.206,0,
5327,西田和加,3.5,33,0.0,0.8,-0.5,0.0,0.226,7,0.0
5357,田中瀬里奈,3.6,22,0.0,0.8,-0.5,0.0,0.181,2,0.0
5378,鈴木結平太,4.7,25,0.0,0.8,-0.5,0.0,0.215,2,0.0
5384,八戸琉楓,4.3,30,0.0,0.8,-0.5,0.0,0.224,0,
5391,出穂和鼓,4.3,33,0.0,0.8,-0.5,0.0,0.222,0,
5396,近藤来希,5.8,25,0.0,0.8,-0.5,0.0,0.199,0,
5400,高村諒,7.0,26,0.0,0.8,-0.5,0.0,0.177,0,
4998,中村かなえ,42.4,22,4.5,5.3,-0.5,4.5,0.109,2,0.0
3641,一瀬明,57.8,60,8.3,9.1,-0.6,15.0,0.175,1,0.0
3871,池田紫乃,35.1,30,3.3,4.3,-0.6,3.3,0.191,0,
3950,石川哲秀,34.0,30,3.3,4.3,-0.6,6.7,0.142,2,0.0
4323,山田佑樹,52.7,37,8.1,9.0,-0.6,16.2,0.158,0,
4413,水摩敦,60.8,48,8.3,9.1,-0.6,12.5,0.178,2,0.0
4463,三苫晃幸,61.6,48,8.3,9.1,-0.6,10.4,0.174,0,
5205,刑部亜里紗,58.0,48,8.3,9.1,-0.6,10.4,0.187,0,
5347,井澤聖奈,3.1,37,0.0,0.8,-0.6,0.0,0.227,1,0.0
5383,中村楓,6.3,37,0.0,0.8,-0.6,0.0,0.166,3,0.0
5398,鐘ヶ江真司,25.7,42,2.4,3.1,-0.6,2.4,0.171,0,
5427,港理樹,16.0,15,0.0,1.2,-0.6,0.0,0.222,0,
3572,安田政彦,46.2,54,5.6,6.4,-0.7,5.6,0.224,3,33.3
3888,山本英志,56.2,49,8.2,9.0,-0.7,14.3,0.132,1,0.0
3968,茶谷信次,57.9,37,8.1,9.1,-0.7,8.1,0.175,2,0.0
4398,船岡洋一郎,66.0,51,9.8,10.7,-0.7,13.7,0.126,1,0.0
4429,豊田泰洋,27.4,45,2.2,3.1,-0.7,2.2,0.193,0,
4522,古澤光紀,60.5,37,8.1,9.1,-0.7,8.1,0.141,0,
4600,井内将太郎,67.1,41,9.8,10.7,-0.7,12.2,0.123,0,
4757,山田祐也,63.2,41,9.8,10.7,-0.7,12.2,0.144,0,
4864,小川日紀太,36.3,31,3.2,4.3,-0.7,3.2,0.154,1,0.0
4873,蒲原健太,49.8,51,5.9,6.8,-0.7,5.9,0.193,0,
4886,入海馨,66.2,41,9.8,10.7,-0.7,14.6,0.141,0,
5219,森口和紀,46.6,37,5.4,6.4,-0.7,8.1,0.169,0,
5281,井上遥妃,58.7,37,8.1,9.1,-0.7,13.5,0.124,0,
5283,植木美帆,14.8,21,0.0,1.2,-0.7,0.0,0.22,1,0.0
5353,草川壮良,17.4,20,0.0,1.2,-0.7,10.0,0.192,0,
5379,廣部大明,15.9,19,0.0,1.2,-0.7,0.0,0.209,0,
3461,渡邊哲也,17.0,25,0.0,1.2,-0.8,0.0,0.212,0,
3616,中村真,53.0,38,7.9,9.0,-0.8,13.2,0.146,3,33.3
3743,林美憲,57.4,62,8.1,9.0,-0.8,8.1,0.16,2,0.0
3748,小黒竜吾,36.1,32,3.1,4.3,-0.8,3.1,0.161,4,0.0
3848,川上聡介,43.8,38,5.3,6.4,-0.8,5.3,0.142,0,
3891,谷口健一,25.7,47,2.1,3.1,-0.8,2.1,0.167,2,0.0
4343,村岡賢,37.3,32,3.1,4.3,-0.8,3.1,0.189,0,
4447,深川麻奈美,56.5,38,7.9,9.0,-0.8,15.8,0.17,2,50.0
4664,東口晃,33.5,32,3.1,4.3,-0.8,3.1,0.196,0,
4674,池田剛規,53.4,50,8.0,9.0,-0.8,12.0,0.157,0,
4736,高倉和士,71.7,50,12.0,13.1,-0.8,18.0,0.125,1,0.0
4880,澤崎雄哉,52.7,38,7.9,9.0,-0.8,10.5,0.158,2,0.0
5022,伊藤尚汰,32.8,32,3.1,4.3,-0.8,9.4,0.17,0,
5031,渡辺空依,43.8,38,5.3,6.4,-0.8,5.3,0.186,1,0.0
5198,奥村明日香,44.6,38,5.3,6.4,-0.8,10.5,0.206,0,
5292,佐藤右京,34.8,33,3.0,4.3,-0.8,3.0,0.195,1,0.0
5305,伊藤栞,15.5,28,0.0,1.2,-0.8,0.0,0.142,0,
5306,河内悠利杏,15.5,31,0.0,1.2,-0.8,0.0,0.199,2,0.0
5309,森雄利,16.8,32,0.0,1.2,-0.8,0.0,0.166,1,0.0
5373,諏訪玲奈,15.5,32,0.0,1.2,-0.8,0.0,0.235,5,0.0
5407,中岡駿,12.9,24,0.0,1.2,-0.8,0.0,0.175,0,
5419,櫻井隼,8.5,17,0.0,1.5,-0.8,0.0,0.202,6,0.0
5108,柴田愛梨,12.0,18,0.0,1.5,-0.8,0.0,0.245,2,0.0
3643,米田隆弘,48.9,36,5.6,6.8,-0.9,8.3,0.174,0,
3920,正木聖賢,51.6,36,5.6,6.8,-0.9,8.3,0.152,0,
3957,大谷直弘,47.2,39,5.1,6.4,-0.9,10.3,0.186,0,
3983,須藤博倫,61.5,51,7.8,9.1,-0.9,9.8,0.13,10,10.0
4000,松本博昭,61.0,51,7.8,9.1,-0.9,9.8,0.17,0,
4047,吉永浩則,34.8,34,2.9,4.3,-0.9,5.9,0.191,1,0.0
4199,北川潤二,65.3,73,9.6,10.7,-0.9,12.3,0.153,4,25.0
4329,小松卓司,41.5,48,4.2,5.3,-0.9,6.2,0.165,1,0.0
4547,中田竜太,59.6,51,7.8,9.1,-0.9,11.8,0.14,13,0.0
4828,松山将吾,65.8,42,9.5,10.7,-0.9,16.7,0.143,4,0.0
5043,中村日向,62.7,42,9.5,10.7,-0.9,11.9,0.135,0,
5071,野見山拓己,47.1,39,5.1,6.4,-0.9,5.1,0.146,1,0.0
5195,北村寧々,51.4,36,5.6,6.8,-0.9,8.3,0.134,0,
5282,中本大樹,46.0,39,5.1,6.4,-0.9,7.7,0.164,2,0.0
5304,井田涼介,7.9,21,0.0,1.5,-0.9,0.0,0.18,2,0.0
5329,金子龍斗,42.7,39,5.1,6.4,-0.9,10.3,0.183,1,0.0
5346,中村紋夕梨,13.3,38,0.0,1.2,-0.9,0.0,0.207,0,
5361,植竹玲奈,14.8,38,0.0,1.2,-0.9,0.0,0.232,0,
5362,中嶋世奈,12.4,24,0.0,1.5,-0.9,0.0,0.2,1,0.0
5385,鈴木柊介,15.7,38,0.0,1.2,-0.9,0.0,0.154,2,0.0
3994,小野桜,49.8,36,5.6,6.8,-0.9,8.3,0.197,0,
3362,間嶋仁志,54.2,39,7.7,9.0,-1.0,10.3,0.187,3,33.3
3412,鈴木博,66.8,53,9.4,10.7,-1.0,11.3,0.167,8,12.5
3514,山一鉄也,52.7,52,7.7,9.0,-1.0,11.5,0.168,2,0.0
3605,中村守成,33.3,36,2.8,4.3,-1.0,2.8,0.194,3,0.0
3711,江本真治,64.0,43,9.3,10.7,-1.0,11.6,0.144,0,
3788,一宮稔弘,55.2,27,7.4,9.0,-1.0,7.4,0.116,0,
3814,金子貴志,43.3,40,5.0,6.4,-1.0,5.0,0.186,1,0.0
3944,山口裕二,63.6,53,9.4,10.7,-1.0,13.2,0.165,4,50.0
4039,村上功祐,52.1,37,5.4,6.8,-1.0,8.1,0.142,0,
4041,小林基樹,35.5,36,2.8,4.3,-1.0,5.6,0.204,0,
4271,川崎公靖,42.9,40,5.0,6.4,-1.0,7.5,0.168,0,
4434,田中辰彦,63.3,43,9.3,10.7,-1.0,14.0,0.154,0,
4462,夏山亮平,50.0,37,5.4,6.8,-1.0,5.4,0.159,1,0.0
4506,稗田聖也,64.9,43,9.3,10.7,-1.0,18.6,0.127,3,0.0
4694,高田綾,43.3,40,5.0,6.4,-1.0,7.5,0.177,3,0.0
4708,半田尚也,36.5,36,2.8,4.3,-1.0,2.8,0.188,0,
4753,森照夫,42.6,21,4.8,6.4,-1.0,4.8,0.135,2,0.0
4854,大橋由珠,39.6,26,3.8,5.3,-1.0,3.8,0.167,1,0.0
4898,菊地敬介,40.7,26,3.8,5.3,-1.0,3.8,0.138,0,
5002,上田健太,58.8,39,7.7,9.1,-1.0,12.8,0.158,2,0.0
5053,山口広樹,33.5,36,2.8,4.3,-1.0,5.6,0.175,0,
5113,黒明花夢,22.1,15,0.0,2.1,-1.0,0.0,0.179,0,
5164,森田梨湖,18.5,15,0.0,2.1,-1.0,0.0,0.215,0,
5167,小川竜太朗,49.8,37,5.4,6.8,-1.0,13.5,0.142,7,0.0
5173,谷口佳蓮,44.7,40,5.0,6.4,-1.0,5.0,0.156,0,
5300,横田海人,10.4,34,0.0,1.5,-1.0,0.0,0.169,2,0.0
5310,土屋蘭,40.1,26,3.8,5.3,-1.0,3.8,0.152,4,25.0
5324,畑田希咲,10.6,30,0.0,1.5,-1.0,0.0,0.224,2,0.0
5365,石村日奈那,11.9,34,0.0,1.5,-1.0,0.0,0.201,1,0.0
5375,庄島潤成,11.9,37,0.0,1.5,-1.0,0.0,0.165,0,
5389,恵良琴美,12.0,37,0.0,1.5,-1.0,5.4,0.195,4,0.0
3246,星野政彦,22.2,17,0.0,2.1,-1.1,0.0,0.142,1,0.0
3471,赤峰和也,32.8,37,2.7,4.3,-1.1,5.4,0.176,1,0.0
3631,田添康介,18.2,19,0.0,2.1,-1.1,0.0,0.199,0,
3659,藤生雄人,60.4,40,7.5,9.1,-1.1,10.0,0.17,6,16.7
3718,伊達正利,37.0,37,2.7,4.3,-1.1,5.4,0.166,4,25.0
3752,宇土泰就,34.1,37,2.7,4.3,-1.1,2.7,0.15,1,0.0
3820,樫葉次郎,20.8,16,0.0,2.1,-1.1,0.0,0.152,0,
3834,細川明人,35.1,37,2.7,4.3,-1.1,2.7,0.174,1,0.0
4225,土屋千明,59.9,27,7.4,9.1,-1.1,11.1,0.166,4,0.0
4243,西村歩,58.0,40,7.5,9.1,-1.1,7.5,0.169,1,0.0
4363,大野芳顕,56.5,53,7.5,9.0,-1.1,9.4,0.158,7,0.0
4406,幸野史明,36.7,37,2.7,4.3,-1.1,2.7,0.158,3,0.0
4428,有賀達也,59.2,40,7.5,9.1,-1.1,15.0,0.143,7,28.6
4581,吉村誠,62.8,54,9.3,10.7,-1.1,11.1,0.155,1,0.0
4744,伊藤玲奈,42.0,27,3.7,5.3,-1.1,3.7,0.2,0,
4990,田中博子,18.2,16,0.0,2.1,-1.1,0.0,0.246,0,
5010,宇留田翔平,56.7,53,7.5,9.0,-1.1,11.3,0.145,2,0.0
5146,野田彩加,52.8,40,7.5,9.0,-1.1,7.5,0.167,2,0.0
5169,堀本翔太,22.0,18,0.0,2.1,-1.1,0.0,0.182,0,
5185,加藤優弥,50.5,38,5.3,6.8,-1.1,13.2,0.123,2,0.0
5201,村上宗太郎,42.6,22,4.5,6.4,-1.1,13.6,0.157,0,
5211,高井駿弥,33.7,37,2.7,4.3,-1.1,2.7,0.152,1,100.0
5216,長谷川晴哉,59.9,52,7.7,9.1,-1.1,9.6,0.14,3,33.3
5342,原村百那,8.2,49,0.0,1.5,-1.1,0.0,0.168,1,0.0
5364,金子怜央,8.4,40,0.0,1.5,-1.1,0.0,0.176,1,0.0
5184,飯塚響,20.7,18,0.0,2.1,-1.1,0.0,0.2,0,
3313,本吉正樹,32.7,38,2.6,4.3,-1.2,5.3,0.172,3,0.0
3507,藤井徹,37.0,39,2.6,4.3,-1.2,5.1,0.215,0,
3538,菊池峰晴,38.5,28,3.6,5.3,-1.2,3.6,0.202,1,0.0
3591,後藤孝義,20.9,22,0.0,2.1,-1.2,0.0,0.218,1,0.0
3906,飯山晃三,35.1,39,2.6,4.3,-1.2,2.6,0.221,0,
3977,山本兼士,39.3,52,3.8,5.3,-1.2,7.7,0.168,0,
4014,片岡恵里,54.7,41,7.3,9.0,-1.2,12.2,0.183,0,
4233,亀山雅幸,62.8,44,9.1,10.7,-1.2,9.1,0.169,0,
4659,木下翔太,71.0,52,11.5,13.1,-1.2,17.3,0.151,1,100.0
4815,伏島祐介,39.5,28,3.6,5.3,-1.2,3.6,0.181,2,0.0
4896,花本剛,36.1,38,2.6,4.3,-1.2,2.6,0.177,0,
4917,岩橋裕馬,37.0,38,2.6,4.3,-1.2,2.6,0.153,3,33.3
5004,河野主樹,53.1,41,7.3,9.0,-1.2,7.3,0.158,2,0.0
5123,福山恵里奈,35.2,39,2.6,4.3,-1.2,2.6,0.153,1,0.0
5229,吉川晴人,53.1,41,7.3,9.0,-1.2,14.6,0.16,1,100.0
5235,岩田凌,22.5,23,0.0,2.1,-1.2,0.0,0.16,2,0.0
3070,山室展弘,50.9,22,4.5,6.8,-1.3,9.1,0.133,0,
3207,田村美和,19.2,26,0.0,2.1,-1.3,0.0,0.165,1,0.0
3518,倉田郁美,37.5,29,3.4,5.3,-1.3,6.9,0.197,0,
3584,佐々木英樹,48.3,40,5.0,6.8,-1.3,12.5,0.165,0,
3589,西村勝,38.8,30,3.3,5.3,-1.3,6.7,0.107,4,0.0
3793,高橋真吾,39.2,29,3.4,5.3,-1.3,6.9,0.134,4,0.0
3947,寺本昇平,43.0,43,4.7,6.4,-1.3,4.7,0.19,2,0.0
4022,待鳥雄紀,36.8,40,2.5,4.3,-1.3,2.5,0.142,3,0.0
4261,岡祐臣,61.0,41,7.3,9.1,-1.3,12.2,0.166,0,
4264,長尾章平,67.1,55,9.1,10.7,-1.3,12.7,0.165,2,50.0
4301,関裕也,43.3,43,4.7,6.4,-1.3,7.0,0.188,0,
4344,新田雄史,69.3,44,11.4,13.1,-1.3,15.9,0.123,1,0.0
4345,西舘健,51.9,40,5.0,6.8,-1.3,10.0,0.162,1,0.0
4351,里岡右貴,71.6,44,11.4,13.1,-1.3,22.7,0.14,4,0.0
4355,小川広大,19.9,24,0.0,2.1,-1.3,0.0,0.229,2,0.0
4432,黄金井力良,51.3,40,5.0,6.8,-1.3,5.0,0.149,5,0.0
4665,加藤啓太,34.5,41,2.4,4.3,-1.3,4.9,0.18,5,0.0
4779,伊倉光,49.1,40,5.0,6.8,-1.3,5.0,0.162,1,0.0
4924,中北涼,35.1,41,2.4,4.3,-1.3,2.4,0.175,1,0.0
4978,山田和佐,45.7,43,4.7,6.4,-1.3,9.3,0.167,0,
5109,川崎智稔,46.3,43,4.7,6.4,-1.3,4.7,0.119,0,
5140,吉田彩乃,42.3,30,3.3,5.3,-1.3,3.3,0.188,2,0.0
5143,常盤海心,34.3,40,2.5,4.3,-1.3,5.0,0.189,0,
5262,鈴木章司,39.0,30,3.3,5.3,-1.3,6.7,0.222,1,0.0
5359,佐藤世那,37.6,29,3.4,5.3,-1.3,6.9,0.184,2,0.0
5376,吉田一心,49.6,40,5.0,6.8,-1.3,7.5,0.184,1,0.0
5336,瀬川大地,20.7,24,0.0,2.1,-1.3,0.0,0.167,0,
3372,加藤雅之,21.4,30,0.0,2.1,-1.4,0.0,0.222,0,
3662,大庭元明,53.1,42,7.1,9.0,-1.4,11.9,0.181,0,
3776,横井健太,20.2,35,0.0,2.1,-1.4,0.0,0.165,3,0.0
3850,小川知行,45.7,44,4.5,6.4,-1.4,6.8,0.145,3,0.0
3907,村越篤,53.0,42,7.1,9.0,-1.4,9.5,0.169,1,0.0
3989,熊本英一,34.3,42,2.4,4.3,-1.4,4.8,0.203,0,
4052,興津藍,57.3,42,7.1,9.0,-1.4,7.1,0.164,0,
4104,木下陽介,43.6,44,4.5,6.4,-1.4,6.8,0.133,1,0.0
4139,丹下健,43.6,44,4.5,6.4,-1.4,9.1,0.182,0,
4466,南佑典,59.1,42,7.1,9.1,-1.4,11.9,0.17,0,
4499,滝川真由子,53.6,29,6.9,9.0,-1.4,13.8,0.189,0,
4615,板倉敦史,38.4,31,3.2,5.3,-1.4,9.7,0.185,1,0.0
4965,福岡泉水,39.6,31,3.2,5.3,-1.4,3.2,0.175,1,0.0
5210,藤井公人,51.1,41,4.9,6.8,-1.4,9.8,0.155,1,0.0
5334,樫葉新心,19.2,35,0.0,2.1,-1.4,0.0,0.194,0,
5335,森陽多,18.9,30,0.0,2.1,-1.4,3.3,0.163,0,
5358,増本杏珠,18.7,29,0.0,2.1,-1.4,0.0,0.196,0,
2538,高橋二朗,22.2,36,0.0,2.1,-1.5,0.0,0.204,0,
3558,山本浩次,43.3,45,4.4,6.4,-1.5,4.4,0.16,3,0.0
3602,奥平拓也,39.8,32,3.1,5.3,-1.5,3.1,0.187,2,0.0
3614,谷勝幸,36.4,44,2.3,4.3,-1.5,2.3,0.165,0,
3703,鳥飼眞,57.8,43,7.0,9.1,-1.5,11.6,0.15,0,
3777,樋口亮,56.1,43,7.0,9.0,-1.5,7.0,0.164,0,
4397,西村拓也,70.2,54,11.1,13.1,-1.5,16.7,0.124,2,0.0
4407,鹿島敏弘,46.7,45,4.4,6.4,-1.5,4.4,0.16,2,0.0
4458,抹香雄三,50.4,42,4.8,6.8,-1.5,9.5,0.145,0,
4465,大西賢,38.9,32,3.1,5.3,-1.5,6.2,0.182,0,
4475,末永祐輝,64.0,46,8.7,10.7,-1.5,8.7,0.146,0,
4477,篠崎仁志,65.6,46,8.7,10.7,-1.5,15.2,0.136,1,0.0
4532,秋元哲,71.8,45,11.1,13.1,-1.5,15.6,0.132,12,0.0
4550,石岡将太,50.8,42,4.8,6.8,-1.5,9.5,0.159,0,
4642,松尾夏海,67.2,46,8.7,10.7,-1.5,13.0,0.154,1,100.0
4695,尾崎雄二,48.1,42,4.8,6.8,-1.5,16.7,0.149,1,0.0
4730,土屋実沙希,50.2,42,4.8,6.8,-1.5,9.5,0.178,0,
5297,南彩寧,22.3,41,0.0,2.1,-1.5,2.4,0.21,1,0.0
5303,土井歩夢,57.2,43,7.0,9.0,-1.5,11.6,0.153,2,0.0
5312,川辺郭人,22.2,39,0.0,2.1,-1.5,0.0,0.203,0,
5314,中曽瑠華,19.7,41,0.0,2.1,-1.5,0.0,0.168,0,
5360,高木茉白,20.8,38,0.0,2.1,-1.5,0.0,0.191,6,0.0
3832,下田哲也,25.2,16,0.0,3.1,-1.6,0.0,0.181,1,0.0
3853,岩崎正哉,51.1,43,4.7,6.8,-1.6,4.7,0.192,3,0.0
3885,久田武,51.4,43,4.7,6.8,-1.6,7.0,0.162,1,0.0
4116,川田正人,46.3,46,4.3,6.4,-1.6,6.5,0.174,1,0.0
4140,梶野学志,61.1,30,6.7,9.1,-1.6,6.7,0.171,0,
4224,大橋栄里佳,48.8,43,4.7,6.8,-1.6,11.6,0.175,0,
4251,川崎誠志,41.9,33,3.0,5.3,-1.6,6.1,0.207,0,
4557,松尾光広,37.8,33,3.0,5.3,-1.6,6.1,0.21,1,0.0
4580,長谷川雅和,55.8,44,6.8,9.0,-1.6,9.1,0.158,0,
5122,相馬翔,39.5,33,3.0,5.3,-1.6,15.2,0.192,3,0.0
5266,石田勇斗,38.9,33,3.0,5.3,-1.6,3.0,0.172,3,0.0
5374,木山大聖,19.0,54,0.0,2.1,-1.6,1.9,0.143,3,0.0
3054,北川幸典,52.8,31,6.5,9.0,-1.7,12.9,0.176,0,
3430,角浜修,34.6,50,2.0,4.3,-1.7,2.0,0.184,2,0.0
3554,仲口博崇,69.5,73,11.0,13.1,-1.7,17.8,0.194,4,50.0
4063,市橋卓士,63.3,47,8.5,10.7,-1.7,12.8,0.128,1,0.0
4081,樋口範政,42.7,48,4.2,6.4,-1.7,6.2,0.185,1,0.0
4154,森安弘雅,49.2,45,4.4,6.8,-1.7,6.7,0.174,0,
4200,早川尚人,37.1,48,2.1,4.3,-1.7,2.1,0.175,1,0.0
4202,浮田圭浩,42.2,35,2.9,5.3,-1.7,5.7,0.2,0,
4384,鶴本崇文,65.3,47,8.5,10.7,-1.7,10.6,0.167,2,0.0
4448,青木玄太,71.6,46,10.9,13.1,-1.7,15.2,0.14,2,0.0
4474,渡辺崇,49.6,44,4.5,6.8,-1.7,6.8,0.177,1,0.0
4574,東潤樹,50.8,45,4.4,6.8,-1.7,4.4,0.175,0,
4798,浜先真範,64.4,47,8.5,10.7,-1.7,8.5,0.121,1,0.0
4890,石川諒,58.1,44,6.8,9.1,-1.7,13.6,0.117,0,
5019,柴田百恵,49.4,25,4.0,6.8,-1.7,8.0,0.144,0,
5154,村松栄太,42.0,34,2.9,5.3,-1.7,8.8,0.176,0,
5178,成貞琳平,35.2,48,2.1,4.3,-1.7,2.1,0.184,3,0.0
3484,芝田浩治,60.4,45,6.7,9.1,-1.8,13.3,0.164,2,0.0
3905,天野友和,63.8,48,8.3,10.7,-1.8,8.3,0.14,1,0.0
3974,深山祐二,39.8,36,2.8,5.3,-1.8,5.6,0.149,4,0.0
4159,向後龍一,61.1,45,6.7,9.1,-1.8,8.9,0.166,8,12.5
4308,河村了,70.3,47,10.6,13.1,-1.8,12.8,0.166,0,
4688,永井彪也,63.6,48,8.3,10.7,-1.8,12.5,0.117,1,0.0
4927,関野文,57.3,45,6.7,9.0,-1.8,15.6,0.153,1,100.0
4934,佐々木翔斗,57.1,45,6.7,9.0,-1.8,8.9,0.18,1,100.0
5032,谷口知優,49.8,46,4.3,6.8,-1.8,6.5,0.168,2,0.0
5187,小坂風太,32.1,26,0.0,2.9,-1.8,0.0,0.21,3,0.0
5242,高山弘斗,31.0,26,0.0,2.9,-1.8,3.8,0.152,5,0.0
5254,羽田妃希,30.9,27,0.0,2.9,-1.8,7.4,0.178,0,
5271,杉山太陽,32.5,27,0.0,2.9,-1.8,3.7,0.177,0,
5302,秋末秦悟,30.4,26,0.0,2.9,-1.8,0.0,0.195,1,0.0
5325,澁川夏,48.3,46,4.3,6.8,-1.8,4.3,0.153,2,0.0
3107,平岡重典,27.7,28,0.0,2.9,-1.9,3.6,0.171,2,0.0
3370,坪内実,30.0,30,0.0,2.9,-1.9,0.0,0.179,1,0.0
3557,太田和美,66.1,60,8.3,10.7,-1.9,15.0,0.148,3,0.0
3704,本部めぐみ,23.0,24,0.0,3.1,-1.9,0.0,0.207,2,0.0
3863,海老澤泰行,38.3,37,2.7,5.3,-1.9,2.7,0.183,1,0.0
3948,大町利克,32.0,31,0.0,2.9,-1.9,0.0,0.192,2,0.0
3998,冨成謙児,38.9,37,2.7,5.3,-1.9,2.7,0.169,0,
4054,福嶋智之,39.1,38,2.6,5.3,-1.9,2.6,0.154,1,0.0
4097,貫地谷直人,27.9,31,0.0,2.9,-1.9,0.0,0.201,0,
4167,片岡秀樹,37.8,37,2.7,5.3,-1.9,2.7,0.147,0,
4266,長田頼宗,64.1,49,8.2,10.7,-1.9,8.2,0.162,0,
4268,和合俊介,26.0,24,0.0,3.1,-1.9,0.0,0.184,1,0.0
4275,菅野はやか,27.1,22,0.0,3.1,-1.9,0.0,0.155,0,
4311,岡村仁,66.2,49,8.2,10.7,-1.9,10.2,0.138,4,25.0
4510,坂本奈央,23.9,22,0.0,3.1,-1.9,0.0,0.211,0,
4553,坪口竜也,61.8,46,6.5,9.1,-1.9,8.7,0.162,1,100.0
4583,古田祐貴,52.9,46,6.5,9.0,-1.9,8.7,0.145,1,0.0
4586,磯部誠,65.3,49,8.2,10.7,-1.9,8.2,0.122,3,0.0
4639,雑賀勇貴,35.7,55,1.8,4.3,-1.9,5.5,0.163,4,0.0
4773,中川りな,60.1,46,6.5,9.1,-1.9,6.5,0.189,0,
5213,湯淺紀香,49.6,47,4.3,6.8,-1.9,6.4,0.19,2,0.0
5221,竹間隆晟,64.0,49,8.2,10.7,-1.9,12.2,0.138,3,33.3
5272,松田真実,39.2,37,2.7,5.3,-1.9,5.4,0.173,2,0.0
5296,永田楽,27.8,30,0.0,2.9,-1.9,10.0,0.202,0,
4724,吉田祐貴,24.5,24,0.0,3.1,-1.9,0.0,0.187,0,
3156,金子良昭,31.4,34,0.0,2.9,-2.0,0.0,0.164,4,0.0
3211,北川敏弘,28.8,36,0.0,2.9,-2.0,0.0,0.16,0,
3304,烏野賢太,61.0,47,6.4,9.1,-2.0,10.6,0.17,0,
3333,丸尾義孝,64.4,61,8.2,10.7,-2.0,9.8,0.144,0,
3458,東健介,27.6,32,0.0,2.9,-2.0,0.0,0.175,0,
3509,池千夏,27.0,27,0.0,3.1,-2.0,0.0,0.137,1,0.0
3580,水口由紀,38.9,39,2.6,5.3,-2.0,2.6,0.178,2,0.0
3690,河合三弘,40.9,39,2.6,5.3,-2.0,7.7,0.166,0,
3949,今出晋二,27.8,33,0.0,2.9,-2.0,0.0,0.17,0,
4023,柴田友和,31.9,35,0.0,2.9,-2.0,0.0,0.179,1,0.0
4085,荻野裕介,51.5,27,3.7,6.8,-2.0,3.7,0.209,1,0.0
4103,山崎善庸,28.9,35,0.0,2.9,-2.0,0.0,0.211,4,0.0
4128,川口貴久,44.7,29,3.4,6.4,-2.0,3.4,0.166,2,0.0
4171,榎幸司,61.3,47,6.4,9.1,-2.0,6.4,0.17,0,
4176,樋口喜彦,22.8,28,0.0,3.1,-2.0,0.0,0.185,1,0.0
4331,三好勇人,57.3,47,6.4,9.0,-2.0,12.8,0.152,0,
4367,山口修路,40.0,39,2.6,5.3,-2.0,2.6,0.214,1,0.0
4396,大田直弥,47.7,48,4.2,6.8,-2.0,4.2,0.186,0,
4479,矢野真梨菜,30.2,35,0.0,2.9,-2.0,2.9,0.165,1,0.0
4598,加藤政彦,55.4,47,6.4,9.0,-2.0,8.5,0.139,1,0.0
4614,石倉洋行,70.1,48,10.4,13.1,-2.0,20.8,0.121,0,
4737,竹井貴史,75.0,47,12.8,15.4,-2.0,19.1,0.14,2,50.0
4897,深見亜由美,31.0,36,0.0,2.9,-2.0,0.0,0.206,0,
4910,中村泰平,68.7,48,10.4,13.1,-2.0,12.5,0.151,2,0.0
4961,西橋奈未,62.4,47,6.4,9.1,-2.0,8.5,0.148,3,0.0
5209,小野京平,27.2,28,0.0,3.1,-2.0,0.0,0.208,2,0.0
5244,黒田剛,29.2,37,0.0,2.9,-2.0,8.1,0.157,0,
5259,野田昇吾,25.2,25,0.0,3.1,-2.0,0.0,0.142,1,0.0
5268,山本幸也,22.7,28,0.0,3.1,-2.0,3.6,0.215,0,
5279,石渡翔一郎,56.0,33,6.1,9.0,-2.0,12.1,0.178,1,0.0
5332,村松遥輝,30.3,37,0.0,2.9,-2.0,5.4,0.177,5,0.0
5343,小林礼央,34.8,59,1.7,4.3,-2.0,1.7,0.168,3,0.0
5228,若林樹蘭,56.7,33,6.1,9.0,-2.0,9.1,0.146,1,0.0
3224,栗山繁洋,31.9,38,0.0,2.9,-2.1,0.0,0.189,0,
3357,福島陽子,32.2,39,0.0,2.9,-2.1,0.0,0.181,0,
3587,武田信一,30.3,38,0.0,2.9,-2.1,0.0,0.163,2,0.0
3647,伊藤雄二,29.7,41,0.0,2.9,-2.1,0.0,0.157,7,0.0
3660,長谷川親王,22.9,32,0.0,3.1,-2.1,0.0,0.188,0,
3681,山谷央,44.6,30,3.3,6.4,-2.1,10.0,0.148,2,0.0
3722,西村秀樹,24.5,30,0.0,3.1,-2.1,3.3,0.154,3,0.0
3731,高濱芳久,49.8,49,4.1,6.8,-2.1,6.1,0.184,0,
3769,佐竹恒彦,51.6,28,3.6,6.8,-2.1,7.1,0.179,0,
3775,泉啓文,32.2,39,0.0,2.9,-2.1,0.0,0.176,0,
3809,吉田光,40.1,40,2.5,5.3,-2.1,2.5,0.187,0,
3831,安藤裕貴,42.4,41,2.4,5.3,-2.1,4.9,0.137,1,0.0
3922,菅沼佳昭,29.9,43,0.0,2.9,-2.1,7.0,0.17,0,
3928,林恵祐,29.1,43,0.0,2.9,-2.1,0.0,0.167,0,
4007,榮田将彦,43.3,30,3.3,6.4,-2.1,3.3,0.125,0,
4094,中島真二,42.3,40,2.5,5.3,-2.1,2.5,0.174,0,
4181,花本夏樹,31.9,38,0.0,2.9,-2.1,2.6,0.205,4,0.0
4390,松本弓雄,32.5,38,0.0,2.9,-2.1,0.0,0.191,0,
4391,松田祐季,63.4,50,8.0,10.7,-2.1,16.0,0.152,2,0.0
4440,萩原知哉,38.4,41,2.4,5.3,-2.1,2.4,0.147,2,0.0
4536,喜井つかさ,62.5,48,6.2,9.1,-2.1,12.5,0.157,3,66.7
4697,國弘翔平,38.2,40,2.5,5.3,-2.1,2.5,0.18,2,0.0
4706,三浦洋次朗,56.8,48,6.2,9.0,-2.1,8.3,0.178,5,0.0
4963,實森美祐,58.5,48,6.2,9.1,-2.1,8.3,0.15,3,0.0
4987,島倉都,30.0,41,0.0,2.9,-2.1,0.0,0.166,4,0.0
5011,高木圭大,31.8,39,0.0,2.9,-2.1,2.6,0.16,0,
5026,安河内健,63.9,50,8.0,10.7,-2.1,16.0,0.163,0,
5148,松本怜,45.4,30,3.3,6.4,-2.1,6.7,0.188,0,
5208,屋良龍紀,38.4,40,2.5,5.3,-2.1,2.5,0.155,1,0.0
5241,門田栞,46.5,30,3.3,6.4,-2.1,3.3,0.148,0,
5291,三嶌こころ,31.4,43,0.0,2.9,-2.1,0.0,0.231,0,
3353,前田光昭,23.6,29,0.0,3.1,-2.1,0.0,0.124,3,0.0
3282,池本輝明,38.1,42,2.4,5.3,-2.2,2.4,0.191,0,
3401,上田隆章,39.7,43,2.3,5.3,-2.2,2.3,0.223,0,
3411,池上隆行,27.1,38,0.0,3.1,-2.2,2.6,0.156,3,0.0
3551,藤田美代,27.2,36,0.0,3.1,-2.2,2.8,0.168,0,
3797,岩井繁,31.0,46,0.0,2.9,-2.2,0.0,0.202,1,0.0
3973,崎利仁,38.8,42,2.4,5.3,-2.2,4.8,0.204,3,0.0
3988,古川誠之,62.2,49,6.1,9.1,-2.2,10.2,0.137,4,0.0
4105,松下直也,52.2,51,3.9,6.8,-2.2,3.9,0.161,0,
4121,富永修一,58.8,34,5.9,9.1,-2.2,5.9,0.123,1,0.0
4145,小澤学,31.4,46,0.0,2.9,-2.2,4.3,0.263,4,0.0
4248,岡本大,38.3,43,2.3,5.3,-2.2,2.3,0.182,0,
4408,仁科さやか,25.6,37,0.0,3.1,-2.2,0.0,0.218,0,
4424,松尾昂明,57.1,49,6.1,9.0,-2.2,10.2,0.171,8,0.0
4444,桐生順平,64.8,39,7.7,10.7,-2.2,12.8,0.128,8,0.0
4511,中岡健人,41.9,42,2.4,5.3,-2.2,4.8,0.186,3,0.0
4579,中嶋健一郎,61.0,49,6.1,9.1,-2.2,12.2,0.156,2,0.0
4632,長尾京志郎,46.5,32,3.1,6.4,-2.2,3.1,0.191,2,0.0
4648,木村亮太,47.0,32,3.1,6.4,-2.2,9.4,0.137,1,0.0
4713,白神優,69.2,40,10.0,13.1,-2.2,20.0,0.124,0,
4790,柳内敬太,63.4,51,7.8,10.7,-2.2,7.8,0.162,1,100.0
4844,村上奈穂,39.8,43,2.3,5.3,-2.2,4.7,0.169,1,0.0
4894,原村拓也,43.3,55,3.6,6.4,-2.2,10.9,0.192,0,
5093,浦野海,43.0,32,3.1,6.4,-2.2,3.1,0.18,2,0.0
5152,丸山祐也,26.5,35,0.0,3.1,-2.2,0.0,0.229,1,0.0
5285,若林麗,23.8,37,0.0,3.1,-2.2,2.7,0.192,0,
3432,宮迫暢彦,38.8,44,2.3,5.3,-2.3,2.3,0.177,0,
3741,松尾基成,24.2,42,0.0,3.1,-2.3,0.0,0.171,3,0.0
3812,山崎聖司,42.5,44,2.3,5.3,-2.3,4.5,0.199,3,0.0
3900,香川素子,63.6,40,7.5,10.7,-2.3,10.0,0.184,5,0.0
3934,鋤柄貴俊,51.8,53,3.8,6.8,-2.3,3.8,0.15,1,0.0
3961,谷村一哉,71.2,31,9.7,13.1,-2.3,9.7,0.15,0,
3963,原田秀弥,59.0,35,5.7,9.1,-2.3,11.4,0.163,1,0.0
3990,芹澤克彦,39.2,44,2.3,5.3,-2.3,4.5,0.146,0,
4076,杉田篤光,50.5,52,3.8,6.8,-2.3,5.8,0.203,2,0.0
4144,石塚久也,64.2,40,7.5,10.7,-2.3,10.0,0.167,8,0.0
4219,本岡勝利,27.3,41,0.0,3.1,-2.3,0.0,0.179,0,
4256,渡辺浩司,73.9,41,12.2,15.4,-2.3,22.0,0.13,0,
4528,黒井達矢,64.0,40,7.5,10.7,-2.3,12.5,0.17,7,0.0
4731,間野兼礼,45.3,33,3.0,6.4,-2.3,6.1,0.162,0,
4857,加藤翔馬,70.5,31,9.7,13.1,-2.3,29.0,0.165,1,0.0
4909,薮内瑞希,43.8,33,3.0,6.4,-2.3,6.1,0.182,0,
4940,白石有美,33.7,18,0.0,4.3,-2.3,0.0,0.179,0,
5354,渡邊雄斗,25.9,42,0.0,3.1,-2.3,2.4,0.2,0,
3406,中里英夫,55.1,51,5.9,9.0,-2.4,9.8,0.18,0,
3656,伯母芳恒,52.0,31,3.2,6.8,-2.4,6.5,0.165,3,0.0
3710,吉永泰弘,40.5,47,2.1,5.3,-2.4,6.4,0.179,0,
3742,宮地秀祈,45.2,34,2.9,6.4,-2.4,2.9,0.172,2,0.0
3800,牧宏次,52.5,31,3.2,6.8,-2.4,3.2,0.154,1,0.0
3868,尾形栄治,39.5,46,2.2,5.3,-2.4,8.7,0.208,3,0.0
4166,吉田拡郎,67.9,50,10.0,13.1,-2.4,14.0,0.12,3,33.3
4210,松村康太,56.8,51,5.9,9.0,-2.4,5.9,0.162,2,0.0
4306,畔柳俊吾,45.0,34,2.9,6.4,-2.4,2.9,0.185,2,0.0
4514,上條嘉嗣,69.4,50,10.0,13.1,-2.4,16.0,0.202,6,0.0
4666,日笠勝弘,35.9,20,0.0,4.3,-2.4,0.0,0.165,0,
3548,室田泰史,54.1,52,5.8,9.0,-2.5,7.7,0.122,1,0.0
3828,明石正之,46.8,35,2.9,6.4,-2.5,2.9,0.172,0,
3838,伊藤啓三,51.7,32,3.1,6.8,-2.5,6.2,0.133,0,
4064,原田篤志,70.6,51,9.8,13.1,-2.5,15.7,0.169,2,0.0
4119,泥谷一毅,57.7,51,5.9,9.1,-2.5,7.8,0.166,0,
4274,長畑友輔,44.3,35,2.9,6.4,-2.5,5.7,0.149,1,0.0
4320,峰竜太,77.5,37,16.2,19.7,-2.5,27.0,0.128,0,
4347,魚谷香織,61.9,36,5.6,9.1,-2.5,5.6,0.198,3,0.0
4409,坂元浩仁,64.9,41,7.3,10.7,-2.5,12.2,0.139,2,0.0
4422,永井亮次,45.1,35,2.9,6.4,-2.5,2.9,0.176,0,
4494,河合佑樹,61.0,36,5.6,9.1,-2.5,8.3,0.167,2,0.0
5166,仲道大輔,64.5,41,7.3,10.7,-2.5,7.3,0.184,4,0.0
3300,川崎智幸,57.4,37,5.4,9.0,-2.6,8.1,0.145,4,0.0
4030,森高一真,56.4,53,5.7,9.0,-2.6,7.5,0.128,1,0.0
4234,野相弘司,44.2,36,2.8,6.4,-2.6,2.8,0.164,1,0.0
4525,真子奈津実,42.6,36,2.8,6.4,-2.6,2.8,0.151,2,0.0
4543,重木輝彦,66.0,54,7.4,10.7,-2.6,9.3,0.183,0,
4592,小林孝弘,43.0,36,2.8,6.4,-2.6,2.8,0.174,2,0.0
4682,大上卓人,60.4,52,5.8,9.1,-2.6,7.7,0.129,0,
4740,齋藤達希,43.2,37,2.7,6.4,-2.6,5.4,0.183,0,
4794,和田拓也,70.3,42,9.5,13.1,-2.6,11.9,0.135,3,33.3
5089,前田翔,77.0,42,11.9,15.4,-2.6,11.9,0.161,0,
5307,富永夏哉人,44.9,36,2.8,6.4,-2.6,5.6,0.173,1,0.0
5009,大賀龍之介,48.7,33,3.0,6.8,-2.6,9.1,0.158,2,0.0
3303,渡辺豊,41.9,53,1.9,5.3,-2.7,3.8,0.203,2,0.0
3875,廣中良一,38.9,53,1.9,5.3,-2.7,1.9,0.156,0,
4120,柘植政浩,62.2,54,5.6,9.1,-2.7,7.4,0.17,0,
4214,林祐介,52.2,35,2.9,6.8,-2.7,5.7,0.152,1,0.0
4229,市川美宏,35.0,27,0.0,4.3,-2.7,0.0,0.181,1,0.0
4253,西川真人,37.6,52,1.9,5.3,-2.7,3.8,0.165,1,0.0
4272,大場広孝,42.9,38,2.6,6.4,-2.7,5.3,0.174,1,0.0
4382,高山智至,42.3,54,1.9,5.3,-2.7,3.7,0.19,2,0.0
4457,神田達也,44.1,38,2.6,6.4,-2.7,5.3,0.161,4,0.0
4508,野間大樹,56.2,38,5.3,9.0,-2.7,10.5,0.183,2,0.0
4560,庄司樹良々,59.3,38,5.3,9.1,-2.7,13.2,0.112,1,0.0
4588,田中京介,55.5,54,5.6,9.0,-2.7,9.3,0.136,0,
5023,久永祥平,61.4,38,5.3,9.1,-2.7,5.3,0.154,2,0.0
5088,高憧四季,66.7,55,7.3,10.7,-2.7,16.4,0.149,1,0.0
4572,渡部悟,53.8,38,5.3,9.0,-2.7,5.3,0.127,2,0.0
4964,土屋南,58.9,38,5.3,9.1,-2.7,7.9,0.148,1,0.0
5138,村本大成,33.3,25,0.0,4.3,-2.7,0.0,0.176,1,0.0
4853,前原哉,37.0,25,0.0,4.3,-2.7,8.0,0.225,0,
4068,幸田智裕,44.5,39,2.6,6.4,-2.8,5.1,0.184,2,0.0
4071,古賀千晶,36.2,28,0.0,4.3,-2.8,0.0,0.158,0,
4191,赤羽克也,65.7,43,7.0,10.7,-2.8,7.0,0.163,8,12.5
4258,関根彰人,43.6,39,2.6,6.4,-2.8,5.1,0.198,7,0.0
4295,小坂尚哉,74.8,43,11.6,15.4,-2.8,16.3,0.126,3,33.3
4439,近藤友宝,33.5,28,0.0,4.3,-2.8,0.0,0.163,3,0.0
4521,小池公生,50.2,36,2.8,6.8,-2.8,5.6,0.201,1,0.0
4555,富永大一,52.8,39,5.1,9.0,-2.8,10.3,0.173,1,0.0
4567,上村慎太郎,35.8,30,0.0,4.3,-2.8,0.0,0.237,0,
4593,小坂宗司,64.0,43,7.0,10.7,-2.8,11.6,0.179,6,16.7
4631,新井英孝,45.6,39,2.6,6.4,-2.8,2.6,0.187,0,
4661,中島昂章,57.4,39,5.1,9.0,-2.8,5.1,0.174,0,
4709,岡村将也,56.5,39,5.1,9.0,-2.8,5.1,0.167,1,0.0
4837,酒井陽祐,48.8,36,2.8,6.8,-2.8,2.8,0.141,1,0.0
4865,立具敬司,42.1,16,0.0,5.3,-2.8,0.0,0.208,1,0.0
4907,小池修平,70.1,43,9.3,13.1,-2.8,18.6,0.125,2,50.0
5033,藤原孝斗,32.8,30,0.0,4.3,-2.8,3.3,0.183,2,0.0
4976,金山立樹,51.0,36,2.8,6.8,-2.8,5.6,0.196,0,
3268,森竜也,38.1,59,1.7,5.3,-2.9,1.7,0.182,6,16.7
3596,河上年昭,32.8,31,0.0,4.3,-2.9,0.0,0.153,3,0.0
3869,井芹大志,36.2,33,0.0,4.3,-2.9,0.0,0.195,0,
4057,松井賢治,59.1,56,5.4,9.1,-2.9,8.9,0.157,4,25.0
4292,麻生慎介,65.8,44,6.8,10.7,-2.9,11.4,0.142,3,0.0
4570,前田聖文,65.9,44,6.8,10.7,-2.9,11.4,0.131,1,0.0
5047,國分将太郎,52.9,40,5.0,9.0,-2.9,10.0,0.172,1,0.0
3467,森弘行,34.3,37,0.0,4.3,-3.0,0.0,0.164,1,0.0
3569,増田進,34.0,36,0.0,4.3,-3.0,0.0,0.171,0,
3619,長谷川充,45.9,42,2.4,6.4,-3.0,2.4,0.186,3,0.0
3783,瓜生正義,59.6,40,5.0,9.1,-3.0,7.5,0.15,1,0.0
3889,須藤隆雄,33.2,35,0.0,4.3,-3.0,0.0,0.169,1,0.0
3964,宮地博士,33.6,36,0.0,4.3,-3.0,0.0,0.184,1,0.0
4065,金田幸子,46.4,42,2.4,6.4,-3.0,4.8,0.176,0,
4066,東本勝利,62.8,45,6.7,10.7,-3.0,8.9,0.185,3,0.0
4077,品田直樹,51.6,38,2.6,6.8,-3.0,13.2,0.172,0,
4098,赤澤文香,36.9,35,0.0,4.3,-3.0,0.0,0.196,0,
4164,岩永節也,37.0,35,0.0,4.3,-3.0,0.0,0.192,0,
4263,武重雄介,50.2,39,2.6,6.8,-3.0,2.6,0.181,0,
4303,牧原崇,48.2,39,2.6,6.8,-3.0,5.1,0.154,1,0.0
4358,松本庸平,36.4,34,0.0,4.3,-3.0,2.9,0.249,0,
4387,平山智加,68.4,54,9.3,13.1,-3.0,14.8,0.153,1,0.0
4504,前田将太,60.5,40,5.0,9.1,-3.0,7.5,0.126,0,
4558,宮野仁,34.0,35,0.0,4.3,-3.0,0.0,0.198,0,
4623,中北将史,46.2,43,2.3,6.4,-3.0,2.3,0.155,3,0.0
4652,酒見峻介,44.3,43,2.3,6.4,-3.0,7.0,0.172,0,
4680,後藤美翼,56.2,41,4.9,9.0,-3.0,7.3,0.202,4,0.0
4720,西澤日花里,35.8,34,0.0,4.3,-3.0,0.0,0.171,1,0.0
4785,木幡純也,37.4,35,0.0,4.3,-3.0,0.0,0.19,3,0.0
4952,吉武真也,33.5,37,0.0,4.3,-3.0,0.0,0.182,2,0.0
5046,松山裕基,36.5,35,0.0,4.3,-3.0,0.0,0.168,1,0.0
5250,嶋田有里,37.3,37,0.0,4.3,-3.0,2.7,0.175,0,
3441,土屋太朗,45.5,45,2.2,6.4,-3.1,2.2,0.184,6,0.0
3527,中嶋誠一郎,49.8,40,2.5,6.8,-3.1,5.0,0.172,0,
3708,岡部貴司,46.0,44,2.3,6.4,-3.1,2.3,0.165,2,0.0
3790,佐口達也,37.2,40,0.0,4.3,-3.1,0.0,0.186,0,
3804,中渡修作,46.7,44,2.3,6.4,-3.1,4.5,0.14,2,0.0
3967,鈴木茂高,37.0,42,0.0,4.3,-3.1,0.0,0.187,2,0.0
4051,清水敦揮,72.0,35,8.6,13.1,-3.1,17.1,0.181,0,
4168,石野貴之,62.0,41,4.9,9.1,-3.1,4.9,0.138,2,0.0
4246,喜多那由夏,36.7,41,0.0,4.3,-3.1,0.0,0.192,2,0.0
4293,鈴木智啓,47.6,40,2.5,6.8,-3.1,2.5,0.177,1,0.0
4339,平瀬城啓,32.9,38,0.0,4.3,-3.1,0.0,0.168,2,0.0
4393,田中孝明,33.2,38,0.0,4.3,-3.1,2.6,0.207,3,0.0
4400,加藤奈月,35.1,42,0.0,4.3,-3.1,0.0,0.174,0,
4513,河野真也,59.1,41,4.9,9.1,-3.1,9.8,0.167,2,100.0
4565,西村豪洋,32.7,38,0.0,4.3,-3.1,2.6,0.166,1,0.0
4685,島村隆幸,77.6,39,15.4,19.7,-3.1,17.9,0.161,2,0.0
4700,金子和之,62.6,46,6.5,10.7,-3.1,13.0,0.149,11,9.1
4835,橋本明,47.1,44,2.3,6.4,-3.1,2.3,0.141,1,0.0
4905,土井祥伍,37.3,40,0.0,4.3,-3.1,0.0,0.183,0,
5177,松井貫太,37.3,42,0.0,4.3,-3.1,0.0,0.194,1,0.0
3896,上田洋平,51.6,40,2.5,6.8,-3.1,5.0,0.152,0,
3505,山田竜一,50.6,42,2.4,6.8,-3.2,4.8,0.143,3,0.0
3566,川添英正,48.5,41,2.4,6.8,-3.2,4.9,0.203,2,0.0
3606,川北浩貴,54.3,43,4.7,9.0,-3.2,7.0,0.162,0,
4111,奥田誠,53.1,43,4.7,9.0,-3.2,4.7,0.146,0,
4162,竹本太樹,38.8,23,0.0,5.3,-3.2,0.0,0.163,1,0.0
4336,松田竜馬,47.6,41,2.4,6.8,-3.2,4.9,0.158,1,0.0
4360,庄司孝輔,56.5,43,4.7,9.0,-3.2,14.0,0.177,2,0.0
4435,服部達哉,52.5,43,4.7,9.0,-3.2,9.3,0.173,0,
4551,三川昂暁,61.3,42,4.8,9.1,-3.2,11.9,0.17,3,33.3
4693,松下誉士,35.6,43,0.0,4.3,-3.2,0.0,0.189,0,
4892,柴田直哉,47.6,41,2.4,6.8,-3.2,2.4,0.173,1,0.0
4901,出口舞有子,48.5,42,2.4,6.8,-3.2,2.4,0.166,1,0.0
4906,鈴木雅希,57.0,43,4.7,9.0,-3.2,7.0,0.142,3,33.3
4951,新田洋一,50.0,42,2.4,6.8,-3.2,4.8,0.135,0,
5134,大原祥昌,56.9,43,4.7,9.0,-3.2,4.7,0.144,2,0.0
5144,中尾彩香,48.0,42,2.4,6.8,-3.2,4.8,0.181,2,0.0
5280,廣瀬凜,74.4,45,11.1,15.4,-3.2,15.6,0.16,2,0.0
5326,三嶌さらら,34.4,46,0.0,4.3,-3.2,4.3,0.185,0,
3745,橋本年光,55.4,26,3.8,9.0,-3.3,7.7,0.163,2,50.0
3942,寺田祥,68.0,46,8.7,13.1,-3.3,8.7,0.145,0,
3946,赤岩善生,72.9,29,10.3,15.4,-3.3,13.8,0.158,0,
4337,平本真之,67.9,46,8.7,13.1,-3.3,13.0,0.135,3,33.3
4549,小林文彦,58.1,43,4.7,9.1,-3.3,7.0,0.194,3,0.0
4714,喜多須杏奈,50.4,43,2.3,6.8,-3.3,2.3,0.171,2,0.0
4962,畑竜生,57.7,43,4.7,9.1,-3.3,9.3,0.155,0,
5317,長尾萌加,47.2,48,2.1,6.4,-3.3,4.2,0.153,0,
3939,渡辺真至,46.6,16,0.0,6.4,-3.3,0.0,0.167,0,
3901,松田憲幸,41.4,27,0.0,5.3,-3.4,0.0,0.203,1,0.0
3941,池田浩二,72.6,46,10.9,15.4,-3.4,17.4,0.129,0,
4043,桐本康臣,59.7,44,4.5,9.1,-3.4,6.8,0.141,3,0.0
4083,福島勇樹,73.6,46,10.9,15.4,-3.4,17.4,0.136,3,33.3
4108,吉村正明,56.0,45,4.4,9.0,-3.4,11.1,0.127,3,0.0
4469,土山卓也,57.3,45,4.4,9.0,-3.4,8.9,0.156,2,0.0
4502,遠藤エミ,71.5,47,8.5,13.1,-3.4,21.3,0.144,1,0.0
4524,深谷知博,61.0,44,4.5,9.1,-3.4,11.4,0.134,2,0.0
4908,上田龍星,67.1,48,6.2,10.7,-3.4,16.7,0.133,2,50.0
4918,川島拓郎,47.6,45,2.2,6.8,-3.4,2.2,0.157,3,0.0
4981,牧山敦也,52.0,45,2.2,6.8,-3.4,6.7,0.177,0,
3081,岡本慎治,48.2,16,0.0,6.8,-3.5,0.0,0.162,4,0.0
4151,下河誉史,53.1,64,4.7,9.0,-3.5,4.7,0.191,0,
4155,長野壮志郎,63.8,35,5.7,10.7,-3.5,14.3,0.134,0,
4259,真庭明志,57.3,46,4.3,9.0,-3.5,6.5,0.154,0,
4325,新出浩司,41.8,29,0.0,5.3,-3.5,0.0,0.163,3,0.0
4394,永嶋裕一,63.4,49,6.1,10.7,-3.5,12.2,0.142,2,0.0
4411,沢田昭宏,53.1,46,4.3,9.0,-3.5,4.3,0.193,0,
4486,野村誠,53.4,46,4.3,9.0,-3.5,8.7,0.177,2,0.0
4503,上野真之介,73.1,55,10.9,15.4,-3.5,14.5,0.117,1,0.0
4604,岩瀬裕亮,67.1,49,6.1,10.7,-3.5,10.2,0.152,3,33.3
4691,水原慎,41.8,28,0.0,5.3,-3.5,0.0,0.199,0,
4782,浜崎準也,38.3,29,0.0,5.3,-3.5,3.4,0.179,1,0.0
4936,戸敷晃美,60.6,45,4.4,9.1,-3.5,8.9,0.166,2,0.0
5118,野田なづき,57.1,28,3.6,9.0,-3.5,7.1,0.179,2,0.0
5316,村松将平,49.3,47,2.1,6.8,-3.5,6.4,0.13,2,0.0
3392,小森信雄,39.2,31,0.0,5.3,-3.6,0.0,0.182,4,0.0
3448,高山秀雄,41.6,30,0.0,5.3,-3.6,0.0,0.202,2,0.0
3523,寳田亮治,40.3,31,0.0,5.3,-3.6,3.2,0.204,0,
3645,淺田千亜希,46.2,19,0.0,6.4,-3.6,5.3,0.154,0,
3684,清水攻二,58.4,47,4.3,9.1,-3.6,8.5,0.17,0,
3686,鳥居塚孝博,58.9,46,4.3,9.1,-3.6,10.9,0.145,0,
3771,折下寛法,53.8,47,4.3,9.0,-3.6,6.4,0.143,3,33.3
4053,芦澤望,59.0,47,4.3,9.1,-3.6,8.5,0.169,2,0.0
4350,篠崎元志,70.8,48,8.3,13.1,-3.6,12.5,0.147,0,
4732,堀本和也,66.2,50,6.0,10.7,-3.6,16.0,0.099,0,
4842,山下昂大,57.9,46,4.3,9.1,-3.6,6.5,0.172,0,
4888,金児隆太,50.9,48,2.1,6.8,-3.6,6.2,0.174,6,0.0
4891,寺島美里,42.5,30,0.0,5.3,-3.6,3.3,0.139,0,
5064,品川二千翔,61.7,46,4.3,9.1,-3.6,10.9,0.153,2,0.0
3621,天野晶夫,56.2,29,3.4,9.0,-3.7,3.4,0.159,0,
3687,花田和明,44.7,57,1.8,6.4,-3.7,3.5,0.167,3,0.0
4269,杉山裕也,70.1,49,8.2,13.1,-3.7,14.3,0.141,1,0.0
4299,中島浩哉,41.8,35,0.0,5.3,-3.7,2.9,0.147,0,
4332,村上彰一,37.8,34,0.0,5.3,-3.7,2.9,0.214,2,0.0
4718,北川太一,61.7,48,4.2,9.1,-3.7,8.3,0.139,0,
4728,山口亮,41.7,35,0.0,5.3,-3.7,0.0,0.191,0,
4866,橋本英一,40.8,34,0.0,5.3,-3.7,0.0,0.2,0,
4949,横田貴満,60.6,48,4.2,9.1,-3.7,6.2,0.159,0,
5054,佐々木大河,65.1,51,5.9,10.7,-3.7,9.8,0.135,1,0.0
5186,遠藤圭吾,38.6,33,0.0,5.3,-3.7,3.0,0.16,2,0.0
3297,藤丸光一,38.3,37,0.0,5.3,-3.8,2.7,0.206,1,0.0
3502,渡邉英児,60.4,49,4.1,9.1,-3.8,4.1,0.154,3,0.0
3773,津留浩一郎,37.7,38,0.0,5.3,-3.8,2.6,0.15,0,
3859,多羅尾達之,38.3,36,0.0,5.3,-3.8,0.0,0.176,3,0.0
3880,浅見宗孝,42.3,38,0.0,5.3,-3.8,2.6,0.183,2,0.0
4710,福田宗平,63.0,37,5.4,10.7,-3.8,8.1,0.125,0,
4738,清埜翔子,56.0,49,4.1,9.0,-3.8,6.1,0.153,5,0.0
4748,渡邉雄朗,65.2,37,5.4,10.7,-3.8,10.8,0.165,1,0.0
4947,間庭菜摘,42.5,38,0.0,5.3,-3.8,0.0,0.173,0,
4995,田邉亮蔵,40.9,38,0.0,5.3,-3.8,0.0,0.18,1,0.0
5078,山川波乙,39.8,37,0.0,5.3,-3.8,2.7,0.185,0,
3854,吉川元浩,64.3,53,5.7,10.7,-3.9,11.3,0.138,5,20.0
3984,坂口周,63.0,53,5.7,10.7,-3.9,7.5,0.157,1,0.0
4357,田中和也,69.7,50,8.0,13.1,-3.9,16.0,0.158,0,
4470,平田健之佑,65.4,38,5.3,10.7,-3.9,7.9,0.135,0,
4487,三原司,38.6,41,0.0,5.3,-3.9,2.4,0.182,0,
4491,田中堅,38.2,41,0.0,5.3,-3.9,0.0,0.177,2,0.0
4686,丸野一樹,63.6,38,5.3,10.7,-3.9,7.9,0.119,3,33.3
4884,勝浦真帆,52.3,21,0.0,6.8,-3.9,0.0,0.139,1,0.0
4919,吉田翔悟,43.0,24,0.0,6.4,-3.9,0.0,0.148,1,0.0
5049,松井友汰,62.3,31,3.2,9.1,-3.9,6.5,0.171,2,0.0
5063,大塚雅治,40.8,39,0.0,5.3,-3.9,2.6,0.174,0,
5351,齊藤廉,40.9,41,0.0,5.3,-3.9,4.9,0.146,4,0.0
5174,川井萌,50.5,20,0.0,6.8,-3.9,5.0,0.188,3,0.0
3618,海野ゆかり,61.0,51,3.9,9.1,-4.0,5.9,0.166,0,
3807,岡部哲,41.9,43,0.0,5.3,-4.0,0.0,0.17,4,0.0
3833,中辻博訓,65.9,54,5.6,10.7,-4.0,7.4,0.132,0,
3986,沖島広和,50.0,22,0.0,6.8,-4.0,0.0,0.183,2,0.0
4074,柳沢一,67.0,54,5.6,10.7,-4.0,13.0,0.14,2,0.0
4148,枝尾賢,60.3,51,3.9,9.1,-4.0,3.9,0.131,1,0.0
4290,稲田浩二,62.7,39,5.1,10.7,-4.0,7.7,0.104,1,0.0
4324,海野康志郎,69.2,51,7.8,13.1,-4.0,9.8,0.148,1,0.0
4388,是澤孝宏,62.0,51,3.9,9.1,-4.0,5.9,0.161,1,0.0
4450,平高奈菜,64.7,39,5.1,10.7,-4.0,15.4,0.179,0,
4498,宮本夏樹,48.5,22,0.0,6.8,-4.0,4.5,0.136,0,
4848,仲谷颯仁,65.9,39,5.1,10.7,-4.0,5.1,0.158,2,0.0
5037,田頭虎親,55.3,32,3.1,9.0,-4.0,9.4,0.168,0,
3454,井川大作,54.0,33,3.0,9.0,-4.1,3.0,0.126,0,
3576,白水勝也,73.1,41,9.8,15.4,-4.1,12.2,0.167,2,0.0
3955,眞田英二,46.0,27,0.0,6.4,-4.1,7.4,0.177,0,
4019,笠原亮,66.3,40,5.0,10.7,-4.1,15.0,0.161,2,0.0
4050,田口節子,74.0,41,9.8,15.4,-4.1,17.1,0.14,3,0.0
4096,石橋道友,65.5,40,5.0,10.7,-4.1,12.5,0.15,1,0.0
4643,近江翔吾,63.5,40,5.0,10.7,-4.1,7.5,0.133,0,
5105,富田恕生,41.1,48,0.0,5.3,-4.1,2.1,0.173,0,
5237,永松良教,43.0,27,0.0,6.4,-4.1,0.0,0.179,1,0.0
5240,高橋龍治,42.6,26,0.0,6.4,-4.1,0.0,0.152,1,0.0
4335,若林将,71.3,41,7.3,13.1,-4.2,12.2,0.111,2,0.0
4791,黒澤めぐみ,54.5,34,2.9,9.0,-4.2,5.9,0.187,3,0.0
5224,西岡顕心,69.8,41,7.3,13.1,-4.2,12.2,0.137,1,100.0
5175,島崎丈一朗,42.5,29,0.0,6.4,-4.2,3.4,0.174,2,0.0
3744,徳増秀樹,60.4,77,3.9,9.1,-4.3,13.0,0.131,3,0.0
3837,秋山広一,64.8,41,4.9,10.7,-4.3,9.8,0.165,0,
4117,廣中智紗衣,65.7,41,4.9,10.7,-4.3,4.9,0.209,3,33.3
4184,渡邊雄一郎,74.9,42,9.5,15.4,-4.3,28.6,0.17,0,
4471,新田泰章,69.2,53,7.5,13.1,-4.3,13.2,0.145,4,0.0
4678,水野望美,45.8,31,0.0,6.4,-4.3,0.0,0.168,0,
4991,宗行治哉,62.6,41,4.9,10.7,-4.3,9.8,0.185,2,0.0
5248,本田愛,47.1,30,0.0,6.4,-4.3,6.7,0.2,2,0.0
3772,一柳和孝,52.8,35,2.9,9.0,-4.3,5.7,0.128,3,0.0
3904,森貴洋,50.3,27,0.0,6.8,-4.3,0.0,0.171,0,
4236,松村敏,81.4,50,14.0,19.7,-4.4,16.0,0.113,2,0.0
4417,服部剛,46.7,33,0.0,6.4,-4.4,3.0,0.198,2,0.0
4456,鎌倉涼,62.8,42,4.8,10.7,-4.4,7.1,0.17,1,0.0
4049,荒川健太,61.1,59,3.4,9.1,-4.5,6.8,0.178,2,50.0
4441,末永由楽,62.8,43,4.7,10.7,-4.5,4.7,0.127,2,0.0
4531,武富智亮,63.8,43,4.7,10.7,-4.5,7.0,0.18,0,
4596,葛原大陽,65.0,43,4.7,10.7,-4.5,7.0,0.153,0,
4626,伊藤紘章,43.3,36,0.0,6.4,-4.5,2.8,0.248,1,0.0
5239,上野俊樹,50.7,29,0.0,6.8,-4.5,3.4,0.141,1,0.0
3105,内山文典,48.1,31,0.0,6.8,-4.6,3.2,0.153,2,0.0
3415,松井繁,60.1,60,3.3,9.1,-4.6,11.7,0.127,0,
3474,松瀬弘美,44.8,39,0.0,6.4,-4.6,2.6,0.155,0,
3696,白井友晴,47.0,38,0.0,6.4,-4.6,0.0,0.157,4,0.0
4055,吉田俊彦,64.9,61,4.9,10.7,-4.6,8.2,0.157,1,0.0
4195,前川守嗣,48.7,33,0.0,6.8,-4.6,3.0,0.155,0,
4425,大井清貴,48.4,31,0.0,6.8,-4.6,3.2,0.165,0,
4778,堤啓輔,51.1,31,0.0,6.8,-4.6,6.5,0.165,0,
5050,木下雄介,59.0,38,2.6,9.1,-4.6,15.8,0.155,2,0.0
5127,沼田大都,43.8,37,0.0,6.4,-4.6,0.0,0.216,0,
5170,佐藤太亮,47.7,32,0.0,6.8,-4.6,0.0,0.154,3,0.0
3284,渡邊伸太郎,47.9,34,0.0,6.8,-4.7,2.9,0.216,0,
3385,渡邉睦広,55.3,39,2.6,9.0,-4.7,7.7,0.159,0,
3434,松尾宣邦,45.0,40,0.0,6.4,-4.7,0.0,0.158,0,
3436,柏野幸二,58.2,39,2.6,9.1,-4.7,2.6,0.13,0,
3478,嶋田貴支,50.8,35,0.0,6.8,-4.7,8.6,0.166,1,0.0
3581,加木郁,44.6,40,0.0,6.4,-4.7,5.0,0.176,0,
3893,汐崎正則,46.3,41,0.0,6.4,-4.7,2.4,0.162,3,0.0
4061,萩原秀人,67.4,45,4.4,10.7,-4.7,8.9,0.141,2,0.0
4300,加藤綾,47.2,41,0.0,6.4,-4.7,4.9,0.166,2,0.0
4484,稲生夏季,48.6,34,0.0,6.8,-4.7,0.0,0.18,0,
4684,楠原翔太,53.3,39,2.6,9.0,-4.7,5.1,0.162,2,0.0
5120,山本稔太朗,50.5,34,0.0,6.8,-4.7,0.0,0.152,0,
5203,神里琴音,44.5,40,0.0,6.4,-4.7,2.5,0.139,1,0.0
5247,大森翼,44.7,41,0.0,6.4,-4.7,4.9,0.161,1,0.0
5249,三木晴斗,49.5,34,0.0,6.8,-4.7,0.0,0.156,0,
3445,加藤高史,49.8,36,0.0,6.8,-4.8,2.8,0.188,3,0.0
3455,谷本幸司,47.0,45,0.0,6.4,-4.8,4.4,0.148,2,0.0
3635,石田政吾,50.0,38,0.0,6.8,-4.8,5.3,0.169,0,
3841,佐々木和伸,63.6,46,4.3,10.7,-4.8,8.7,0.15,1,0.0
3845,中谷朋子,52.3,37,0.0,6.8,-4.8,2.7,0.199,2,0.0
4262,馬場貴也,68.1,45,6.7,13.1,-4.8,15.6,0.141,2,0.0
4273,佐藤旭,48.8,36,0.0,6.8,-4.8,0.0,0.197,3,0.0
4314,青木幸太郎,60.2,40,2.5,9.1,-4.8,2.5,0.138,2,0.0
4564,山本景士郎,43.7,43,0.0,6.4,-4.8,2.3,0.193,1,0.0
4630,岩永雅人,52.8,41,2.4,9.0,-4.8,4.9,0.168,1,0.0
5110,杉山喜一,49.0,36,0.0,6.8,-4.8,0.0,0.155,2,0.0
3350,藤本佳史,49.1,40,0.0,6.8,-4.9,2.5,0.172,2,0.0
3489,大場敏,57.2,67,3.0,9.0,-4.9,7.5,0.153,2,0.0
3541,三嶌誠司,61.7,42,2.4,9.1,-4.9,9.5,0.155,3,0.0
3892,草場康幸,50.4,39,0.0,6.8,-4.9,0.0,0.158,0,
4015,前野竜一,59.4,42,2.4,9.1,-4.9,4.8,0.153,0,
4208,三浦永理,70.4,46,6.5,13.1,-4.9,21.7,0.138,0,
4371,西山貴浩,55.7,42,2.4,9.0,-4.9,7.1,0.121,0,
4389,伊藤喜智,52.7,42,2.4,9.0,-4.9,9.5,0.165,1,0.0
4545,岡村慶太,70.0,46,6.5,13.1,-4.9,13.0,0.145,3,0.0
4603,谷川将太,55.0,42,2.4,9.0,-4.9,2.4,0.163,0,
3663,木山和幸,54.3,44,2.3,9.0,-5.0,4.5,0.171,0,
3915,繁野谷圭介,60.5,43,2.3,9.1,-5.0,4.7,0.173,0,
3933,山地正樹,54.2,19,0.0,9.0,-5.0,0.0,0.176,1,0.0
4241,大串重幸,58.6,43,2.3,9.1,-5.0,4.7,0.166,0,
4452,松尾祭,52.1,43,0.0,6.8,-5.0,2.3,0.174,0,
4515,藤田浩人,60.6,43,2.3,9.1,-5.0,2.3,0.16,0,
4911,片岡大地,50.2,43,0.0,6.8,-5.0,2.3,0.144,3,0.0
5102,原田雄次,48.0,41,0.0,6.8,-5.0,0.0,0.205,2,0.0
3482,金子猛志,47.9,47,0.0,6.8,-5.1,2.1,0.161,3,0.0
3563,堤昇,55.2,45,2.2,9.0,-5.1,2.2,0.172,1,0.0
4099,吉永則雄,63.2,49,4.1,10.7,-5.1,6.1,0.154,3,0.0
4379,桑島和宏,59.5,44,2.3,9.1,-5.1,4.5,0.145,0,
4566,塩田北斗,59.2,45,2.2,9.1,-5.1,2.2,0.13,0,
4654,篠田優也,65.1,49,4.1,10.7,-5.1,12.2,0.15,2,0.0
3161,古場輝義,53.6,46,2.2,9.0,-5.2,4.3,0.167,1,0.0
3334,角ひとみ,54.2,47,2.1,9.0,-5.2,2.1,0.209,1,0.0
4931,木谷賢太,71.6,48,6.2,13.1,-5.2,10.4,0.144,3,0.0
5142,常住蓮,75.9,47,8.5,15.4,-5.2,19.1,0.14,2,50.0
4124,池田雄一,62.7,33,3.0,10.7,-5.3,9.1,0.18,2,0.0
4352,下條雄太郎,67.7,36,5.6,13.1,-5.3,13.9,0.139,0,
5015,高橋竜矢,70.9,49,6.1,13.1,-5.3,12.2,0.142,3,0.0
3435,寺田千恵,61.2,49,2.0,9.1,-5.4,8.2,0.143,1,0.0
4348,宮崎奨,61.2,49,2.0,9.1,-5.4,4.1,0.163,1,0.0
4546,浜田亜理沙,65.4,34,2.9,10.7,-5.4,2.9,0.171,4,0.0
4607,鶴田勇雄,56.3,50,2.0,9.0,-5.4,4.0,0.183,3,0.0
4611,今井美亜,59.8,50,2.0,9.1,-5.4,4.0,0.176,1,0.0
5045,平川香織,66.7,53,3.8,10.7,-5.4,9.4,0.212,8,0.0
5095,小原聡将,63.1,34,2.9,10.7,-5.4,11.8,0.155,2,0.0
3746,岡瀬正人,56.4,54,1.9,9.0,-5.6,5.6,0.186,2,0.0
3813,佐藤大介,67.7,38,5.3,13.1,-5.6,7.9,0.176,0,
4786,佐藤博亮,68.9,52,5.8,13.1,-5.7,15.4,0.128,3,0.0
4822,百武翔,63.7,57,3.5,10.7,-5.7,3.5,0.172,2,50.0
3679,飯島昌弘,66.8,58,3.4,10.7,-5.8,6.9,0.16,7,14.3
3997,北村征嗣,67.8,54,5.6,13.1,-5.9,11.1,0.165,0,
5018,竹下大樹,69.8,54,5.6,13.1,-5.9,14.8,0.149,0,
4590,渡邉優美,64.2,40,2.5,10.7,-6.0,12.5,0.152,0,
4418,茅原悠紀,74.0,42,7.1,15.4,-6.1,14.3,0.115,1,0.0
4584,村岡賢人,68.7,42,4.8,13.1,-6.1,4.8,0.122,2,0.0
4746,大豆生田蒼,52.8,32,0.0,9.0,-6.1,9.4,0.209,5,0.0
4133,高橋正男,65.1,43,2.3,10.7,-6.2,4.7,0.137,3,0.0
4003,表憲一,53.9,34,0.0,9.0,-6.3,0.0,0.165,0,
4209,藤田竜弘,56.1,37,0.0,9.0,-6.4,2.7,0.167,2,0.0
4464,山下友貴,62.7,45,2.2,10.7,-6.4,13.3,0.198,2,0.0
5193,米丸乃絵,67.5,46,2.2,10.7,-6.4,2.2,0.16,2,0.0
3715,倉尾大介,58.5,38,0.0,9.1,-6.5,2.6,0.183,5,0.0
4123,細川裕子,68.7,45,4.4,13.1,-6.5,6.7,0.18,0,
4809,外崎悟,57.0,39,0.0,9.0,-6.5,5.1,0.142,7,0.0
4296,岡崎恭裕,67.8,31,3.2,13.1,-6.6,3.2,0.145,0,
4861,田中宏樹,52.6,41,0.0,9.0,-6.6,7.3,0.162,1,0.0
4089,妹尾忠幸,64.2,50,2.0,10.7,-6.7,8.0,0.168,1,0.0
4318,桑原将光,55.4,44,0.0,9.0,-6.7,0.0,0.157,2,0.0
4373,若狭奈美子,66.4,51,2.0,10.7,-6.7,7.8,0.19,2,0.0
4523,中村辰也,60.1,42,0.0,9.1,-6.7,2.4,0.149,0,
4578,藤山雅弘,57.8,42,0.0,9.1,-6.7,4.8,0.172,2,0.0
4676,後藤隼之,52.6,43,0.0,9.0,-6.7,0.0,0.172,0,
4719,上條暢嵩,64.3,50,2.0,10.7,-6.7,8.0,0.129,2,0.0
4739,中村晃朋,66.6,50,2.0,10.7,-6.7,8.0,0.129,0,
4776,竹田和哉,72.2,47,4.3,13.1,-6.7,10.6,0.162,0,
5189,藤原早菜,53.5,44,0.0,9.0,-6.7,6.8,0.182,0,
3499,市川哲也,61.4,45,0.0,9.1,-6.8,2.2,0.146,0,
3655,本橋克洋,53.3,46,0.0,9.0,-6.8,0.0,0.191,2,0.0
4142,平野和明,57.6,44,0.0,9.1,-6.8,0.0,0.18,1,0.0
4633,森智也,58.1,45,0.0,9.1,-6.8,4.4,0.177,0,
4172,森定晃史,62.4,49,0.0,9.1,-6.9,12.2,0.162,1,0.0
4179,広次修,55.4,50,0.0,9.0,-6.9,2.0,0.152,1,0.0
4238,毒島誠,79.9,32,9.4,19.7,-7.0,21.9,0.147,1,0.0
4831,羽野直也,68.2,37,2.7,13.1,-7.4,8.1,0.148,0,
3826,村田修次,65.3,35,0.0,10.7,-7.5,0.0,0.148,0,
4817,渡邉翼,62.8,36,0.0,10.7,-7.5,5.6,0.15,0,
3737,上平真二,68.9,41,2.4,13.1,-7.8,2.4,0.175,3,0.0
4069,山本修一,62.6,43,0.0,10.7,-7.9,4.7,0.174,0,
4362,土屋智則,63.8,45,0.0,10.7,-8.0,8.9,0.149,0,
4759,今泉友吾,70.5,43,2.3,13.1,-8.0,7.0,0.172,3,0.0
4218,吉川喜継,72.6,58,5.2,15.4,-8.1,10.3,0.161,4,0.0
4451,松崎祐太郎,64.3,49,0.0,10.7,-8.2,2.0,0.145,1,0.0
4058,野末智一,63.2,56,0.0,10.7,-8.4,0.0,0.182,0,
4136,江夏満,71.6,34,0.0,13.1,-9.1,2.9,0.174,1,0.0
