登番,選手名,地力3連対,全国4走,実4まくり率,期待まくり率,まくり力,実4_1着率,全国4ST,当地4走,当地4まくり率
4538,笠置博之,58.0,36,47.2,9.0,27.0,50.0,0.144,2,100.0
4571,菅章哉,50.7,18,55.6,6.7,26.7,61.1,0.123,1,0.0
4561,藤山翔大,55.9,49,34.7,8.9,19.8,38.8,0.173,1,0.0
5126,山下大輝,67.1,44,36.4,11.0,18.9,36.4,0.147,0,
4610,佐藤大佑,57.0,39,30.8,8.9,15.8,30.8,0.143,1,0.0
5013,山下夏鈴,53.6,41,29.3,8.9,14.9,29.3,0.167,1,0.0
4438,森作雄大,43.6,48,25.0,6.4,14.1,27.1,0.11,3,0.0
5368,宮崎心之介,46.0,29,27.6,6.4,13.9,27.6,0.15,9,44.4
4188,久田敏之,76.7,39,33.3,15.2,13.1,35.9,0.126,0,
4544,松田大志郎,80.3,44,40.9,24.4,12.3,50.0,0.13,0,
4257,古川健,42.0,32,21.9,4.8,11.7,25.0,0.148,0,
4619,伏田裕隆,48.3,34,23.5,6.7,11.7,29.4,0.15,0,
3577,向所浩二,38.3,26,23.1,4.8,11.6,23.1,0.113,0,
4960,黒野元基,75.6,46,30.4,15.2,11.5,41.3,0.139,3,66.7
5295,田上凜,34.4,33,21.2,4.7,11.3,21.2,0.17,2,0.0
3876,中辻崇人,70.3,22,31.8,12.9,11.3,31.8,0.154,0,
5075,中島秀治,62.7,51,25.5,11.0,11.2,29.4,0.143,0,
5044,渡邉健,45.5,36,22.2,6.4,11.1,22.2,0.117,2,50.0
5041,荒牧凪沙,46.9,25,24.0,6.4,11.0,24.0,0.174,0,
4974,安井瑞紀,58.4,37,24.3,9.0,10.9,24.3,0.179,3,33.3
4207,松下一也,61.0,33,24.2,9.0,10.5,27.3,0.136,3,0.0
4826,井上一輝,68.5,36,27.8,12.9,10.5,30.6,0.121,0,
5077,滝沢崚,31.9,18,22.2,3.0,10.5,22.2,0.183,3,0.0
4928,栗城匠,65.2,44,25.0,11.0,10.4,31.8,0.132,3,66.7
4297,山田哲也,61.2,45,22.2,9.0,9.9,22.2,0.084,1,0.0
5197,中野仁照,56.3,19,26.3,8.9,9.7,26.3,0.177,0,
4704,河野大,61.1,46,21.7,9.0,9.6,26.1,0.141,2,50.0
4294,古賀繁輝,65.0,47,23.4,11.0,9.4,29.8,0.102,2,50.0
4845,前田紗希,70.6,39,25.6,12.9,9.2,28.2,0.148,10,40.0
3965,北中元樹,63.2,48,22.9,11.0,9.1,27.1,0.163,4,25.0
4102,益田啓司,63.9,43,23.3,11.0,9.1,25.6,0.155,3,0.0
4416,三宅健太,48.9,42,19.0,6.7,9.1,21.4,0.172,0,
4677,片橋幸貴,64.1,28,25.0,11.0,9.1,28.6,0.145,0,
5029,中亮太,62.8,48,22.9,11.0,9.1,27.1,0.127,5,60.0
5098,大江純,49.5,42,19.0,6.7,9.1,26.2,0.138,2,0.0
5158,宮脇遼太,62.9,38,23.7,11.0,9.1,31.6,0.164,0,
4483,北野輝季,67.9,35,25.7,12.9,9.0,34.3,0.135,1,0.0
4624,高田明,68.0,35,25.7,12.9,9.0,28.6,0.155,0,
3912,川原正明,55.4,43,20.9,8.9,8.9,20.9,0.13,2,50.0
4183,宇野弥生,44.0,37,18.9,6.4,8.9,18.9,0.134,1,0.0
4364,池永太,65.1,39,23.1,11.0,8.7,25.6,0.14,1,0.0
4496,内堀学,69.7,45,24.4,12.9,8.7,26.7,0.151,1,0.0
3388,今垣光太郎,57.4,44,20.5,8.9,8.6,22.7,0.145,0,
4760,山崎郡,69.6,50,24.0,12.9,8.6,28.0,0.131,1,0.0
5226,藤田俊祐,57.7,21,23.8,9.0,8.6,23.8,0.167,2,0.0
3870,寺嶋雄,36.7,43,16.3,4.7,8.5,18.6,0.172,4,50.0
5256,中山翔太,65.6,45,22.2,11.0,8.4,31.1,0.118,0,
5269,山口晃朋,52.3,38,18.4,6.7,8.4,18.4,0.15,3,0.0
4930,佐藤悠,57.8,39,20.5,9.0,8.3,20.5,0.14,4,25.0
4692,酒井俊弘,46.9,26,19.2,6.4,8.1,19.2,0.122,1,0.0
4040,廣瀬将亨,57.0,41,19.5,8.9,7.8,22.0,0.139,0,
4636,赤池修平,31.1,26,15.4,3.0,7.8,15.4,0.146,0,
5238,笹木香吾,56.3,35,20.0,8.9,7.8,20.0,0.127,3,0.0
4012,中村有裕,59.2,47,19.1,9.0,7.7,19.1,0.156,3,66.7
4288,永田啓二,73.0,43,25.6,15.2,7.7,27.9,0.113,0,
4505,島田賢人,64.3,42,21.4,11.0,7.7,26.2,0.156,7,42.9
4766,石井孝之,36.3,23,17.4,4.7,7.7,21.7,0.132,2,0.0
5234,塚越海斗,68.2,48,22.9,12.9,7.7,31.2,0.139,1,100.0
4649,和田操拓,48.1,48,16.7,6.7,7.6,18.8,0.134,0,
3568,木村光宏,40.0,40,15.0,4.8,7.5,15.0,0.16,3,0.0
4423,坂口貴彦,52.5,48,18.8,8.9,7.5,18.8,0.151,0,
4992,廣瀬篤哉,39.9,40,15.0,4.8,7.5,22.5,0.14,1,0.0
3699,富永正人,36.9,32,15.6,4.7,7.4,15.6,0.182,0,
5048,眞鳥康太,43.4,21,19.0,6.4,7.4,19.0,0.161,0,
4213,重富伸也,35.6,24,16.7,4.7,7.3,16.7,0.166,0,
4650,中山雄太,58.6,18,22.2,9.0,7.2,22.2,0.135,1,0.0
3822,平尾崇典,62.5,37,18.9,9.0,7.1,18.9,0.146,1,0.0
3849,中岡正彦,73.7,40,25.0,15.2,7.1,30.0,0.107,0,
4769,馬場剛,64.6,44,20.5,11.0,7.1,20.5,0.12,4,0.0
5161,登玉隼百,58.5,43,18.6,9.0,7.1,18.6,0.135,2,100.0
4402,乙藤智史,59.2,31,19.4,9.0,7.0,25.8,0.144,0,
4518,大須賀友,70.0,35,22.9,12.9,7.0,25.7,0.163,0,
4762,藤原啓史朗,70.0,35,22.9,12.9,7.0,22.9,0.141,0,
5141,大澤風葵,66.8,33,21.2,11.0,7.0,24.2,0.108,3,66.7
4027,松江秀徳,53.0,44,18.2,8.9,6.9,20.5,0.146,0,
4100,松田隆司,49.5,44,15.9,6.7,6.9,18.2,0.154,1,0.0
5132,中野希一,73.4,45,24.4,15.2,6.9,28.9,0.106,13,23.1
3630,黒田誠司,26.5,19,15.8,3.6,6.8,15.8,0.157,2,50.0
4232,笠雅雄,44.0,30,16.7,6.4,6.8,23.3,0.177,1,0.0
4979,中野夢斗,49.8,37,16.2,6.7,6.8,16.2,0.155,2,0.0
4702,三浦敬太,66.7,34,20.6,11.0,6.7,20.6,0.124,2,0.0
5344,谷口丞,36.9,26,15.4,4.7,6.7,19.2,0.138,1,0.0
4813,宮内直哉,28.6,31,12.9,3.0,6.7,12.9,0.159,3,33.3
3562,山下和彦,60.2,45,17.8,9.0,6.6,20.0,0.144,1,0.0
3289,高橋淳美,22.8,20,15.0,3.6,6.5,15.0,0.157,0,
3843,上之晃弘,43.0,39,15.4,6.4,6.5,15.4,0.16,0,
3940,飯山泰,64.8,46,19.6,11.0,6.5,19.6,0.135,3,0.0
4410,井上大輔,45.1,39,15.4,6.4,6.5,15.4,0.128,3,33.3
4834,浜本裕己,55.4,52,17.3,8.9,6.5,21.2,0.138,0,
4877,鈴谷一平,62.1,39,17.9,9.0,6.5,20.5,0.135,1,100.0
5214,田中宏典,44.5,31,16.1,6.4,6.5,19.4,0.163,1,0.0
5220,青木蓮,65.3,46,19.6,11.0,6.5,21.7,0.121,12,25.0
4254,川島圭司,52.3,31,16.1,6.7,6.4,19.4,0.125,3,0.0
5265,大廣咲季,27.9,43,11.6,3.0,6.4,16.3,0.151,0,
3740,大澤普司,62.7,35,20.0,11.0,6.3,22.9,0.16,2,50.0
3784,中島友和,51.6,39,15.4,6.7,6.3,15.4,0.148,0,
4925,森悠稀,56.2,40,17.5,8.9,6.3,17.5,0.132,1,0.0
3918,深井利寿,65.9,47,19.1,11.0,6.2,19.1,0.146,1,0.0
4237,大峯豊,65.9,47,19.1,11.0,6.2,19.1,0.134,1,0.0
4330,奈須啓太,61.6,40,17.5,9.0,6.2,17.5,0.138,1,0.0
4370,山口達也,64.1,41,19.5,11.0,6.2,19.5,0.153,2,0.0
4539,金子賢志,59.3,40,17.5,9.0,6.2,20.0,0.116,0,
4812,西野雄貴,71.8,37,21.6,12.9,6.2,21.6,0.114,0,
5150,坂本雄紀,65.7,41,19.5,11.0,6.2,24.4,0.153,5,40.0
3975,小野寺智洋,56.2,34,17.6,8.9,6.1,17.6,0.132,0,
4552,杉山勝匡,50.0,40,15.0,6.7,6.1,20.0,0.142,0,
3439,大平誉史明,60.2,34,17.6,9.0,6.0,23.5,0.159,1,0.0
4625,渡邊裕貴,41.0,29,13.8,4.8,6.0,20.7,0.171,0,
4796,春園功太,64.0,30,20.0,11.0,6.0,23.3,0.129,5,40.0
4843,深尾巴恵,44.4,17,17.6,6.4,6.0,17.6,0.132,0,
4190,長嶋万記,69.5,17,23.5,12.9,5.7,29.4,0.162,0,
4369,丹下将,57.2,42,16.7,8.9,5.7,19.0,0.158,0,
4478,櫻本あゆみ,58.6,35,17.1,9.0,5.7,22.9,0.138,4,0.0
4871,菊池宏志,41.8,30,13.3,4.8,5.7,13.3,0.181,0,
4879,山崎鉄平,43.2,34,14.7,6.4,5.7,17.6,0.162,1,0.0
4073,大橋純一郎,65.7,43,18.6,11.0,5.6,18.6,0.146,1,100.0
5245,倉富大誠,47.6,34,14.7,6.7,5.6,17.6,0.156,2,50.0
4832,権藤俊光,66.5,43,18.6,11.0,5.6,27.9,0.14,0,
4011,堀之内紀代子,55.8,36,16.7,8.9,5.5,16.7,0.154,2,0.0
4887,富澤祐作,47.0,35,14.3,6.4,5.5,17.1,0.118,2,0.0
4988,牟田奨太,35.0,31,12.9,4.7,5.5,12.9,0.138,0,
5129,山口真喜子,54.4,36,16.7,8.9,5.5,19.4,0.154,0,
5377,鳥居塚嶺王,33.5,41,12.2,4.7,5.5,12.2,0.172,2,0.0
3381,滝沢芳行,43.7,44,13.6,6.4,5.4,13.6,0.138,6,33.3
3517,高橋勲,58.5,50,16.0,9.0,5.4,18.0,0.151,4,0.0
3930,岸本隆,49.1,43,14.0,6.7,5.4,16.3,0.143,2,0.0
4587,木田峰由季,61.0,36,16.7,9.0,5.4,16.7,0.143,0,
4797,中山将,67.9,34,20.6,12.9,5.4,20.6,0.135,3,33.3
4804,高田ひかる,64.1,44,18.2,11.0,5.4,25.0,0.17,0,
4808,松尾拓,61.9,43,16.3,9.0,5.4,16.3,0.165,2,0.0
5299,西丸敦基,50.9,43,14.0,6.7,5.4,16.3,0.157,0,
3878,胡本悟志,35.8,32,12.5,4.7,5.3,12.5,0.165,3,0.0
4062,後藤陽介,35.6,42,11.9,4.7,5.3,11.9,0.158,3,0.0
4374,永田義紘,45.0,36,13.9,6.4,5.3,13.9,0.152,1,0.0
5038,金田智博,63.0,32,18.8,11.0,5.3,18.8,0.125,1,0.0
5065,伊久間陽優,50.3,35,14.3,6.7,5.3,17.1,0.134,0,
4729,佐藤謙史朗,33.1,22,13.6,4.7,5.3,13.6,0.169,0,
4519,清水沙樹,51.4,27,14.8,6.7,5.2,14.8,0.143,2,50.0
5298,水谷理人,71.0,51,19.6,12.9,5.2,25.5,0.158,0,
4230,濱崎直矢,64.7,26,19.2,11.0,5.2,19.2,0.165,4,0.0
3811,石田章央,61.2,37,16.2,9.0,5.1,16.2,0.148,4,25.0
4177,萬正嗣,43.3,28,14.3,6.4,5.1,14.3,0.164,2,0.0
4252,松下哲也,40.4,43,11.6,4.8,5.1,16.3,0.188,2,0.0
4366,前沢丈史,71.2,46,19.6,12.9,5.1,21.7,0.124,4,25.0
4589,塩崎桐加,47.1,28,14.3,6.4,5.1,14.3,0.15,1,0.0
4973,栗原直也,47.7,36,13.9,6.7,5.1,13.9,0.167,5,0.0
5034,若林義人,63.9,45,17.8,11.0,5.1,20.0,0.118,2,50.0
5107,松本真広,41.8,33,12.1,4.8,5.1,12.1,0.198,0,
3470,新田芳美,49.4,28,14.3,6.7,5.0,14.3,0.169,0,
3713,伊藤誠二,56.2,38,15.8,8.9,5.0,15.8,0.149,0,
4342,谷野錬志,66.4,39,17.9,11.0,5.0,25.6,0.145,4,50.0
4520,高倉孝太,54.8,38,15.8,8.9,5.0,15.8,0.153,4,25.0
3294,野中義生,38.9,23,13.0,4.8,5.0,13.0,0.16,3,0.0
4427,秦英悟,62.7,39,17.9,11.0,5.0,25.6,0.164,2,0.0
3212,亀本勇樹,39.6,44,11.4,4.8,4.9,11.4,0.144,0,
3444,香月大介,20.3,20,10.0,1.4,4.9,10.0,0.177,0,
3801,五反田忍,44.8,20,15.0,6.4,4.9,15.0,0.169,0,
4594,谷川祐一,60.4,52,15.4,9.0,4.9,17.3,0.141,4,25.0
4734,安河内将,70.8,41,19.5,12.9,4.9,22.0,0.137,1,0.0
4823,中村桃佳,65.2,33,18.2,11.0,4.9,27.3,0.127,1,0.0
4983,前田篤哉,70.6,41,19.5,12.9,4.9,31.7,0.133,2,50.0
5020,宮村勇哉,39.4,34,11.8,4.8,4.9,11.8,0.173,3,66.7
5196,鰐部太空海,68.5,41,19.5,12.9,4.9,26.8,0.147,0,
5005,石田貴洋,65.6,33,18.2,11.0,4.9,18.2,0.155,6,16.7
4025,山本隆幸,71.6,30,20.0,12.9,4.8,23.3,0.174,0,
5117,冨名腰桃奈,36.2,24,12.5,4.7,4.8,12.5,0.184,1,0.0
5405,竹内来,9.5,21,9.5,1.2,4.8,9.5,0.184,2,0.0
4497,桑原悠,61.7,31,16.1,9.0,4.8,19.4,0.148,3,0.0
3556,田中信一郎,70.0,36,19.4,12.9,4.7,22.2,0.142,2,50.0
4530,小野生奈,69.5,36,19.4,12.9,4.7,19.4,0.156,0,
4816,村松修二,54.5,39,15.4,8.9,4.7,20.5,0.142,3,0.0
5016,宮田龍馬,69.2,36,19.4,12.9,4.7,22.2,0.137,1,100.0
5092,篠原晟弥,61.4,46,15.2,9.0,4.7,21.7,0.136,1,0.0
5289,佃來紀,57.1,39,15.4,8.9,4.7,15.4,0.15,0,
4313,西村美智子,57.9,24,16.7,9.0,4.7,25.0,0.129,2,0.0
3779,原田幸哉,53.8,47,14.9,8.9,4.6,17.0,0.113,1,0.0
3966,作間章,70.1,42,19.0,12.9,4.6,23.8,0.146,3,0.0
4705,吉川勇作,28.4,30,10.0,3.0,4.6,13.3,0.156,0,
5136,濱野斗馬,60.3,39,15.4,9.0,4.6,17.9,0.15,0,
5145,島川海輝,60.5,39,15.4,9.0,4.6,20.5,0.145,2,0.0
3233,小畑実成,41.8,36,11.1,4.8,4.5,13.9,0.17,2,50.0
4059,入澤友治,50.0,39,12.8,6.7,4.5,20.5,0.139,1,0.0
4380,鈴木峻佑,39.2,36,11.1,4.8,4.5,13.9,0.163,2,0.0
4401,小林泰,51.2,39,12.8,6.7,4.5,15.4,0.152,2,50.0
4627,藤原菜希,62.1,32,15.6,9.0,4.5,21.9,0.151,0,
5003,来田衣織,42.3,47,10.6,4.8,4.5,12.8,0.157,7,0.0
5086,本村大,31.1,31,9.7,3.0,4.5,12.9,0.169,0,
5331,佐藤永梧,35.6,25,12.0,4.7,4.5,16.0,0.138,1,0.0
4156,浜野孝志,55.7,48,14.6,8.9,4.4,16.7,0.151,0,
4226,村田浩司,44.9,31,12.9,6.4,4.4,12.9,0.154,0,
4286,平田さやか,55.0,48,14.6,8.9,4.4,18.8,0.15,0,
4793,金子萌,62.7,41,17.1,11.0,4.4,24.4,0.14,0,
5061,中村駿平,27.4,29,10.3,3.6,4.4,10.3,0.141,1,0.0
5257,西丸侑太朗,63.6,41,17.1,11.0,4.4,22.0,0.153,0,
3475,橋本久和,47.5,31,12.9,6.4,4.4,16.1,0.162,3,0.0
3176,長谷川巌,40.3,15,13.3,4.8,4.3,13.3,0.189,0,
3652,森下勇,27.8,32,9.4,3.0,4.3,9.4,0.173,1,0.0
4840,鈴木秀茉,50.0,40,12.5,6.7,4.3,15.0,0.172,2,0.0
4994,山本梨菜,67.3,35,17.1,11.0,4.3,17.1,0.165,3,0.0
5057,上田紗奈,49.5,40,12.5,6.7,4.3,12.5,0.153,0,
5179,藤本元輝,36.5,26,11.5,4.7,4.3,11.5,0.178,0,
5206,梅原祥平,36.2,26,11.5,4.7,4.3,11.5,0.149,3,0.0
5252,荒木颯斗,63.4,35,17.1,11.0,4.3,17.1,0.15,1,0.0
5315,浅井翼,17.0,26,7.7,0.9,4.3,7.7,0.176,1,0.0
5255,藤原仙二,69.8,43,18.6,12.9,4.3,20.9,0.184,0,
3716,石渡鉄兵,57.3,41,14.6,8.9,4.2,17.1,0.139,3,0.0
3872,岡田憲行,56.7,41,14.6,8.9,4.2,14.6,0.184,0,
3992,関口智久,52.3,31,12.9,6.7,4.2,12.9,0.142,4,25.0
4028,田村隆信,55.3,41,14.6,8.9,4.2,17.1,0.168,2,50.0
4276,鈴木勝博,55.0,41,14.6,8.9,4.2,22.0,0.132,1,100.0
4640,山ノ内雅人,63.7,42,16.7,11.0,4.2,16.7,0.135,1,0.0
4683,向井田直弥,30.4,19,10.5,3.0,4.2,10.5,0.15,0,
4750,井上尚悟,45.8,41,12.2,6.4,4.2,17.1,0.171,4,25.0
3459,中野和裕,24.0,31,9.7,3.6,4.1,9.7,0.153,0,
4467,渡邉俊介,66.3,49,16.3,11.0,4.1,20.4,0.122,2,0.0
4754,松尾充,59.8,41,14.6,9.0,4.1,17.1,0.15,1,0.0
5183,中野孝二,47.2,32,12.5,6.4,4.1,12.5,0.155,3,33.3
5243,三馬崇史,50.7,41,12.2,6.7,4.1,17.1,0.17,2,0.0
5341,山道諄也,11.8,26,7.7,1.2,4.1,7.7,0.201,4,0.0
3617,竹田広樹,30.8,34,8.8,3.0,4.0,11.8,0.173,0,
4302,西野翔太,69.3,38,18.4,12.9,4.0,21.1,0.145,2,50.0
4950,高岡竜也,63.2,36,16.7,11.0,4.0,22.2,0.151,0,
5278,田中駿兵,72.2,44,18.2,12.9,4.0,20.5,0.139,2,50.0
5350,網代良芽,39.4,39,10.3,4.8,4.0,10.3,0.158,2,50.0
3516,吉原聖人,36.0,28,10.7,4.7,3.9,10.7,0.171,2,50.0
3717,立間充宏,52.2,23,13.0,6.7,3.9,13.0,0.17,2,0.0
3825,宮嵜隆太郎,23.6,32,9.4,3.6,3.9,9.4,0.114,0,
4383,竹田吉行,58.1,42,14.3,9.0,3.9,14.3,0.168,0,
4703,森永隆,62.8,43,16.3,11.0,3.9,20.9,0.15,0,
5275,松田淳平,66.8,43,16.3,11.0,3.9,20.9,0.123,1,0.0
5156,坂野さくら,44.4,33,12.1,6.4,3.9,15.2,0.198,0,
3422,服部幸男,58.7,58,13.8,9.0,3.8,17.2,0.155,6,0.0
4385,鈴木祐美子,27.8,21,9.5,3.0,3.8,9.5,0.226,4,25.0
4945,上村宏太,33.5,40,10.0,4.7,3.8,10.0,0.169,0,
5223,森清友翔,42.0,40,10.0,4.8,3.8,17.5,0.151,2,0.0
3497,後藤浩,43.9,34,11.8,6.4,3.7,14.7,0.167,6,0.0
3612,馬袋義則,68.3,57,17.5,12.9,3.7,21.1,0.115,0,
4216,星栄爾,50.0,43,11.6,6.7,3.7,11.6,0.153,0,
4349,犬童千秋,41.9,29,10.3,4.8,3.7,13.8,0.16,0,
5006,久保原秀人,24.5,33,9.1,3.6,3.7,9.1,0.181,1,0.0
5067,山田真聖,47.0,34,11.8,6.4,3.7,11.8,0.156,0,
5079,大石真央,44.9,34,11.8,6.4,3.7,11.8,0.157,2,0.0
5190,大月遊雅,39.9,29,10.3,4.8,3.7,10.3,0.184,2,0.0
5264,登みひ果,46.3,34,11.8,6.4,3.7,14.7,0.174,1,0.0
5388,佐野優都,35.3,41,9.8,4.7,3.7,12.2,0.131,3,0.0
3895,堀本裕也,34.3,17,11.8,4.7,3.7,11.8,0.151,1,0.0
4977,馬野耀,59.1,35,14.3,9.0,3.7,17.1,0.133,2,0.0
5036,福田翔吾,47.1,44,11.4,6.4,3.7,18.2,0.142,0,
5319,近藤颯斗,51.2,24,12.5,6.7,3.6,16.7,0.109,3,33.3
3339,泉具巳,40.8,30,10.0,4.8,3.5,10.0,0.16,0,
3805,高橋英之,53.4,36,13.9,8.9,3.5,13.9,0.126,0,
4414,大澤真菜,35.7,30,10.0,4.7,3.5,10.0,0.175,1,100.0
4568,廣瀬真也,52.1,34,11.8,6.7,3.5,11.8,0.148,3,33.3
4898,菊地敬介,43.8,25,12.0,6.4,3.5,12.0,0.147,0,
5217,藤原碧生,63.3,31,16.1,11.0,3.5,19.4,0.146,0,
5352,西岡蒼志,40.7,42,9.5,4.8,3.5,9.5,0.142,0,
3340,池田雷太,31.1,38,7.9,3.0,3.5,7.9,0.185,0,
4131,原豊土,63.4,31,16.1,11.0,3.5,22.6,0.164,1,0.0
4863,三浦裕貴,44.8,15,13.3,6.4,3.5,13.3,0.148,1,0.0
3567,吉岡誠,28.8,23,8.7,3.0,3.4,8.7,0.158,2,0.0
4072,森永淳,69.7,40,17.5,12.9,3.4,17.5,0.123,1,0.0
4575,戸塚邦好,61.5,36,13.9,9.0,3.4,13.9,0.135,0,
4601,森野正弘,67.3,52,15.4,11.0,3.4,17.3,0.124,0,
3993,永井聖美,51.8,35,11.4,6.7,3.3,11.4,0.169,0,
4163,山崎裕司,55.6,45,13.3,8.9,3.3,15.6,0.177,2,0.0
4359,横川聖志,52.2,35,11.4,6.7,3.3,11.4,0.121,0,
4635,峰重力也,48.0,25,12.0,6.7,3.3,24.0,0.117,1,0.0
5014,梶山涼斗,48.5,35,11.4,6.7,3.3,14.3,0.114,0,
5318,河内一馬,22.5,32,6.2,1.4,3.3,6.2,0.174,2,0.0
3654,武田光史,62.5,45,13.3,9.0,3.2,24.4,0.154,4,0.0
4319,三宅潤,58.8,37,13.5,9.0,3.2,16.2,0.16,0,
4361,柳生泰二,72.8,41,19.5,15.2,3.2,29.3,0.142,0,
4792,杉村賢也,44.2,26,11.5,6.4,3.2,11.5,0.161,2,50.0
4856,豊田健士郎,67.5,47,17.0,12.9,3.2,21.3,0.126,3,0.0
5051,松本純平,66.5,39,15.4,11.0,3.2,15.4,0.153,4,50.0
5068,前田滉,73.6,41,19.5,15.2,3.2,31.7,0.147,0,
5218,山田理央,65.1,53,15.1,11.0,3.2,22.6,0.154,2,0.0
4569,中澤宏奈,42.7,26,11.5,6.4,3.2,15.4,0.161,0,
3982,福田理,33.2,32,9.4,4.7,3.1,9.4,0.149,4,0.0
4152,深水慎一郎,50.5,26,11.5,6.7,3.1,19.2,0.148,2,0.0
4821,妻鳥晋也,49.5,36,11.1,6.7,3.1,16.7,0.161,0,
4926,吉川貴仁,78.9,31,29.0,24.4,3.1,38.7,0.139,3,33.3
4997,濱崎寿里矢,28.1,25,8.0,3.0,3.1,8.0,0.166,3,0.0
4461,安田吉宏,40.2,32,9.4,4.8,3.1,9.4,0.159,2,50.0
4482,守屋美穂,58.3,46,13.0,9.0,3.0,17.4,0.166,1,0.0
4638,小林遼太,49.3,37,10.8,6.7,3.0,16.2,0.18,3,0.0
4735,角山雄哉,42.4,33,9.1,4.8,3.0,12.1,0.128,0,
4914,吉田裕平,63.9,47,14.9,11.0,3.0,23.4,0.117,0,
5017,澤田尚也,60.8,38,13.2,9.0,3.0,21.1,0.138,1,0.0
5301,岩下巧斗,42.2,33,9.1,4.8,3.0,9.1,0.149,1,0.0
3664,鈴木賢一,46.2,27,11.1,6.4,3.0,11.1,0.182,4,25.0
3898,平田忠則,71.0,35,17.1,12.9,3.0,20.0,0.17,4,50.0
5052,赤井星璃菜,37.6,20,10.0,4.8,3.0,15.0,0.153,1,0.0
3256,三角哲男,62.1,30,13.3,9.0,2.9,23.3,0.144,1,0.0
3582,吉川昭男,59.4,30,13.3,9.0,2.9,16.7,0.178,0,
3978,齊藤仁,57.1,39,12.8,8.9,2.9,12.8,0.153,2,0.0
4365,盛本真輔,56.5,39,12.8,8.9,2.9,23.1,0.179,0,
5188,武井莉里佳,55.9,39,12.8,8.9,2.9,15.4,0.165,0,
4138,中井俊祐,43.0,38,10.5,6.4,2.9,15.8,0.147,0,
3286,坂東満,37.8,21,9.5,4.8,2.8,9.5,0.183,1,0.0
3743,林美憲,58.0,56,12.5,9.0,2.8,12.5,0.164,0,
4044,湯川浩司,61.6,39,12.8,9.0,2.8,15.4,0.129,1,100.0
4189,川上剛,62.5,55,14.5,11.0,2.8,16.4,0.162,0,
4201,佐竹友樹,32.1,27,7.4,3.0,2.8,14.8,0.152,4,25.0
4204,柴田大輔,47.9,38,10.5,6.7,2.8,10.5,0.183,0,
4346,前田健太郎,37.6,34,8.8,4.8,2.8,14.7,0.163,0,
5083,柳瀬幹太,44.3,28,10.7,6.4,2.8,17.9,0.148,0,
3874,山本寛久,66.1,41,14.6,11.0,2.7,19.5,0.167,2,50.0
4109,谷津幸宏,57.8,48,12.5,9.0,2.7,12.5,0.121,6,50.0
4899,占部一真,37.3,35,8.6,4.7,2.7,8.6,0.157,5,20.0
4953,尾上雅也,66.3,41,14.6,11.0,2.7,17.1,0.152,4,25.0
5194,大久保佑香,38.4,35,8.6,4.8,2.7,8.6,0.153,1,0.0
5381,有山望,17.8,39,5.1,1.4,2.7,5.1,0.17,2,50.0
4885,大山千広,66.7,19,15.8,11.0,2.7,15.8,0.141,0,
3995,重野哲之,64.8,34,14.7,11.0,2.6,14.7,0.102,3,0.0
4289,落合直子,55.1,40,12.5,8.9,2.6,15.0,0.138,1,0.0
4645,上村純一,62.8,34,14.7,11.0,2.6,20.6,0.139,2,0.0
4725,佐竹太一,45.5,29,10.3,6.4,2.6,17.2,0.168,0,
4938,小芦るり華,66.0,34,14.7,11.0,2.6,17.6,0.173,2,50.0
5199,垂水悠,47.5,28,10.7,6.7,2.6,10.7,0.118,0,
4548,篠木亜衣花,17.6,15,6.7,1.4,2.6,6.7,0.223,1,0.0
4825,倉持莉々,66.8,34,14.7,11.0,2.6,17.6,0.136,3,33.3
4174,赤坂俊輔,66.0,49,14.3,11.0,2.5,14.3,0.16,1,0.0
4270,岸本雄貴,41.3,36,8.3,4.8,2.5,11.1,0.19,4,50.0
3277,齋藤勇,38.8,37,8.1,4.8,2.4,8.1,0.172,2,0.0
3714,梶原正,38.0,37,8.1,4.8,2.4,8.1,0.141,3,33.3
4527,高野心吾,35.9,37,8.1,4.7,2.4,10.8,0.175,0,
4815,伏島祐介,42.4,23,8.7,4.8,2.4,8.7,0.18,2,0.0
4819,蜂須瑞生,58.3,32,12.5,9.0,2.4,15.6,0.156,2,0.0
4903,吉田凌太朗,67.8,50,16.0,12.9,2.4,18.0,0.138,3,0.0
5104,山田丈,57.6,32,12.5,9.0,2.4,18.8,0.152,0,
5135,仲航太,49.0,29,10.3,6.7,2.4,10.3,0.136,1,100.0
5153,佐藤ほのか,31.8,30,6.7,3.0,2.4,6.7,0.165,0,
3543,福田雅一,48.7,29,10.3,6.7,2.4,10.3,0.17,0,
4495,森晋太郎,57.9,32,12.5,9.0,2.4,12.5,0.146,2,0.0
4533,峰重侑治,41.4,23,8.7,4.8,2.4,8.7,0.177,0,
3463,乙津康志,42.0,38,7.9,4.8,2.3,7.9,0.19,3,0.0
4193,郷原章平,60.0,50,12.0,9.0,2.3,20.0,0.153,6,16.7
4679,植田太一,58.8,41,12.2,9.0,2.3,14.6,0.165,0,
4771,下寺秀和,72.3,44,15.9,12.9,2.3,25.0,0.168,0,
4944,田代達也,36.1,38,7.9,4.7,2.3,7.9,0.179,4,0.0
5367,赤松咲香,5.6,23,4.3,0.5,2.3,4.3,0.173,1,0.0
4169,多田有佑,26.8,28,7.1,3.6,2.3,7.1,0.232,1,0.0
3550,都築正治,53.5,42,11.9,8.9,2.2,16.7,0.165,2,0.0
4009,小林一樹,53.3,42,11.9,8.9,2.2,11.9,0.13,0,
4260,中越博紀,54.4,42,11.9,8.9,2.2,19.0,0.166,0,
4537,渡邉和将,67.2,43,14.0,11.0,2.2,20.9,0.125,0,
4733,赤井睦,46.2,31,9.7,6.4,2.2,9.7,0.148,0,
4747,山戸信二,34.5,24,8.3,4.7,2.2,12.5,0.142,0,
4893,渡邉真奈美,46.8,31,9.7,6.4,2.2,9.7,0.152,1,0.0
4948,木場悠介,55.4,33,12.1,8.9,2.2,18.2,0.136,0,
5090,生方靖亜,50.8,30,10.0,6.7,2.2,10.0,0.162,3,33.3
5106,山崎祥,55.7,33,12.1,8.9,2.2,18.2,0.155,0,
5236,小宮涼雅,35.5,53,7.5,4.7,2.2,11.3,0.173,0,
4488,小山勉,69.8,31,16.1,12.9,2.2,22.6,0.151,2,0.0
3349,吉田一郎,60.3,51,11.8,9.0,2.1,13.7,0.143,0,
3615,横田茂,41.8,39,7.7,4.8,2.1,7.7,0.157,2,100.0
3952,中澤和志,68.1,38,15.8,12.9,2.1,21.1,0.131,5,20.0
4024,井口佳典,61.2,42,11.9,9.0,2.1,14.3,0.155,4,25.0
4403,木下大將,61.8,42,11.9,9.0,2.1,16.7,0.152,2,50.0
4573,佐藤翼,59.1,42,11.9,9.0,2.1,14.3,0.125,6,33.3
5337,出畑孝成,33.2,54,7.4,4.7,2.1,9.3,0.176,3,33.3
5355,萩原丈太朗,7.9,21,4.8,1.2,2.1,4.8,0.15,1,0.0
3932,池田浩美,39.9,25,8.0,4.8,2.0,8.0,0.166,0,
3960,菊地孝平,58.7,52,11.5,9.0,2.0,19.2,0.1,4,25.0
4215,吉島祥之,56.3,43,11.6,8.9,2.0,11.6,0.14,0,
4404,岸蔭亮,32.5,34,5.9,3.0,2.0,5.9,0.187,2,0.0
4449,中嶋達也,36.1,40,7.5,4.7,2.0,10.0,0.144,2,0.0
4499,滝川真由子,52.6,25,12.0,8.9,2.0,20.0,0.192,0,
4637,中田友也,57.2,34,11.8,8.9,2.0,17.6,0.148,1,0.0
4675,井手良太,53.4,25,12.0,8.9,2.0,16.0,0.13,1,0.0
5070,中島航,35.0,25,8.0,4.7,2.0,8.0,0.191,2,0.0
5087,佐藤航,68.2,52,15.4,12.9,2.0,17.3,0.155,12,0.0
5231,寺田空詩,51.9,31,9.7,6.7,2.0,12.9,0.168,3,0.0
5321,一色颯輝,46.6,20,10.0,6.4,2.0,15.0,0.185,0,
4239,竹田辰也,66.8,36,13.9,11.0,2.0,13.9,0.158,0,
5417,小柳勝希,21.3,20,5.0,1.4,2.0,10.0,0.191,0,
3857,阿波勝哉,39.9,25,8.0,4.8,2.0,12.0,0.21,4,0.0
3503,堂原洋史,30.2,35,5.7,3.0,1.9,5.7,0.145,2,0.0
3627,井上恵一,49.8,55,9.1,6.7,1.9,12.7,0.176,2,0.0
4327,加藤翔,35.8,41,7.3,4.7,1.9,7.3,0.197,3,0.0
4852,川原祐明,74.7,45,17.8,15.2,1.9,26.7,0.144,2,50.0
5073,上原健次郎,52.3,32,9.4,6.7,1.9,15.6,0.17,2,0.0
5287,滝沢織寧,23.6,31,6.5,3.6,1.9,9.7,0.155,6,0.0
3726,桂林寛,42.2,26,7.7,4.8,1.9,7.7,0.158,0,
3226,浦田信義,44.9,33,9.1,6.4,1.8,9.1,0.198,1,0.0
3778,安達美帆,21.3,23,4.3,1.4,1.8,8.7,0.215,3,0.0
3999,大瀧明日香,61.1,44,11.4,9.0,1.8,13.6,0.146,0,
4035,杉江浩明,32.3,36,5.6,3.0,1.8,5.6,0.202,3,0.0
4196,田中太一郎,36.0,42,7.1,4.7,1.8,7.1,0.16,1,0.0
4415,下出卓矢,55.9,35,11.4,8.9,1.8,11.4,0.14,2,0.0
4656,大崎翔,46.6,33,9.1,6.4,1.8,15.2,0.145,4,0.0
4765,野田部宏子,43.6,33,9.1,6.4,1.8,9.1,0.126,0,
4942,柴田朋哉,56.5,35,11.4,8.9,1.8,14.3,0.135,3,0.0
4967,中村魁生,67.5,45,13.3,11.0,1.8,20.0,0.126,0,
3544,豊田訓靖,26.4,32,6.2,3.6,1.8,6.2,0.184,1,0.0
3604,武藤綾子,36.4,27,7.4,4.7,1.7,11.1,0.166,0,
3701,大西隆洋,29.9,37,5.4,3.0,1.7,5.4,0.166,0,
3953,志道吉和,21.5,24,4.2,1.4,1.7,4.2,0.206,0,
4122,安東幸治,55.0,45,11.1,8.9,1.7,17.8,0.162,2,0.0
4158,木場雄二郎,44.9,34,8.8,6.4,1.7,8.8,0.162,0,
4245,高橋直哉,39.4,27,7.4,4.8,1.7,7.4,0.177,2,0.0
4811,向井田佑紀,44.1,46,8.7,6.4,1.7,10.9,0.162,2,0.0
4895,門間雄大,50.0,33,9.1,6.7,1.7,12.1,0.142,1,0.0
5042,畑田汰一,64.3,53,13.2,11.0,1.7,15.1,0.114,15,33.3
5076,石原光,49.7,33,9.1,6.7,1.7,9.1,0.177,2,50.0
5133,堀越雄貴,50.5,33,9.1,6.7,1.7,12.1,0.199,3,0.0
5270,小玉啓太,42.6,34,8.8,6.4,1.7,8.8,0.152,0,
3158,島川光男,59.9,45,11.1,9.0,1.6,15.6,0.142,0,
3535,渡修平,34.2,28,7.1,4.7,1.6,7.1,0.201,0,
3578,塩田雄一,33.3,28,7.1,4.7,1.6,7.1,0.199,0,
3611,岩崎芳美,56.7,36,11.1,8.9,1.6,11.1,0.131,4,25.0
3629,浅見昌克,61.2,45,11.1,9.0,1.6,11.1,0.139,3,0.0
3641,一瀬明,59.5,54,11.1,9.0,1.6,18.5,0.178,1,0.0
3757,畑和宏,56.4,36,11.1,8.9,1.6,11.1,0.151,0,
4419,原加央理,56.6,36,11.1,8.9,1.6,16.7,0.158,0,
4932,新開航,68.0,40,15.0,12.9,1.6,15.0,0.139,5,40.0
4943,八木治樹,34.0,28,7.1,4.7,1.6,7.1,0.135,1,0.0
5060,数原魁,57.2,36,11.1,8.9,1.6,11.1,0.176,0,
5320,岩崎麗子,17.1,31,3.2,0.9,1.6,3.2,0.151,1,0.0
5369,岡崎凪汰,20.8,25,4.0,1.4,1.6,4.0,0.176,0,
4090,中村尊,58.5,26,11.5,9.0,1.6,19.2,0.143,5,0.0
4939,宮之原輝紀,68.4,33,15.2,12.9,1.6,27.3,0.128,1,100.0
5124,上瀧絢也,40.7,28,7.1,4.8,1.6,7.1,0.177,0,
3175,渡辺千草,43.1,35,8.6,6.4,1.5,8.6,0.141,0,
3956,横澤剛治,61.1,36,11.1,9.0,1.5,16.7,0.154,3,33.3
3976,内田圭,30.3,39,5.1,3.0,1.5,5.1,0.161,1,0.0
4033,伊藤将吉,66.0,38,13.2,11.0,1.5,15.8,0.134,1,0.0
4277,金田大輔,43.7,35,8.6,6.4,1.5,8.6,0.162,0,
4323,山田佑樹,48.7,34,8.8,6.7,1.5,14.7,0.164,0,
4398,船岡洋一郎,68.2,47,14.9,12.9,1.5,17.0,0.128,1,0.0
4512,高野哲史,68.8,47,14.9,12.9,1.5,19.1,0.153,0,
4689,豊田結,51.0,34,8.8,6.7,1.5,8.8,0.145,0,
4706,三浦洋次朗,56.3,46,10.9,8.9,1.5,13.0,0.175,5,0.0
4959,井上忠政,66.3,46,13.0,11.0,1.5,17.4,0.133,0,
5055,眞鳥章太,56.0,46,10.9,8.9,1.5,13.0,0.164,0,
5277,井上未都,51.3,34,8.8,6.7,1.5,11.8,0.149,0,
5386,米玉利大悟,18.1,27,3.7,1.4,1.5,3.7,0.162,0,
4281,大澤大夢,48.1,34,8.8,6.7,1.5,8.8,0.166,1,100.0
3377,塚田修二,32.5,29,6.9,4.7,1.4,6.9,0.198,3,33.3
4118,宇佐見淳,64.5,55,12.7,11.0,1.4,20.0,0.157,5,20.0
4878,西岡育未,42.0,29,6.9,4.8,1.4,10.3,0.164,0,
4889,後藤盛也,47.0,23,8.7,6.4,1.4,8.7,0.142,1,100.0
5230,石原凪紗,37.6,29,6.9,4.8,1.4,6.9,0.186,2,0.0
5371,早川颯太,2.7,42,2.4,0.5,1.4,2.4,0.221,3,0.0
5290,坂本一真,24.3,35,5.7,3.6,1.4,5.7,0.169,1,0.0
3319,山崎義明,55.6,47,10.6,8.9,1.3,10.6,0.144,5,40.0
3852,澤大介,37.9,30,6.7,4.8,1.3,6.7,0.18,2,0.0
3866,木山誠一,41.5,30,6.7,4.8,1.3,6.7,0.11,2,0.0
4045,佐々木裕美,41.8,30,6.7,4.8,1.3,6.7,0.159,2,0.0
4106,坂井康嗣,27.4,36,5.6,3.6,1.3,5.6,0.178,0,
4231,鈴木裕隆,53.3,47,10.6,8.9,1.3,14.9,0.169,4,0.0
4283,石井裕美,39.4,30,6.7,4.8,1.3,6.7,0.181,0,
4315,山崎昂介,42.7,36,8.3,6.4,1.3,8.3,0.164,0,
4356,長岡良也,63.3,47,12.8,11.0,1.3,12.8,0.161,1,0.0
4446,和田兼輔,70.7,48,14.6,12.9,1.3,14.6,0.13,1,0.0
4966,田川大貴,48.7,35,8.6,6.7,1.3,11.4,0.152,1,100.0
5039,倉田茂将,42.5,46,6.5,4.8,1.3,10.9,0.142,2,0.0
5121,定松勇樹,67.9,41,14.6,12.9,1.3,17.1,0.122,0,
5311,小林京平,47.6,35,8.6,6.7,1.3,14.3,0.159,0,
5339,石井伸長,46.6,36,8.3,6.4,1.3,13.9,0.171,0,
3564,桑原啓,41.5,46,6.5,4.8,1.3,6.5,0.164,1,0.0
4203,小倉康典,35.7,30,6.7,4.7,1.3,10.0,0.135,3,33.3
5267,石本裕武,64.3,39,12.8,11.0,1.3,23.1,0.144,0,
3613,角谷健吾,62.5,47,10.6,9.0,1.2,17.0,0.14,1,0.0
3653,品川賢次,43.2,24,8.3,6.4,1.2,8.3,0.19,2,0.0
3873,別府昌樹,43.0,24,8.3,6.4,1.2,12.5,0.13,0,
3977,山本兼士,40.1,47,6.4,4.8,1.2,10.6,0.167,0,
4060,島田一生,47.8,36,8.3,6.7,1.2,13.9,0.177,2,0.0
4161,黒柳浩孝,52.0,36,8.3,6.7,1.2,8.3,0.162,1,0.0
4459,片岡雅裕,50.8,36,8.3,6.7,1.2,11.1,0.094,0,
4580,長谷川雅和,54.8,38,10.5,8.9,1.2,13.2,0.153,0,
4641,磯村匠,43.6,37,8.1,6.4,1.2,10.8,0.19,1,0.0
5180,藤本紗弥香,26.0,17,5.9,3.6,1.2,5.9,0.177,0,
5382,山下心一,14.0,39,2.6,0.9,1.2,2.6,0.171,0,
3508,久富政弘,52.2,36,8.3,6.7,1.2,11.1,0.189,0,
4247,齊藤優,44.9,37,8.1,6.4,1.2,10.8,0.155,0,
3637,齋藤和政,37.2,31,6.5,4.7,1.1,9.7,0.186,4,0.0
4067,永井源,66.2,48,12.5,11.0,1.1,16.7,0.152,2,50.0
4240,今井裕梨,58.4,28,10.7,9.0,1.1,14.3,0.137,1,0.0
4405,南野利騰,35.8,31,6.5,4.7,1.1,9.7,0.15,0,
4431,石塚裕介,42.1,31,6.5,4.8,1.1,16.1,0.166,0,
4506,稗田聖也,64.8,40,12.5,11.0,1.1,22.5,0.126,3,0.0
4532,秋元哲,71.7,42,14.3,12.9,1.1,19.0,0.13,10,0.0
4608,荒井翔伍,58.8,38,10.5,9.0,1.1,10.5,0.16,1,0.0
4757,山田祐也,62.1,38,10.5,9.0,1.1,13.2,0.141,0,
4875,大塚康雅,45.8,38,7.9,6.4,1.1,13.2,0.196,2,0.0
5008,羽野諒,40.3,31,6.5,4.8,1.1,6.5,0.121,1,0.0
5103,芝田京介,30.1,20,5.0,3.0,1.1,5.0,0.211,2,0.0
5222,津田陸翔,64.7,40,12.5,11.0,1.1,20.0,0.155,4,25.0
5313,鈴木唯央,33.3,31,6.5,4.7,1.1,6.5,0.184,2,0.0
3361,岡部浩,30.3,20,5.0,3.0,1.1,5.0,0.196,0,
4644,山田亮太,66.5,48,12.5,11.0,1.1,14.6,0.141,3,0.0
5258,仲本舜,38.2,31,6.5,4.8,1.1,6.5,0.194,1,0.0
5348,小林甘寧,43.4,38,7.9,6.4,1.1,15.8,0.15,0,
2878,富山弘幸,56.5,39,10.3,8.9,1.0,10.3,0.168,2,0.0
3661,柳瀬興志,49.6,37,8.1,6.7,1.0,10.8,0.163,3,0.0
3911,鈴木猛,48.3,50,8.0,6.7,1.0,10.0,0.174,1,0.0
3959,坪井康晴,69.6,35,14.3,12.9,1.0,14.3,0.155,2,0.0
4436,渋谷明憲,66.4,32,12.5,11.0,1.0,12.5,0.175,1,0.0
4669,井上茂,42.1,32,6.2,4.8,1.0,6.2,0.184,0,
5356,長谷川暖,48.5,24,8.3,6.7,1.0,8.3,0.128,1,0.0
3842,星野太郎,43.1,25,8.0,6.4,1.0,12.0,0.178,0,
5012,加倉侑征,52.9,29,10.3,8.9,1.0,17.2,0.139,5,20.0
4017,向井美鈴,52.2,38,7.9,6.7,0.9,13.2,0.188,2,0.0
4110,小澤和也,38.7,33,6.1,4.8,0.9,9.1,0.161,4,50.0
4146,柳橋宏紀,51.5,38,7.9,6.7,0.9,10.5,0.139,0,
4244,鈴木成美,27.9,22,4.5,3.0,0.9,4.5,0.126,2,0.0
4775,千葉真弥,62.3,29,10.3,9.0,0.9,10.3,0.156,2,0.0
4883,岡部大輝,57.8,29,10.3,9.0,0.9,24.1,0.169,3,0.0
5028,原田才一郎,67.3,41,12.2,11.0,0.9,14.6,0.173,4,0.0
5081,篠原飛翔,61.0,39,10.3,9.0,0.9,15.4,0.167,0,
5340,樋江井舞,30.0,48,4.2,3.0,0.9,6.2,0.159,0,
3054,北川幸典,53.2,30,10.0,8.9,0.8,13.3,0.173,0,
3302,谷川里江,45.3,26,7.7,6.4,0.8,11.5,0.15,2,0.0
3546,中里昌志,40.6,52,5.8,4.8,0.8,7.7,0.183,4,0.0
3662,大庭元明,52.1,39,7.7,6.7,0.8,12.8,0.178,0,
3860,松本浩貴,28.9,23,4.3,3.0,0.8,4.3,0.205,4,0.0
4093,吉田宗弘,37.9,34,5.9,4.8,0.8,5.9,0.186,0,
4113,木村浩士,48.6,39,7.7,6.7,0.8,10.3,0.184,0,
4166,吉田拡郎,67.9,43,14.0,12.9,0.8,18.6,0.116,3,33.3
4384,鶴本崇文,68.8,43,14.0,12.9,0.8,16.3,0.173,2,0.0
4472,尾嶋一広,64.6,50,12.0,11.0,0.8,14.0,0.15,3,66.7
4789,古賀智之,57.0,40,10.0,8.9,0.8,10.0,0.145,5,20.0
4865,立具敬司,41.6,16,6.2,4.8,0.8,6.2,0.188,1,0.0
4876,梅木敬太,42.6,40,7.5,6.4,0.8,10.0,0.177,2,0.0
5261,岡暢祐,33.9,34,5.9,4.7,0.8,8.8,0.168,2,0.0
5031,渡辺空依,40.6,34,5.9,4.8,0.8,5.9,0.192,0,
5066,鈴木孝明,67.5,43,14.0,12.9,0.8,18.6,0.16,4,25.0
5111,三村岳人,53.4,30,10.0,8.9,0.8,13.3,0.138,0,
3814,金子貴志,42.1,35,5.7,4.8,0.7,5.7,0.182,1,0.0
3987,後藤正宗,60.8,40,10.0,9.0,0.7,12.5,0.14,2,0.0
4092,岡部大輔,49.5,26,7.7,6.7,0.7,7.7,0.166,0,
4112,大久保信一郎,58.3,40,10.0,9.0,0.7,17.5,0.186,1,0.0
4317,木村紗友希,33.7,35,5.7,4.7,0.7,5.7,0.195,2,0.0
4437,中田元泰,59.5,40,10.0,9.0,0.7,12.5,0.147,0,
4727,安部慎一,41.3,35,5.7,4.8,0.7,5.7,0.146,0,
5198,奥村明日香,41.6,35,5.7,4.8,0.7,8.6,0.206,0,
5212,西川拓利,61.3,40,10.0,9.0,0.7,17.5,0.131,0,
5276,大島隆乃介,44.9,41,7.3,6.4,0.7,7.3,0.158,1,0.0
5338,香月大輝,30.4,51,3.9,3.0,0.7,3.9,0.151,2,0.0
3075,中村裕将,40.8,35,5.7,4.8,0.7,5.7,0.137,5,20.0
4372,原田佑実,58.0,30,10.0,9.0,0.7,13.3,0.159,0,
4846,佐藤駿介,34.6,35,5.7,4.7,0.7,8.6,0.162,3,0.0
5191,飛田江己,67.6,51,13.7,12.9,0.7,15.7,0.127,10,30.0
4227,安達裕樹,55.3,41,9.8,8.9,0.6,9.8,0.162,0,
4562,阪本勇介,36.6,36,5.6,4.7,0.6,5.6,0.195,2,0.0
4672,守屋大地,38.8,36,5.6,4.8,0.6,8.3,0.192,0,
4681,太田潮,32.3,25,4.0,3.0,0.6,4.0,0.174,1,0.0
4764,小池礼乃,49.0,40,7.5,6.7,0.6,10.0,0.165,0,
5130,上野拓馬,42.5,36,5.6,4.8,0.6,8.3,0.162,0,
5207,高山敬悟,45.3,27,7.4,6.4,0.6,11.1,0.165,0,
5308,藤森拓海,36.5,36,5.6,4.7,0.6,5.6,0.15,1,100.0
3306,武田正紀,34.1,36,5.6,4.7,0.6,5.6,0.139,7,14.3
4143,浦田晃嗣,37.7,36,5.6,4.8,0.6,5.6,0.133,2,0.0
4031,飯島誠,47.5,27,7.4,6.7,0.5,11.1,0.157,4,25.0
4233,亀山雅幸,64.5,43,11.6,11.0,0.5,11.6,0.173,0,
4377,濱本優一,69.2,37,13.5,12.9,0.5,27.0,0.141,3,66.7
4489,岩川仁士,50.9,41,7.3,6.7,0.5,12.2,0.142,2,50.0
4526,池田雄祐,53.9,31,9.7,8.9,0.5,9.7,0.136,4,25.0
4529,嶋義信,57.9,31,9.7,9.0,0.5,12.9,0.154,2,0.0
4715,村上遼,61.2,31,9.7,9.0,0.5,12.9,0.125,0,
4761,山田晃大,52.1,41,7.3,6.7,0.5,12.2,0.153,1,0.0
4791,黒澤めぐみ,53.9,31,9.7,8.9,0.5,9.7,0.183,5,20.0
4880,澤崎雄哉,54.3,31,9.7,8.9,0.5,12.9,0.163,2,0.0
4886,入海馨,64.6,34,11.8,11.0,0.5,17.6,0.144,0,
4957,竹之内極,53.1,42,9.5,8.9,0.5,11.9,0.156,1,0.0
4969,町田洸希,48.2,27,7.4,6.7,0.5,7.4,0.183,0,
5082,一色凌雅,54.5,42,9.5,8.9,0.5,14.3,0.159,0,
5093,浦野海,47.2,28,7.1,6.4,0.5,7.1,0.185,2,0.0
5114,小林孝彰,57.6,41,9.8,9.0,0.5,14.6,0.153,0,
5125,高井雄基,52.5,27,7.4,6.7,0.5,7.4,0.192,0,
5160,藤森陸斗,56.4,42,9.5,8.9,0.5,9.5,0.13,2,50.0
5263,花田凱成,38.1,37,5.4,4.8,0.5,8.1,0.177,3,0.0
5137,川原涼,51.4,27,7.4,6.7,0.5,11.1,0.171,1,0.0
3327,野長瀬正孝,61.3,63,9.5,9.0,0.4,14.3,0.189,7,0.0
3787,天野誠,28.7,27,3.7,3.0,0.4,3.7,0.191,0,
3910,松下知幸,31.5,28,3.6,3.0,0.4,10.7,0.171,0,
4075,中野次郎,59.5,42,9.5,9.0,0.4,11.9,0.136,2,0.0
4463,三苫晃幸,62.1,42,9.5,9.0,0.4,11.9,0.177,0,
4501,樋口由加里,48.3,42,7.1,6.7,0.4,9.5,0.16,5,0.0
4516,野口勝弘,67.4,52,11.5,11.0,0.4,15.4,0.148,4,0.0
4104,木下陽介,39.6,38,5.3,4.8,0.4,7.9,0.139,1,0.0
5201,村上宗太郎,39.0,18,5.6,4.8,0.4,16.7,0.159,0,
4660,宇田川信一,31.9,28,3.6,3.0,0.4,3.6,0.209,0,
3730,塩崎優司,41.7,39,5.1,4.8,0.3,7.7,0.17,0,
3792,田中豪,66.8,35,11.4,11.0,0.3,17.1,0.135,3,0.0
3808,秋田健太郎,27.7,29,3.4,3.0,0.3,3.4,0.152,1,0.0
3882,新田智彰,47.5,44,6.8,6.4,0.3,9.1,0.157,0,
4002,古結宏,66.8,44,11.4,11.0,0.3,22.7,0.127,0,
4013,中島孝平,67.4,44,11.4,11.0,0.3,13.6,0.129,1,0.0
4468,大池佑来,63.8,35,11.4,11.0,0.3,11.4,0.161,3,33.3
4535,北山康介,71.2,30,13.3,12.9,0.3,20.0,0.137,0,
4674,池田剛規,52.5,43,9.3,8.9,0.3,14.0,0.161,0,
4753,森照夫,40.7,19,5.3,4.8,0.3,5.3,0.139,2,0.0
4836,大谷健太,43.5,29,6.9,6.4,0.3,10.3,0.162,4,0.0
4851,関浩哉,66.1,35,11.4,11.0,0.3,11.4,0.132,3,33.3
4985,井本昌也,65.7,44,11.4,11.0,0.3,11.4,0.156,2,0.0
5091,為本智也,61.0,21,9.5,9.0,0.3,14.3,0.154,0,
3747,國崎良春,57.4,32,9.4,8.9,0.3,12.5,0.166,1,0.0
4723,寺島吉彦,40.1,19,5.3,4.8,0.3,10.5,0.16,2,0.0
3251,平石和男,58.3,43,9.3,9.0,0.2,20.9,0.184,5,40.0
3642,大塚浩二,29.9,30,3.3,3.0,0.2,3.3,0.204,1,0.0
4182,吉田和仁,43.2,45,6.7,6.4,0.2,8.9,0.179,2,0.0
4363,大野芳顕,57.0,44,9.1,8.9,0.2,11.4,0.159,6,0.0
4381,田路朋史,58.1,32,9.4,9.0,0.2,15.6,0.159,3,0.0
4391,松田祐季,60.7,43,9.3,9.0,0.2,14.0,0.155,2,0.0
4479,矢野真梨菜,30.5,30,3.3,3.0,0.2,6.7,0.162,1,0.0
4485,楠原正剛,50.9,43,7.0,6.7,0.2,9.3,0.15,0,
4803,飯田庄吾,27.5,25,4.0,3.6,0.2,8.0,0.197,1,0.0
5128,坪井爽佑,43.5,30,6.7,6.4,0.2,10.0,0.161,1,0.0
5328,井上慧人,30.3,30,3.3,3.0,0.2,3.3,0.165,1,0.0
3583,齋藤智裕,28.1,30,3.3,3.0,0.2,3.3,0.185,4,0.0
3616,中村真,52.8,33,9.1,8.9,0.2,15.2,0.15,3,33.3
4395,下河雅史,46.8,45,6.7,6.4,0.2,8.9,0.181,3,0.0
3333,丸尾義孝,63.0,54,11.1,11.0,0.1,13.0,0.143,0,
3659,藤生雄人,59.9,33,9.1,9.0,0.1,12.1,0.168,5,20.0
3897,白井英治,63.1,45,11.1,11.0,0.1,15.6,0.138,2,0.0
3951,石川吉鎬,48.1,44,6.8,6.7,0.1,6.8,0.178,0,
3981,今坂晃広,34.5,41,4.9,4.7,0.1,4.9,0.184,2,0.0
4020,川上清人,32.1,31,3.2,3.0,0.1,3.2,0.194,0,
4042,丸岡正典,62.9,45,11.1,11.0,0.1,11.1,0.169,4,0.0
4139,丹下健,42.2,41,4.9,4.8,0.1,9.8,0.181,0,
4368,山口隆史,30.2,31,3.2,3.0,0.1,3.2,0.21,0,
4376,藤田靖弘,57.7,44,9.1,9.0,0.1,15.9,0.168,1,0.0
4784,向井田真紀,36.4,20,5.0,4.7,0.1,10.0,0.225,0,
4828,松山将吾,67.4,36,11.1,11.0,0.1,16.7,0.134,4,0.0
4847,佐藤隆太郎,61.1,33,9.1,9.0,0.1,9.1,0.141,2,0.0
4989,石原翼,58.4,44,9.1,9.0,0.1,11.4,0.136,0,
5131,江藤敦宏,28.7,32,3.1,3.0,0.1,6.2,0.165,1,0.0
4781,西舘果里,42.9,15,6.7,6.4,0.1,6.7,0.192,1,0.0
3680,森林太,36.3,42,4.8,4.7,0.0,7.1,0.173,1,0.0
3712,淺香文武,45.0,31,6.5,6.4,0.0,9.7,0.172,2,0.0
4081,樋口範政,38.9,42,4.8,4.8,0.0,4.8,0.188,1,0.0
4225,土屋千明,61.8,22,9.1,9.0,0.0,13.6,0.177,4,0.0
4408,仁科さやか,28.9,33,3.0,3.0,-0.0,3.0,0.222,0,
4443,津田裕絵,56.7,45,8.9,8.9,0.0,11.1,0.178,1,0.0
4500,山田康二,68.3,39,12.8,12.9,-0.0,20.5,0.127,1,0.0
4540,相原利章,52.5,34,8.8,8.9,-0.0,11.8,0.114,0,
4772,石丸海渡,69.9,39,12.8,12.9,-0.0,15.4,0.093,0,
4872,山下流心,44.6,47,6.4,6.4,-0.0,6.4,0.178,0,
5232,樅山拓馬,46.2,31,6.5,6.4,0.0,6.5,0.13,1,100.0
5370,日隈茜,0.9,21,0.0,0.0,0.0,0.0,0.162,0,
5380,野田亜湖,0.0,27,0.0,0.0,0.0,0.0,0.248,0,
5387,戸田海咲音,1.5,18,0.0,0.0,0.0,0.0,0.224,2,0.0
4186,小川時光,25.5,28,3.6,3.6,-0.0,3.6,0.162,6,0.0
5100,栗原一馬,38.5,21,4.8,4.8,0.0,4.8,0.175,1,0.0
5181,森智哉,47.0,31,6.5,6.4,0.0,6.5,0.134,2,0.0
5219,森口和紀,44.6,31,6.5,6.4,0.0,6.5,0.172,0,
5349,宮崎奏磨,1.9,40,0.0,0.0,0.0,0.0,0.205,3,0.0
5366,塩嶋泰空,1.4,19,0.0,0.0,0.0,0.0,0.203,0,
3528,笠野友紀恵,32.2,34,2.9,3.0,-0.1,5.9,0.154,2,0.0
3796,長野道臣,45.4,32,6.2,6.4,-0.1,9.4,0.152,0,
4010,越智照浩,30.7,34,2.9,3.0,-0.1,2.9,0.14,3,0.0
4228,吉田慎二郎,60.0,45,8.9,9.0,-0.1,11.1,0.139,2,0.0
4337,平本真之,66.8,37,10.8,11.0,-0.1,16.2,0.132,3,33.3
4413,水摩敦,60.3,45,8.9,9.0,-0.1,13.3,0.177,2,0.0
4614,石倉洋行,68.4,47,12.8,12.9,-0.1,19.1,0.119,0,
4904,松本一毅,51.0,46,6.5,6.7,-0.1,10.9,0.156,2,50.0
4958,溝口海義也,62.6,46,10.9,11.0,-0.1,15.2,0.132,1,0.0
4563,齋藤真之,30.5,34,2.9,3.0,-0.1,2.9,0.193,1,0.0
4737,竹井貴史,77.1,40,15.0,15.2,-0.1,22.5,0.135,2,50.0
5147,田中勇輔,33.1,22,4.5,4.7,-0.1,9.1,0.139,1,0.0
5284,嘉手苅徹哉,23.9,29,3.4,3.6,-0.1,3.4,0.16,0,
5329,金子龍斗,42.9,32,6.2,6.4,-0.1,6.2,0.19,1,0.0
3685,荒井輝年,55.8,35,8.6,8.9,-0.2,11.4,0.149,2,50.0
4653,小野達哉,68.7,32,12.5,12.9,-0.2,15.6,0.132,0,
4752,西尾亮輔,37.3,44,4.5,4.7,-0.2,6.8,0.185,0,
4824,松井洪弥,58.8,46,8.7,9.0,-0.2,17.4,0.11,0,
5288,尾道佳諭,26.7,30,3.3,3.6,-0.2,3.3,0.162,7,14.3
5294,豊田祥生,29.4,36,2.8,3.0,-0.2,2.8,0.149,4,0.0
5323,香川陽太,39.5,23,4.3,4.8,-0.2,4.3,0.178,2,50.0
3572,安田政彦,46.5,50,6.0,6.4,-0.3,6.0,0.222,3,33.3
3587,武田信一,32.0,39,2.6,3.0,-0.3,2.6,0.159,2,0.0
3643,米田隆弘,50.2,32,6.2,6.7,-0.3,9.4,0.166,0,
3719,辻栄蔵,67.9,40,12.5,12.9,-0.3,17.5,0.139,5,20.0
3788,一宮稔弘,55.3,24,8.3,8.9,-0.3,8.3,0.114,0,
3867,松浦勝,29.0,38,2.6,3.0,-0.3,5.3,0.153,2,0.0
3888,山本英志,56.5,47,8.5,8.9,-0.3,14.9,0.132,0,
3908,重成一人,62.5,35,8.6,9.0,-0.3,14.3,0.125,0,
4034,西原明生,31.9,39,2.6,3.0,-0.3,5.1,0.207,0,
4137,君島秀三,68.0,40,12.5,12.9,-0.3,12.5,0.134,4,0.0
4220,深川和仁,43.2,33,6.1,6.4,-0.3,9.1,0.159,0,
5007,近藤雄一郎,45.4,33,6.1,6.4,-0.3,6.1,0.162,0,
5192,中尾優香,46.1,33,6.1,6.4,-0.3,9.1,0.171,0,
5195,北村寧々,51.6,32,6.2,6.7,-0.3,9.4,0.124,0,
5200,筒井美琴,5.0,16,0.0,0.5,-0.3,0.0,0.21,0,
5291,三嶌こころ,29.2,39,2.6,3.0,-0.3,2.6,0.228,0,
5357,田中瀬里奈,3.4,21,0.0,0.5,-0.3,0.0,0.167,2,0.0
5378,鈴木結平太,4.6,22,0.0,0.5,-0.3,0.0,0.218,2,0.0
5383,中村楓,4.8,28,0.0,0.5,-0.3,0.0,0.176,0,
5384,八戸琉楓,4.9,23,0.0,0.5,-0.3,0.0,0.232,0,
5391,出穂和鼓,4.3,26,0.0,0.5,-0.3,0.0,0.225,0,
5392,安武一也,2.6,21,0.0,0.5,-0.3,0.0,0.2,0,
5396,近藤来希,6.2,18,0.0,0.5,-0.3,0.0,0.209,0,
5400,高村諒,5.4,20,0.0,0.5,-0.3,0.0,0.184,0,
5412,久保田凪紗,3.2,17,0.0,0.5,-0.3,0.0,0.211,3,0.0
3839,川合理司,28.6,39,2.6,3.0,-0.3,2.6,0.165,2,0.0
4086,寺本重宣,57.8,35,8.6,9.0,-0.3,20.0,0.135,3,0.0
4429,豊田泰洋,29.4,39,2.6,3.0,-0.3,2.6,0.198,0,
5274,城間盛渚,48.1,32,6.2,6.7,-0.3,6.2,0.184,0,
3994,小野桜,50.8,32,6.2,6.7,-0.3,9.4,0.198,0,
3362,間嶋仁志,53.7,36,8.3,8.9,-0.4,11.1,0.191,3,33.3
3538,菊池峰晴,40.9,24,4.2,4.8,-0.4,4.2,0.215,0,
3957,大谷直弘,47.6,33,6.1,6.7,-0.4,9.1,0.184,0,
3968,茶谷信次,56.6,36,8.3,8.9,-0.4,8.3,0.172,2,0.0
3989,熊本英一,32.2,41,2.4,3.0,-0.4,4.9,0.202,0,
4039,村上功祐,51.3,33,6.1,6.7,-0.4,9.1,0.139,0,
4430,永田秀二,58.8,47,8.5,9.0,-0.4,12.8,0.174,2,0.0
4473,藤堂里香,52.6,36,8.3,8.9,-0.4,13.9,0.172,0,
4651,佐藤大騎,26.0,32,3.1,3.6,-0.4,3.1,0.16,2,0.0
5101,表健太,27.4,32,3.1,3.6,-0.4,3.1,0.164,1,0.0
5205,刑部亜里紗,60.1,47,8.5,9.0,-0.4,10.6,0.184,0,
5327,西田和加,2.6,31,0.0,0.5,-0.4,0.0,0.23,8,0.0
5347,井澤聖奈,2.8,32,0.0,0.5,-0.4,0.0,0.236,1,0.0
5379,廣部大明,16.2,15,0.0,0.9,-0.4,0.0,0.213,0,
4854,大橋由珠,40.7,24,4.2,4.8,-0.4,4.2,0.17,1,0.0
5167,小川竜太朗,49.2,33,6.1,6.7,-0.4,15.2,0.144,6,0.0
5342,原村百那,6.3,41,0.0,0.5,-0.4,0.0,0.161,1,0.0
3584,佐々木英樹,47.6,34,5.9,6.7,-0.5,14.7,0.174,0,
4150,山田雄太,55.8,37,8.1,8.9,-0.5,18.9,0.135,2,0.0
4175,川尻泰輔,55.9,37,8.1,8.9,-0.5,10.8,0.134,7,14.3
4180,上野秀和,52.7,37,8.1,8.9,-0.5,10.8,0.156,0,
4243,西村歩,57.8,36,8.3,9.0,-0.5,8.3,0.163,1,0.0
4269,杉山裕也,67.2,39,10.3,11.0,-0.5,17.9,0.142,1,0.0
4344,新田雄史,70.6,41,12.2,12.9,-0.5,19.5,0.128,1,0.0
4428,有賀達也,59.8,36,8.3,9.0,-0.5,19.4,0.151,6,33.3
4477,篠崎仁志,67.3,39,10.3,11.0,-0.5,17.9,0.132,1,0.0
4509,平見真彦,57.6,36,8.3,9.0,-0.5,11.1,0.169,1,0.0
4556,竹井奈美,70.3,41,12.2,12.9,-0.5,19.5,0.148,3,0.0
4618,乃村康友,49.5,34,5.9,6.7,-0.5,8.8,0.163,2,50.0
5004,河野主樹,54.1,37,8.1,8.9,-0.5,8.1,0.164,2,0.0
5071,野見山拓己,46.7,35,5.7,6.4,-0.5,5.7,0.149,1,0.0
5084,末永和也,67.7,41,12.2,12.9,-0.5,14.6,0.127,0,
5139,大場恒季,64.1,39,10.3,11.0,-0.5,17.9,0.141,3,0.0
5146,野田彩加,53.5,37,8.1,8.9,-0.5,8.1,0.167,2,0.0
5172,田村慶,47.3,35,5.7,6.4,-0.5,5.7,0.201,0,
5282,中本大樹,46.4,35,5.7,6.4,-0.5,8.6,0.168,2,0.0
5283,植木美帆,13.8,20,0.0,0.9,-0.5,0.0,0.217,2,0.0
5305,伊藤栞,13.7,26,0.0,0.9,-0.5,0.0,0.143,0,
5310,土屋蘭,36.5,25,4.0,4.7,-0.5,4.0,0.153,4,25.0
5322,根岸真優,14.9,26,0.0,0.9,-0.5,0.0,0.183,6,0.0
5353,草川壮良,14.5,17,0.0,0.9,-0.5,5.9,0.165,0,
3848,川上聡介,45.7,35,5.7,6.4,-0.5,5.7,0.146,0,
4857,加藤翔馬,70.9,25,12.0,12.9,-0.5,32.0,0.173,1,0.0
4941,孫崎百世,43.5,35,5.7,6.4,-0.5,8.6,0.232,1,0.0
3518,倉田郁美,35.4,26,3.8,4.7,-0.6,7.7,0.18,0,
3532,柴田光,64.5,20,10.0,11.0,-0.6,15.0,0.135,1,0.0
3793,高橋真吾,36.5,26,3.8,4.7,-0.6,7.7,0.138,2,0.0
3851,森田昭彦,12.5,15,0.0,1.2,-0.6,0.0,0.199,0,
3950,石川哲秀,32.9,26,3.8,4.7,-0.6,7.7,0.133,2,0.0
4211,村田敦,35.1,26,3.8,4.7,-0.6,3.8,0.133,3,0.0
4256,渡辺浩司,74.3,35,14.3,15.2,-0.6,22.9,0.128,0,
4343,村岡賢,39.4,26,3.8,4.8,-0.6,3.8,0.19,0,
4375,照屋厚仁,58.6,37,8.1,9.0,-0.6,10.8,0.152,2,50.0
4534,坂咲友理,32.8,26,3.8,4.7,-0.6,3.8,0.191,0,
5251,沼田七華,10.1,15,0.0,1.2,-0.6,0.0,0.179,0,
5281,井上遥妃,59.3,37,8.1,9.0,-0.6,13.5,0.125,0,
5306,河内悠利杏,14.8,32,0.0,0.9,-0.6,0.0,0.195,2,0.0
5335,森陽多,16.1,28,0.0,0.9,-0.6,3.6,0.171,0,
5345,牧村俊輝,13.3,38,0.0,0.9,-0.6,0.0,0.209,5,0.0
5361,植竹玲奈,14.6,34,0.0,0.9,-0.6,0.0,0.231,0,
5373,諏訪玲奈,15.6,30,0.0,0.9,-0.6,0.0,0.235,5,0.0
5374,木山大聖,15.0,42,0.0,0.9,-0.6,2.4,0.154,0,
5385,鈴木柊介,12.7,34,0.0,0.9,-0.6,0.0,0.165,1,0.0
5309,森雄利,16.9,29,0.0,0.9,-0.6,0.0,0.172,0,
5108,柴田愛梨,11.8,17,0.0,1.2,-0.6,0.0,0.245,2,0.0
3554,仲口博崇,70.3,67,11.9,12.9,-0.7,17.9,0.191,4,50.0
3579,中里優子,41.7,27,3.7,4.8,-0.7,3.7,0.171,0,
3589,西村勝,39.8,27,3.7,4.8,-0.7,7.4,0.11,4,0.0
3820,樫葉次郎,19.5,16,0.0,1.4,-0.7,0.0,0.152,0,
3931,黒崎竜也,56.1,26,7.7,8.9,-0.7,11.5,0.151,0,
3945,橋口真樹,34.0,27,3.7,4.7,-0.7,3.7,0.216,1,0.0
3947,寺本昇平,43.3,37,5.4,6.4,-0.7,5.4,0.202,2,0.0
4063,市橋卓士,62.6,40,10.0,11.0,-0.7,12.5,0.135,1,0.0
4082,濱崎誠,54.3,38,7.9,8.9,-0.7,10.5,0.177,2,0.0
4084,杉山正樹,64.4,40,10.0,11.0,-0.7,15.0,0.155,0,
4351,里岡右貴,71.2,42,11.9,12.9,-0.7,23.8,0.139,3,0.0
4458,抹香雄三,48.1,35,5.7,6.7,-0.7,5.7,0.139,0,
4695,尾崎雄二,45.6,37,5.4,6.4,-0.7,13.5,0.15,1,0.0
4730,土屋実沙希,46.5,37,5.4,6.4,-0.7,8.1,0.18,0,
4965,福岡泉水,40.9,27,3.7,4.8,-0.7,3.7,0.179,1,0.0
4980,佐々木完太,67.3,40,10.0,11.0,-0.7,17.5,0.163,2,0.0
5173,谷口佳蓮,45.8,37,5.4,6.4,-0.7,5.4,0.158,0,
5303,土井歩夢,57.0,38,7.9,8.9,-0.7,15.8,0.155,2,0.0
5362,中嶋世奈,10.1,23,0.0,1.2,-0.7,0.0,0.197,1,0.0
5398,鐘ヶ江真司,26.0,38,2.6,3.6,-0.7,2.6,0.173,0,
4301,関裕也,43.6,37,5.4,6.4,-0.7,8.1,0.186,0,
4465,大西賢,37.0,27,3.7,4.7,-0.7,7.4,0.169,0,
5304,井田涼介,8.3,21,0.0,1.2,-0.7,0.0,0.18,2,0.0
5395,日高龍之介,10.1,21,0.0,1.2,-0.7,4.8,0.173,0,
5407,中岡駿,11.6,21,0.0,1.2,-0.7,0.0,0.174,0,
3539,金子順一,33.8,53,3.8,4.7,-0.8,3.8,0.191,0,
4271,川崎公靖,43.4,38,5.3,6.4,-0.8,7.9,0.164,0,
4432,黄金井力良,50.9,36,5.6,6.7,-0.8,5.6,0.152,3,0.0
4442,松竹大輔,49.1,36,5.6,6.7,-0.8,8.3,0.154,1,0.0
4615,板倉敦史,38.6,28,3.6,4.8,-0.8,7.1,0.182,1,0.0
4779,伊倉光,47.6,36,5.6,6.7,-0.8,5.6,0.161,1,0.0
4788,小池哲也,60.7,38,7.9,9.0,-0.8,7.9,0.169,2,0.0
5184,飯塚響,21.7,17,0.0,1.4,-0.8,0.0,0.202,0,
5300,横田海人,10.9,31,0.0,1.2,-0.8,0.0,0.17,2,0.0
5324,畑田希咲,8.1,24,0.0,1.2,-0.8,0.0,0.225,2,0.0
5333,山下智己,34.5,28,3.6,4.7,-0.8,7.1,0.206,0,
5364,金子怜央,8.5,34,0.0,1.2,-0.8,0.0,0.173,0,
5365,石村日奈那,7.5,31,0.0,1.2,-0.8,0.0,0.198,1,0.0
5375,庄島潤成,11.2,28,0.0,1.2,-0.8,0.0,0.169,0,
5389,恵良琴美,8.2,25,0.0,1.2,-0.8,4.0,0.204,4,0.0
3246,星野政彦,22.2,17,0.0,1.4,-0.8,0.0,0.142,1,0.0
3631,田添康介,18.2,19,0.0,1.4,-0.8,0.0,0.199,0,
3748,小黒竜吾,37.2,28,3.6,4.7,-0.8,3.6,0.159,4,0.0
3777,樋口亮,57.8,38,7.9,9.0,-0.8,7.9,0.169,0,
5122,相馬翔,40.4,28,3.6,4.8,-0.8,14.3,0.193,3,0.0
5235,岩田凌,21.0,18,0.0,1.4,-0.8,0.0,0.148,2,0.0
3207,田村美和,19.1,27,0.0,1.4,-0.9,0.0,0.165,1,0.0
3305,小野信樹,32.7,29,3.4,4.7,-0.9,3.4,0.15,0,
3461,渡邊哲也,17.9,22,0.0,1.4,-0.9,0.0,0.217,0,
3558,山本浩次,43.5,39,5.1,6.4,-0.9,5.1,0.162,3,0.0
3591,後藤孝義,19.0,24,0.0,1.4,-0.9,0.0,0.222,1,0.0
3602,奥平拓也,39.9,30,3.3,4.8,-0.9,3.3,0.191,2,0.0
3605,中村守成,34.9,29,3.4,4.7,-0.9,3.4,0.192,1,0.0
3704,本部めぐみ,20.5,24,0.0,1.4,-0.9,0.0,0.203,2,0.0
3711,江本真治,64.1,41,9.8,11.0,-0.9,12.2,0.141,0,
3834,細川明人,34.1,30,3.3,4.7,-0.9,3.3,0.185,0,
4016,西川新太郎,48.7,37,5.4,6.7,-0.9,10.8,0.157,3,0.0
4355,小川広大,20.1,24,0.0,1.4,-0.9,0.0,0.229,2,0.0
4433,川野芽唯,71.1,43,11.6,12.9,-0.9,14.0,0.181,0,
4439,近藤友宝,32.8,29,3.4,4.7,-0.9,3.4,0.16,2,0.0
4462,夏山亮平,50.3,37,5.4,6.7,-0.9,5.4,0.165,1,0.0
4557,松尾光広,39.0,29,3.4,4.8,-0.9,6.9,0.218,1,0.0
4581,吉村誠,61.1,51,7.8,9.0,-0.9,9.8,0.159,0,
4588,田中京介,56.1,52,7.7,8.9,-0.9,11.5,0.141,0,
4664,東口晃,33.3,29,3.4,4.7,-0.9,3.4,0.2,0,
4978,山田和佐,44.4,39,5.1,6.4,-0.9,12.8,0.167,0,
5010,宇留田翔平,59.1,51,7.8,9.0,-0.9,11.8,0.146,2,0.0
5022,伊藤尚汰,33.1,29,3.4,4.7,-0.9,10.3,0.178,0,
5053,山口広樹,34.5,29,3.4,4.7,-0.9,6.9,0.177,0,
5058,前原大道,70.1,43,11.6,12.9,-0.9,16.3,0.141,0,
5085,中村栄治,54.2,39,7.7,8.9,-0.9,12.8,0.2,1,0.0
5109,川崎智稔,46.7,39,5.1,6.4,-0.9,5.1,0.123,0,
5112,砂長知輝,68.6,43,11.6,12.9,-0.9,14.0,0.142,9,22.2
5165,小林愛実,41.3,29,3.4,4.8,-0.9,3.4,0.157,2,0.0
5262,鈴木章司,38.9,29,3.4,4.8,-0.9,6.9,0.231,1,0.0
5268,山本幸也,22.0,22,0.0,1.4,-0.9,4.5,0.209,0,
5286,坂井滉哉,41.3,29,3.4,4.8,-0.9,6.9,0.155,0,
5292,佐藤右京,35.3,30,3.3,4.7,-0.9,3.3,0.197,1,0.0
5336,瀬川大地,21.3,24,0.0,1.4,-0.9,0.0,0.16,0,
5346,中村紋夕梨,12.3,35,0.0,1.2,-0.9,0.0,0.208,0,
5358,増本杏珠,18.7,23,0.0,1.4,-0.9,0.0,0.184,0,
5359,佐藤世那,37.8,30,3.3,4.8,-0.9,6.7,0.183,2,0.0
3660,長谷川親王,19.8,28,0.0,1.4,-0.9,0.0,0.191,0,
3871,池田紫乃,35.3,29,3.4,4.7,-0.9,3.4,0.188,0,
3944,山口裕二,64.1,51,9.8,11.0,-0.9,13.7,0.166,4,50.0
5210,藤井公人,50.5,37,5.4,6.7,-0.9,8.1,0.154,1,0.0
5228,若林樹蘭,55.9,27,7.4,8.9,-0.9,11.1,0.151,1,0.0
3313,本吉正樹,33.3,31,3.2,4.7,-1.0,6.5,0.178,2,0.0
3372,加藤雅之,21.8,29,0.0,1.4,-1.0,0.0,0.218,0,
3742,宮地秀祈,41.3,31,3.2,4.8,-1.0,3.2,0.175,2,0.0
3776,横井健太,21.6,34,0.0,1.4,-1.0,0.0,0.166,3,0.0
3998,冨成謙児,39.9,31,3.2,4.8,-1.0,3.2,0.163,0,
4052,興津藍,57.0,40,7.5,8.9,-1.0,7.5,0.165,0,
4445,宮地元輝,54.9,40,7.5,8.9,-1.0,15.0,0.112,0,
4743,木村仁紀,67.7,52,11.5,12.9,-1.0,11.5,0.147,0,
4864,小川日紀太,38.6,31,3.2,4.8,-1.0,3.2,0.154,1,0.0
4927,関野文,55.1,40,7.5,8.9,-1.0,12.5,0.155,1,100.0
5074,大澤誠也,37.8,31,3.2,4.8,-1.0,3.2,0.182,3,0.0
5140,吉田彩乃,41.8,31,3.2,4.8,-1.0,3.2,0.182,2,0.0
5229,吉川晴人,53.1,40,7.5,8.9,-1.0,15.0,0.16,1,100.0
5297,南彩寧,22.5,38,0.0,1.4,-1.0,2.6,0.219,1,0.0
5312,川辺郭人,22.4,33,0.0,1.4,-1.0,0.0,0.21,0,
5314,中曽瑠華,19.0,36,0.0,1.4,-1.0,0.0,0.165,0,
5334,樫葉新心,20.2,34,0.0,1.4,-1.0,2.9,0.19,0,
5360,高木茉白,21.2,29,0.0,1.4,-1.0,0.0,0.182,6,0.0
5394,福西広太郎,20.1,30,0.0,1.4,-1.0,0.0,0.177,3,0.0
4128,川口貴久,45.9,21,4.8,6.4,-1.0,4.8,0.169,2,0.0
4550,石岡将太,51.9,38,5.3,6.7,-1.0,10.5,0.157,0,
5354,渡邊雄斗,20.5,36,0.0,1.4,-1.0,2.8,0.207,0,
3202,三品隆浩,34.8,32,3.1,4.7,-1.1,3.1,0.184,0,
3484,芝田浩治,57.9,40,7.5,9.0,-1.1,15.0,0.161,2,0.0
3703,鳥飼眞,58.2,40,7.5,9.0,-1.1,12.5,0.157,0,
3850,小川知行,45.9,41,4.9,6.4,-1.1,7.3,0.145,3,0.0
3863,海老澤泰行,37.1,32,3.1,4.7,-1.1,3.1,0.194,1,0.0
3963,原田秀弥,57.4,28,7.1,8.9,-1.1,14.3,0.163,0,
4004,山本浩輔,46.6,41,4.9,6.4,-1.1,7.3,0.177,0,
4047,吉永浩則,35.8,32,3.1,4.7,-1.1,6.2,0.189,1,0.0
4134,杉山貴博,60.7,40,7.5,9.0,-1.1,10.0,0.153,4,0.0
4171,榎幸司,61.5,40,7.5,9.0,-1.1,7.5,0.167,0,
4407,鹿島敏弘,47.3,41,4.9,6.4,-1.1,4.9,0.159,2,0.0
4420,津久井拓也,55.5,54,7.4,8.9,-1.1,14.8,0.149,2,0.0
4475,末永祐輝,64.1,42,9.5,11.0,-1.1,9.5,0.148,0,
4498,宮本夏樹,52.0,21,4.8,6.7,-1.1,9.5,0.131,0,
4642,松尾夏海,66.9,42,9.5,11.0,-1.1,11.9,0.155,1,100.0
4896,花本剛,35.3,32,3.1,4.7,-1.1,3.1,0.166,0,
5266,石田勇斗,39.5,32,3.1,4.8,-1.1,3.1,0.172,3,0.0
4041,小林基樹,34.3,32,3.1,4.7,-1.1,6.2,0.198,0,
4917,岩橋裕馬,35.5,32,3.1,4.7,-1.1,3.1,0.16,3,33.3
3232,山川美由紀,60.6,28,7.1,9.0,-1.2,10.7,0.152,0,
3304,烏野賢太,59.2,41,7.3,9.0,-1.2,12.2,0.171,0,
3519,冨田秀幸,35.2,33,3.0,4.7,-1.2,6.1,0.161,2,0.0
3557,太田和美,66.3,53,9.4,11.0,-1.2,17.0,0.146,3,0.0
3563,堤昇,51.7,40,5.0,6.7,-1.2,5.0,0.176,1,0.0
3718,伊達正利,38.3,33,3.0,4.8,-1.2,6.1,0.168,4,25.0
3731,高濱芳久,50.0,40,5.0,6.7,-1.2,7.5,0.191,0,
3907,村越篤,52.5,40,5.0,6.7,-1.2,7.5,0.172,1,0.0
3909,佐々木康幸,65.4,53,9.4,11.0,-1.2,11.3,0.117,0,
4121,富永修一,60.4,28,7.1,9.0,-1.2,7.1,0.124,1,0.0
4305,金子拓矢,76.2,30,13.3,15.2,-1.2,26.7,0.151,0,
4553,坪口竜也,58.3,41,7.3,9.0,-1.2,9.8,0.164,1,100.0
4708,半田尚也,33.7,33,3.0,4.7,-1.2,3.0,0.196,0,
4167,片岡秀樹,36.3,33,3.0,4.7,-1.2,3.0,0.148,0,
4794,和田拓也,71.2,36,11.1,12.9,-1.2,11.1,0.132,3,33.3
5027,重冨勇哉,43.9,42,4.8,6.4,-1.2,4.8,0.174,0,
3406,中里英夫,54.8,42,7.1,8.9,-1.3,9.5,0.185,0,
3752,宇土泰就,35.4,34,2.9,4.7,-1.3,2.9,0.149,1,0.0
3929,杢野誓良,36.9,34,2.9,4.7,-1.3,5.9,0.173,2,0.0
4054,福嶋智之,39.1,34,2.9,4.8,-1.3,2.9,0.154,0,
4094,中島真二,42.2,34,2.9,4.8,-1.3,2.9,0.171,0,
4224,大橋栄里佳,51.1,41,4.9,6.7,-1.3,12.2,0.179,0,
4248,岡本大,41.1,34,2.9,4.8,-1.3,2.9,0.173,0,
4367,山口修路,38.7,34,2.9,4.8,-1.3,2.9,0.218,1,0.0
4406,幸野史明,37.2,35,2.9,4.7,-1.3,2.9,0.158,3,0.0
4583,古田祐貴,53.2,42,7.1,8.9,-1.3,9.5,0.143,1,0.0
4798,浜先真範,63.4,43,9.3,11.0,-1.3,9.3,0.127,1,0.0
4933,板橋侑我,63.4,33,9.1,11.0,-1.3,15.2,0.131,2,0.0
5035,櫻井優,53.9,42,7.1,8.9,-1.3,9.5,0.156,6,0.0
5069,山崎小葉音,43.4,23,4.3,6.4,-1.3,4.3,0.175,0,
5123,福山恵里奈,35.7,35,2.9,4.7,-1.3,2.9,0.148,1,0.0
5272,松田真実,39.9,35,2.9,4.8,-1.3,5.7,0.176,2,0.0
5143,常盤海心,33.7,34,2.9,4.7,-1.3,5.9,0.185,0,
3827,今泉徹,33.3,36,2.8,4.7,-1.4,2.8,0.161,5,20.0
4440,萩原知哉,38.1,36,2.8,4.8,-1.4,2.8,0.148,2,0.0
4474,渡辺崇,51.4,42,4.8,6.7,-1.4,7.1,0.176,1,0.0
4700,金子和之,60.3,42,7.1,9.0,-1.4,11.9,0.144,11,9.1
4773,中川りな,61.1,42,7.1,9.0,-1.4,7.1,0.189,0,
5213,湯淺紀香,49.8,42,4.8,6.7,-1.4,7.1,0.187,3,0.0
5325,澁川夏,46.3,44,4.5,6.4,-1.4,4.5,0.152,1,0.0
3620,信濃由行,34.3,36,2.8,4.7,-1.4,8.3,0.154,6,0.0
4022,待鳥雄紀,38.2,36,2.8,4.8,-1.4,2.8,0.153,3,0.0
3401,上田隆章,38.2,37,2.7,4.8,-1.5,2.7,0.226,0,
3580,水口由紀,38.8,37,2.7,4.8,-1.5,2.7,0.187,4,0.0
3690,河合三弘,41.9,37,2.7,4.8,-1.5,8.1,0.164,0,
3809,吉田光,39.4,37,2.7,4.8,-1.5,2.7,0.187,0,
3906,飯山晃三,36.4,38,2.6,4.7,-1.5,2.6,0.221,0,
4079,出畑孝典,60.3,43,7.0,9.0,-1.5,9.3,0.17,2,50.0
4085,荻野裕介,52.4,24,4.2,6.7,-1.5,4.2,0.208,1,0.0
4173,岡谷健吾,48.9,43,4.7,6.7,-1.5,4.7,0.174,0,
4205,山口剛,66.4,34,8.8,11.0,-1.5,20.6,0.116,2,0.0
4396,大田直弥,51.3,43,4.7,6.7,-1.5,4.7,0.187,0,
4511,中岡健人,42.3,37,2.7,4.8,-1.5,5.4,0.192,2,0.0
4643,近江翔吾,64.1,34,8.8,11.0,-1.5,11.8,0.131,0,
4736,高倉和士,70.3,46,10.9,12.9,-1.5,17.4,0.124,1,0.0
4844,村上奈穂,40.0,38,2.6,4.8,-1.5,5.3,0.171,1,0.0
4902,山川雄大,47.6,43,4.7,6.7,-1.5,4.7,0.184,0,
4924,中北涼,35.4,37,2.7,4.7,-1.5,2.7,0.179,3,0.0
4984,森下愛梨,49.4,24,4.2,6.7,-1.5,8.3,0.22,2,0.0
5166,仲道大輔,65.1,34,8.8,11.0,-1.5,8.8,0.192,4,0.0
5182,宮崎安奈,44.1,25,4.0,6.4,-1.5,8.0,0.147,3,0.0
5208,屋良龍紀,38.9,37,2.7,4.8,-1.5,2.7,0.155,1,0.0
5211,高井駿弥,34.2,38,2.6,4.7,-1.5,2.6,0.15,1,100.0
4572,渡部悟,54.0,30,6.7,8.9,-1.5,6.7,0.126,2,0.0
3282,池本輝明,37.4,39,2.6,4.7,-1.6,2.6,0.188,0,
3614,谷勝幸,36.7,39,2.6,4.7,-1.6,2.6,0.165,0,
3618,海野ゆかり,61.2,44,6.8,9.0,-1.6,9.1,0.166,0,
3812,山崎聖司,42.4,39,2.6,4.8,-1.6,5.1,0.191,1,0.0
3832,下田哲也,30.6,16,0.0,3.0,-1.6,0.0,0.171,1,0.0
3973,崎利仁,38.8,40,2.5,4.8,-1.6,5.0,0.199,3,0.0
3983,須藤博倫,62.3,44,6.8,9.0,-1.6,9.1,0.129,5,20.0
4000,松本博昭,59.7,44,6.8,9.0,-1.6,9.1,0.177,0,
4114,深澤達徳,46.8,26,3.8,6.4,-1.6,3.8,0.198,3,0.0
4116,川田正人,46.2,47,4.3,6.4,-1.6,6.4,0.174,1,0.0
4140,梶野学志,60.8,30,6.7,9.0,-1.6,6.7,0.17,0,
4331,三好勇人,57.6,44,6.8,9.0,-1.6,13.6,0.148,0,
4547,中田竜太,62.0,44,6.8,9.0,-1.6,11.4,0.14,11,0.0
4665,加藤啓太,33.8,40,2.5,4.7,-1.6,5.0,0.179,5,0.0
5063,大塚雅治,38.3,39,2.6,4.8,-1.6,5.1,0.183,0,
5241,門田栞,45.6,26,3.8,6.4,-1.6,3.8,0.15,0,
5273,山下拓巳,34.1,39,2.6,4.7,-1.6,2.6,0.188,3,33.3
3070,山室展弘,52.1,25,4.0,6.7,-1.7,8.0,0.129,0,
3432,宮迫暢彦,39.9,41,2.4,4.8,-1.7,2.4,0.181,0,
3761,山本光雄,47.9,45,4.4,6.7,-1.7,4.4,0.167,1,0.0
3868,尾形栄治,41.4,41,2.4,4.8,-1.7,9.8,0.21,3,0.0
3946,赤岩善生,71.6,29,10.3,12.9,-1.7,13.8,0.156,0,
4076,杉田篤光,49.6,46,4.3,6.7,-1.7,8.7,0.208,2,0.0
4095,福来剛,71.1,47,10.6,12.9,-1.7,14.9,0.15,2,0.0
4298,宮下元胤,67.7,47,10.6,12.9,-1.7,10.6,0.174,1,100.0
4421,森作広大,27.6,20,0.0,3.0,-1.7,0.0,0.184,4,0.0
4713,白神優,70.0,38,10.5,12.9,-1.7,21.1,0.129,0,
4787,椎名豊,72.1,38,10.5,12.9,-1.7,15.8,0.139,1,0.0
5096,上原崚,56.2,45,6.7,8.9,-1.7,11.1,0.147,0,
5221,竹間隆晟,63.8,46,8.7,11.0,-1.7,13.0,0.138,3,33.3
3430,角浜修,34.3,43,2.3,4.7,-1.8,2.3,0.189,2,0.0
3509,池千夏,28.5,23,0.0,3.0,-1.8,0.0,0.137,1,0.0
3548,室田泰史,56.5,46,6.5,8.9,-1.8,8.7,0.114,1,0.0
3901,松田憲幸,45.3,27,3.7,6.4,-1.8,3.7,0.191,1,0.0
4210,松村康太,56.8,46,6.5,8.9,-1.8,6.5,0.169,0,
4329,小松卓司,41.4,43,2.3,4.8,-1.8,4.7,0.17,1,0.0
4586,磯部誠,61.1,45,6.7,9.0,-1.8,6.7,0.128,3,0.0
4709,岡村将也,57.4,32,6.2,8.9,-1.8,6.2,0.168,1,0.0
4873,蒲原健太,50.6,47,4.3,6.7,-1.8,4.3,0.197,0,
4982,中村将隆,49.1,26,3.8,6.7,-1.8,3.8,0.17,1,0.0
5019,柴田百恵,51.2,26,3.8,6.7,-1.8,7.7,0.149,0,
5115,香川颯太,48.2,26,3.8,6.7,-1.8,3.8,0.145,0,
5138,村本大成,32.5,21,0.0,3.0,-1.8,0.0,0.179,0,
5148,松本怜,47.3,27,3.7,6.4,-1.8,7.4,0.19,0,
5169,堀本翔太,24.5,15,0.0,3.6,-1.8,0.0,0.197,0,
5178,成貞琳平,35.5,43,2.3,4.7,-1.8,2.3,0.183,2,0.0
3370,坪内実,29.7,27,0.0,3.0,-1.9,0.0,0.175,1,0.0
3590,濱野谷憲吾,65.1,47,8.5,11.0,-1.9,12.8,0.126,4,25.0
3721,守田俊介,59.7,46,6.5,9.0,-1.9,17.4,0.104,7,0.0
3838,伊藤啓三,51.1,27,3.7,6.7,-1.9,7.4,0.135,0,
3875,廣中良一,39.7,46,2.2,4.8,-1.9,2.2,0.155,0,
3905,天野友和,64.8,47,8.5,11.0,-1.9,8.5,0.141,1,0.0
4007,榮田将彦,43.7,28,3.6,6.4,-1.9,3.6,0.127,0,
4036,金田諭,67.9,39,10.3,12.9,-1.9,15.4,0.174,1,0.0
4097,貫地谷直人,29.9,25,0.0,3.0,-1.9,0.0,0.214,0,
4200,早川尚人,36.4,45,2.2,4.7,-1.9,2.2,0.177,1,0.0
4253,西川真人,37.2,46,2.2,4.7,-1.9,4.3,0.165,1,0.0
4261,岡祐臣,62.9,36,8.3,11.0,-1.9,13.9,0.168,0,
4409,坂元浩仁,66.0,36,8.3,11.0,-1.9,11.1,0.138,2,0.0
4424,松尾昂明,58.1,46,6.5,9.0,-1.9,8.7,0.171,8,0.0
4682,大上卓人,60.0,46,6.5,9.0,-1.9,8.7,0.133,0,
4839,四宮与寛,55.0,33,6.1,8.9,-1.9,9.1,0.136,1,0.0
4894,原村拓也,43.7,51,3.9,6.4,-1.9,9.8,0.198,0,
4909,薮内瑞希,45.4,28,3.6,6.4,-1.9,7.1,0.18,0,
5113,黒明花夢,22.7,17,0.0,3.6,-1.9,0.0,0.187,1,0.0
5155,内山七海,62.8,36,8.3,11.0,-1.9,11.1,0.144,2,0.0
5242,高山弘斗,29.7,24,0.0,3.0,-1.9,4.2,0.151,5,0.0
5246,楠将太郎,52.0,27,3.7,6.7,-1.9,11.1,0.168,7,0.0
5254,羽田妃希,31.1,24,0.0,3.0,-1.9,8.3,0.181,0,
5302,秋末秦悟,32.0,24,0.0,3.0,-1.9,0.0,0.194,1,0.0
3458,東健介,29.2,26,0.0,3.0,-1.9,0.0,0.178,0,
3596,河上年昭,31.8,27,0.0,3.0,-1.9,0.0,0.146,3,0.0
4119,泥谷一毅,57.1,47,6.4,8.9,-1.9,6.4,0.167,0,
4287,今井貴士,57.7,32,6.2,9.0,-1.9,6.2,0.162,1,0.0
3211,北川敏弘,30.2,29,0.0,3.0,-2.0,0.0,0.159,0,
3293,宮内由紀英,31.0,30,0.0,3.0,-2.0,0.0,0.189,1,0.0
3412,鈴木博,68.9,49,10.2,12.9,-2.0,12.2,0.173,8,12.5
3949,今出晋二,27.5,29,0.0,3.0,-2.0,0.0,0.173,0,
4181,花本夏樹,31.7,31,0.0,3.0,-2.0,3.2,0.202,4,0.0
4275,菅野はやか,27.3,19,0.0,3.6,-2.0,0.0,0.155,0,
4494,河合佑樹,61.4,33,6.1,9.0,-2.0,9.1,0.169,2,0.0
4632,長尾京志郎,45.3,29,3.4,6.4,-2.0,3.4,0.201,2,0.0
4648,木村亮太,45.5,29,3.4,6.4,-2.0,10.3,0.136,0,
5033,藤原孝斗,29.0,29,0.0,3.0,-2.0,3.4,0.182,2,0.0
5088,高憧四季,68.4,49,10.2,12.9,-2.0,20.4,0.148,1,0.0
5089,前田翔,75.4,40,12.5,15.2,-2.0,12.5,0.162,0,
5151,山下奈緒,31.7,31,0.0,3.0,-2.0,0.0,0.244,1,0.0
5154,村松栄太,43.4,29,3.4,6.4,-2.0,6.9,0.177,0,
5244,黒田剛,28.7,31,0.0,3.0,-2.0,6.5,0.164,0,
5296,永田楽,29.0,30,0.0,3.0,-2.0,10.0,0.2,0,
5307,富永夏哉人,44.7,29,3.4,6.4,-2.0,6.9,0.177,1,0.0
3467,森弘行,30.5,29,0.0,3.0,-2.0,0.0,0.167,1,0.0
4197,渥美卓郎,27.7,30,0.0,3.0,-2.0,0.0,0.189,0,
5209,小野京平,22.6,19,0.0,3.6,-2.0,0.0,0.207,0,
4964,土屋南,58.5,33,6.1,9.0,-2.0,9.1,0.149,1,0.0
3477,近藤稔也,28.0,35,0.0,3.0,-2.1,2.9,0.194,1,0.0
3647,伊藤雄二,31.0,34,0.0,3.0,-2.1,0.0,0.159,4,0.0
3681,山谷央,44.2,30,3.3,6.4,-2.1,6.7,0.15,2,0.0
3935,岩津徹郎,48.9,29,3.4,6.7,-2.1,6.9,0.157,1,0.0
4030,森高一真,56.2,49,6.1,8.9,-2.1,10.2,0.123,0,
4103,山崎善庸,28.0,32,0.0,3.0,-2.1,0.0,0.214,2,0.0
4278,藤岡俊介,70.6,40,10.0,12.9,-2.1,12.5,0.128,0,
4339,平瀬城啓,30.5,33,0.0,3.0,-2.1,0.0,0.165,2,0.0
4393,田中孝明,32.3,36,0.0,3.0,-2.1,2.8,0.209,3,0.0
4435,服部達哉,54.6,34,5.9,8.9,-2.1,11.8,0.175,0,
4448,青木玄太,70.2,40,10.0,12.9,-2.1,15.0,0.136,2,0.0
4460,後藤翔之,62.6,37,8.1,11.0,-2.1,10.8,0.144,0,
4502,遠藤エミ,71.9,40,10.0,12.9,-2.1,25.0,0.142,1,0.0
4510,坂本奈央,22.9,20,0.0,3.6,-2.1,0.0,0.21,0,
4528,黒井達矢,65.7,37,8.1,11.0,-2.1,10.8,0.171,7,0.0
4900,中田夕貴,53.0,34,5.9,8.9,-2.1,14.7,0.172,6,0.0
4987,島倉都,31.6,36,0.0,3.0,-2.1,0.0,0.176,7,0.0
5152,丸山祐也,28.8,33,0.0,3.0,-2.1,0.0,0.232,0,
5332,村松遥輝,30.6,35,0.0,3.0,-2.1,5.7,0.176,5,0.0
3357,福島陽子,31.9,35,0.0,3.0,-2.1,0.0,0.183,0,
4129,宇野博之,31.6,34,0.0,3.0,-2.1,0.0,0.194,5,0.0
4897,深見亜由美,29.6,32,0.0,3.0,-2.1,0.0,0.206,0,
4724,吉田祐貴,23.1,21,0.0,3.6,-2.1,0.0,0.189,0,
3268,森竜也,37.0,51,2.0,4.7,-2.2,2.0,0.182,6,16.7
3411,池上隆行,28.2,38,0.0,3.0,-2.2,2.6,0.154,3,0.0
3692,竹腰正樹,44.7,31,3.2,6.4,-2.2,3.2,0.155,1,0.0
3775,泉啓文,32.3,38,0.0,3.0,-2.2,0.0,0.178,0,
3797,岩井繁,31.4,43,0.0,3.0,-2.2,0.0,0.204,1,0.0
3900,香川素子,66.4,38,7.9,11.0,-2.2,13.2,0.185,5,0.0
3922,菅沼佳昭,31.9,40,0.0,3.0,-2.2,7.5,0.171,0,
3928,林恵祐,29.8,40,0.0,3.0,-2.2,0.0,0.169,0,
4144,石塚久也,65.3,38,7.9,11.0,-2.2,10.5,0.166,7,0.0
4145,小澤学,31.6,41,0.0,3.0,-2.2,4.9,0.266,3,0.0
4176,樋口喜彦,26.5,24,0.0,3.6,-2.2,0.0,0.184,1,0.0
4191,赤羽克也,63.5,38,7.9,11.0,-2.2,7.9,0.166,7,14.3
4219,本岡勝利,28.1,38,0.0,3.0,-2.2,0.0,0.17,0,
4272,大場広孝,45.4,32,3.1,6.4,-2.2,6.2,0.172,1,0.0
4347,魚谷香織,61.8,34,5.9,9.0,-2.2,5.9,0.2,3,0.0
4387,平山智加,68.6,50,10.0,12.9,-2.2,16.0,0.155,1,0.0
4397,西村拓也,68.1,50,10.0,12.9,-2.2,16.0,0.127,2,0.0
4503,上野真之介,71.7,50,10.0,12.9,-2.2,14.0,0.115,1,0.0
4504,前田将太,56.2,35,5.7,8.9,-2.2,5.7,0.131,0,
4522,古澤光紀,58.4,34,5.9,9.0,-2.2,5.9,0.14,0,
4711,前出達吉,60.0,34,5.9,9.0,-2.2,11.8,0.14,0,
5011,高木圭大,30.6,39,0.0,3.0,-2.2,2.6,0.165,0,
5054,佐々木大河,65.4,49,8.2,11.0,-2.2,12.2,0.137,1,0.0
5259,野田昇吾,22.6,22,0.0,3.6,-2.2,0.0,0.135,1,0.0
5343,小林礼央,33.0,52,1.9,4.7,-2.2,1.9,0.171,3,0.0
4901,出口舞有子,44.0,31,3.2,6.4,-2.2,3.2,0.165,1,0.0
3107,平岡重典,25.2,26,0.0,3.6,-2.3,3.8,0.179,2,0.0
3300,川崎智幸,58.4,35,5.7,9.0,-2.3,8.6,0.146,4,0.0
3442,宮武英司,44.1,33,3.0,6.4,-2.3,3.0,0.152,0,
3800,牧宏次,50.3,31,3.2,6.7,-2.3,3.2,0.158,1,0.0
3920,正木聖賢,53.8,36,5.6,8.9,-2.3,8.3,0.156,0,
3942,寺田祥,68.5,41,9.8,12.9,-2.3,9.8,0.147,0,
4268,和合俊介,26.0,25,0.0,3.6,-2.3,0.0,0.183,1,0.0
4306,畔柳俊吾,49.1,31,3.2,6.7,-2.3,3.2,0.192,0,
4308,河村了,70.7,41,9.8,12.9,-2.3,12.2,0.168,0,
4314,青木幸太郎,60.4,35,5.7,9.0,-2.3,5.7,0.143,2,0.0
4447,深川麻奈美,55.2,36,5.6,8.9,-2.3,11.1,0.171,2,50.0
4555,富永大一,53.7,36,5.6,8.9,-2.3,8.3,0.171,1,0.0
4592,小林孝弘,44.0,33,3.0,6.4,-2.3,3.0,0.174,2,0.0
4731,間野兼礼,48.6,31,3.2,6.7,-2.3,6.5,0.154,0,
4976,金山立樹,51.5,31,3.2,6.7,-2.3,6.5,0.202,0,
5002,上田健太,60.5,35,5.7,9.0,-2.3,11.4,0.162,2,0.0
5009,大賀龍之介,50.0,31,3.2,6.7,-2.3,9.7,0.155,2,0.0
3722,西村秀樹,23.9,25,0.0,3.6,-2.3,0.0,0.162,3,0.0
3353,前田光昭,25.7,26,0.0,3.6,-2.3,0.0,0.126,3,0.0
3551,藤田美代,27.3,30,0.0,3.6,-2.4,3.3,0.172,0,
3941,池田浩二,72.9,42,11.9,15.2,-2.4,19.0,0.133,0,
4151,下河誉史,51.8,56,3.6,6.7,-2.4,3.6,0.189,0,
4234,野相弘司,46.8,34,2.9,6.4,-2.4,2.9,0.16,1,0.0
4262,馬場貴也,67.0,39,7.7,11.0,-2.4,17.9,0.143,2,0.0
4274,長畑友輔,43.0,34,2.9,6.4,-2.4,5.9,0.155,1,0.0
4292,麻生慎介,64.2,39,7.7,11.0,-2.4,12.8,0.148,1,0.0
4320,峰竜太,74.8,34,11.8,15.2,-2.4,20.6,0.135,0,
4466,南佑典,58.6,36,5.6,9.0,-2.4,8.3,0.169,0,
4521,小池公生,50.5,32,3.1,6.7,-2.4,3.1,0.197,1,0.0
4593,小坂宗司,63.1,39,7.7,11.0,-2.4,10.3,0.182,6,16.7
4600,井内将太郎,66.7,39,7.7,11.0,-2.4,10.3,0.121,0,
4837,酒井陽祐,47.8,32,3.1,6.7,-2.4,3.1,0.14,1,0.0
5043,中村日向,63.1,39,7.7,11.0,-2.4,10.3,0.134,0,
4892,柴田直哉,47.4,34,2.9,6.4,-2.4,2.9,0.179,1,0.0
3961,谷村一哉,71.4,23,8.7,12.9,-2.5,8.7,0.15,0,
4064,原田篤志,71.9,42,9.5,12.9,-2.5,16.7,0.168,2,0.0
4068,幸田智裕,45.8,35,2.9,6.4,-2.5,5.7,0.188,2,0.0
4120,柘植政浩,62.4,52,5.8,9.0,-2.5,7.7,0.171,0,
4258,関根彰人,43.4,35,2.9,6.4,-2.5,5.7,0.184,6,0.0
4263,武重雄介,49.1,33,3.0,6.7,-2.5,3.0,0.182,0,
4345,西舘健,52.8,37,5.4,8.9,-2.5,10.8,0.162,1,0.0
4694,高田綾,42.7,35,2.9,6.4,-2.5,5.7,0.175,3,0.0
4906,鈴木雅希,55.6,37,5.4,8.9,-2.5,8.1,0.141,3,33.3
5032,谷口知優,53.2,37,5.4,8.9,-2.5,8.1,0.17,0,
5047,國分将太郎,48.4,33,3.0,6.7,-2.5,9.1,0.17,1,0.0
5163,清水愛海,64.4,40,7.5,11.0,-2.5,10.0,0.205,0,
5285,若林麗,23.4,31,0.0,3.6,-2.5,3.2,0.2,0,
2538,高橋二朗,24.6,31,0.0,3.6,-2.5,0.0,0.207,0,
4998,中村かなえ,39.1,16,0.0,4.8,-2.5,0.0,0.122,2,0.0
3741,松尾基成,25.1,39,0.0,3.6,-2.6,0.0,0.172,3,0.0
4050,田口節子,73.8,35,11.4,15.2,-2.6,17.1,0.141,3,0.0
4336,松田竜馬,46.1,36,2.8,6.4,-2.6,5.6,0.155,1,0.0
4513,河野真也,58.3,37,5.4,9.0,-2.6,10.8,0.168,2,100.0
4551,三川昂暁,60.9,37,5.4,9.0,-2.6,13.5,0.167,2,50.0
4560,庄司樹良々,58.6,37,5.4,9.0,-2.6,13.5,0.116,1,0.0
4598,加藤政彦,55.0,38,5.3,8.9,-2.6,7.9,0.147,1,0.0
4890,石川諒,58.1,37,5.4,9.0,-2.6,13.5,0.112,0,
4910,中村泰平,71.9,43,9.3,12.9,-2.6,11.6,0.149,1,0.0
4934,佐々木翔斗,57.3,38,5.3,8.9,-2.6,7.9,0.183,1,100.0
5110,杉山喜一,50.4,34,2.9,6.7,-2.6,2.9,0.158,2,0.0
3527,中嶋誠一郎,51.1,36,2.8,6.7,-2.7,5.6,0.172,0,
3619,長谷川充,44.5,38,2.6,6.4,-2.7,2.6,0.184,3,0.0
3828,明石正之,49.3,35,2.9,6.7,-2.7,2.9,0.171,0,
3891,谷口健一,26.6,41,0.0,3.6,-2.7,0.0,0.171,0,
4108,吉村正明,55.9,39,5.1,8.9,-2.7,10.3,0.127,3,0.0
4117,廣中智紗衣,64.3,41,7.3,11.0,-2.7,7.3,0.213,3,33.3
4434,田中辰彦,63.3,41,7.3,11.0,-2.7,12.2,0.156,0,
4574,東潤樹,52.7,39,5.1,8.9,-2.7,5.1,0.176,0,
4623,中北将史,44.5,38,2.6,6.4,-2.7,2.6,0.154,3,0.0
4631,新井英孝,47.9,35,2.9,6.7,-2.7,2.9,0.187,0,
4688,永井彪也,63.5,41,7.3,11.0,-2.7,12.2,0.119,1,0.0
4853,前原哉,38.1,20,0.0,4.8,-2.7,10.0,0.22,0,
4962,畑竜生,58.6,38,5.3,9.0,-2.7,7.9,0.152,0,
5330,安河内鈴之介,63.5,41,7.3,11.0,-2.7,12.2,0.144,2,0.0
3885,久田武,53.1,39,5.1,8.9,-2.7,7.7,0.167,1,0.0
4168,石野貴之,60.6,38,5.3,9.0,-2.7,5.3,0.137,2,0.0
5185,加藤優弥,49.2,35,2.9,6.7,-2.7,8.6,0.123,1,0.0
3853,岩崎正哉,50.4,37,2.7,6.7,-2.8,2.7,0.203,3,0.0
4043,桐本康臣,58.3,39,5.1,9.0,-2.8,7.7,0.138,2,0.0
4057,松井賢治,59.1,55,5.5,9.0,-2.8,9.1,0.161,4,25.0
4229,市川美宏,35.8,22,0.0,4.7,-2.8,0.0,0.18,1,0.0
4264,長尾章平,68.4,54,9.3,12.9,-2.8,13.0,0.162,2,50.0
4360,庄司孝輔,55.2,40,5.0,8.9,-2.8,15.0,0.182,2,0.0
4411,沢田昭宏,53.5,40,5.0,8.9,-2.8,5.0,0.194,0,
4508,野間大樹,54.2,40,5.0,8.9,-2.8,10.0,0.182,2,0.0
4536,喜井つかさ,63.8,42,7.1,11.0,-2.8,14.3,0.155,3,66.7
4842,山下昂大,57.6,39,5.1,9.0,-2.8,7.7,0.174,0,
5187,小坂風太,34.6,22,0.0,4.7,-2.8,0.0,0.21,3,0.0
3896,上田洋平,52.1,37,2.7,6.7,-2.8,5.4,0.154,0,
3315,広瀬聖仁,36.7,23,0.0,4.7,-2.9,4.3,0.173,0,
3566,川添英正,49.3,38,2.6,6.7,-2.9,5.3,0.2,1,0.0
3708,岡部貴司,46.9,41,2.4,6.4,-2.9,2.4,0.165,2,0.0
3804,中渡修作,45.2,40,2.5,6.4,-2.9,2.5,0.143,2,0.0
3841,佐々木和伸,61.9,40,5.0,9.0,-2.9,10.0,0.149,1,0.0
3915,繁野谷圭介,58.4,40,5.0,9.0,-2.9,7.5,0.173,0,
4014,片岡恵里,53.9,41,4.9,8.9,-2.9,9.8,0.177,0,
4154,森安弘雅,48.8,38,2.6,6.7,-2.9,5.3,0.173,0,
4199,北川潤二,66.1,67,7.5,11.0,-2.9,9.0,0.15,4,25.0
4352,下條雄太郎,64.6,30,6.7,11.0,-2.9,16.7,0.141,0,
4469,土山卓也,57.1,41,4.9,8.9,-2.9,9.8,0.155,2,0.0
4486,野村誠,55.3,41,4.9,8.9,-2.9,9.8,0.176,1,0.0
4782,浜崎準也,37.3,24,0.0,4.7,-2.9,4.2,0.175,0,
4936,戸敷晃美,59.8,40,5.0,9.0,-2.9,10.0,0.157,2,0.0
4949,横田貴満,61.3,40,5.0,9.0,-2.9,7.5,0.162,0,
4951,新田洋一,51.0,38,2.6,6.7,-2.9,5.3,0.139,0,
3514,山一鉄也,53.1,41,4.9,8.9,-2.9,9.8,0.165,1,0.0
4162,竹本太樹,38.8,23,0.0,4.8,-2.9,0.0,0.163,1,0.0
4549,小林文彦,58.8,40,5.0,9.0,-2.9,7.5,0.192,3,0.0
3392,小森信雄,37.1,26,0.0,4.7,-3.0,0.0,0.194,4,0.0
3686,鳥居塚孝博,60.4,41,4.9,9.0,-3.0,12.2,0.14,0,
3771,折下寛法,56.7,42,4.8,8.9,-3.0,7.1,0.146,2,50.0
3948,大町利克,33.1,25,0.0,4.7,-3.0,0.0,0.19,2,0.0
3988,古川誠之,59.9,41,4.9,9.0,-3.0,12.2,0.138,4,0.0
4053,芦澤望,58.0,41,4.9,9.0,-3.0,9.8,0.167,2,0.0
4311,岡村仁,69.1,45,8.9,12.9,-3.0,13.3,0.138,4,25.0
4394,永嶋裕一,63.1,43,7.0,11.0,-3.0,16.3,0.148,1,0.0
4714,喜多須杏奈,49.5,39,2.6,6.7,-3.0,2.6,0.173,2,0.0
4738,清埜翔子,55.4,42,4.8,8.9,-3.0,7.1,0.151,6,0.0
4891,寺島美里,39.8,25,0.0,4.8,-3.0,0.0,0.13,0,
4908,上田龍星,67.5,43,7.0,11.0,-3.0,14.0,0.137,2,50.0
5144,中尾彩香,48.6,39,2.6,6.7,-3.0,5.1,0.17,2,0.0
5186,遠藤圭吾,39.2,26,0.0,4.8,-3.0,3.8,0.162,2,0.0
5237,永松良教,41.5,25,0.0,4.8,-3.0,0.0,0.174,1,0.0
5271,杉山太陽,32.6,25,0.0,4.7,-3.0,4.0,0.191,0,
3505,山田竜一,52.1,41,2.4,6.7,-3.1,4.9,0.141,3,0.0
3523,寳田亮治,38.7,27,0.0,4.8,-3.1,3.7,0.208,0,
3889,須藤隆雄,34.4,29,0.0,4.7,-3.1,0.0,0.184,1,0.0
4071,古賀千晶,38.3,27,0.0,4.8,-3.1,0.0,0.158,0,
4105,松下直也,54.8,43,4.7,8.9,-3.1,4.7,0.16,0,
4251,川崎誠志,40.3,29,0.0,4.8,-3.1,3.4,0.208,0,
4325,新出浩司,42.5,27,0.0,4.8,-3.1,0.0,0.167,3,0.0
4567,上村慎太郎,37.2,28,0.0,4.7,-3.1,0.0,0.24,0,
4720,西澤日花里,38.4,29,0.0,4.8,-3.1,0.0,0.172,1,0.0
4850,野中一平,63.2,44,6.8,11.0,-3.1,11.4,0.109,1,0.0
4866,橋本英一,42.5,29,0.0,4.8,-3.1,0.0,0.198,0,
4918,川島拓郎,48.8,41,2.4,6.7,-3.1,2.4,0.149,3,0.0
5026,安河内健,63.0,44,6.8,11.0,-3.1,15.9,0.159,0,
5064,品川二千翔,60.6,42,4.8,9.0,-3.1,11.9,0.151,2,0.0
5316,村松将平,49.5,41,2.4,6.7,-3.1,4.9,0.132,2,0.0
4358,松本庸平,35.9,27,0.0,4.7,-3.1,3.7,0.246,0,
4514,上條嘉嗣,68.8,46,8.7,12.9,-3.1,15.2,0.202,6,0.0
4728,山口亮,39.7,29,0.0,4.8,-3.1,0.0,0.188,0,
3156,金子良昭,34.1,30,0.0,4.7,-3.2,0.0,0.167,4,0.0
3448,高山秀雄,42.3,30,0.0,4.8,-3.2,0.0,0.201,2,0.0
3471,赤峰和也,33.1,31,0.0,4.7,-3.2,3.2,0.18,1,0.0
3507,藤井徹,35.3,32,0.0,4.7,-3.2,0.0,0.215,0,
3710,吉永泰弘,43.2,46,2.2,6.4,-3.2,6.5,0.176,0,
3769,佐竹恒彦,54.0,26,3.8,8.9,-3.2,7.7,0.171,0,
3773,津留浩一郎,39.8,32,0.0,4.8,-3.2,3.1,0.157,0,
3869,井芹大志,36.6,32,0.0,4.7,-3.2,0.0,0.196,0,
3984,坂口周,63.5,45,6.7,11.0,-3.2,8.9,0.162,1,0.0
4051,清水敦揮,72.2,36,8.3,12.9,-3.2,16.7,0.18,0,
4155,長野壮志郎,64.4,32,6.2,11.0,-3.2,12.5,0.133,0,
4164,岩永節也,36.4,30,0.0,4.7,-3.2,0.0,0.193,0,
4202,浮田圭浩,41.4,32,0.0,4.8,-3.2,3.1,0.202,0,
4332,村上彰一,38.5,32,0.0,4.8,-3.2,3.1,0.208,2,0.0
4350,篠崎元志,66.9,45,6.7,11.0,-3.2,8.9,0.153,0,
4525,真子奈津実,41.9,32,0.0,4.8,-3.2,0.0,0.152,2,0.0
4558,宮野仁,33.5,31,0.0,4.7,-3.2,0.0,0.199,0,
4686,丸野一樹,62.9,32,6.2,11.0,-3.2,9.4,0.122,3,33.3
4697,國弘翔平,35.0,32,0.0,4.7,-3.2,0.0,0.176,2,0.0
4785,木幡純也,37.9,31,0.0,4.8,-3.2,0.0,0.188,3,0.0
5000,岡本翔太郎,38.5,30,0.0,4.8,-3.2,3.3,0.121,0,
5046,松山裕基,38.4,32,0.0,4.8,-3.2,0.0,0.172,1,0.0
5317,長尾萌加,46.0,45,2.2,6.4,-3.2,4.4,0.158,0,
3297,藤丸光一,37.7,31,0.0,4.8,-3.2,3.2,0.207,1,0.0
3569,増田進,34.2,32,0.0,4.7,-3.2,0.0,0.169,0,
3859,多羅尾達之,39.4,30,0.0,4.8,-3.2,0.0,0.179,3,0.0
3964,宮地博士,36.8,31,0.0,4.7,-3.2,0.0,0.183,1,0.0
3974,深山祐二,38.4,30,0.0,4.8,-3.2,3.3,0.149,4,0.0
4023,柴田友和,33.1,30,0.0,4.7,-3.2,0.0,0.181,1,0.0
4098,赤澤文香,38.5,30,0.0,4.8,-3.2,0.0,0.195,0,
4388,是澤孝宏,61.2,43,4.7,9.0,-3.2,7.0,0.164,1,0.0
4579,中嶋健一郎,60.2,43,4.7,9.0,-3.2,11.6,0.158,2,0.0
3474,松瀬弘美,42.2,34,0.0,4.8,-3.3,5.9,0.156,1,0.0
3502,渡邉英児,60.9,44,4.5,9.0,-3.3,4.5,0.154,2,0.0
4295,小坂尚哉,73.2,38,10.5,15.2,-3.3,15.8,0.136,2,0.0
4299,中島浩哉,40.2,35,0.0,4.8,-3.3,2.9,0.141,0,
4382,高山智至,42.6,47,2.1,6.4,-3.3,4.3,0.191,2,0.0
4400,加藤奈月,35.3,34,0.0,4.7,-3.3,0.0,0.172,0,
4905,土井祥伍,35.0,34,0.0,4.7,-3.3,0.0,0.182,0,
4947,間庭菜摘,42.2,34,0.0,4.8,-3.3,0.0,0.172,1,0.0
4952,吉武真也,34.5,33,0.0,4.7,-3.3,0.0,0.187,2,0.0
4963,實森美祐,58.8,44,4.5,9.0,-3.3,9.1,0.155,3,0.0
5037,田頭虎親,54.6,27,3.7,8.9,-3.3,11.1,0.17,0,
5078,山川波乙,42.3,35,0.0,4.8,-3.3,2.9,0.189,0,
5157,市川健太,38.0,35,0.0,4.8,-3.3,0.0,0.159,1,0.0
5250,嶋田有里,38.0,35,0.0,4.8,-3.3,0.0,0.177,0,
3303,渡辺豊,43.9,48,2.1,6.4,-3.3,4.2,0.203,2,0.0
3790,佐口達也,37.6,34,0.0,4.8,-3.3,0.0,0.192,0,
4390,松本弓雄,33.7,33,0.0,4.7,-3.3,0.0,0.2,0,
4888,金児隆太,47.7,44,2.3,6.7,-3.3,6.8,0.173,6,0.0
3224,栗山繁洋,33.7,36,0.0,4.7,-3.4,0.0,0.197,0,
3441,土屋太朗,46.9,49,2.0,6.4,-3.4,2.0,0.186,6,0.0
3684,清水攻二,58.0,45,4.4,9.0,-3.4,8.9,0.17,0,
3854,吉川元浩,64.1,46,6.5,11.0,-3.4,10.9,0.13,5,20.0
3934,鋤柄貴俊,53.1,46,4.3,8.9,-3.4,4.3,0.149,1,0.0
3967,鈴木茂高,38.3,39,0.0,4.8,-3.4,0.0,0.187,2,0.0
3990,芹澤克彦,40.4,38,0.0,4.8,-3.4,2.6,0.149,0,
4074,柳沢一,66.0,46,6.5,11.0,-3.4,15.2,0.144,2,0.0
4246,喜多那由夏,38.5,36,0.0,4.8,-3.4,0.0,0.194,2,0.0
4491,田中堅,35.9,37,0.0,4.7,-3.4,0.0,0.183,2,0.0
4543,重木輝彦,65.6,46,6.5,11.0,-3.4,8.7,0.182,0,
4564,山本景士郎,42.5,38,0.0,4.8,-3.4,2.6,0.198,1,0.0
4565,西村豪洋,34.3,36,0.0,4.7,-3.4,2.8,0.172,1,0.0
4746,大豆生田蒼,53.5,28,3.6,8.9,-3.4,14.3,0.213,7,14.3
4995,田邉亮蔵,39.8,37,0.0,4.8,-3.4,0.0,0.182,1,0.0
5177,松井貫太,38.8,37,0.0,4.8,-3.4,0.0,0.197,1,0.0
5279,石渡翔一郎,55.9,28,3.6,8.9,-3.4,10.7,0.179,1,0.0
5351,齊藤廉,37.9,38,0.0,4.8,-3.4,5.3,0.144,4,0.0
3687,花田和明,44.6,50,2.0,6.4,-3.4,4.0,0.17,3,0.0
4470,平田健之佑,67.4,33,6.1,11.0,-3.4,9.1,0.132,0,
4693,松下誉士,34.4,36,0.0,4.7,-3.4,0.0,0.186,0,
5118,野田なづき,57.4,28,3.6,8.9,-3.4,7.1,0.179,2,0.0
3081,岡本慎治,46.7,18,0.0,6.4,-3.5,0.0,0.167,4,0.0
4324,海野康志郎,67.1,47,6.4,11.0,-3.5,8.5,0.147,0,
4487,三原司,40.8,40,0.0,4.8,-3.5,5.0,0.179,0,
4790,柳内敬太,63.3,47,6.4,11.0,-3.5,6.4,0.163,1,100.0
3807,岡部哲,40.0,40,0.0,4.8,-3.5,0.0,0.167,3,0.0
5105,富田恕生,42.4,40,0.0,4.8,-3.5,2.5,0.182,0,
3454,井川大作,56.2,29,3.4,8.9,-3.6,3.4,0.131,0,
3621,天野晶夫,54.6,29,3.4,8.9,-3.6,3.4,0.159,0,
4639,雑賀勇貴,38.2,48,0.0,4.8,-3.6,2.1,0.163,4,0.0
4907,小池修平,72.3,38,7.9,12.9,-3.6,18.4,0.126,0,
5326,三嶌さらら,34.4,45,0.0,4.7,-3.6,4.4,0.187,0,
3645,淺田千亜希,46.2,19,0.0,6.4,-3.6,5.3,0.154,0,
4290,稲田浩二,63.3,35,5.7,11.0,-3.7,8.6,0.1,1,0.0
4418,茅原悠紀,72.5,39,7.7,12.9,-3.7,15.4,0.114,1,0.0
4744,伊藤玲奈,43.5,20,0.0,6.4,-3.7,0.0,0.222,0,
4748,渡邉雄朗,67.3,35,5.7,11.0,-3.7,11.4,0.169,1,0.0
4822,百武翔,61.5,48,4.2,9.0,-3.7,4.2,0.175,2,50.0
5216,長谷川晴哉,60.6,48,4.2,9.0,-3.7,8.3,0.139,3,33.3
5049,松井友汰,61.7,29,3.4,9.0,-3.7,6.9,0.169,2,0.0
3744,徳増秀樹,60.6,69,4.3,9.0,-3.8,11.6,0.129,3,0.0
4019,笠原亮,66.3,36,5.6,11.0,-3.8,13.9,0.161,2,0.0
4450,平高奈菜,58.9,30,3.3,9.0,-3.8,13.3,0.176,0,
4991,宗行治哉,64.0,36,5.6,11.0,-3.8,11.1,0.19,2,0.0
5280,廣瀬凜,72.5,40,10.0,15.2,-3.8,10.0,0.157,2,0.0
3415,松井繁,60.9,51,3.9,9.0,-3.9,13.7,0.128,0,
3656,伯母芳恒,53.1,32,3.1,8.9,-3.9,6.2,0.161,3,0.0
4570,前田聖文,68.5,40,7.5,12.9,-3.9,12.5,0.139,1,0.0
4809,外崎悟,53.6,32,3.1,8.9,-3.9,9.4,0.142,6,0.0
3904,森貴洋,49.2,21,0.0,6.7,-3.9,0.0,0.17,0,
3436,柏野幸二,57.7,32,3.1,9.0,-4.0,3.1,0.133,0,
3986,沖島広和,50.0,23,0.0,6.7,-4.0,0.0,0.186,2,0.0
4214,林祐介,55.3,33,3.0,8.9,-4.0,6.1,0.154,1,0.0
4710,福田宗平,62.2,32,3.1,9.0,-4.0,6.2,0.132,0,
4884,勝浦真帆,51.8,22,0.0,6.7,-4.0,0.0,0.138,1,0.0
4919,吉田翔悟,45.6,24,0.0,6.4,-4.0,0.0,0.156,1,0.0
5248,本田愛,45.4,25,0.0,6.4,-4.0,4.0,0.208,4,0.0
4678,水野望美,47.9,23,0.0,6.7,-4.0,0.0,0.168,0,
5175,島崎丈一朗,46.2,24,0.0,6.4,-4.0,4.2,0.18,2,0.0
3833,中辻博訓,65.3,52,5.8,11.0,-4.1,7.7,0.131,0,
4066,東本勝利,63.8,38,5.3,11.0,-4.1,7.9,0.19,3,0.0
4208,三浦永理,67.5,41,7.3,12.9,-4.1,22.0,0.14,0,
4680,後藤美翼,55.9,34,2.9,8.9,-4.1,2.9,0.206,5,0.0
4684,楠原翔太,53.3,34,2.9,8.9,-4.1,5.9,0.17,2,0.0
4931,木谷賢太,72.3,41,7.3,12.9,-4.1,9.8,0.152,3,0.0
5015,高橋竜矢,71.4,41,7.3,12.9,-4.1,14.6,0.145,3,0.0
5023,久永祥平,59.8,33,3.0,9.0,-4.1,3.0,0.157,2,0.0
5239,上野俊樹,49.5,24,0.0,6.7,-4.1,4.2,0.136,1,0.0
5240,高橋龍治,44.4,26,0.0,6.4,-4.1,0.0,0.152,1,0.0
5050,木下雄介,59.9,33,3.0,9.0,-4.1,18.2,0.162,2,0.0
3837,秋山広一,64.8,39,5.1,11.0,-4.2,7.7,0.166,0,
3955,眞田英二,48.0,25,0.0,6.7,-4.2,8.0,0.176,0,
4049,荒川健太,62.0,54,3.7,9.0,-4.2,7.4,0.182,2,50.0
4691,水原慎,42.7,29,0.0,6.4,-4.2,0.0,0.2,0,
5170,佐藤太亮,47.4,29,0.0,6.4,-4.2,0.0,0.156,2,0.0
5134,大原祥昌,55.4,35,2.9,8.9,-4.2,2.9,0.141,2,0.0
3105,内山文典,48.4,28,0.0,6.7,-4.3,3.6,0.148,1,0.0
3541,三嶌誠司,61.0,35,2.9,9.0,-4.3,8.6,0.142,3,0.0
4422,永井亮次,45.0,31,0.0,6.4,-4.3,0.0,0.179,0,
5127,沼田大都,45.5,31,0.0,6.4,-4.3,0.0,0.231,0,
4425,大井清貴,48.9,27,0.0,6.7,-4.3,3.7,0.17,0,
3284,渡邊伸太郎,46.1,32,0.0,6.4,-4.4,3.1,0.209,0,
3772,一柳和孝,50.8,30,0.0,6.7,-4.4,3.3,0.13,2,0.0
3783,瓜生正義,60.5,36,2.8,9.0,-4.4,5.6,0.149,1,0.0
3880,浅見宗孝,44.8,32,0.0,6.4,-4.4,3.1,0.193,0,
4055,吉田俊彦,64.1,55,5.5,11.0,-4.4,9.1,0.158,0,
4417,服部剛,48.3,30,0.0,6.7,-4.4,3.3,0.2,2,0.0
4484,稲生夏季,47.9,29,0.0,6.7,-4.4,0.0,0.177,0,
4626,伊藤紘章,43.2,33,0.0,6.4,-4.4,0.0,0.244,1,0.0
4778,堤啓輔,49.7,29,0.0,6.7,-4.4,6.9,0.156,0,
5376,吉田一心,47.4,32,0.0,6.4,-4.4,3.1,0.19,1,0.0
3445,加藤高史,48.9,32,0.0,6.7,-4.5,6.2,0.186,2,0.0
3478,嶋田貴支,49.3,31,0.0,6.7,-4.5,9.7,0.171,0,
3489,大場敏,57.7,59,3.4,9.0,-4.5,6.8,0.153,2,0.0
3635,石田政吾,49.1,32,0.0,6.7,-4.5,3.1,0.169,0,
3663,木山和幸,52.9,38,2.6,8.9,-4.5,5.3,0.172,0,
3696,白井友晴,45.7,34,0.0,6.4,-4.5,0.0,0.165,3,0.0
3831,安藤裕貴,42.9,34,0.0,6.4,-4.5,2.9,0.142,1,0.0
3893,汐崎正則,45.6,36,0.0,6.4,-4.5,2.8,0.162,1,0.0
4111,奥田誠,52.6,38,2.6,8.9,-4.5,2.6,0.156,0,
4293,鈴木智啓,46.9,34,0.0,6.4,-4.5,0.0,0.186,1,0.0
4296,岡崎恭裕,67.3,26,3.8,11.0,-4.5,3.8,0.139,0,
4371,西山貴浩,56.4,38,2.6,8.9,-4.5,7.9,0.122,0,
4457,神田達也,45.1,36,0.0,6.4,-4.5,2.8,0.16,4,0.0
4659,木下翔太,70.0,44,6.8,12.9,-4.5,13.6,0.146,0,
4718,北川太一,63.3,41,4.9,11.0,-4.5,4.9,0.134,0,
4740,齋藤達希,43.6,35,0.0,6.4,-4.5,2.9,0.186,0,
4758,富樫麗加,59.6,15,0.0,9.0,-4.5,0.0,0.165,3,0.0
5120,山本稔太朗,51.5,31,0.0,6.7,-4.5,0.0,0.141,0,
5203,神里琴音,45.5,36,0.0,6.4,-4.5,2.8,0.142,1,0.0
5249,三木晴斗,49.2,31,0.0,6.7,-4.5,0.0,0.156,0,
3813,佐藤大介,68.1,32,6.2,12.9,-4.5,9.4,0.182,0,
3845,中谷朋子,51.4,31,0.0,6.7,-4.5,3.2,0.195,2,0.0
4065,金田幸子,46.9,36,0.0,6.4,-4.5,2.8,0.175,0,
4195,前川守嗣,48.3,31,0.0,6.7,-4.5,3.2,0.154,0,
4300,加藤綾,44.7,36,0.0,6.4,-4.5,2.8,0.168,2,0.0
4357,田中和也,70.9,44,6.8,12.9,-4.5,13.6,0.156,0,
5095,小原聡将,64.2,26,3.8,11.0,-4.5,15.4,0.156,2,0.0
3434,松尾宣邦,45.3,38,0.0,6.4,-4.6,0.0,0.156,0,
3455,谷本幸司,45.9,39,0.0,6.4,-4.6,2.6,0.147,1,0.0
3581,加木郁,45.3,37,0.0,6.4,-4.6,5.4,0.177,0,
3606,川北浩貴,55.3,40,2.5,8.9,-4.6,5.0,0.166,0,
3892,草場康幸,52.0,34,0.0,6.7,-4.6,0.0,0.154,0,
4259,真庭明志,56.7,40,2.5,8.9,-4.6,5.0,0.152,0,
4273,佐藤旭,47.7,33,0.0,6.7,-4.6,0.0,0.195,3,0.0
4389,伊藤喜智,54.3,40,2.5,8.9,-4.6,10.0,0.164,1,0.0
4444,桐生順平,61.4,38,2.6,9.0,-4.6,7.9,0.133,8,0.0
4578,藤山雅弘,57.8,38,2.6,9.0,-4.6,5.3,0.174,2,0.0
4604,岩瀬裕亮,67.8,45,6.7,12.9,-4.6,11.1,0.149,3,33.3
4835,橋本明,47.5,39,0.0,6.4,-4.6,0.0,0.145,1,0.0
5102,原田雄次,45.2,37,0.0,6.4,-4.6,0.0,0.202,1,0.0
4077,品田直樹,51.7,34,0.0,6.7,-4.6,11.8,0.175,0,
3350,藤本佳史,48.3,36,0.0,6.7,-4.7,2.8,0.176,2,0.0
4006,小野勇作,50.8,35,0.0,6.7,-4.7,2.9,0.157,0,
4241,大串重幸,58.5,39,2.6,9.0,-4.7,2.6,0.171,0,
4266,長田頼宗,64.7,43,4.7,11.0,-4.7,4.7,0.162,0,
4303,牧原崇,49.3,36,0.0,6.7,-4.7,2.8,0.153,1,0.0
4379,桑島和宏,60.1,40,2.5,9.0,-4.7,5.0,0.146,0,
4441,末永由楽,61.4,40,2.5,9.0,-4.7,2.5,0.131,2,0.0
4515,藤田浩人,60.7,40,2.5,9.0,-4.7,2.5,0.16,0,
4861,田中宏樹,51.2,35,0.0,6.7,-4.7,8.6,0.177,1,0.0
4981,牧山敦也,50.5,37,0.0,6.7,-4.7,2.7,0.174,0,
5247,大森翼,45.7,42,0.0,6.4,-4.7,4.8,0.161,1,0.0
4566,塩田北斗,58.0,40,2.5,9.0,-4.7,2.5,0.13,0,
5174,川井萌,52.9,17,0.0,8.9,-4.7,5.9,0.192,3,0.0
4099,吉永則雄,63.7,44,4.5,11.0,-4.8,6.8,0.159,3,0.0
4159,向後龍一,58.7,41,2.4,9.0,-4.8,4.9,0.163,6,0.0
4452,松尾祭,51.2,38,0.0,6.7,-4.8,2.6,0.174,0,
4652,酒見峻介,47.6,38,0.0,6.7,-4.8,5.3,0.168,0,
4676,後藤隼之,51.6,39,0.0,6.7,-4.8,0.0,0.173,0,
4961,西橋奈未,61.2,41,2.4,9.0,-4.8,4.9,0.148,3,0.0
4335,若林将,72.9,36,8.3,15.2,-4.8,13.9,0.112,2,0.0
4911,片岡大地,50.8,39,0.0,6.7,-4.8,2.6,0.144,2,0.0
3334,角ひとみ,53.9,44,2.3,8.9,-4.9,2.3,0.21,1,0.0
3482,金子猛志,49.1,41,0.0,6.7,-4.9,2.4,0.164,3,0.0
4471,新田泰章,68.4,47,6.4,12.9,-4.9,10.6,0.15,4,0.0
4603,谷川将太,53.5,43,2.3,8.9,-4.9,2.3,0.166,0,
4732,堀本和也,63.8,45,4.4,11.0,-4.9,15.6,0.098,0,
5018,竹下大樹,68.5,47,6.4,12.9,-4.9,8.5,0.154,0,
3746,岡瀬正人,56.2,46,2.2,8.9,-5.0,4.3,0.188,0,
3933,山地正樹,54.7,19,0.0,8.9,-5.0,0.0,0.176,1,0.0
4238,毒島誠,75.6,27,7.4,15.2,-5.0,18.5,0.152,1,0.0
4524,深谷知博,60.9,44,2.3,9.0,-5.0,9.1,0.134,2,0.0
4607,鶴田勇雄,57.8,44,2.3,9.0,-5.0,2.3,0.185,3,0.0
3576,白水勝也,75.8,37,8.1,15.2,-5.0,10.8,0.167,2,0.0
4654,篠田優也,64.2,46,4.3,11.0,-5.0,13.0,0.146,2,0.0
4546,浜田亜理沙,66.0,30,3.3,11.0,-5.1,6.7,0.172,6,0.0
4611,今井美亜,59.2,45,2.2,9.0,-5.1,2.2,0.177,1,0.0
4148,枝尾賢,58.1,45,2.2,9.0,-5.1,2.2,0.133,1,0.0
3745,橋本年光,55.1,21,0.0,8.9,-5.2,0.0,0.162,0,
4083,福島勇樹,75.0,38,7.9,15.2,-5.2,10.5,0.133,3,33.3
4348,宮崎奨,60.4,46,2.2,9.0,-5.2,2.2,0.164,1,0.0
4584,村岡賢人,69.0,37,5.4,12.9,-5.3,5.4,0.115,2,0.0
5045,平川香織,65.9,49,4.1,11.0,-5.3,10.2,0.214,8,0.0
4124,池田雄一,65.0,33,3.0,11.0,-5.5,9.1,0.178,2,0.0
4545,岡村慶太,70.6,39,5.1,12.9,-5.6,12.8,0.142,3,0.0
4184,渡邊雄一郎,74.5,41,7.3,15.2,-5.8,26.8,0.174,0,
4848,仲谷颯仁,62.8,36,2.8,11.0,-5.8,2.8,0.156,2,0.0
4096,石橋道友,65.0,36,2.8,11.0,-5.8,11.1,0.147,1,0.0
4531,武富智亮,63.9,36,2.8,11.0,-5.8,5.6,0.175,0,
4685,島村隆幸,79.1,37,16.2,24.4,-5.8,18.9,0.165,2,0.0
5142,常住蓮,74.9,42,7.1,15.2,-5.9,19.0,0.137,0,
4003,表憲一,53.2,30,0.0,8.9,-5.9,0.0,0.163,0,
4661,中島昂章,53.0,32,0.0,8.9,-6.0,0.0,0.181,0,
3715,倉尾大介,59.5,31,0.0,9.0,-6.1,3.2,0.18,2,0.0
4209,藤田竜弘,54.2,33,0.0,8.9,-6.1,3.0,0.168,2,0.0
4817,渡邉翼,61.2,31,0.0,9.0,-6.1,3.2,0.152,0,
5193,米丸乃絵,66.7,39,2.6,11.0,-6.1,2.6,0.161,2,0.0
4456,鎌倉涼,66.7,40,2.5,11.0,-6.2,5.0,0.171,1,0.0
4464,山下友貴,64.8,40,2.5,11.0,-6.2,12.5,0.192,2,0.0
4596,葛原大陽,65.9,40,2.5,11.0,-6.2,5.0,0.155,0,
4776,竹田和哉,71.0,44,4.5,12.9,-6.2,11.4,0.158,0,
4523,中村辰也,60.4,33,0.0,9.0,-6.2,3.0,0.146,0,
4630,岩永雅人,56.9,36,0.0,8.9,-6.3,2.8,0.173,1,0.0
5189,藤原早菜,57.3,37,0.0,8.9,-6.3,8.1,0.185,0,
3385,渡邉睦広,55.8,39,0.0,8.9,-6.4,5.1,0.157,0,
4061,萩原秀人,65.9,43,2.3,11.0,-6.4,7.0,0.143,2,0.0
4633,森智也,58.0,37,0.0,9.0,-6.4,2.7,0.178,0,
3161,古場輝義,55.3,42,0.0,8.9,-6.5,2.4,0.171,1,0.0
3655,本橋克洋,54.5,42,0.0,8.9,-6.5,0.0,0.184,2,0.0
4015,前野竜一,60.0,39,0.0,9.0,-6.5,2.6,0.156,0,
4089,妹尾忠幸,65.2,44,2.3,11.0,-6.5,9.1,0.165,0,
4142,平野和明,56.1,41,0.0,8.9,-6.5,0.0,0.176,1,0.0
4831,羽野直也,67.9,31,3.2,12.9,-6.5,9.7,0.152,0,
4179,広次修,55.0,42,0.0,8.9,-6.5,2.4,0.156,1,0.0
4318,桑原将光,54.0,42,0.0,8.9,-6.5,0.0,0.15,2,0.0
3435,寺田千恵,63.6,45,2.2,11.0,-6.6,8.9,0.151,1,0.0
4362,土屋智則,60.6,40,0.0,9.0,-6.6,7.5,0.145,0,
4373,若狭奈美子,66.8,45,2.2,11.0,-6.6,8.9,0.181,4,0.0
4739,中村晃朋,65.1,45,2.2,11.0,-6.6,6.7,0.13,0,
4719,上條暢嵩,64.8,47,2.1,11.0,-6.7,8.5,0.127,2,0.0
3997,北村征嗣,67.8,51,3.9,12.9,-6.9,9.8,0.167,0,
5224,西岡顕心,70.7,34,2.9,12.9,-6.9,8.8,0.137,0,
3679,飯島昌弘,67.3,55,1.8,11.0,-7.2,7.3,0.16,6,0.0
4759,今泉友吾,69.0,37,2.7,12.9,-7.2,8.1,0.174,3,0.0
4590,渡邉優美,67.7,38,2.6,12.9,-7.3,13.2,0.153,0,
3737,上平真二,69.0,39,2.6,12.9,-7.4,2.6,0.176,3,0.0
4218,吉川喜継,73.7,53,5.7,15.2,-7.4,11.3,0.162,4,0.0
3826,村田修次,65.0,32,0.0,11.0,-7.5,0.0,0.152,0,
4123,細川裕子,68.5,41,2.4,12.9,-7.6,4.9,0.184,0,
4133,高橋正男,65.7,37,0.0,11.0,-7.8,2.7,0.135,3,0.0
3499,市川哲也,62.6,40,0.0,11.0,-8.0,2.5,0.135,0,
4786,佐藤博亮,68.5,46,2.2,12.9,-8.1,13.0,0.131,3,0.0
4069,山本修一,63.9,43,0.0,11.0,-8.2,4.7,0.174,0,
4451,松崎祐太郎,64.6,44,0.0,11.0,-8.2,2.3,0.15,0,
4172,森定晃史,63.8,44,0.0,11.0,-8.2,11.4,0.164,0,
4058,野末智一,63.7,55,0.0,11.0,-8.6,0.0,0.185,0,
4136,江夏満,71.0,30,0.0,12.9,-8.6,3.3,0.175,1,0.0
4236,松村敏,79.4,48,12.5,24.4,-9.0,16.7,0.11,2,0.0
