regno,選手名,n2,壁力,判定,タイプ
3952,中澤和志,44,-25.7,壁弱,素通し型
4561,藤山翔大,42,-23.3,壁弱,素通し型
4983,前田篤哉,46,-21.5,壁弱,食う型
3849,中岡正彦,44,-21.3,壁弱,食う型
5267,石本裕武,46,-21.2,壁弱,食う型
3024,西島義則,75,-20.3,壁弱,素通し型
4832,権藤俊光,45,-19.8,壁弱,食う型
4441,末永由楽,43,-19.3,壁弱,食う型
4102,益田啓司,44,-19.0,壁弱,食う型
4500,山田康二,44,-18.9,壁弱,食う型
4851,関浩哉,45,-18.8,壁弱,食う型
4083,福島勇樹,40,-18.8,壁弱,食う型
4686,丸野一樹,43,-18.0,壁弱,素通し型
4166,吉田拡郎,40,-18.0,壁弱,食う型
3257,田頭実,122,-17.8,壁弱,食う型
5088,高憧四季,40,-17.4,壁弱,食う型
3159,江口晃生,97,-17.0,壁弱,素通し型
4148,枝尾賢,42,-16.7,壁弱,素通し型
4874,池田奈津美,93,-16.7,壁弱,素通し型
3933,山地正樹,96,-16.6,壁弱,素通し型
4077,品田直樹,47,-16.3,壁弱,食う型
4369,丹下将,42,-16.1,壁弱,素通し型
5132,中野希一,43,-16.1,壁弱,食う型
3731,高濱芳久,49,-15.5,壁弱,素通し型
4545,岡村慶太,40,-15.3,壁弱,食う型
4688,永井彪也,42,-15.1,壁弱,素通し型
3473,石川真二,157,-15.1,壁弱,素通し型
4786,佐藤博亮,47,-14.9,壁弱,食う型
4824,松井洪弥,44,-14.7,壁弱,食う型
3415,松井繁,53,-14.6,壁弱,食う型
5136,濱野斗馬,43,-14.6,壁弱,食う型
4388,是澤孝宏,45,-14.6,壁弱,素通し型
4514,上條嘉嗣,54,-14.5,壁弱,食う型
4370,山口達也,42,-14.3,壁弱,食う型
4544,松田大志郎,40,-14.2,壁弱,食う型
4804,高田ひかる,41,-14.2,壁弱,素通し型
3072,西田靖,132,-14.1,,
5193,米丸乃絵,40,-13.9,,
5298,水谷理人,40,-13.3,,
4787,椎名豊,42,-13.0,,
4251,川崎誠志,49,-13.0,,
4448,青木玄太,42,-12.8,,
4260,中越博紀,44,-12.7,,
4144,石塚久也,49,-12.6,,
4437,中田元泰,40,-12.5,,
3541,三嶌誠司,40,-12.3,,
5051,松本純平,45,-12.2,,
4680,後藤美翼,40,-12.0,,
4324,海野康志郎,69,-12.0,,
4642,松尾夏海,45,-11.9,,
4012,中村有裕,41,-11.9,,
3872,岡田憲行,42,-11.9,,
4848,仲谷颯仁,42,-11.5,,
5257,西丸侑太朗,48,-11.4,,
4403,木下大將,43,-11.1,,
5160,藤森陸斗,46,-11.1,,
4151,下河誉史,41,-11.0,,
3582,吉川昭男,77,-10.7,,
4739,中村晃朋,50,-10.6,,
4269,杉山裕也,42,-10.6,,
4024,井口佳典,40,-10.6,,
5029,中亮太,41,-10.6,,
4958,溝口海義也,49,-10.6,,
5058,前原大道,46,-10.5,,
5252,荒木颯斗,43,-10.5,,
5278,田中駿兵,40,-10.4,,
4364,池永太,45,-10.4,,
4286,平田さやか,46,-10.4,,
4390,松本弓雄,40,-10.4,,
4443,津田裕絵,42,-10.3,,
5010,宇留田翔平,51,-10.3,,
3918,深井利寿,46,-10.2,,
3590,濱野谷憲吾,43,-10.1,,
4822,百武翔,45,-9.9,,
4737,竹井貴史,43,-9.8,,
3771,折下寛法,41,-9.7,,
3983,須藤博倫,49,-9.6,,
4796,春園功太,42,-9.5,,
5189,藤原早菜,43,-9.3,,
3737,上平真二,42,-9.2,,
3532,柴田光,48,-9.1,,
4239,竹田辰也,40,-9.1,,
3946,赤岩善生,111,-9.0,,
3265,今村暢孝,115,-8.9,,
3412,鈴木博,41,-8.8,,
3997,北村征嗣,52,-8.7,,
3251,平石和男,44,-8.5,,
4537,渡邉和将,52,-8.4,,
3920,正木聖賢,59,-8.3,,
4122,安東幸治,49,-8.0,,
4066,東本勝利,40,-8.0,,
4704,河野大,54,-7.9,,
3747,國崎良春,40,-7.9,,
5191,飛田江己,53,-7.8,,
5158,宮脇遼太,41,-7.8,,
4168,石野貴之,41,-7.7,,
4233,亀山雅幸,45,-7.7,,
4028,田村隆信,44,-7.6,,
4811,向井田佑紀,47,-7.6,,
4266,長田頼宗,40,-7.6,,
4199,北川潤二,89,-7.5,,
5076,石原光,43,-7.4,,
5045,平川香織,42,-7.4,,
4413,水摩敦,54,-7.2,,
3268,森竜也,46,-7.2,,
5275,松田淳平,44,-7.2,,
3542,清水紀克,123,-7.1,,
3623,深川真二,140,-7.0,,
4601,森野正弘,42,-6.9,,
4118,宇佐見淳,43,-6.9,,
4055,吉田俊彦,52,-6.8,,
5142,常住蓮,46,-6.7,,
3965,北中元樹,46,-6.7,,
4256,渡辺浩司,42,-6.7,,
4886,入海馨,44,-6.7,,
4483,北野輝季,41,-6.5,,
3362,間嶋仁志,80,-6.5,,
5330,安河内鈴之介,40,-6.3,,
3703,鳥飼眞,43,-6.3,,
4515,藤田浩人,41,-6.3,,
5060,数原魁,40,-6.0,,
4428,有賀達也,41,-6.0,,
3898,平田忠則,41,-5.9,,
3576,白水勝也,47,-5.9,,
5280,廣瀬凜,53,-5.8,,
4052,興津藍,41,-5.7,,
4278,藤岡俊介,45,-5.4,,
4475,末永祐輝,47,-5.4,,
4357,田中和也,56,-5.4,,
5112,砂長知輝,44,-5.3,,
4350,篠崎元志,45,-5.2,,
4348,宮崎奨,40,-5.1,,
4377,濱本優一,42,-5.0,,
5216,長谷川晴哉,40,-4.9,,
3550,都築正治,43,-4.8,,
4793,金子萌,44,-4.7,,
5145,島川海輝,43,-4.6,,
4311,岡村仁,42,-4.6,,
4193,郷原章平,53,-4.6,,
4288,永田啓二,52,-4.5,,
4261,岡祐臣,43,-4.4,,
4063,市橋卓士,52,-4.3,,
4938,小芦るり華,45,-4.3,,
3627,井上恵一,42,-4.3,,
3297,藤丸光一,52,-4.2,,
4743,木村仁紀,54,-4.0,,
3489,大場敏,45,-3.8,,
4452,松尾祭,41,-3.8,,
5042,畑田汰一,40,-3.8,,
4460,後藤翔之,43,-3.8,,
4042,丸岡正典,41,-3.8,,
4760,山崎郡,44,-3.7,,
4834,浜本裕己,44,-3.6,,
3503,堂原洋史,41,-3.6,,
4856,豊田健士郎,50,-3.5,,
4974,安井瑞紀,42,-3.5,,
3539,金子順一,42,-3.5,,
3256,三角哲男,41,-3.4,,
5073,上原健次郎,41,-3.3,,
4397,西村拓也,48,-3.3,,
4079,出畑孝典,41,-3.3,,
5043,中村日向,43,-3.3,,
4611,今井美亜,40,-3.2,,
4539,金子賢志,40,-3.2,,
4472,尾嶋一広,45,-3.2,,
4738,清埜翔子,41,-3.1,,
5096,上原崚,43,-3.0,,
3439,大平誉史明,41,-3.0,,
4189,川上剛,55,-2.9,,
3966,作間章,46,-2.9,,
4433,川野芽唯,44,-2.8,,
4330,奈須啓太,41,-2.8,,
4532,秋元哲,48,-2.8,,
4953,尾上雅也,45,-2.8,,
3641,一瀬明,50,-2.7,,
5121,定松勇樹,45,-2.6,,
4776,竹田和哉,45,-2.6,,
4289,落合直子,45,-2.5,,
5223,森清友翔,45,-2.5,,
4057,松井賢治,45,-2.4,,
4363,大野芳顕,41,-2.4,,
4298,宮下元胤,44,-2.3,,
5234,塚越海斗,41,-2.3,,
5264,登みひ果,44,-2.1,,
4436,渋谷明憲,40,-2.1,,
4497,桑原悠,42,-2.1,,
3813,佐藤大介,43,-2.0,,
3304,烏野賢太,48,-2.0,,
4581,吉村誠,45,-1.9,,
4467,渡邉俊介,40,-1.9,,
4076,杉田篤光,41,-1.8,,
4191,赤羽克也,44,-1.8,,
4237,大峯豊,43,-1.8,,
3944,山口裕二,42,-1.8,,
4931,木谷賢太,42,-1.8,,
4900,中田夕貴,41,-1.6,,
4477,篠崎仁志,42,-1.6,,
4218,吉川喜継,60,-1.6,,
4074,柳沢一,42,-1.6,,
4084,杉山正樹,46,-1.6,,
4710,福田宗平,50,-1.4,,
3908,重成一人,44,-1.3,,
3870,寺嶋雄,40,-1.3,,
4182,吉田和仁,44,-1.2,,
3850,小川知行,41,-1.2,,
4302,西野翔太,58,-1.1,,
5177,松井貫太,45,-1.1,,
3574,大神康司,113,-1.0,,
4159,向後龍一,48,-1.0,,
3662,大庭元明,41,-1.0,,
5075,中島秀治,40,-0.9,,
3915,繁野谷圭介,43,-0.9,,
3661,柳瀬興志,45,-0.6,,
4808,松尾拓,40,-0.6,,
5018,竹下大樹,43,-0.5,,
3562,山下和彦,40,-0.5,,
3300,川崎智幸,45,-0.3,,
4890,石川諒,40,-0.2,,
4551,三川昂暁,43,-0.1,,
4109,谷津幸宏,44,-0.1,,
4959,井上忠政,50,-0.1,,
4295,小坂尚哉,51,-0.1,,
5034,若林義人,43,0.0,,
4762,藤原啓史朗,44,-0.0,,
3940,飯山泰,45,0.3,,
3161,古場輝義,41,0.4,,
4179,広次修,42,0.4,,
3554,仲口博崇,55,0.4,,
4607,鶴田勇雄,41,0.4,,
4067,永井源,44,0.5,,
4362,土屋智則,41,0.5,,
4173,岡谷健吾,40,0.5,,
5082,一色凌雅,45,0.6,,
4172,森定晃史,45,0.6,,
3951,石川吉鎬,42,0.7,,
4376,藤田靖弘,46,0.8,,
4486,野村誠,42,0.8,,
4134,杉山貴博,40,0.9,,
4061,萩原秀人,42,0.9,,
4058,野末智一,43,1.0,,
4174,赤坂俊輔,43,1.0,,
3327,野長瀬正孝,53,1.0,,
4496,内堀学,46,1.1,,
3984,坂口周,47,1.1,,
4536,喜井つかさ,47,1.1,,
4231,鈴木裕隆,47,1.1,,
4446,和田兼輔,46,1.2,,
4163,山崎裕司,46,1.2,,
4146,柳橋宏紀,40,1.4,,
4430,永田秀二,47,1.5,,
5326,三嶌さらら,40,1.5,,
3654,武田光史,43,1.6,,
3909,佐々木康幸,41,1.6,,
4604,岩瀬裕亮,41,1.7,,
3687,花田和明,54,1.9,,
4342,谷野錬志,40,2.0,,
4424,松尾昂明,43,2.1,,
4407,鹿島敏弘,40,2.2,,
4531,武富智亮,43,2.2,,
4512,高野哲史,46,2.3,,
4015,前野竜一,42,2.3,,
4420,津久井拓也,46,2.5,,
5279,石渡翔一郎,43,2.7,,
4308,河村了,43,2.7,,
4957,竹之内極,40,2.8,,
4319,三宅潤,43,3.0,,
3340,池田雷太,41,3.0,,
4389,伊藤喜智,40,3.1,,
4471,新田泰章,47,3.2,,
4033,伊藤将吉,44,3.2,,
4398,船岡洋一郎,46,3.3,,
4649,和田操拓,41,3.4,,
3612,馬袋義則,60,3.4,,
4409,坂元浩仁,45,3.5,,
5114,小林孝彰,40,3.5,,
2538,高橋二朗,40,3.5,,
4732,堀本和也,43,3.6,,
4659,木下翔太,46,3.7,,
5003,来田衣織,40,3.7,,
4927,関野文,44,3.8,,
3563,堤昇,50,4.0,,
3349,吉田一郎,53,4.0,,
4844,村上奈穂,48,4.0,,
4941,孫崎百世,40,4.0,,
3746,岡瀬正人,40,4.2,,
5222,津田陸翔,42,4.3,,
4873,蒲原健太,42,4.4,,
4876,梅木敬太,44,4.5,,
3743,林美憲,52,4.6,,
4908,上田龍星,42,4.6,,
3505,山田竜一,41,4.7,,
3613,角谷健吾,41,4.8,,
3841,佐々木和伸,48,4.8,,
4466,南佑典,42,4.9,,
4550,石岡将太,40,5.0,,
4679,植田太一,46,5.3,,
4645,上村純一,41,5.4,,
4902,山川雄大,40,5.6,,
4019,笠原亮,41,5.6,,
4259,真庭明志,44,5.8,,
4991,宗行治哉,40,5.8,,
4209,藤田竜弘,42,5.8,,
3910,松下知幸,40,5.9,,
4798,浜先真範,42,5.9,,
4208,三浦永理,44,6.2,,
4105,松下直也,40,6.2,,
4000,松本博昭,43,6.5,,
4366,前沢丈史,46,6.6,,
4623,中北将史,40,6.6,,
4123,細川裕子,40,6.6,,
4713,白神優,45,6.6,,
4227,安達裕樹,44,6.6,,
4468,大池佑来,42,7.1,,
4962,畑竜生,43,7.2,,
3618,海野ゆかり,48,7.3,,
3843,上之晃弘,41,7.3,,
5105,富田恕生,40,7.4,,
3557,太田和美,54,7.5,,
3744,徳増秀樹,42,7.5,,
5026,安河内健,47,7.5,壁強,
3833,中辻博訓,41,7.5,,
3977,山本兼士,42,7.7,壁強,
5017,澤田尚也,42,7.7,壁強,
4410,井上大輔,41,7.7,壁強,
4506,稗田聖也,41,8.0,壁強,
4049,荒川健太,44,8.0,壁強,
4588,田中京介,42,8.1,壁強,
5038,金田智博,43,8.2,壁強,
3406,中里英夫,40,8.4,壁強,
3614,谷勝幸,42,8.6,壁強,
4347,魚谷香織,42,8.8,壁強,
3874,山本寛久,40,8.8,壁強,
5247,大森翼,41,8.9,壁強,
4504,前田将太,40,9.1,壁強,
4904,松本一毅,45,9.1,壁強,
3999,大瀧明日香,47,9.3,壁強,
4040,廣瀬将亨,47,9.5,壁強,
4826,井上一輝,43,9.5,壁強,
4788,小池哲也,43,10.4,壁強,
3303,渡辺豊,40,10.4,壁強,
3822,平尾崇典,48,10.4,壁強,
4924,中北涼,43,10.7,壁強,
3804,中渡修作,44,11.0,壁強,
4137,君島秀三,46,11.4,壁強,
3334,角ひとみ,40,11.8,壁強,
3905,天野友和,44,11.9,壁強,
4379,桑島和宏,45,11.9,壁強,
4030,森高一真,46,12.3,壁強,
4411,沢田昭宏,40,12.6,壁強,
4872,山下流心,40,12.8,壁強,
3973,崎利仁,44,13.8,壁強,
3655,本橋克洋,42,14.2,壁強,
5004,河野主樹,42,16.1,壁強,
4002,古結宏,40,17.3,壁強,
3911,鈴木猛,46,18.1,壁強,
3282,池本輝明,40,18.7,壁強,
