motor,n,2連率,3連率,展示偏差,判定
43,111,59.5,78.4,-0.022,高●
62,118,44.9,66.1,-0.005,高●
16,152,42.8,59.2,-0.013,高●
39,110,42.7,64.5,-0.028,高●
34,156,42.3,55.1,0.008,高●
15,155,41.3,58.1,-0.006,高●
23,134,41.0,55.2,-0.015,高●
74,113,40.7,54.9,-0.018,高●
59,139,39.6,54.0,-0.016,高●
68,147,39.5,55.1,0.004,高●
25,171,39.2,54.4,-0.011,高●
52,123,39.0,53.7,-0.017,高●
65,123,39.0,57.7,-0.0,高●
21,157,38.2,52.9,0.011,
49,142,38.0,54.2,-0.007,
14,138,37.7,57.2,-0.014,
11,157,37.6,54.1,-0.001,
72,160,37.5,53.1,-0.006,
33,140,37.1,52.9,-0.008,
19,140,37.1,54.3,-0.033,
12,151,37.1,57.0,-0.004,
67,117,36.8,59.0,0.002,
36,153,36.6,53.6,0.008,
18,118,36.4,54.2,-0.017,
61,172,36.0,52.3,0.002,
58,145,35.9,51.0,-0.004,
13,134,35.8,59.0,-0.001,
70,158,35.4,49.4,0.009,
71,103,35.0,58.3,-0.006,
27,148,33.8,47.3,0.011,
56,134,33.6,50.0,-0.011,
20,148,33.1,45.3,0.002,
31,160,33.1,48.1,0.012,
30,118,33.1,43.2,-0.008,
26,116,32.8,50.9,-0.027,
28,135,32.6,48.1,-0.005,
73,167,32.3,50.9,0.005,
22,168,32.1,49.4,-0.003,
54,145,31.7,46.2,0.002,
44,165,30.9,49.7,-0.009,
55,133,30.8,50.4,0.009,
63,156,30.8,47.4,0.008,
57,145,30.3,42.1,-0.026,
51,140,30.0,47.9,-0.001,
32,157,29.9,49.0,-0.0,
29,169,29.6,46.7,-0.001,
75,150,29.3,51.3,0.016,
66,131,29.0,42.7,0.008,
46,152,28.9,48.0,-0.01,
50,153,28.8,43.1,0.014,
37,132,28.8,45.5,0.019,
24,122,27.9,44.3,-0.012,
35,127,27.6,40.9,0.024,低▲
64,120,27.5,37.5,0.006,低▲
17,145,26.9,44.1,0.009,低▲
45,120,26.7,45.8,0.02,低▲
53,147,25.2,39.5,0.009,低▲
69,96,24.0,36.5,-0.004,低▲
41,116,23.3,32.8,0.007,低▲
48,143,23.1,39.9,0.012,低▲
38,136,22.8,39.0,0.026,低▲
40,110,21.8,40.9,0.026,低▲
60,121,21.5,41.3,0.018,低▲
47,125,20.8,43.2,0.02,低▲
42,113,14.2,37.2,0.036,低▲
