date,rno,rname,nichime,kimarite,wdir,wspd,payout,ninki,win_course,win_teiban,entries
2025-07-24,1,一般,5,まくり,南,6,21810,62,4,4,6
2025-07-24,2,一般,5,差し,南,5,20150,74,4,4,6
2025-07-24,3,一般,5,逃げ,南,7,2290,7,1,1,6
2025-07-24,4,一般,5,逃げ,南,7,2460,8,1,1,6
2025-07-24,5,一般,5,まくり,南,8,5000,18,3,3,6
2025-07-24,6,一般,5,逃げ,南,7,1260,3,1,1,6
2025-07-24,7,一般,5,逃げ,南,8,2760,14,1,1,6
2025-07-24,8,一般,5,差し,南,9,13410,47,2,2,6
2025-07-24,9,一般特賞,5,逃げ,南,8,3170,11,1,1,6
2025-07-24,10,一般特賞,5,差し,南,9,1440,4,2,2,6
2025-07-24,11,準優勝戦,5,逃げ,南,8,1270,4,1,1,6
2025-07-24,12,準優勝戦,5,逃げ,南,9,1130,3,1,1,6
2025-07-25,1,一般,6,差し,南,9,9970,41,2,2,6
2025-07-25,2,一般,6,まくり差し,南,8,10450,47,5,5,6
2025-07-25,3,一般,6,抜き,南,9,680,1,1,1,6
2025-07-25,4,一般,6,逃げ,南,9,2940,8,1,1,6
2025-07-25,5,一般,6,まくり差し,南,8,2580,8,4,4,6
2025-07-25,6,一般,6,抜き,南,8,15460,52,4,4,6
2025-07-25,7,一般,6,逃げ,南,10,3850,5,1,1,6
2025-07-25,8,一般,6,逃げ,南,10,890,2,1,1,6
2025-07-25,9,一般特選,6,差し,南,9,16910,74,4,4,6
2025-07-25,10,選抜戦,6,逃げ,南,9,1080,2,1,1,6
2025-07-25,11,選抜戦,6,逃げ,南,10,1230,3,1,1,6
2025-07-25,12,優勝戦,6,逃げ,南,8,1900,6,1,1,6
2025-08-03,1,予選,1,まくり差し,北東,5,14390,58,3,3,6
2025-08-03,2,予選,1,まくり差し,北東,4,3910,15,5,5,6
2025-08-03,3,予選,1,まくり差し,北東,5,8870,37,3,3,6
2025-08-03,4,予選,1,抜き,北東,4,4070,14,1,1,6
2025-08-03,5,予選,1,逃げ,北東,6,560,1,1,1,6
2025-08-03,6,予選,1,差し,北東,5,8010,39,2,2,6
2025-08-03,7,予選,1,まくり,北東,4,1950,6,3,3,6
2025-08-03,8,予選,1,まくり差し,北東,6,15820,54,4,4,6
2025-08-03,9,予選,1,差し,北東,6,2760,9,2,2,6
2025-08-03,10,予選特賞,1,逃げ,東,4,2510,8,1,1,6
2025-08-03,11,予選特選,1,逃げ,北東,3,2080,7,1,1,6
2025-08-03,12,江戸川選抜,1,差し,北東,5,9460,32,2,2,6
2025-08-04,1,予選,2,まくり差し,南,8,72420,113,6,6,6
2025-08-04,2,予選,2,まくり,南,9,16590,73,4,4,6
2025-08-04,3,予選,2,逃げ,南,8,22040,86,1,1,6
2025-08-04,4,予選,2,差し,南,9,6590,34,2,2,6
2025-08-04,5,予選,2,逃げ,南,9,1220,1,1,1,6
2025-08-04,6,予選,2,まくり,南,10,6440,30,2,2,6
2025-08-04,7,予選,2,抜き,南,9,3350,11,2,2,6
2025-08-04,8,予選,2,逃げ,南,9,1500,3,1,1,6
2025-08-04,9,予選,2,抜き,南,8,1980,6,2,2,6
2025-08-05,1,予選,3,逃げ,南,9,5640,21,1,1,6
2025-08-05,2,予選,3,逃げ,南,9,1110,1,1,1,6
2025-08-05,3,予選,3,まくり,南,9,5500,22,5,5,6
2025-08-05,4,予選,3,まくり,南,8,4580,19,2,2,6
2025-08-05,5,予選,3,まくり,南,8,12420,73,2,2,6
2025-08-05,6,予選,3,差し,南,8,14590,62,5,5,6
2025-08-05,7,予選,3,まくり差し,南,8,12540,62,4,4,6
2025-08-05,8,予選,3,逃げ,南,8,5100,21,1,1,6
2025-08-05,9,予選,3,逃げ,南,8,4480,17,1,1,6
2025-08-05,10,予選特賞,3,抜き,南,8,1200,4,1,1,6
2025-08-05,11,予選特選,3,抜き,南,9,34810,82,4,4,6
2025-08-05,12,記者選抜戦,3,まくり,南,10,4380,15,3,3,6
2025-08-06,1,予選,4,逃げ,南西,4,3190,12,1,1,6
2025-08-06,2,予選,4,まくり,南東,6,12160,44,3,3,6
2025-08-06,3,予選,4,差し,南,5,13510,51,2,2,6
2025-08-06,4,予選,4,まくり,南,6,3920,14,5,5,6
2025-08-06,5,予選,4,差し,南,6,11400,42,2,2,6
2025-08-06,6,予選,4,まくり差し,南,6,4420,18,4,4,6
2025-08-06,7,予選,4,まくり,南,6,7200,26,2,2,6
2025-08-06,8,予選,4,逃げ,南,7,14820,46,1,1,6
2025-08-06,9,予選,4,差し,南,7,9320,37,2,2,6
2025-08-06,10,予選特賞,4,逃げ,南,7,3820,13,1,1,6
2025-08-06,11,予選特選,4,逃げ,南,4,1590,5,1,1,6
2025-08-06,12,記者選抜戦,4,まくり差し,南,7,22460,49,5,5,6
2025-08-07,1,一般,5,逃げ,北東,6,2580,2,1,1,6
2025-08-07,2,一般,5,まくり,北東,4,2400,7,3,3,6
2025-08-07,3,一般,5,抜き,北東,4,2670,8,1,1,6
2025-08-07,4,一般,5,まくり,北東,3,20020,45,4,4,6
2025-08-07,5,一般,5,差し,東,3,26270,78,3,3,6
2025-08-07,6,一般,5,逃げ,南,3,2910,12,1,1,6
2025-08-07,7,一般,5,まくり差し,南東,4,4240,20,4,4,6
2025-08-07,8,一般,5,逃げ,南東,5,1370,3,1,1,6
2025-08-07,9,一般,5,逃げ,南東,5,2520,10,1,1,6
2025-08-07,10,一般特賞,5,逃げ,南,5,5770,21,1,1,6
2025-08-07,11,準優勝戦,5,まくり,南,6,4080,16,4,4,6
2025-08-07,12,準優勝戦,5,逃げ,南,5,2150,8,1,1,6
2025-08-08,1,一般,6,まくり,南,6,5570,20,4,4,6
2025-08-08,2,一般,6,逃げ,南,7,6420,28,1,1,6
2025-08-08,3,一般,6,まくり,南,6,12740,53,2,2,6
2025-08-08,4,一般,6,差し,南,8,4260,15,4,4,6
2025-08-08,5,一般,6,抜き,南,8,2250,2,2,2,6
2025-08-08,6,一般,6,逃げ,南,8,2020,4,1,1,6
2025-08-08,7,一般,6,まくり,北,6,2370,6,5,5,6
2025-08-08,8,一般,6,逃げ,北,3,7830,33,1,1,6
2025-08-08,9,一般,6,まくり差し,南,3,20580,73,5,5,6
2025-08-08,10,選抜戦,6,まくり,南,5,3210,11,4,4,6
2025-08-08,11,選抜戦,6,まくり,南,5,9170,31,2,2,6
2025-08-08,12,優勝戦,6,抜き,南,6,1460,5,1,1,6
2025-08-17,1,予選,1,まくり差し,南,8,3820,13,3,3,6
2025-08-17,2,予選,1,逃げ,南,8,2540,11,1,1,6
2025-08-17,3,予選,1,まくり差し,南,9,3520,14,5,5,6
2025-08-17,4,予選,1,まくり差し,南,9,4570,21,4,4,6
2025-08-17,5,予選,1,差し,南,8,12380,48,4,4,6
2025-08-17,6,予選,1,逃げ,南,8,40110,84,1,1,6
2025-08-17,7,予選,1,差し,南,8,1280,4,2,2,6
2025-08-18,1,予選,2,逃げ,北西,3,1330,1,1,1,6
2025-08-18,2,予選,2,まくり,南西,3,3280,7,3,3,6
2025-08-18,3,予選,2,抜き,南西,4,3370,12,2,2,6
2025-08-18,4,予選,2,差し,南西,5,16810,69,3,3,6
2025-08-18,5,予選,2,逃げ,南,5,4130,19,1,1,6
2025-08-18,6,予選,2,まくり,南西,5,1180,2,3,3,6
2025-08-18,7,予選,2,逃げ,南,6,2280,11,1,1,6
2025-08-18,8,予選,2,逃げ,南,4,4260,17,1,1,6
2025-08-18,9,予選,2,まくり差し,南,5,13000,48,3,3,6
2025-08-18,10,予選ラリー選,2,抜き,南東,6,1420,3,1,1,6
2025-08-18,11,予選バディ選,2,逃げ,北東,4,5940,21,1,1,6
2025-08-18,12,予選特別選抜,2,抜き,南東,5,710,2,1,1,6
2025-08-19,1,予選,3,逃げ,南,7,3570,13,1,1,6
2025-08-19,2,予選,3,逃げ,南,7,5850,23,1,1,6
2025-08-19,3,予選,3,差し,南,8,8600,35,4,4,6
2025-08-19,4,予選,3,まくり,南,7,2850,10,2,2,6
2025-08-19,5,予選,3,まくり,南,8,1710,6,2,2,6
2025-08-19,6,予選,3,逃げ,南,8,1610,5,1,1,6
2025-08-19,7,予選,3,逃げ,南,8,4190,18,1,1,6
2025-08-19,8,予選,3,逃げ,南,8,1490,4,1,1,6
2025-08-19,9,予選,3,差し,南,9,13830,41,3,3,6
2025-08-19,10,予選ラリー選,3,逃げ,南,9,5010,18,1,1,6
2025-08-19,11,予選バディ選,3,抜き,南,8,790,1,1,1,6
2025-08-19,12,予選特別選抜,3,逃げ,南,7,910,3,1,1,6
2025-08-20,1,予選,4,逃げ,南,6,7680,29,1,1,6
2025-08-20,2,予選,4,差し,南,6,780,2,2,2,6
2025-08-20,3,予選,4,差し,南,7,4890,23,2,2,6
2025-08-20,4,予選,4,逃げ,南,7,1280,2,1,1,6
2025-08-20,5,予選,4,逃げ,南,7,2020,5,1,1,6
2025-08-20,6,予選,4,逃げ,南,8,1270,4,1,1,6
2025-08-20,7,予選,4,まくり差し,南,8,2840,10,5,5,6
2025-08-20,8,予選,4,差し,南,8,2840,10,4,4,6
2025-08-20,9,予選,4,差し,南,10,6400,25,2,2,6
2025-08-20,10,予選ラリー選,4,逃げ,南,9,760,2,1,1,6
2025-08-20,11,予選バディ選,4,逃げ,南,8,2500,10,1,1,6
2025-08-20,12,予選特別選抜,4,逃げ,南,8,3500,15,1,1,6
2025-08-21,1,一般,5,まくり,南,5,4210,13,3,3,6
2025-08-21,2,一般,5,逃げ,南,7,1920,6,1,1,6
2025-08-21,3,一般,5,逃げ,南,6,3750,15,1,1,6
2025-08-21,4,一般,5,まくり,南,6,49080,84,5,5,6
2025-08-21,5,一般,5,まくり差し,南,6,85880,82,4,4,6
2025-08-21,6,一般,5,逃げ,南,6,1540,6,1,1,6
2025-08-21,7,一般,5,逃げ,南,6,1570,5,1,1,6
2025-08-21,8,一般,5,まくり差し,南,5,12470,39,4,4,6
2025-08-21,9,一般,5,逃げ,南西,5,4060,13,1,1,6
2025-08-21,10,一般,5,逃げ,南,7,900,1,1,1,6
2025-08-21,11,準優勝戦,5,逃げ,南,6,2710,10,1,1,6
2025-08-21,12,準優勝戦,5,逃げ,南,7,2770,11,1,1,6
2025-08-22,1,一般,6,逃げ,南西,3,5570,20,1,1,6
2025-08-22,2,一般,6,差し,南,4,4860,20,2,2,6
2025-08-22,3,一般,6,差し,南,3,7390,34,2,2,6
2025-08-22,4,一般,6,逃げ,南,3,5460,19,1,1,6
2025-08-22,5,一般,6,逃げ,南,5,7440,24,1,1,6
2025-08-22,6,一般,6,逃げ,南,7,1160,3,1,1,6
2025-08-22,7,一般,6,まくり,南,5,2490,2,4,4,6
2025-08-22,8,一般,6,抜き,南,5,1280,1,1,1,6
2025-08-22,9,一般,6,逃げ,南,5,2380,2,1,1,6
2025-08-22,10,特別選抜戦,6,逃げ,南,6,840,2,1,1,6
2025-08-22,11,特別選抜戦,6,恵まれ,南,7,1800,5,2,2,6
2025-08-22,12,優勝戦,6,まくり差し,南,6,17800,37,5,5,6
2025-09-02,1,予選,1,逃げ,南,10,1850,4,1,1,6
2025-09-02,2,予選,1,まくり,南,9,3410,14,2,2,6
2025-09-02,3,予選,1,まくり,南,9,2380,10,4,4,6
2025-09-02,4,予選,1,差し,南,10,13230,36,2,2,6
2025-09-02,5,予選,1,差し,南,10,1800,6,2,2,6
2025-09-02,6,予選,1,抜き,南,9,4260,17,3,3,6
2025-09-02,7,予選,1,まくり,南,9,7420,24,3,3,6
2025-09-02,8,予選,1,まくり,南,9,4900,19,5,5,6
2025-09-02,9,予選特賞,1,抜き,南,9,1720,6,2,2,6
2025-09-02,10,予選特賞,1,差し,南,8,7140,28,2,2,6
2025-09-02,11,予選特選,1,逃げ,南,8,1410,2,1,1,6
2025-09-02,12,江戸川選抜,1,差し,南,8,29050,84,4,4,6
2025-09-03,1,予選,2,逃げ,南,6,1690,6,1,1,6
2025-09-03,2,予選,2,まくり,南,7,1700,6,2,2,6
2025-09-03,3,予選,2,逃げ,南,6,1690,3,1,1,6
2025-09-03,4,予選,2,差し,南,8,2140,7,2,2,6
2025-09-03,5,予選,2,抜き,南,8,3300,14,5,5,6
2025-09-03,6,予選,2,まくり差し,南,8,19280,51,3,3,6
2025-09-03,7,予選,2,まくり差し,南,9,12900,34,4,4,6
2025-09-03,8,予選,2,まくり差し,南,9,7720,30,4,4,6
2025-09-03,9,予選特賞,2,まくり差し,南,8,41860,105,3,3,6
2025-09-03,10,予選特賞,2,逃げ,南,7,1740,4,1,1,6
2025-09-03,11,予選特選,2,逃げ,南,6,800,2,1,1,6
2025-09-03,12,記者選抜戦,2,逃げ,南,6,3850,16,1,1,6
2025-09-04,1,予選,3,まくり,北東,3,6890,25,2,2,6
2025-09-04,2,予選,3,差し,北東,4,3030,10,2,2,6
2025-09-04,3,予選,3,抜き,北西,4,4670,22,4,4,6
2025-09-04,4,予選,3,まくり差し,北,4,1890,6,3,3,6
2025-09-04,5,予選,3,まくり,北,4,12390,62,4,4,6
2025-09-04,6,予選,3,抜き,北,3,1120,4,2,2,6
2025-09-04,7,予選,3,逃げ,北西,3,580,1,1,1,6
2025-09-04,8,予選,3,逃げ,北西,3,990,2,1,1,6
2025-09-04,9,予選特賞,3,まくり,北西,3,10360,37,5,5,6
2025-09-04,10,予選特賞,3,逃げ,北西,3,4920,21,1,1,6
2025-09-04,11,予選特選,3,逃げ,北西,2,25190,56,1,1,6
2025-09-04,12,記者選抜戦,3,逃げ,西,2,1080,2,1,1,6
2025-09-06,1,予選,4,逃げ,南西,4,3270,12,1,1,6
2025-09-06,2,予選,4,まくり差し,南西,5,42710,96,6,6,6
2025-09-06,3,予選,4,差し,南西,5,38880,86,4,4,6
2025-09-06,4,予選,4,差し,南西,5,2280,10,2,2,6
2025-09-06,5,予選,4,逃げ,南,5,650,1,1,1,6
2025-09-06,6,予選,4,逃げ,南西,6,3060,10,1,1,6
2025-09-06,7,予選,4,まくり,南西,5,40460,66,2,2,6
2025-09-06,8,予選,4,逃げ,南西,6,940,3,1,1,6
2025-09-06,9,予選特賞,4,まくり,南,6,1450,3,5,5,6
2025-09-06,10,予選特賞,4,逃げ,南,6,1500,6,1,2,6
2025-09-06,11,予選特選,4,逃げ,南,5,1300,3,1,1,6
2025-09-06,12,記者選抜戦,4,逃げ,南,7,910,2,1,1,6
2025-09-07,1,一般,5,差し,南,8,5470,21,3,3,6
2025-09-07,2,一般,5,抜き,南,8,3130,10,2,2,6
2025-09-07,3,一般,5,抜き,南,8,14320,46,6,6,6
2025-09-07,4,一般,5,逃げ,南,9,1960,3,1,1,6
2025-09-07,5,一般,5,逃げ,南,7,510,1,1,1,6
2025-09-07,6,一般,5,まくり差し,南,9,1700,3,4,4,6
2025-09-07,7,一般,5,逃げ,南,8,920,2,1,1,6
2025-09-07,8,一般,5,逃げ,南,8,240,1,1,1,6
2025-09-07,9,一般特賞,5,逃げ,南,8,1300,5,1,1,6
2025-09-07,10,一般特賞,5,差し,南,8,1470,3,2,2,6
2025-09-07,11,準優勝戦,5,逃げ,南,8,3180,11,1,1,6
2025-09-07,12,準優勝戦,5,恵まれ,南,8,2980,15,1,1,6
2025-09-08,1,一般,6,逃げ,南,4,7500,28,1,1,6
2025-09-08,2,一般,6,まくり差し,南,4,1420,2,4,4,6
2025-09-08,3,一般,6,まくり差し,南,4,1570,6,5,5,6
2025-09-08,4,一般,6,抜き,南西,5,4910,18,5,5,6
2025-09-08,5,一般,6,逃げ,南,6,11980,42,1,1,6
2025-09-08,6,一般,6,まくり,南西,5,1330,3,4,4,6
2025-09-08,7,一般,6,まくり差し,南西,5,5710,21,4,4,6
2025-09-08,8,一般,6,抜き,南,5,2050,7,4,4,6
2025-09-08,9,一般特選,6,差し,南,6,1190,1,3,3,6
2025-09-08,10,選抜戦,6,抜き,南,5,6230,25,2,2,6
2025-09-08,11,選抜戦,6,逃げ,北東,5,1760,3,1,1,6
2025-09-08,12,優勝戦,6,逃げ,北東,4,810,2,1,1,6
2025-09-14,1,予選,1,逃げ,南西,5,1040,1,1,1,6
2025-09-14,2,予選,1,まくり,南西,3,3350,11,2,2,6
2025-09-14,3,予選,1,逃げ,南西,3,4530,18,1,1,6
2025-09-14,4,予選,1,逃げ,南西,3,3460,16,1,1,6
2025-09-14,5,予選,1,差し,南東,2,8630,32,2,2,6
2025-09-14,6,予選,1,逃げ,東,2,3470,15,1,1,6
2025-09-14,7,予選,1,逃げ,南,3,2150,5,1,1,6
2025-09-14,8,予選,1,逃げ,南,5,1270,4,1,1,6
2025-09-14,9,予選特賞,1,逃げ,南,6,1980,5,1,1,6
2025-09-14,10,予選特賞,1,逃げ,南,5,850,2,1,1,6
2025-09-14,11,予選特選,1,逃げ,南,5,1430,5,1,1,6
2025-09-14,12,江戸川選抜,1,まくり差し,南,3,48510,80,6,6,6
2025-09-15,1,予選,2,逃げ,北東,3,3450,13,1,1,6
2025-09-15,2,予選,2,逃げ,北東,3,5050,19,1,1,6
2025-09-15,3,予選,2,逃げ,北東,3,4100,16,1,1,6
2025-09-15,4,予選,2,逃げ,南東,3,1310,3,1,1,6
2025-09-15,5,予選,2,まくり,北東,4,8890,39,2,2,6
2025-09-15,6,予選,2,逃げ,北東,3,4100,18,1,1,6
2025-09-15,7,予選,2,差し,北東,3,7010,28,2,2,6
2025-09-15,8,予選,2,まくり,東,3,9050,30,2,2,6
2025-09-15,9,予選特賞,2,逃げ,北東,3,1560,3,1,1,6
2025-09-15,10,予選特賞,2,差し,南東,3,1150,2,2,2,6
2025-09-15,11,予選特選,2,逃げ,南東,3,2310,10,1,1,6
2025-09-15,12,記者選抜戦,2,まくり差し,南東,3,9010,29,3,3,6
2025-09-16,1,予選,3,まくり,南西,4,25110,63,4,4,6
2025-09-16,2,予選,3,逃げ,南西,5,2560,10,1,1,6
2025-09-16,3,予選,3,まくり,南西,4,74680,85,4,4,6
2025-09-16,4,予選,3,逃げ,南西,5,3270,12,1,1,6
2025-09-16,5,予選,3,まくり差し,南西,5,9330,29,5,5,6
2025-09-16,6,予選,3,まくり,南西,5,2050,7,5,5,6
2025-09-16,7,予選,3,まくり,南西,5,1710,10,2,2,6
2025-09-16,8,予選,3,差し,南西,7,10220,36,2,2,6
2025-09-16,9,予選特賞,3,逃げ,南,8,21350,78,1,1,6
2025-09-16,10,予選特賞,3,まくり差し,南,8,1120,1,3,3,6
2025-09-16,11,予選特選,3,逃げ,南,9,3440,12,1,1,6
2025-09-16,12,記者選抜戦,3,抜き,南,7,2310,8,1,1,6
2025-09-17,1,予選,4,逃げ,南,6,960,1,1,1,6
2025-09-17,2,予選,4,まくり,南,7,5710,21,5,5,6
2025-09-17,3,予選,4,まくり,南,7,1770,5,2,2,6
2025-09-17,4,予選,4,差し,南,7,4560,20,3,3,6
2025-09-17,5,予選,4,抜き,南,7,970,1,2,2,6
2025-09-17,6,予選,4,まくり,南,7,1930,5,2,2,6
2025-09-17,7,予選,4,差し,南,8,18440,53,3,3,6
2025-09-17,8,予選,4,差し,南,8,1580,6,2,2,6
2025-09-17,9,予選特賞,4,抜き,南,7,7370,22,2,2,6
2025-09-17,10,予選特賞,4,逃げ,南,7,660,1,1,1,6
2025-09-17,11,予選特選,4,逃げ,南,7,970,2,1,1,6
2025-09-17,12,記者選抜戦,4,まくり,南,8,22830,46,3,3,6
2025-09-18,1,一般,5,まくり,南,7,2580,9,2,2,6
2025-09-18,2,一般,5,まくり,南,6,3820,18,3,3,6
2025-09-18,3,一般,5,差し,南,5,42690,79,6,6,6
2025-09-18,4,一般,5,抜き,南,6,6070,26,2,2,6
2025-09-18,5,一般,5,逃げ,南,6,4970,17,1,1,6
2025-09-18,6,一般,5,まくり,南,7,8030,34,4,4,6
2025-09-18,7,一般,5,逃げ,南,7,790,2,1,1,6
2025-09-18,8,一般,5,差し,南,7,740,2,2,2,6
2025-09-18,9,一般特選,5,逃げ,北西,6,2600,7,1,1,6
2025-09-18,10,選抜戦,5,まくり,北,6,12460,44,5,5,6
2025-09-18,11,選抜戦,5,逃げ,北,7,7670,24,1,1,6
2025-09-18,12,優勝戦,5,恵まれ,北,6,1020,3,2,2,6
2025-09-21,1,予選,1,逃げ,北,6,1980,1,1,1,6
2025-09-21,2,予選,1,恵まれ,北,5,2780,10,5,5,6
2025-09-21,3,予選,1,差し,北,6,11830,68,2,2,6
2025-09-21,4,予選,1,まくり,北,6,15350,59,3,3,6
2025-09-21,5,予選,1,逃げ,北,6,7110,24,1,1,6
2025-09-21,6,予選,1,まくり,北,6,6870,27,3,3,6
2025-09-21,7,予選,1,まくり,北,6,2560,10,4,4,6
2025-09-21,8,予選,1,まくり,北,5,9980,42,4,4,6
2025-09-21,9,予選特賞,1,抜き,北,6,2690,11,3,3,6
2025-09-21,10,予選特賞,1,逃げ,北,6,3360,12,1,1,6
2025-09-21,11,予選特選,1,まくり差し,北,5,28840,88,3,3,6
2025-09-21,12,江戸川選抜,1,逃げ,北,6,1810,2,1,1,6
2025-09-22,1,予選,2,逃げ,北東,7,1290,2,1,1,6
2025-09-22,2,予選,2,差し,北東,7,4230,21,4,4,6
2025-09-22,3,予選,2,逃げ,北東,7,6560,27,1,1,6
2025-09-22,4,予選,2,抜き,北東,6,5930,30,2,2,6
2025-09-22,5,予選,2,まくり差し,北東,5,4400,21,4,4,6
2025-09-22,6,予選,2,まくり,北東,6,2870,11,3,3,6
2025-09-22,7,予選,2,まくり,北東,6,13720,41,4,4,6
2025-09-22,8,予選,2,抜き,北東,4,13170,41,4,4,6
2025-09-22,9,予選特賞,2,差し,北東,4,1350,5,2,2,6
2025-09-22,10,予選特賞,2,逃げ,北東,5,1150,2,1,1,6
2025-09-22,11,予選特選,2,逃げ,北東,6,950,3,1,1,6
2025-09-22,12,記者選抜戦,2,逃げ,北東,6,1900,5,1,1,6
2025-09-23,1,予選,3,差し,東,3,7620,25,2,2,6
2025-09-23,2,予選,3,差し,北東,5,1780,6,2,2,6
2025-09-23,3,予選,3,逃げ,北東,4,19580,59,1,1,6
2025-09-23,4,予選,3,逃げ,北東,4,1040,2,1,1,6
2025-09-23,5,予選,3,まくり差し,北東,4,5370,23,5,5,6
2025-09-23,6,予選,3,抜き,北東,4,4690,19,5,5,6
2025-09-23,7,予選,3,逃げ,北東,4,1720,4,1,1,6
2025-09-23,8,予選,3,まくり,北東,5,1670,3,2,2,6
2025-09-23,9,予選特賞,3,逃げ,北東,5,770,1,1,1,6
2025-09-23,10,予選特賞,3,逃げ,北東,6,1470,6,1,1,6
2025-09-23,11,予選特選,3,まくり差し,北東,6,3280,10,3,3,6
2025-09-23,12,記者選抜戦,3,逃げ,北東,6,3290,15,1,1,6
2025-09-24,1,一般,4,逃げ,北東,6,1770,3,1,1,6
2025-09-24,2,一般,4,逃げ,北東,4,1660,4,1,1,6
2025-09-24,3,一般,4,まくり,北東,4,7600,33,5,5,6
2025-09-24,4,一般,4,まくり差し,北東,7,9200,34,5,5,6
2025-09-24,5,一般,4,差し,北東,5,1950,10,2,2,6
2025-09-24,6,一般,4,差し,北東,5,1900,7,2,2,6
2025-09-24,7,一般,4,抜き,北東,4,27690,91,4,4,6
2025-09-24,8,一般,4,逃げ,北東,5,2290,7,1,1,6
2025-09-24,9,一般特選,4,逃げ,北東,4,2160,7,1,1,6
2025-09-24,10,選抜戦,4,差し,北東,3,1600,6,2,2,6
2025-09-24,11,選抜戦,4,逃げ,北東,6,1200,3,1,1,6
2025-09-24,12,優勝戦,4,まくり差し,北東,4,18320,45,5,5,6
2025-09-28,1,予選,1,差し,南西,5,6620,32,2,2,6
2025-09-28,2,予選,1,差し,南西,4,1060,2,2,2,6
2025-09-28,3,予選,1,逃げ,南西,5,3330,12,1,1,6
2025-09-28,4,予選,1,まくり,南西,5,5780,23,4,4,6
2025-09-28,5,予選,1,抜き,南西,5,2070,6,2,2,6
2025-09-28,6,予選,1,差し,南西,7,3150,11,3,3,6
2025-09-28,7,予選,1,差し,南西,5,62720,84,3,3,6
2025-09-28,8,予選,1,逃げ,南,6,1710,5,1,1,6
2025-09-28,9,予選特賞,1,差し,南,8,21950,55,4,4,6
2025-09-28,10,予選特賞,1,まくり差し,南,8,26030,67,4,4,6
2025-09-28,11,予選特選,1,抜き,南,7,1790,5,4,5,6
2025-09-28,12,江戸川選抜,1,逃げ,南,6,1290,3,1,1,6
2025-09-29,1,予選,2,まくり,北,3,4860,24,3,3,6
2025-09-29,2,予選,2,恵まれ,南,2,3300,18,2,2,6
2025-09-29,3,予選,2,抜き,南,3,2370,7,1,1,6
2025-09-29,4,予選,2,差し,南,5,29460,76,4,4,6
2025-09-29,5,予選,2,逃げ,南,4,3390,13,1,1,6
2025-09-29,6,予選,2,まくり,南,3,5050,16,3,3,6
2025-09-29,7,予選,2,まくり差し,南,4,55510,90,5,5,6
2025-09-29,8,予選,2,差し,南,5,3810,15,2,2,6
2025-09-29,9,予選特賞,2,差し,南,6,1620,4,3,3,6
2025-09-29,10,予選特賞,2,まくり差し,南,6,5120,22,5,5,6
2025-09-29,11,予選特選,2,逃げ,南,5,1480,4,1,1,6
2025-09-29,12,記者選抜戦,2,逃げ,南,4,1850,7,1,1,6
2025-09-30,1,予選,3,逃げ,北東,5,1470,4,1,1,6
2025-09-30,2,予選,3,まくり,北東,5,12070,47,3,3,6
2025-09-30,3,予選,3,逃げ,北東,4,1030,1,1,1,6
2025-09-30,4,予選,3,逃げ,北東,4,13460,45,1,1,6
2025-09-30,5,予選,3,逃げ,北東,4,2970,12,1,1,6
2025-09-30,6,予選,3,差し,北東,3,13380,43,2,2,6
2025-09-30,7,予選,3,差し,南東,5,930,2,2,2,6
2025-09-30,8,予選,3,まくり,北東,4,4220,10,2,2,6
2025-09-30,9,予選特賞,3,まくり差し,南東,4,15000,45,3,3,6
2025-09-30,10,予選特賞,3,逃げ,南東,4,8570,28,1,1,6
2025-09-30,11,予選特選,3,逃げ,南東,5,4020,13,1,1,6
2025-09-30,12,記者選抜戦,3,逃げ,東,2,1180,4,1,1,6
2025-10-01,1,予選,4,逃げ,北西,4,1620,2,1,1,6
2025-10-01,2,予選,4,逃げ,北,5,1030,3,1,1,6
2025-10-01,3,予選,4,逃げ,北西,4,1520,4,1,1,6
2025-10-01,4,予選,4,逃げ,北西,4,1420,6,1,1,6
2025-10-01,5,予選,4,差し,北西,5,2000,9,2,2,6
2025-10-01,6,予選,4,まくり差し,北西,4,1940,7,3,3,6
2025-10-01,7,予選,4,まくり,北西,4,12100,34,2,2,6
2025-10-01,8,予選,4,逃げ,北西,5,1080,1,1,1,6
2025-10-01,9,予選特賞,4,逃げ,北西,4,1730,7,1,1,6
2025-10-01,10,予選特賞,4,差し,北西,5,2670,9,2,2,6
2025-10-01,11,予選特選,4,逃げ,北西,4,1610,8,1,1,6
2025-10-01,12,記者選抜戦,4,逃げ,北西,4,980,3,1,1,6
2025-10-02,1,一般,5,まくり,北西,4,57880,100,5,5,6
2025-10-02,2,一般,5,まくり,北東,5,4520,14,3,3,6
2025-10-02,3,一般,5,逃げ,北東,2,2820,6,1,1,6
2025-10-02,4,一般,5,逃げ,東,2,1540,7,1,1,6
2025-10-02,5,一般,5,逃げ,南西,3,800,1,1,1,6
2025-10-02,6,一般,5,まくり,西,3,4150,15,3,3,6
2025-10-02,7,一般,5,逃げ,南西,4,1850,6,1,1,6
2025-10-02,8,一般,5,逃げ,南西,4,1390,5,1,1,6
2025-10-02,9,一般特選,5,逃げ,南,5,940,3,1,2,6
2025-10-02,10,選抜戦,5,逃げ,南,4,1250,2,1,1,6
2025-10-02,11,選抜戦,5,逃げ,南,4,1990,9,1,1,6
2025-10-02,12,優勝戦,5,逃げ,南,4,3600,14,1,1,6
2025-10-05,1,予選,1,まくり,西,2,7150,30,4,4,6
2025-10-05,2,予選,1,逃げ,南西,3,10190,42,1,1,6
2025-10-05,3,予選,1,抜き,南西,3,61080,90,5,5,6
2025-10-05,4,予選,1,まくり,南,5,1220,1,4,4,6
2025-10-05,5,予選,1,逃げ,南,4,7640,29,1,1,6
2025-10-05,6,予選,1,まくり,南,5,7810,28,2,2,6
2025-10-05,7,予選,1,差し,南,5,3570,14,3,3,6
2025-10-05,8,予選,1,恵まれ,南,6,720,2,4,4,6
2025-10-05,9,予選,1,逃げ,南,7,1830,5,1,1,6
2025-10-05,10,予選特賞,1,逃げ,南,5,1010,2,1,1,6
2025-10-05,11,予選特選,1,差し,南,6,36980,74,5,5,6
2025-10-05,12,江戸川選抜,1,まくり,南,5,10760,45,3,3,6
2025-10-06,1,予選,2,まくり,北西,5,46650,100,6,6,6
2025-10-06,2,予選,2,抜き,北西,5,6710,26,5,5,6
2025-10-06,3,予選,2,逃げ,北,6,1370,2,1,1,6
2025-10-06,4,予選,2,差し,北東,7,2050,4,3,3,6
2025-10-06,5,予選,2,逃げ,北東,6,1950,2,1,1,6
2025-10-06,6,予選,2,まくり差し,北東,7,7430,27,3,3,6
2025-10-06,7,予選,2,抜き,北東,7,1970,7,3,3,6
2025-10-07,1,予選,3,逃げ,北,5,10690,44,1,1,6
2025-10-07,2,予選,3,まくり,北西,5,9000,35,4,4,6
2025-10-07,3,予選,3,抜き,北東,6,7530,32,1,1,6
2025-10-07,4,予選,3,恵まれ,北東,7,650,5,5,5,6
2025-10-07,5,予選,3,逃げ,北東,5,2250,8,1,1,6
2025-10-07,6,予選,3,差し,北東,6,3060,10,2,2,6
2025-10-07,7,予選,3,まくり,北東,6,4550,17,2,2,6
2025-10-07,8,予選,3,逃げ,北東,6,4490,19,1,1,6
2025-10-07,9,予選,3,まくり,北東,6,17170,63,3,3,6
2025-10-07,10,予選特賞,3,逃げ,北東,5,1880,7,1,1,6
2025-10-07,11,予選特選,3,逃げ,北東,6,1950,4,1,1,6
2025-10-07,12,記者選抜戦,3,差し,北東,5,15160,31,3,3,6
2025-10-08,1,予選,4,逃げ,北西,3,2060,7,1,1,6
2025-10-08,2,予選,4,逃げ,南,2,3290,14,1,1,6
2025-10-08,3,予選,4,逃げ,南西,3,4490,17,1,1,6
2025-10-08,4,予選,4,差し,南西,3,16430,57,2,2,6
2025-10-08,5,予選,4,差し,南,3,10310,59,2,2,6
2025-10-08,6,予選,4,まくり差し,南西,4,4420,16,3,3,6
2025-10-08,7,予選,4,抜き,南西,4,2140,6,3,3,6
2025-10-08,8,予選,4,逃げ,南西,4,3120,12,1,1,6
2025-10-08,9,予選,4,逃げ,南西,4,3510,13,1,1,6
2025-10-08,10,予選特賞,4,逃げ,南西,4,1770,6,1,1,6
2025-10-08,11,予選特選,4,抜き,南西,4,2550,10,3,3,6
2025-10-08,12,記者選抜戦,4,逃げ,南西,3,1310,4,1,1,6
2025-10-10,1,一般,5,逃げ,北,4,2380,9,1,1,6
2025-10-10,2,一般,5,差し,東,3,4870,16,2,2,6
2025-10-10,3,一般,5,逃げ,北,4,1130,3,1,1,6
2025-10-10,4,一般,5,逃げ,西,4,1860,7,1,1,6
2025-10-10,5,一般,5,逃げ,南,4,5350,19,1,1,6
2025-10-10,6,一般,5,逃げ,南西,5,1570,6,1,1,6
2025-10-10,7,一般,5,抜き,南西,5,2140,7,4,4,6
2025-10-10,8,一般,5,差し,南,5,7590,32,2,2,6
2025-10-10,9,一般,5,まくり,南東,3,14920,43,2,2,6
2025-10-10,10,一般特賞,5,逃げ,南西,4,2130,5,1,1,6
2025-10-10,11,準優勝戦,5,まくり,南西,4,3290,14,4,4,6
2025-10-10,12,準優勝戦,5,まくり,南,5,3720,14,5,5,6
2025-10-11,1,一般,6,まくり,北東,4,3250,12,2,2,6
2025-10-11,2,一般,6,まくり,北東,4,10430,39,4,4,6
2025-10-11,3,一般,6,まくり,北東,5,5850,26,4,4,6
2025-10-11,4,一般,6,逃げ,北東,5,2700,4,1,1,6
2025-10-11,5,一般,6,逃げ,北,6,1780,4,1,1,6
2025-10-11,6,一般,6,抜き,北,6,11400,46,4,4,6
2025-10-11,7,一般,6,逃げ,北,6,7270,28,1,1,6
2025-10-11,8,一般,6,抜き,北,6,5540,20,3,3,6
2025-10-11,9,一般,6,逃げ,北,6,2190,4,1,1,6
2025-10-11,10,選抜戦,6,まくり,北,6,11670,48,4,4,6
2025-10-11,11,選抜戦,6,逃げ,北,6,3750,15,1,1,6
2025-10-11,12,優勝戦,6,逃げ,北,5,6030,28,1,1,6
2025-10-14,1,予選,1,逃げ,北東,5,5570,17,1,1,6
2025-10-14,2,予選,1,まくり,北東,5,30780,78,3,3,6
2025-10-14,3,予選,1,まくり,北東,6,14470,57,2,2,6
2025-10-14,4,予選,1,差し,北東,5,8550,35,2,2,6
2025-10-14,5,予選,1,まくり,北東,5,8680,38,3,3,6
2025-10-14,6,予選,1,逃げ,北東,5,2120,4,1,1,6
2025-10-14,7,予選,1,まくり,北東,5,4300,20,2,2,6
2025-10-14,8,予選,1,まくり差し,北東,6,3320,10,3,3,6
2025-10-14,9,予選,1,差し,北東,5,11630,43,2,2,6
2025-10-14,10,予選,1,逃げ,北東,5,1480,5,1,1,6
2025-10-14,11,予選,1,抜き,北東,5,9830,39,3,3,6
2025-10-14,12,ドリーム１,1,逃げ,北東,5,1360,3,1,1,6
2025-10-15,1,予選,2,差し,北,6,5990,30,2,2,6
2025-10-15,2,予選,2,まくり差し,北,6,3880,16,4,4,6
2025-10-15,3,予選,2,逃げ,北,6,890,1,1,1,6
2025-10-15,4,予選,2,まくり差し,北,5,37100,89,5,5,6
2025-10-15,5,予選,2,逃げ,北東,4,1440,5,1,1,6
2025-10-15,6,予選,2,まくり,北東,5,23460,74,3,3,6
2025-10-15,7,予選,2,逃げ,北東,5,6630,25,1,1,6
2025-10-15,8,予選,2,まくり,北東,6,3260,9,4,4,6
2025-10-15,9,予選,2,まくり,北東,5,13540,41,4,4,6
2025-10-15,10,予選,2,逃げ,北東,5,1090,3,1,1,6
2025-10-15,11,予選,2,逃げ,北東,5,1460,4,1,1,6
2025-10-15,12,ドリーム２,2,まくり差し,北東,6,41350,84,5,5,6
2025-10-16,1,予選,3,抜き,北,3,1310,2,3,3,6
2025-10-16,2,予選,3,差し,北,3,5380,19,2,2,6
2025-10-16,3,予選,3,逃げ,南東,2,6330,23,1,1,6
2025-10-16,4,予選,3,まくり差し,南東,2,5130,17,5,5,6
2025-10-16,5,予選,3,抜き,南東,2,3000,14,1,1,6
2025-10-16,6,予選,3,まくり,南東,3,16040,67,2,2,6
2025-10-16,7,予選,3,逃げ,東,2,1840,5,1,1,6
2025-10-16,8,予選,3,差し,南東,3,1420,3,2,2,6
2025-10-16,9,予選,3,まくり差し,南,2,60620,109,5,5,6
2025-10-16,10,予選,3,逃げ,南,3,1420,3,1,1,6
2025-10-16,11,予選,3,逃げ,南,3,1720,6,1,1,6
2025-10-16,12,予選,3,まくり,南,3,16470,57,3,3,6
2025-10-17,1,予選,4,まくり,北,4,10960,43,3,3,6
2025-10-17,2,予選,4,逃げ,北,6,3500,13,1,1,6
2025-10-17,3,予選,4,逃げ,北東,6,3870,13,1,1,6
2025-10-17,4,予選,4,まくり差し,北東,7,5290,23,3,3,6
2025-10-17,5,予選,4,逃げ,北東,7,2360,6,1,1,6
2025-10-17,6,予選,4,逃げ,北東,7,1750,2,1,1,6
2025-10-17,7,予選,4,まくり,北東,5,3710,15,3,3,6
2025-10-17,8,予選,4,差し,北東,6,16120,44,3,3,6
2025-10-17,9,予選,4,まくり,北東,7,4350,17,3,3,6
2025-10-17,10,予選,4,まくり,北東,5,6590,22,2,2,6
2025-10-17,11,予選,4,まくり差し,北東,6,22930,67,6,6,6
2025-10-17,12,予選,4,逃げ,北東,4,1390,3,1,1,6
2025-10-18,1,一般,5,逃げ,北,3,2200,9,1,1,6
2025-10-18,2,一般,5,逃げ,北東,2,6290,24,1,1,6
2025-10-18,3,一般,5,逃げ,西,3,2570,11,1,1,6
2025-10-18,4,一般,5,逃げ,南,6,18400,64,1,1,6
2025-10-18,5,一般,5,抜き,南,7,830,1,1,1,6
2025-10-18,6,一般,5,逃げ,南,6,890,2,1,1,6
2025-10-18,7,一般,5,まくり差し,南,7,18420,74,3,3,6
2025-10-18,8,一般,5,逃げ,南,8,2820,10,1,1,6
2025-10-18,9,一般,5,逃げ,南,9,1370,4,1,1,6
2025-10-18,10,準優勝戦,5,まくり,南,6,5970,22,4,4,6
2025-10-18,11,準優勝戦,5,逃げ,南,9,870,1,1,1,6
2025-10-18,12,準優勝戦,5,逃げ,南,8,1420,6,1,1,6
2025-10-19,1,一般,6,まくり差し,北東,4,8750,38,3,3,6
2025-10-19,2,一般,6,まくり差し,北東,3,24140,65,5,5,6
2025-10-19,3,一般,6,逃げ,東,3,1200,2,1,1,6
2025-10-19,4,一般,6,抜き,東,3,1510,4,2,2,6
2025-10-19,5,一般,6,まくり,東,3,8210,33,4,4,6
2025-10-19,6,一般,6,まくり,東,3,2390,4,5,5,6
2025-10-19,7,一般,6,抜き,北東,5,8320,28,6,6,6
2025-10-19,8,一般,6,差し,北東,4,5410,23,4,4,6
2025-10-19,9,一般,6,まくり差し,北東,5,25190,74,6,6,6
2025-10-19,10,特別選抜戦,6,抜き,北東,4,3750,13,1,1,6
2025-10-19,11,特別選抜戦,6,逃げ,北東,5,1290,3,1,1,6
2025-10-19,12,優勝戦,6,逃げ,北東,5,6090,20,1,1,6
2025-10-25,1,予選,1,抜き,北,6,4400,17,2,2,6
2025-10-25,2,予選,1,逃げ,北,5,800,1,1,1,6
2025-10-25,3,予選,1,逃げ,北,4,1430,2,1,1,6
2025-10-25,4,予選,1,まくり,北,5,2830,13,4,4,6
2025-10-25,5,予選,1,まくり差し,北,5,3580,10,3,3,6
2025-10-25,6,予選,1,まくり,北,5,16280,51,3,3,6
2025-10-25,7,予選,1,逃げ,北,5,1750,2,1,1,6
2025-10-25,8,予選,1,逃げ,北,6,970,2,1,1,6
2025-10-25,9,予選特賞,1,まくり,北西,5,3630,14,4,4,6
2025-10-25,10,予選特賞,1,まくり差し,北西,5,4030,20,4,5,6
2025-10-25,11,予選特選,1,まくり差し,北西,4,4270,16,4,4,6
2025-10-25,12,江戸川選抜,1,まくり差し,北西,5,5970,23,3,3,6
2025-10-26,1,予選,2,差し,北,4,7830,32,3,3,6
2025-10-26,2,予選,2,まくり,北,5,18610,45,3,3,6
2025-10-26,3,予選,2,まくり差し,北,4,41930,97,5,5,6
2025-10-26,4,予選,2,逃げ,北,4,1050,1,1,1,6
2025-10-26,5,予選,2,抜き,北,4,2930,8,3,3,6
2025-10-26,6,予選,2,差し,北,4,3420,13,2,2,6
2025-10-26,7,予選,2,まくり,北,4,4750,20,6,6,6
2025-10-26,8,予選,2,逃げ,北,4,20300,63,1,1,6
2025-10-26,9,予選特賞,2,まくり,北,4,6940,25,6,6,6
2025-10-26,10,予選特賞,2,逃げ,北,4,1510,3,1,1,6
2025-10-26,11,予選特選,2,逃げ,北,4,5350,20,1,1,6
2025-10-26,12,記者選抜戦,2,逃げ,北,5,1020,3,1,1,6
2025-10-27,1,予選,3,まくり,北,3,18800,67,4,4,6
2025-10-27,2,予選,3,まくり,北東,4,3770,14,4,4,6
2025-10-27,3,予選,3,逃げ,北東,4,1990,8,1,1,6
2025-10-27,4,予選,3,抜き,北東,4,1460,4,1,1,6
2025-10-27,5,予選,3,抜き,北東,3,1930,4,2,2,6
2025-10-27,6,予選,3,抜き,東,2,1360,4,1,1,6
2025-10-27,7,予選,3,まくり,北東,3,4640,19,2,2,6
2025-10-27,8,予選,3,逃げ,北東,2,2540,11,1,1,6
2025-10-27,9,予選特賞,3,逃げ,西,2,610,1,1,1,6
2025-10-27,10,予選特賞,3,差し,南西,3,2110,8,2,2,6
2025-10-27,11,予選特選,3,逃げ,南西,3,600,1,1,1,6
2025-10-27,12,記者選抜戦,3,逃げ,南西,4,640,2,1,1,6
2025-10-28,1,予選,4,まくり,北西,6,4250,19,3,3,6
2025-10-28,2,予選,4,差し,北西,5,20260,57,3,3,6
2025-10-28,3,予選,4,差し,北西,4,23060,58,3,3,6
2025-10-28,4,予選,4,逃げ,北西,6,2560,9,1,1,6
2025-10-28,5,予選,4,逃げ,北,6,1160,1,1,1,6
2025-10-28,6,予選,4,抜き,北西,4,1180,3,3,3,6
2025-10-28,7,予選,4,まくり,北西,4,3600,12,2,2,6
2025-10-28,8,予選,4,逃げ,北西,3,2260,6,1,1,6
2025-10-28,9,予選特賞,4,まくり,北西,4,4030,13,6,6,6
2025-10-28,10,予選特賞,4,逃げ,北西,4,2950,9,1,1,6
2025-10-28,11,予選特選,4,抜き,北西,5,710,1,1,1,6
2025-10-28,12,記者選抜戦,4,差し,北東,5,4820,18,2,2,6
2025-10-29,1,一般,5,逃げ,北東,4,1180,2,1,1,6
2025-10-29,2,一般,5,まくり,北東,5,8880,35,4,4,6
2025-10-29,3,一般,5,抜き,北東,6,3410,13,4,4,6
2025-10-29,4,一般,5,逃げ,北東,4,2520,10,1,1,6
2025-10-29,5,一般,5,逃げ,北東,5,4600,20,1,1,6
2025-10-29,6,一般,5,逃げ,北東,6,580,1,1,1,6
2025-10-29,7,一般,5,逃げ,北東,5,1070,2,1,1,6
2025-10-29,8,一般,5,差し,北東,5,6970,29,2,2,6
2025-10-29,9,一般特賞,5,抜き,北東,5,940,2,1,1,6
2025-10-29,10,一般特賞,5,差し,北東,4,37980,69,3,3,6
2025-10-29,11,準優勝戦,5,まくり,北東,4,5130,19,3,3,6
2025-10-29,12,準優勝戦,5,逃げ,北東,5,1440,4,1,1,6
2025-10-30,1,一般,6,まくり,北,6,11580,50,4,4,6
2025-10-30,2,一般,6,まくり差し,北,6,5530,21,3,3,6
2025-10-30,3,一般,6,差し,北,6,2870,15,2,2,6
2025-10-30,4,一般,6,逃げ,北,6,3030,10,1,1,6
2025-10-30,5,一般,6,まくり,北西,5,2990,15,2,2,6
2025-10-30,6,一般,6,逃げ,北,5,8380,38,1,1,6
2025-10-30,7,一般,6,まくり,北,5,13970,42,2,2,6
2025-10-30,8,一般,6,逃げ,北,5,8160,37,1,1,6
2025-10-30,9,一般特選,6,差し,北,5,1860,7,2,2,6
2025-10-30,10,選抜戦,6,まくり差し,北東,4,15030,49,4,4,6
2025-10-30,11,選抜戦,6,逃げ,北東,5,1380,5,1,1,6
2025-10-30,12,優勝戦,6,逃げ,北東,4,990,3,1,1,6
2025-11-07,1,予選,1,まくり,北西,6,4480,20,3,3,6
2025-11-07,2,予選,1,差し,北西,5,2480,8,4,4,6
2025-11-07,3,予選,1,まくり,北西,6,2020,6,4,4,6
2025-11-07,4,予選,1,差し,北西,7,3910,14,2,2,6
2025-11-07,5,予選,1,まくり差し,北西,6,19320,62,3,3,6
2025-11-07,6,予選,1,抜き,北西,6,4320,16,6,6,6
2025-11-07,7,予選,1,まくり,北西,7,5000,24,4,4,6
2025-11-07,8,予選,1,逃げ,北西,5,2680,9,1,1,6
2025-11-07,9,予選特賞,1,逃げ,北西,5,2430,10,1,1,6
2025-11-07,10,予選特賞,1,抜き,北西,6,11830,45,4,4,6
2025-11-07,11,予選特選,1,差し,北西,5,15290,41,2,2,6
2025-11-07,12,江戸川選抜,1,逃げ,北西,6,1920,5,1,1,6
2025-11-08,1,予選,2,逃げ,南,3,2390,5,1,1,6
2025-11-08,2,予選,2,まくり差し,東,2,3240,13,5,5,6
2025-11-08,3,予選,2,逃げ,南東,4,3540,14,1,1,6
2025-11-08,4,予選,2,まくり,南東,2,2590,8,2,2,6
2025-11-08,5,予選,2,逃げ,南東,4,600,1,1,1,6
2025-11-08,6,予選,2,逃げ,南東,3,690,2,1,1,6
2025-11-08,7,予選,2,逃げ,南東,3,1510,5,1,1,6
2025-11-08,8,予選,2,まくり,南東,4,4100,19,2,2,6
2025-11-08,9,予選特賞,2,差し,南東,4,1400,6,2,2,6
2025-11-08,10,予選特賞,2,まくり差し,南東,3,2340,7,5,5,6
2025-11-08,11,予選特選,2,まくり,北東,4,6860,23,4,4,6
2025-11-08,12,記者選抜戦,2,まくり差し,東,3,8030,34,3,3,6
2025-11-09,1,予選,3,逃げ,南東,3,4540,17,1,1,6
2025-11-09,2,予選,3,差し,,,68730,81,6,6,6
2025-11-09,3,予選,3,まくり差し,北,2,1670,2,3,3,6
2025-11-09,4,予選,3,逃げ,北,3,980,2,1,1,6
2025-11-09,5,予選,3,まくり,北西,3,1380,2,3,3,6
2025-11-09,6,予選,3,逃げ,北,3,1420,6,1,1,6
2025-11-09,7,予選,3,逃げ,北,3,1040,3,1,1,6
2025-11-09,8,予選,3,まくり,北,3,5310,21,5,5,6
2025-11-09,9,予選特賞,3,逃げ,北,2,4650,16,1,1,6
2025-11-09,10,予選特賞,3,差し,北,2,2440,7,2,2,6
2025-11-09,11,予選特選,3,逃げ,北,3,1160,2,1,1,6
2025-11-09,12,記者選抜戦,3,逃げ,北,5,800,3,1,1,6
2025-11-10,1,予選,4,まくり,北,4,8810,41,3,3,6
2025-11-10,2,予選,4,逃げ,北,4,2600,9,1,1,6
2025-11-10,3,予選,4,まくり差し,東,3,3170,12,3,3,6
2025-11-10,4,予選,4,まくり,北西,3,3420,13,5,5,6
2025-11-10,5,予選,4,抜き,北西,8,3010,16,2,2,6
2025-11-10,6,予選,4,まくり差し,北西,6,2170,6,3,3,6
2025-11-10,7,予選,4,まくり,北西,7,3310,12,5,5,6
2025-11-10,8,予選,4,抜き,北西,5,4570,15,4,4,6
2025-11-10,9,予選特賞,4,逃げ,北西,7,1040,3,1,1,6
2025-11-10,10,予選特賞,4,逃げ,北西,7,1750,5,1,1,6
2025-11-10,11,予選特選,4,まくり,北西,5,4530,15,5,5,6
2025-11-10,12,記者選抜戦,4,逃げ,北西,8,2950,14,1,1,6
2025-11-11,1,一般,5,逃げ,北西,6,1500,4,1,1,6
2025-11-11,2,一般,5,まくり,北西,6,6420,29,4,4,6
2025-11-11,3,一般,5,逃げ,北西,6,1250,4,1,1,6
2025-11-11,4,一般,5,まくり差し,北西,5,6890,30,6,6,6
2025-11-11,5,一般,5,差し,北西,5,1770,6,2,2,6
2025-11-11,6,一般,5,逃げ,北西,5,790,1,1,1,6
2025-11-11,7,一般,5,逃げ,北西,4,5200,19,1,1,6
2025-11-11,8,一般,5,逃げ,北西,5,830,1,1,1,6
2025-11-11,9,一般特賞,5,差し,北西,4,19310,50,2,2,6
2025-11-11,10,一般特賞,5,逃げ,北西,5,870,1,1,1,6
2025-11-11,11,準優勝戦,5,まくり差し,北西,4,29840,70,5,5,6
2025-11-11,12,準優勝戦,5,逃げ,北西,3,1670,6,1,1,6
2025-11-12,1,一般,6,逃げ,南東,4,2120,4,1,1,6
2025-11-12,2,一般,6,逃げ,北東,3,1150,3,1,1,6
2025-11-12,3,一般,6,まくり差し,南東,3,11590,43,3,3,6
2025-11-12,4,一般,6,逃げ,南東,3,3930,18,1,1,6
2025-11-12,5,一般,6,差し,南東,3,7440,28,2,2,6
2025-11-12,6,一般,6,まくり差し,南東,4,1250,4,3,3,6
2025-11-12,7,一般,6,逃げ,東,3,1810,4,1,1,6
2025-11-12,8,一般,6,差し,南東,4,5950,27,2,2,6
2025-11-12,9,一般特選,6,逃げ,南東,4,2000,5,1,1,6
2025-11-12,10,選抜戦,6,逃げ,南東,4,1330,1,1,1,6
2025-11-12,11,選抜戦,6,抜き,南東,5,5120,17,2,2,6
2025-11-12,12,優勝戦,6,まくり,南東,4,4410,16,3,3,6
2025-11-16,1,予選,1,差し,北東,1,1560,3,2,2,6
2025-11-16,2,予選,1,逃げ,北東,2,1430,3,1,1,6
2025-11-16,3,予選,1,まくり,北東,3,910,1,2,2,6
2025-11-16,4,予選,1,逃げ,南東,1,680,1,1,1,6
2025-11-16,5,予選,1,まくり,北東,2,15800,42,4,4,6
2025-11-16,6,予選,1,逃げ,南東,1,1250,1,1,1,6
2025-11-16,7,予選,1,逃げ,南東,3,22570,72,1,1,6
2025-11-16,8,予選,1,逃げ,南東,3,1510,3,1,1,6
2025-11-16,9,予選特賞,1,まくり,南東,3,2810,9,3,3,6
2025-11-16,10,予選特賞,1,逃げ,南東,2,450,1,1,1,6
2025-11-16,11,予選特選,1,差し,南東,2,9220,28,2,2,6
2025-11-16,12,江戸川選抜,1,逃げ,南東,2,1950,7,1,1,6
2025-11-17,1,予選,2,逃げ,南,7,1130,3,1,1,6
2025-11-17,2,予選,2,差し,南,7,14080,53,2,2,6
2025-11-17,3,予選,2,逃げ,南,7,8340,41,1,1,6
2025-11-17,4,予選,2,差し,南,8,8670,42,3,3,6
2025-11-17,5,予選,2,抜き,南,8,134060,90,5,5,6
2025-11-17,6,予選,2,まくり差し,南,8,2700,7,3,3,6
2025-11-17,7,予選,2,まくり,南,7,35070,83,3,3,6
2025-11-17,8,予選,2,逃げ,南,8,2080,5,1,1,6
2025-11-17,9,予選特賞,2,まくり,南,7,7420,29,3,3,6
2025-11-17,10,予選特賞,2,まくり,南,6,12920,41,2,2,6
2025-11-17,11,予選特選,2,逃げ,南,6,3600,16,1,1,6
2025-11-17,12,記者選抜戦,2,逃げ,南,6,1170,3,1,1,6
2025-11-18,1,予選,3,逃げ,北,4,600,1,1,1,6
2025-11-18,2,予選,3,逃げ,北,5,1120,3,1,1,6
2025-11-18,3,予選,3,まくり,北,3,7250,30,2,2,6
2025-11-18,4,予選,3,逃げ,北東,2,720,1,1,1,6
2025-11-18,5,予選,3,逃げ,北東,4,1500,3,1,1,6
2025-11-18,6,予選,3,差し,北東,3,1720,6,2,2,6
2025-11-18,7,予選,3,逃げ,北,4,6540,21,1,1,6
2025-11-18,8,予選,3,逃げ,北,4,2160,4,1,1,6
2025-11-18,9,予選特賞,3,逃げ,北,3,1680,4,1,1,6
2025-11-18,10,予選特賞,3,逃げ,北東,2,820,1,1,1,6
2025-11-18,11,予選特選,3,逃げ,北東,3,1030,2,1,1,6
2025-11-18,12,記者選抜戦,3,差し,北東,1,26770,39,2,2,6
2025-11-19,1,一般,4,まくり,北東,5,1120,1,2,2,6
2025-11-19,2,一般,4,まくり,北,4,,,3,3,6
2025-11-19,3,一般,4,差し,北,2,14030,59,4,4,6
2025-11-19,4,一般,4,逃げ,北東,2,1600,4,1,1,6
2025-11-19,5,一般,4,まくり,北東,2,6030,26,5,5,6
2025-11-19,6,一般,4,まくり,南東,1,14700,30,3,3,6
2025-11-19,7,一般,4,逃げ,北東,2,1410,2,1,1,6
2025-11-19,8,一般,4,まくり,北東,4,8010,41,4,4,6
2025-11-19,9,一般特選,4,逃げ,東,2,2070,8,1,1,6
2025-11-19,10,選抜戦,4,まくり,南東,2,2180,5,3,4,6
2025-11-19,11,選抜戦,4,まくり,南,4,3150,8,3,3,6
2025-11-19,12,優勝戦,4,逃げ,南,3,1520,5,1,1,6
2025-11-23,1,予選,1,まくり,北,3,17070,43,4,4,6
2025-11-23,2,予選,1,差し,北,3,1470,4,2,2,6
2025-11-23,3,予選,1,差し,北,3,3320,16,2,2,6
2025-11-23,4,予選,1,差し,北,3,2410,7,2,2,6
2025-11-23,5,予選,1,逃げ,北,3,4850,17,1,1,6
2025-11-23,6,予選,1,抜き,北,3,780,1,1,1,6
2025-11-23,7,予選,1,逃げ,北,4,1840,6,1,1,6
2025-11-23,8,予選,1,抜き,北,3,3980,19,3,3,6
2025-11-23,9,予選特賞,1,まくり,北,4,5020,22,4,4,6
2025-11-23,10,予選特賞,1,逃げ,北,4,1560,4,1,1,6
2025-11-23,11,予選特選,1,逃げ,北東,4,2440,8,1,1,6
2025-11-23,12,江戸川選抜,1,逃げ,北,3,11180,35,1,1,6
2025-11-24,1,予選,2,まくり差し,北,2,2350,8,3,3,6
2025-11-24,2,予選,2,逃げ,北,2,2030,8,1,1,6
2025-11-24,3,予選,2,まくり,北,1,4350,18,2,2,6
2025-11-24,4,予選,2,まくり,北,1,1300,2,2,2,6
2025-11-24,5,予選,2,逃げ,東,1,890,3,1,1,6
2025-11-24,6,予選,2,逃げ,南東,1,1070,1,1,1,6
2025-11-24,7,予選,2,逃げ,南東,1,2860,10,1,1,6
2025-11-24,8,予選,2,逃げ,南東,2,620,2,1,1,6
2025-11-24,9,予選特賞,2,まくり差し,南東,3,11990,49,6,6,6
2025-11-24,10,予選特賞,2,逃げ,南東,2,1220,3,1,1,6
2025-11-24,11,予選特選,2,まくり,南東,2,10890,26,4,4,6
2025-11-24,12,記者選抜戦,2,まくり,南東,2,17980,34,3,3,6
2025-11-25,1,予選,3,逃げ,北,1,4380,14,1,1,6
2025-11-25,2,予選,3,逃げ,北,2,690,1,1,1,6
2025-11-25,3,予選,3,逃げ,南西,1,2370,10,1,1,6
2025-11-25,4,予選,3,まくり,北西,2,12020,37,4,4,6
2025-11-25,5,予選,3,まくり,北西,3,5960,26,5,5,6
2025-11-25,6,予選,3,まくり,北,2,3810,14,4,4,6
2025-11-25,7,予選,3,逃げ,北,2,360,1,1,1,6
2025-11-25,8,予選,3,逃げ,北,2,4940,22,1,1,6
2025-11-25,9,予選特賞,3,まくり,北,1,6710,28,4,4,6
2025-11-25,10,予選特賞,3,逃げ,北,1,1650,6,1,1,6
2025-11-25,11,予選特選,3,まくり,北,1,3210,11,4,4,6
2025-11-25,12,記者選抜戦,3,逃げ,北,2,1700,5,1,1,6
2025-11-26,1,予選,4,逃げ,北,4,4040,16,1,1,6
2025-11-26,2,予選,4,逃げ,北,4,10820,44,1,1,6
2025-11-26,3,予選,4,抜き,北,5,14260,41,2,2,6
2025-11-26,4,予選,4,まくり,北,6,8200,28,4,4,6
2025-11-26,5,予選,4,差し,北,5,11410,35,2,2,6
2025-11-26,6,予選,4,逃げ,北,5,1460,1,1,1,6
2025-11-26,7,予選,4,逃げ,北,5,3480,14,1,1,6
2025-11-26,8,予選,4,逃げ,北,6,2090,5,1,1,6
2025-11-26,9,予選特賞,4,まくり,北西,6,1860,6,2,2,6
2025-11-26,10,予選特賞,4,逃げ,北西,6,570,1,1,1,6
2025-11-26,11,予選特選,4,逃げ,北西,5,1020,2,1,1,6
2025-11-26,12,記者選抜戦,4,まくり,北,5,44820,71,3,3,6
2025-11-27,1,一般,5,逃げ,北,3,1330,3,1,1,6
2025-11-27,2,一般,5,逃げ,北,2,730,2,1,1,6
2025-11-27,3,一般,5,まくり,北,1,7670,31,3,3,6
2025-11-27,4,一般,5,まくり,北,1,13600,39,3,3,6
2025-11-27,5,一般,5,差し,北,1,8990,27,2,2,6
2025-11-27,6,一般,5,逃げ,北西,1,1720,3,1,1,6
2025-11-27,7,一般,5,差し,北西,1,3050,9,2,2,6
2025-11-27,8,一般,5,逃げ,西,1,900,2,1,1,6
2025-11-27,9,一般特賞,5,逃げ,西,1,1520,5,1,1,6
2025-11-27,10,一般特賞,5,逃げ,北西,1,2040,5,1,1,6
2025-11-27,11,準優勝戦,5,まくり,北西,1,18720,53,4,4,6
2025-11-27,12,準優勝戦,5,逃げ,,,1760,5,1,1,6
2025-11-28,1,一般,6,まくり差し,北,3,1550,4,3,3,6
2025-11-28,2,一般,6,抜き,北,4,7260,32,3,3,6
2025-11-28,3,一般,6,まくり差し,北,4,5280,21,3,3,6
2025-11-28,4,一般,6,逃げ,北,5,10240,37,1,1,6
2025-11-28,5,一般,6,まくり,北,5,93540,91,5,5,6
2025-11-28,6,一般,6,まくり差し,北,6,2830,12,4,4,6
2025-11-28,7,一般,6,逃げ,北,6,8990,39,1,1,6
2025-11-28,8,一般,6,逃げ,北,5,3420,14,1,1,6
2025-11-28,9,一般特選,6,まくり差し,北,5,8040,30,6,6,6
2025-11-28,10,選抜戦,6,差し,北,5,6650,27,3,3,6
2025-11-28,11,選抜戦,6,逃げ,北,5,570,1,1,1,6
2025-11-28,12,優勝戦,6,まくり,北,6,7690,30,4,4,6
2025-12-08,1,予選,1,逃げ,南東,5,1650,6,1,1,6
2025-12-08,2,予選,1,まくり,南,4,8420,32,2,2,6
2025-12-08,3,予選,1,抜き,南,5,5310,18,1,1,6
2025-12-08,4,予選,1,差し,南東,4,5610,27,2,2,6
2025-12-08,5,予選,1,まくり差し,南,5,11290,45,3,3,6
2025-12-08,6,予選,1,抜き,南,5,20780,55,5,5,6
2025-12-08,7,予選,1,逃げ,南東,3,2740,2,1,1,6
2025-12-08,8,予選,1,逃げ,南,3,5560,22,1,1,6
2025-12-08,9,予選特賞,1,まくり,南,3,5500,19,2,2,6
2025-12-08,10,予選特賞,1,抜き,北東,1,20160,72,4,4,6
2025-12-08,11,予選特選,1,逃げ,東,1,440,1,1,1,6
2025-12-08,12,江戸川選抜,1,まくり,北東,1,9160,38,3,3,6
2025-12-09,1,予選,2,逃げ,北東,3,2840,10,1,1,6
2025-12-09,2,予選,2,逃げ,北東,2,1450,4,1,1,6
2025-12-09,3,予選,2,まくり,北東,2,3040,13,2,2,6
2025-12-09,4,予選,2,差し,北東,3,1030,2,2,2,6
2025-12-09,5,予選,2,逃げ,北東,4,3060,12,1,1,6
2025-12-09,6,予選,2,差し,北東,3,4660,17,2,2,6
2025-12-09,7,予選,2,逃げ,北東,4,1080,2,1,1,6
2025-12-09,8,予選,2,まくり,北東,4,23600,64,6,6,6
2025-12-09,9,予選特賞,2,逃げ,北東,4,520,1,1,1,6
2025-12-09,10,予選特賞,2,まくり,北東,3,55540,86,3,3,6
2025-12-09,11,予選特選,2,逃げ,北東,2,740,3,1,1,6
2025-12-09,12,記者選抜戦,2,まくり差し,北東,2,131100,101,6,6,6
2025-12-10,1,予選,3,逃げ,北,2,1380,1,1,1,6
2025-12-10,2,予選,3,まくり,北,2,5440,26,2,2,6
2025-12-10,3,予選,3,まくり,北,1,2660,7,5,5,6
2025-12-10,4,予選,3,逃げ,北,2,2610,13,1,1,6
2025-12-10,5,予選,3,抜き,北,1,4080,15,1,1,6
2025-12-10,6,予選,3,まくり,北,1,2780,12,3,3,6
2025-12-10,7,予選,3,まくり,北東,2,7360,27,2,2,6
2025-12-10,8,予選,3,逃げ,東,1,1160,3,1,1,6
2025-12-10,9,予選特賞,3,逃げ,北東,2,26780,53,1,1,6
2025-12-10,10,予選特賞,3,逃げ,北東,3,760,3,1,1,6
2025-12-10,11,予選特選,3,差し,北東,2,21300,58,6,6,6
2025-12-10,12,記者選抜戦,3,逃げ,南東,2,1870,6,1,1,6
2025-12-11,1,予選,4,逃げ,北東,1,1040,2,1,1,6
2025-12-11,2,予選,4,差し,東,1,210150,107,6,6,6
2025-12-11,3,予選,4,逃げ,南東,2,650,3,1,1,6
2025-12-11,4,予選,4,差し,南,1,1920,8,4,4,6
2025-12-11,5,予選,4,差し,南,1,31480,60,4,4,6
2025-12-11,6,予選,4,抜き,南,4,39000,90,6,6,6
2025-12-11,7,予選,4,差し,南東,2,37280,97,2,2,6
2025-12-11,8,予選,4,抜き,南,6,6680,27,5,5,6
2025-12-11,9,予選特賞,4,差し,南,7,29830,67,2,2,6
2025-12-11,10,予選特賞,4,抜き,南,10,8530,23,3,3,6
2025-12-11,11,予選特選,4,まくり,南,6,6170,36,3,4,6
2025-12-11,12,記者選抜戦,4,抜き,南,8,5760,24,2,2,6
2025-12-13,1,一般,5,抜き,東,2,4360,20,2,2,6
2025-12-13,2,一般,5,まくり差し,北東,2,2170,9,3,4,6
2025-12-13,3,一般,5,差し,北東,1,5090,25,2,2,6
2025-12-13,4,一般,5,まくり,東,1,3760,15,2,2,6
2025-12-13,5,一般,5,逃げ,南東,1,2900,15,1,1,6
2025-12-13,6,一般,5,逃げ,南東,2,210,1,1,1,6
2025-12-13,7,一般,5,差し,南東,1,1220,3,2,2,6
2025-12-13,8,一般,5,差し,東,1,1600,5,2,2,6
2025-12-13,9,一般特賞,5,差し,南東,2,2530,8,2,2,6
2025-12-13,10,一般特賞,5,まくり,東,1,1580,1,2,3,6
2025-12-13,11,準優勝戦,5,逃げ,東,2,1440,4,1,1,6
2025-12-13,12,準優勝戦,5,逃げ,東,2,5420,19,1,1,6
2025-12-14,1,一般,6,逃げ,北,5,1760,4,1,1,6
2025-12-14,2,一般,6,抜き,北西,5,2000,6,2,2,6
2025-12-14,3,一般,6,逃げ,北西,5,660,2,1,1,6
2025-12-14,4,一般,6,抜き,北西,6,6510,30,2,2,6
2025-12-14,5,一般,6,抜き,北,5,1070,1,1,1,6
2025-12-14,6,一般,6,まくり,北西,5,4940,20,4,4,6
2025-12-14,7,一般,6,逃げ,北西,5,3960,14,1,1,6
2025-12-14,8,一般,6,逃げ,北西,4,3340,12,1,1,6
2025-12-14,9,一般特選,6,まくり差し,北西,4,5420,27,6,6,6
2025-12-14,10,選抜戦,6,逃げ,北西,3,3860,16,1,1,6
2025-12-14,11,選抜戦,6,逃げ,北西,3,1250,3,1,1,6
2025-12-14,12,優勝戦,6,逃げ,北西,2,4040,14,1,1,6
2025-12-17,1,予選,1,差し,東,2,49880,81,2,2,6
2025-12-17,2,予選,1,まくり,南西,3,3600,11,5,5,6
2025-12-17,3,予選,1,抜き,東,2,2000,7,1,1,6
2025-12-17,4,予選,1,まくり,東,3,23280,60,2,2,6
2025-12-17,5,予選,1,まくり差し,南東,5,8210,29,5,5,6
2025-12-17,6,予選,1,まくり,南東,3,2660,8,3,3,6
2025-12-17,7,予選,1,差し,南東,3,16810,47,2,2,6
2025-12-17,8,予選,1,まくり差し,南東,4,2230,8,3,3,6
2025-12-17,9,予選特賞,1,差し,南東,3,20030,50,2,2,6
2025-12-17,10,予選特賞,1,まくり差し,南,4,26260,62,5,5,6
2025-12-17,11,予選特選,1,まくり差し,南,5,1920,6,3,3,6
2025-12-17,12,江戸川選抜,1,逃げ,南,4,4810,17,1,1,6
2025-12-18,1,予選,2,逃げ,北,6,1100,2,1,1,6
2025-12-18,2,予選,2,差し,北,6,39760,70,3,3,6
2025-12-18,3,予選,2,逃げ,北,6,7750,27,1,1,6
2025-12-18,4,予選,2,まくり,北,5,1430,5,3,3,6
2025-12-18,5,予選,2,抜き,北,6,4980,19,5,5,6
2025-12-18,6,予選,2,まくり差し,北,6,3040,8,4,4,6
2025-12-18,7,予選,2,まくり,北,6,750,2,2,2,6
2025-12-18,8,予選,2,抜き,北,6,2990,7,4,4,6
2025-12-18,9,予選特賞,2,逃げ,北,6,1370,3,1,1,6
2025-12-18,10,予選特賞,2,逃げ,北,5,440,1,1,1,6
2025-12-18,11,予選特選,2,逃げ,北,5,5910,20,1,1,6
2025-12-18,12,記者選抜戦,2,逃げ,北,4,2170,7,1,1,6
2025-12-19,1,予選,3,まくり,北,3,2130,6,5,5,6
2025-12-19,2,予選,3,逃げ,北,2,5460,25,1,1,6
2025-12-19,3,予選,3,まくり,北東,2,5460,22,3,3,6
2025-12-19,4,予選,3,逃げ,北東,2,3410,12,1,1,6
2025-12-19,5,予選,3,差し,北東,2,1910,6,2,2,6
2025-12-19,6,予選,3,逃げ,北東,2,1720,4,1,1,6
2025-12-19,7,予選,3,逃げ,東,2,2960,13,1,1,6
2025-12-19,8,予選,3,逃げ,東,2,4500,13,1,1,6
2025-12-19,9,予選特賞,3,まくり,北東,2,4400,18,4,4,6
2025-12-19,10,予選特賞,3,逃げ,東,1,550,1,1,1,6
2025-12-19,11,予選特選,3,逃げ,北東,1,550,1,1,1,6
2025-12-19,12,記者選抜戦,3,差し,北東,1,14320,41,3,3,6
2025-12-20,1,一般,4,逃げ,北,2,1220,1,1,1,6
2025-12-20,2,一般,4,逃げ,北,2,17360,58,1,1,6
2025-12-20,3,一般,4,抜き,北,1,62560,100,3,3,6
2025-12-20,4,一般,4,差し,北,1,1560,3,3,3,6
2025-12-20,5,一般,4,逃げ,北,1,910,2,1,1,6
2025-12-20,6,一般,4,抜き,北東,1,2620,9,1,1,6
2025-12-20,7,一般,4,まくり差し,北東,1,2330,9,3,3,6
2025-12-20,8,一般,4,逃げ,北東,1,610,2,1,1,6
2025-12-20,9,一般特賞,4,逃げ,北東,1,1720,5,1,1,6
2025-12-20,10,一般特賞,4,逃げ,東,1,520,1,1,1,6
2025-12-20,11,準優勝戦,4,逃げ,東,1,590,1,1,1,6
2025-12-20,12,準優勝戦,4,差し,北東,1,8600,23,4,4,6
2025-12-21,1,一般,5,まくり,南,7,1580,3,4,4,6
2025-12-21,2,一般,5,まくり,南,6,1490,5,2,2,6
2025-12-21,3,一般,5,まくり差し,南,5,3930,17,6,6,6
2025-12-21,4,一般,5,差し,南,5,20130,81,4,4,6
2025-12-21,5,一般,5,差し,南,5,5160,17,2,2,6
2025-12-21,6,一般,5,逃げ,南,4,1570,5,1,1,6
2025-12-21,7,一般,5,逃げ,南,4,7600,33,1,1,6
2025-12-21,8,一般,5,逃げ,南,3,1820,5,1,1,6
2025-12-21,9,一般特選,5,恵まれ,南,5,5270,24,5,5,6
2025-12-21,10,選抜戦,5,まくり,南,5,6320,28,4,4,6
2025-12-21,11,選抜戦,5,まくり差し,南,5,6270,24,3,3,6
2025-12-21,12,優勝戦,5,逃げ,南,4,3700,14,1,1,6
2025-12-25,1,予選,1,逃げ,北,2,3010,11,1,1,6
2025-12-25,2,予選,1,まくり差し,北,4,2330,3,3,3,6
2025-12-25,3,予選,1,まくり,北,4,19150,86,2,2,6
2025-12-25,4,予選,1,逃げ,北,4,10340,41,1,1,6
2025-12-25,5,予選,1,差し,北,3,3740,18,4,4,6
2025-12-25,6,予選,1,抜き,北,2,2080,4,3,3,6
2025-12-25,7,予選,1,まくり,北,2,1170,3,2,2,6
2025-12-25,8,予選,1,逃げ,東,1,1970,7,1,1,6
2025-12-25,9,予選特賞,1,差し,東,1,8780,27,4,4,6
2025-12-25,10,予選特賞,1,逃げ,北,1,4470,16,1,1,6
2025-12-25,11,予選特選,1,まくり,北,1,17470,52,4,4,6
2025-12-25,12,江戸川選抜,1,逃げ,北,2,3780,13,1,1,6
2025-12-26,1,予選,2,まくり差し,北西,9,6440,26,3,3,6
2025-12-26,2,予選,2,逃げ,北西,8,17980,48,1,1,6
2025-12-26,3,予選,2,抜き,北西,8,11940,40,2,2,6
2025-12-26,4,予選,2,逃げ,北西,8,2780,10,1,1,6
2025-12-26,5,予選,2,抜き,北西,8,8180,33,2,2,6
2025-12-26,6,予選,2,まくり,北西,7,3510,16,4,4,6
2025-12-26,7,予選,2,差し,北西,10,9210,39,4,4,6
2025-12-26,8,予選,2,まくり,北西,8,1740,4,6,6,6
2025-12-26,9,予選特賞,2,まくり,北西,10,2230,7,4,4,6
2025-12-26,10,予選特賞,2,逃げ,北西,8,1230,3,1,1,6
2025-12-26,11,予選特選,2,逃げ,北西,10,720,1,1,1,6
2025-12-26,12,記者選抜戦,2,逃げ,北西,8,2480,8,1,1,6
2025-12-27,1,予選,3,まくり,北,2,1750,2,2,2,6
2025-12-27,2,予選,3,逃げ,北,2,8540,33,1,1,6
2025-12-27,3,予選,3,差し,北,2,6160,21,2,2,6
2025-12-27,4,予選,3,まくり,北,2,9520,44,5,5,6
2025-12-27,5,予選,3,差し,北,1,1670,4,2,2,6
2025-12-27,6,予選,3,差し,北東,1,2010,2,2,2,6
2025-12-27,7,予選,3,まくり差し,北東,1,5820,28,3,3,6
2025-12-27,8,予選,3,逃げ,東,1,1770,4,1,1,6
2025-12-27,9,予選特賞,3,抜き,南東,1,20260,52,5,5,6
2025-12-27,10,予選特賞,3,差し,南東,1,7010,25,5,5,6
2025-12-27,11,予選特選,3,まくり差し,南東,1,5200,20,3,3,6
2025-12-27,12,記者選抜戦,3,差し,南東,1,26100,57,3,3,6
2025-12-28,1,予選,4,まくり,北,2,2510,7,3,3,6
2025-12-28,2,予選,4,まくり,北,3,2120,8,4,4,6
2025-12-28,3,予選,4,逃げ,北,3,2110,7,1,1,6
2025-12-28,4,予選,4,抜き,北,4,3960,16,4,4,6
2025-12-28,5,予選,4,まくり,北,3,5640,23,4,4,6
2025-12-28,6,予選,4,まくり,北,3,2710,10,5,5,6
2025-12-28,7,予選,4,抜き,北,3,3740,16,2,2,6
2025-12-28,8,予選,4,まくり差し,北,4,5950,21,4,4,6
2025-12-28,9,予選特賞,4,抜き,北,3,1150,3,1,1,6
2025-12-28,10,予選特賞,4,逃げ,北,4,1730,7,1,1,6
2025-12-28,11,予選特選,4,逃げ,北,4,2170,8,1,1,6
2025-12-28,12,記者選抜戦,4,逃げ,北東,2,1770,6,1,1,6
2025-12-29,1,一般,5,差し,北西,1,21250,67,2,2,6
2025-12-29,2,一般,5,差し,北,2,19150,61,2,2,6
2025-12-29,3,一般,5,差し,北西,1,30650,82,6,6,6
2025-12-29,4,一般,5,まくり,南西,1,7990,41,6,6,6
2025-12-29,5,一般,5,抜き,南西,1,1410,1,4,4,6
2025-12-29,6,一般,5,差し,南西,1,27650,65,4,4,6
2025-12-29,7,一般,5,逃げ,南西,1,2730,8,1,1,6
2025-12-29,8,一般,5,逃げ,南,2,2850,9,1,1,6
2025-12-29,9,一般特選,5,逃げ,南,3,940,2,1,1,6
2025-12-29,10,選抜戦,5,逃げ,南,3,2550,10,1,1,6
2025-12-29,11,選抜戦,5,逃げ,南,2,2470,9,1,1,6
2025-12-29,12,優勝戦,5,逃げ,南,2,750,2,1,1,6
2026-01-02,1,予選,1,まくり,北,3,11570,33,5,5,6
2026-01-02,2,予選,1,まくり,北,3,2010,6,2,2,6
2026-01-02,3,予選,1,まくり,北,4,2510,6,4,4,6
2026-01-02,4,予選,1,逃げ,北,4,1750,3,1,1,6
2026-01-02,5,予選,1,まくり,北,3,5570,20,3,3,6
2026-01-02,6,予選,1,差し,北東,3,1200,2,2,2,6
2026-01-02,7,予選,1,差し,北東,6,950,2,2,2,6
2026-01-02,8,予選,1,逃げ,北東,5,5130,19,1,1,6
2026-01-02,9,予選,1,逃げ,東,3,880,2,1,1,6
2026-01-02,10,予選ラリー選,1,逃げ,南東,3,1680,6,1,1,6
2026-01-02,11,予選バディ選,1,逃げ,,,2520,10,1,1,6
2026-01-02,12,江戸川選抜,1,まくり,北東,5,7950,26,3,3,6
2026-01-03,1,予選,2,逃げ,北西,4,4810,19,1,1,6
2026-01-03,2,予選,2,逃げ,北西,3,4670,18,1,1,6
2026-01-03,3,予選,2,逃げ,北西,3,38830,67,1,1,6
2026-01-03,4,予選,2,まくり,北西,3,18750,56,2,2,6
2026-01-03,5,予選,2,逃げ,北西,4,20030,57,1,1,6
2026-01-03,6,予選,2,まくり,北,4,11940,52,2,2,6
2026-01-03,7,予選,2,逃げ,北西,4,1900,3,1,1,6
2026-01-03,8,予選,2,差し,北西,3,12900,52,3,3,6
2026-01-03,9,予選,2,抜き,南西,3,5020,18,3,3,6
2026-01-03,10,予選ラリー選,2,逃げ,南,2,2790,7,1,1,6
2026-01-03,11,予選バディ選,2,逃げ,南,5,5320,20,1,1,6
2026-01-03,12,予選特別選抜,2,逃げ,南,4,2230,9,1,1,6
2026-01-04,1,予選,3,抜き,北西,4,8970,29,2,2,6
2026-01-04,2,予選,3,差し,北西,4,3260,11,3,3,6
2026-01-04,3,予選,3,逃げ,北西,4,3170,8,1,1,6
2026-01-04,4,予選,3,まくり,西,2,20210,56,5,5,6
2026-01-04,5,予選,3,まくり,北西,4,880,1,4,4,6
2026-01-04,6,予選,3,差し,北西,3,1190,3,2,2,6
2026-01-04,7,予選,3,まくり,北西,4,4950,19,3,3,6
2026-01-04,8,予選,3,まくり,北西,4,17920,54,4,4,6
2026-01-04,9,予選,3,まくり,北西,3,1400,5,3,3,6
2026-01-04,10,予選ラリー選,3,まくり,西,3,2180,7,5,5,6
2026-01-04,11,予選バディ選,3,逃げ,南西,2,6460,22,1,1,6
2026-01-04,12,予選特別選抜,3,抜き,南西,3,650,1,1,1,6
2026-01-05,1,予選,4,まくり,北東,2,13300,45,3,3,6
2026-01-05,2,予選,4,まくり,北東,3,2290,9,2,2,6
2026-01-05,3,予選,4,差し,南東,4,1650,5,4,4,6
2026-01-05,4,予選,4,まくり,南東,3,32120,99,4,4,6
2026-01-05,5,予選,4,逃げ,南西,3,37090,86,1,1,6
2026-01-05,6,予選,4,まくり,南西,3,6750,32,3,3,6
2026-01-05,7,予選,4,まくり差し,南西,3,2140,7,3,3,6
2026-01-05,8,予選,4,逃げ,南西,2,11810,45,1,1,6
2026-01-05,9,予選,4,逃げ,南西,3,3060,10,1,1,6
2026-01-05,10,予選ラリー選,4,まくり差し,南,3,6050,26,4,4,6
2026-01-05,11,予選バディ選,4,逃げ,東,2,2630,7,1,1,6
2026-01-05,12,予選特別選抜,4,恵まれ,東,2,7510,47,5,5,6
2026-01-06,1,一般,5,逃げ,北西,7,3910,11,1,1,6
2026-01-06,2,一般,5,まくり,北西,7,6490,24,2,2,6
2026-01-06,3,一般,5,抜き,北西,7,55890,89,4,4,6
2026-01-06,4,一般,5,抜き,北西,6,4150,14,4,4,6
2026-01-06,5,一般,5,逃げ,北西,5,1470,5,1,1,6
2026-01-06,6,一般,5,まくり差し,北西,5,30360,78,5,5,6
2026-01-06,7,一般,5,逃げ,北西,5,15150,37,1,1,6
2026-01-06,8,一般,5,逃げ,北西,5,2350,6,1,1,6
2026-01-06,9,一般,5,逃げ,北西,5,1640,6,1,1,6
2026-01-06,10,一般,5,まくり,北西,6,6100,20,4,4,6
2026-01-06,11,準優勝戦,5,逃げ,北西,6,910,2,1,1,6
2026-01-06,12,準優勝戦,5,逃げ,北西,5,780,1,1,1,6
2026-01-07,1,一般,6,抜き,北,4,2690,11,3,3,6
2026-01-07,2,一般,6,逃げ,北,5,15320,54,1,1,6
2026-01-07,3,一般,6,逃げ,北,4,17620,60,1,1,6
2026-01-07,4,一般,6,逃げ,北,4,1720,4,1,1,6
2026-01-07,5,一般,6,まくり差し,北,4,12340,35,5,5,6
2026-01-07,6,一般,6,差し,北,4,16290,84,2,2,6
2026-01-07,7,一般,6,抜き,北,4,4230,13,1,1,6
2026-01-07,8,一般,6,逃げ,北,4,2840,1,1,1,6
2026-01-07,9,一般,6,差し,北,4,19710,100,2,2,6
2026-01-07,10,特別選抜戦,6,まくり,北,3,1630,3,2,2,6
2026-01-07,11,特別選抜戦,6,逃げ,北,3,2310,5,1,1,6
2026-01-07,12,優勝戦,6,逃げ,北,3,880,2,1,1,6
2026-01-12,1,予選,1,まくり,南西,4,4830,18,2,2,6
2026-01-12,2,予選,1,逃げ,南西,4,1250,2,1,1,6
2026-01-12,3,予選,1,差し,南,5,8940,34,2,2,6
2026-01-12,4,予選,1,まくり,南,4,4840,19,3,3,6
2026-01-12,5,予選,1,逃げ,南,4,4500,17,1,1,6
2026-01-12,6,予選,1,逃げ,南東,3,7480,33,1,1,6
2026-01-12,7,予選,1,逃げ,南東,3,1620,3,1,1,6
2026-01-12,8,予選,1,逃げ,南東,3,4150,18,1,1,6
2026-01-12,9,予選特賞,1,逃げ,南東,4,1090,1,1,1,6
2026-01-12,10,予選特賞,1,抜き,南東,5,2160,7,1,1,6
2026-01-12,11,予選特選,1,差し,南東,4,3250,12,2,2,6
2026-01-12,12,江戸川選抜,1,逃げ,南,4,1120,3,1,1,6
2026-01-14,1,予選,2,まくり,北,5,1850,6,4,4,6
2026-01-14,2,予選,2,抜き,北西,4,800,1,1,1,6
2026-01-14,3,予選,2,逃げ,北西,4,1120,1,1,1,6
2026-01-14,4,予選,2,逃げ,北,3,1400,2,1,1,6
2026-01-14,5,予選,2,差し,北西,3,9420,24,4,4,6
2026-01-14,6,予選,2,まくり,北西,4,8360,28,5,5,6
2026-01-14,7,予選,2,抜き,北西,4,9080,32,5,5,6
2026-01-14,8,予選,2,逃げ,北西,3,7600,25,1,1,6
2026-01-14,9,予選特賞,2,まくり,北西,5,74820,101,2,2,6
2026-01-14,10,予選特賞,2,まくり,北西,5,1800,7,5,5,6
2026-01-14,11,予選特選,2,まくり,北西,5,18160,42,5,5,6
2026-01-14,12,記者選抜戦,2,逃げ,北西,4,700,1,1,1,6
2026-01-15,1,一般,3,差し,北東,3,4350,16,2,2,6
2026-01-15,2,一般,3,抜き,北東,2,1010,1,3,3,6
2026-01-15,3,一般,3,逃げ,南東,3,2710,7,1,1,6
2026-01-15,4,一般,3,まくり,南西,3,6020,24,5,5,6
2026-01-15,5,一般,3,まくり,南,5,17920,52,3,3,6
2026-01-15,6,一般,3,逃げ,南,6,5890,22,1,1,6
2026-01-15,7,一般,3,抜き,南,5,3970,20,3,3,6
2026-01-15,8,一般,3,差し,南,6,1300,1,2,2,6
2026-01-15,9,一般特選,3,まくり差し,南,7,9490,31,3,3,6
2026-01-15,10,選抜戦,3,まくり,南,7,56900,100,3,3,6
2026-01-15,11,選抜戦,3,逃げ,南,7,4570,19,1,1,6
2026-01-15,12,優勝戦,3,抜き,南,7,2810,9,1,1,6
2026-01-23,1,予選,1,逃げ,東,2,1640,8,1,1,6
2026-01-23,2,予選,1,抜き,南,2,2640,11,2,2,6
2026-01-23,3,予選,1,差し,南東,3,3820,16,4,4,6
2026-01-23,4,予選,1,まくり,南,2,8020,40,2,2,6
2026-01-23,5,予選,1,差し,南,6,4160,19,2,2,6
2026-01-23,6,予選,1,差し,南東,6,1080,2,2,2,6
2026-01-23,7,予選,1,逃げ,南,5,6400,27,1,1,6
2026-01-23,8,予選,1,抜き,南,6,1800,4,1,1,6
2026-01-23,9,予選,1,逃げ,南東,6,620,1,1,1,6
2026-01-23,10,予選特賞,1,逃げ,南東,6,770,2,1,1,6
2026-01-23,11,予選特選,1,逃げ,南,5,1840,8,1,1,6
2026-01-23,12,江戸川選抜,1,まくり,南,5,1980,6,2,2,6
2026-01-24,1,予選,2,差し,南西,6,4630,20,2,2,6
2026-01-24,2,予選,2,逃げ,南西,4,1460,1,1,1,6
2026-01-24,3,予選,2,まくり,南西,5,3950,13,6,6,6
2026-01-24,4,予選,2,まくり,南西,5,2180,4,3,3,6
2026-01-24,5,予選,2,逃げ,南西,5,6410,25,1,1,6
2026-01-24,6,予選,2,逃げ,南西,6,33520,53,1,1,6
2026-01-24,7,予選,2,差し,南西,4,1990,7,4,4,6
2026-01-24,8,予選,2,逃げ,南西,5,5700,27,1,1,6
2026-01-24,9,予選,2,差し,南西,5,3080,11,2,2,6
2026-01-24,10,予選特賞,2,まくり,北,2,2240,7,3,3,6
2026-01-24,11,予選特選,2,差し,北,6,3140,10,2,2,6
2026-01-24,12,記者選抜戦,2,まくり差し,北西,5,12110,39,4,4,6
2026-01-25,1,予選,3,まくり差し,北西,5,2620,10,4,4,6
2026-01-25,2,予選,3,まくり,北西,6,10130,38,3,3,6
2026-01-25,3,予選,3,差し,北西,6,4470,18,4,4,6
2026-01-25,4,予選,3,まくり差し,北西,7,2030,6,4,4,6
2026-01-25,5,予選,3,抜き,北西,6,1010,4,3,3,6
2026-01-25,6,予選,3,まくり,北西,5,20510,57,4,4,6
2026-01-25,7,予選,3,逃げ,北西,7,2830,13,1,1,6
2026-01-25,8,予選,3,逃げ,北西,7,1020,1,1,1,6
2026-01-25,9,予選,3,逃げ,北西,8,1760,7,1,1,6
2026-01-25,10,予選特賞,3,差し,北西,8,3760,13,2,2,6
2026-01-25,11,予選特選,3,まくり,北西,8,2110,8,4,4,6
2026-01-25,12,記者選抜戦,3,まくり,北西,8,3440,13,4,4,6
2026-01-26,1,予選,4,まくり,北西,5,910,1,2,2,6
2026-01-26,2,予選,4,逃げ,北西,5,2120,7,1,1,6
2026-01-26,3,予選,4,抜き,北西,5,790,1,2,2,6
2026-01-26,4,予選,4,差し,北西,4,1110,4,2,2,6
2026-01-26,5,予選,4,差し,北西,4,1410,3,3,3,6
2026-01-26,6,予選,4,恵まれ,北西,3,220,2,4,4,6
2026-01-26,7,予選,4,まくり,西,4,12830,32,3,3,6
2026-01-26,8,予選,4,まくり,西,3,1170,3,2,2,6
2026-01-26,9,予選,4,逃げ,北西,3,950,3,1,1,6
2026-01-26,10,予選特賞,4,抜き,北西,3,1170,1,1,1,6
2026-01-26,11,予選特選,4,逃げ,北,3,2350,8,1,1,6
2026-01-26,12,記者選抜戦,4,逃げ,北,4,4520,14,1,1,6
2026-01-27,1,一般,5,逃げ,北,4,980,2,1,1,6
2026-01-27,2,一般,5,逃げ,北,2,2200,8,1,1,6
2026-01-27,3,一般,5,まくり,南西,3,3720,15,2,2,6
2026-01-27,4,一般,5,逃げ,南西,4,3570,13,1,1,6
2026-01-27,5,一般,5,逃げ,南西,3,810,2,1,1,6
2026-01-27,6,一般,5,まくり差し,南,5,31870,51,3,3,6
2026-01-27,7,一般,5,逃げ,南西,3,1190,4,1,1,6
2026-01-27,8,一般,5,まくり,南,4,4540,15,2,2,6
2026-01-27,9,一般,5,差し,南西,3,12980,39,3,3,6
2026-01-27,10,一般特賞,5,逃げ,西,2,1410,3,1,1,6
2026-01-27,11,準優勝戦,5,差し,南東,3,1550,6,2,2,6
2026-01-27,12,準優勝戦,5,抜き,南東,3,1360,2,1,1,6
2026-01-28,1,一般,6,まくり,北,6,2270,7,3,3,6
2026-01-28,2,一般,6,まくり,北,6,2080,6,4,4,6
2026-01-28,3,一般,6,逃げ,北,6,71830,63,1,1,6
2026-01-28,4,一般,6,まくり,北,5,5400,23,2,2,6
2026-01-28,5,一般,6,抜き,北,5,8820,35,5,5,6
2026-01-28,6,一般,6,まくり差し,北,4,9470,41,6,6,6
2026-01-28,7,一般,6,逃げ,北,4,650,2,1,1,6
2026-01-28,8,一般,6,逃げ,北,4,1150,4,1,1,6
2026-01-28,9,一般,6,まくり差し,北,4,10990,52,5,5,6
2026-01-28,10,選抜戦,6,逃げ,北,3,9940,33,1,1,6
2026-01-28,11,選抜戦,6,逃げ,北,3,5250,21,1,1,6
2026-01-28,12,優勝戦,6,逃げ,北,3,1200,2,1,1,6
2026-02-01,1,予選,1,逃げ,南西,2,1020,3,1,1,6
2026-02-01,2,予選,1,逃げ,南西,2,1260,3,1,1,6
2026-02-01,3,予選,1,差し,南,2,4840,24,2,2,6
2026-02-01,4,予選,1,差し,南,2,2480,6,2,2,6
2026-02-01,5,予選,1,逃げ,西,1,4150,15,1,1,6
2026-02-01,6,予選,1,逃げ,西,1,2280,9,1,1,6
2026-02-01,7,予選,1,差し,南西,1,3290,11,2,2,6
2026-02-01,8,予選,1,抜き,北西,1,10660,45,3,3,6
2026-02-01,9,予選特賞,1,まくり,南,1,2650,10,2,2,6
2026-02-01,10,予選特賞,1,逃げ,東,1,1920,6,1,1,6
2026-02-01,11,予選特選,1,まくり,南東,1,11700,44,4,5,6
2026-02-01,12,江戸川選抜,1,逃げ,東,1,1310,3,1,1,6
2026-02-02,1,予選,2,まくり,北西,3,9900,38,4,4,6
2026-02-02,2,予選,2,逃げ,北,4,2660,4,1,1,6
2026-02-02,3,予選,2,差し,北東,3,7770,40,4,4,6
2026-02-02,4,予選,2,逃げ,北東,4,830,2,1,1,6
2026-02-02,5,予選,2,逃げ,北,4,23160,58,1,1,6
2026-02-02,6,予選,2,まくり差し,西,3,36000,81,5,5,6
2026-02-02,7,予選,2,まくり,南西,3,14240,48,3,3,6
2026-02-02,8,予選,2,逃げ,南,4,9970,42,1,1,6
2026-02-02,9,予選特賞,2,差し,南東,4,2220,7,2,2,6
2026-02-02,10,予選特賞,2,逃げ,南東,3,2710,8,1,1,6
2026-02-02,11,予選特選,2,まくり,南,4,39150,72,4,4,6
2026-02-02,12,記者選抜戦,2,逃げ,東,2,3120,14,1,1,6
2026-02-03,1,予選,3,逃げ,北西,7,1180,4,1,1,6
2026-02-03,2,予選,3,逃げ,北西,7,2640,7,1,1,6
2026-02-03,3,予選,3,逃げ,北西,7,2150,3,1,1,6
2026-02-03,4,予選,3,まくり,北西,7,2750,11,4,4,6
2026-02-03,5,予選,3,逃げ,北西,7,780,2,1,2,6
2026-02-03,6,予選,3,差し,北西,7,11960,43,3,3,6
2026-02-03,7,予選,3,逃げ,北,6,1390,1,1,1,6
2026-02-03,8,予選,3,逃げ,北,5,1710,4,1,1,6
2026-02-03,9,予選特賞,3,恵まれ,北,5,56540,58,6,6,6
2026-02-03,10,予選特賞,3,逃げ,北西,7,6560,24,1,1,6
2026-02-03,11,予選特選,3,まくり,北西,4,30130,70,3,3,6
2026-02-03,12,記者選抜戦,3,逃げ,北西,3,770,1,1,1,6
2026-02-04,1,一般,4,逃げ,北,4,7450,33,1,1,6
2026-02-04,2,一般,4,差し,北西,4,6220,30,2,2,6
2026-02-04,3,一般,4,抜き,北東,3,8930,37,5,5,6
2026-02-04,4,一般,4,抜き,北,3,6690,23,3,3,6
2026-02-04,5,一般,4,逃げ,西,2,4460,14,1,1,6
2026-02-04,6,一般,4,逃げ,北西,3,1480,1,1,1,6
2026-02-04,7,一般,4,抜き,南,3,570,1,1,1,6
2026-02-04,8,一般,4,抜き,南西,3,44080,98,6,6,6
2026-02-04,9,一般特選,4,まくり,南西,3,3920,12,2,2,6
2026-02-04,10,選抜戦,4,逃げ,南東,3,1310,1,1,1,6
2026-02-04,11,選抜戦,4,逃げ,南東,2,8760,28,1,1,6
2026-02-04,12,優勝戦,4,逃げ,南西,3,1730,4,1,1,6
2026-02-08,1,予選,1,逃げ,北,5,950,2,1,1,6
2026-02-08,2,予選,1,逃げ,北,6,20380,74,1,1,6
2026-02-08,3,予選,1,逃げ,北,6,1480,4,1,1,6
2026-02-08,4,予選,1,逃げ,北,6,3860,18,1,1,6
2026-02-08,5,予選,1,逃げ,北,6,6200,28,1,1,6
2026-02-08,6,予選,1,逃げ,北東,4,2370,6,1,1,6
2026-02-08,7,予選,1,抜き,北,6,2030,4,1,1,6
2026-02-08,8,予選,1,まくり,北東,6,20740,57,5,5,6
2026-02-08,9,予選特賞,1,逃げ,北東,5,1050,1,1,1,6
2026-02-08,10,予選特賞,1,差し,北,5,4700,21,4,4,6
2026-02-08,11,予選特選,1,逃げ,北,5,4990,21,1,1,6
2026-02-08,12,江戸川選抜,1,逃げ,北,4,980,1,1,1,6
2026-02-09,1,予選,2,抜き,南西,5,1830,4,1,1,6
2026-02-09,2,予選,2,恵まれ,南,5,1100,3,2,2,6
2026-02-09,3,予選,2,差し,南,6,12010,44,4,4,6
2026-02-09,4,予選,2,まくり差し,南西,6,8290,28,5,5,6
2026-02-09,5,予選,2,まくり差し,南,7,5740,24,5,5,6
2026-02-09,6,予選,2,差し,南西,3,7150,32,5,5,6
2026-02-09,7,予選,2,まくり,南西,5,4300,18,4,4,6
2026-02-09,8,予選,2,逃げ,南西,5,1070,2,1,1,6
2026-02-09,9,予選特賞,2,抜き,西,3,2410,8,5,5,6
2026-02-09,10,予選特賞,2,逃げ,北西,3,1070,1,1,1,6
2026-02-09,11,予選特選,2,逃げ,北西,3,1270,1,1,1,6
2026-02-09,12,記者選抜戦,2,逃げ,北西,4,2550,9,1,1,6
2026-02-10,1,予選,3,逃げ,西,2,3460,13,1,1,6
2026-02-10,2,予選,3,恵まれ,北西,2,1560,5,3,3,6
2026-02-10,3,予選,3,逃げ,西,3,1280,3,1,1,6
2026-02-10,4,予選,3,抜き,南,5,2560,7,2,2,6
2026-02-10,5,予選,3,逃げ,南,6,5560,16,1,1,6
2026-02-10,6,予選,3,まくり,南,7,6560,25,2,2,6
2026-02-10,7,予選,3,差し,南,5,14420,49,3,3,6
2026-02-10,8,予選,3,抜き,南,6,16130,69,5,5,6
2026-02-10,9,予選特賞,3,逃げ,南,5,1620,5,1,1,6
2026-02-10,10,予選特賞,3,抜き,南,6,6640,26,4,5,6
2026-02-10,11,予選特選,3,差し,南,4,32040,56,2,2,6
2026-02-10,12,記者選抜戦,3,逃げ,南西,4,560,1,1,1,6
2026-02-11,1,予選,4,抜き,北,3,5180,20,3,3,6
2026-02-11,2,予選,4,逃げ,北,3,5030,21,1,1,6
2026-02-11,3,予選,4,抜き,北,3,16120,51,4,4,6
2026-02-11,4,予選,4,まくり,北,3,14310,54,3,3,6
2026-02-11,5,予選,4,まくり,北,3,2350,8,2,2,6
2026-02-11,6,予選,4,逃げ,北,3,1370,4,1,1,6
2026-02-11,7,予選,4,まくり,北,3,13340,46,4,4,6
2026-02-11,8,予選,4,逃げ,北,3,950,1,1,1,6
2026-02-11,9,予選特賞,4,逃げ,北,3,2160,8,1,1,6
2026-02-11,10,予選特賞,4,逃げ,北,3,850,2,1,1,6
2026-02-11,11,予選特選,4,逃げ,北,4,1620,8,1,1,6
2026-02-11,12,記者選抜戦,4,逃げ,北,4,720,1,1,1,6
2026-02-12,1,一般,5,まくり,北東,4,3140,13,5,5,6
2026-02-12,2,一般,5,まくり差し,北,4,24070,58,3,3,6
2026-02-12,3,一般,5,まくり差し,北東,4,5720,22,3,3,6
2026-02-12,4,一般,5,逃げ,北西,3,720,1,1,1,6
2026-02-12,5,一般,5,差し,北西,3,2340,7,2,2,6
2026-02-12,6,一般,5,逃げ,北西,3,1310,2,1,1,6
2026-02-12,7,一般,5,逃げ,北西,3,1300,4,1,1,6
2026-02-12,8,一般,5,逃げ,北東,3,1080,2,1,1,6
2026-02-12,9,一般特選,5,まくり,北東,4,16070,40,4,4,6
2026-02-12,10,選抜戦,5,差し,北,2,20310,65,3,3,6
2026-02-12,11,選抜戦,5,差し,南東,2,13350,43,2,2,6
2026-02-12,12,優勝戦,5,まくり,南東,3,26070,69,3,3,6
2026-02-18,1,予選,1,逃げ,北,3,1130,1,1,1,6
2026-02-18,2,予選,1,差し,北,3,3600,12,2,2,6
2026-02-18,3,予選,1,まくり,北,2,31190,95,2,2,6
2026-02-18,4,予選,1,抜き,北西,3,8330,32,3,3,6
2026-02-18,5,予選,1,逃げ,北西,3,1200,2,1,1,6
2026-02-18,6,予選,1,逃げ,北西,3,1210,3,1,1,6
2026-02-18,7,予選,1,抜き,南東,2,1020,2,1,1,6
2026-02-18,8,予選,1,逃げ,西,2,2600,8,1,1,6
2026-02-18,9,予選,1,まくり,南,3,13620,48,3,3,6
2026-02-18,10,予選,1,逃げ,南,4,4710,18,1,1,6
2026-02-18,11,予選,1,恵まれ,南西,4,2050,6,3,3,6
2026-02-18,12,Ｄ・Ｒ賞,1,まくり,南,4,3330,10,3,3,6
2026-02-19,1,予選,2,逃げ,北西,7,3030,11,1,1,6
2026-02-19,2,予選,2,逃げ,北西,6,850,1,1,1,6
2026-02-19,3,予選,2,逃げ,北西,6,2820,6,1,1,6
2026-02-19,4,予選,2,抜き,北西,6,1290,2,1,1,6
2026-02-19,5,予選,2,逃げ,北西,6,1470,3,1,1,6
2026-02-19,6,予選,2,まくり差し,北西,6,25440,67,4,4,6
2026-02-19,7,予選,2,逃げ,北西,6,2400,5,1,1,6
2026-02-19,8,予選,2,まくり,北西,5,4810,17,4,4,6
2026-02-19,9,予選,2,逃げ,北西,5,1910,2,1,1,6
2026-02-19,10,予選,2,まくり,北西,5,44830,81,2,2,6
2026-02-19,11,予選,2,逃げ,北西,5,2010,6,1,1,6
2026-02-19,12,Ｇ・Ｒ賞,2,逃げ,北西,4,1440,6,1,1,6
2026-02-20,1,予選,3,差し,北西,3,1680,4,2,2,6
2026-02-20,2,予選,3,差し,北東,3,16740,55,2,2,6
2026-02-20,3,予選,3,逃げ,北,5,1300,3,1,1,6
2026-02-20,4,予選,3,逃げ,北東,4,2780,7,1,1,6
2026-02-20,5,予選,3,逃げ,北東,4,2870,11,1,1,6
2026-02-20,6,予選,3,差し,東,3,3370,13,2,2,6
2026-02-20,7,予選,3,逃げ,南,3,1250,3,1,1,6
2026-02-20,8,予選,3,逃げ,南東,3,1800,6,1,1,6
2026-02-20,9,予選,3,まくり,南東,4,92430,107,4,4,6
2026-02-20,10,予選,3,逃げ,南東,3,2620,10,1,1,6
2026-02-20,11,予選,3,まくり差し,南東,3,29050,92,5,5,6
2026-02-20,12,予選,3,逃げ,南東,3,3030,12,1,1,6
2026-02-21,1,予選,4,抜き,北西,3,710,2,1,1,6
2026-02-21,2,予選,4,差し,北,4,3590,13,2,2,6
2026-02-21,3,予選,4,差し,北西,3,15810,44,2,2,6
2026-02-21,4,予選,4,まくり差し,南西,3,10750,31,4,4,6
2026-02-21,5,予選,4,逃げ,北西,3,550,1,1,1,6
2026-02-21,6,予選,4,まくり,南西,3,11000,34,2,2,6
2026-02-21,7,予選,4,逃げ,南東,3,650,1,1,1,6
2026-02-21,8,予選,4,逃げ,北東,3,910,1,1,1,6
2026-02-21,9,予選,4,差し,北東,3,13180,45,3,3,6
2026-02-21,10,予選,4,差し,南,5,19510,51,2,2,6
2026-02-21,11,予選,4,差し,南,4,3510,13,2,2,6
2026-02-21,12,予選,4,逃げ,南西,3,7770,28,1,1,6
2026-02-22,1,一般,5,差し,西,2,14310,43,4,4,6
2026-02-22,2,一般,5,差し,南西,3,11360,41,2,2,6
2026-02-22,3,一般,5,まくり差し,南,5,4590,16,3,3,6
2026-02-22,4,一般,5,逃げ,南,5,2680,9,1,1,6
2026-02-22,5,一般,5,抜き,南,5,1140,1,1,1,6
2026-02-22,6,一般,5,差し,南,6,20790,46,5,5,6
2026-02-22,7,一般,5,逃げ,南,7,5430,18,1,1,6
2026-02-22,8,一般,5,まくり差し,南,8,20520,71,6,6,6
2026-02-22,9,一般,5,逃げ,南,8,1080,3,1,1,6
2026-02-22,10,準優勝戦,5,差し,南,8,3520,13,2,2,6
2026-02-22,11,準優勝戦,5,差し,南,7,4520,17,2,2,6
2026-02-22,12,準優勝戦,5,恵まれ,南,8,3680,20,3,3,6
2026-02-24,1,一般,6,まくり差し,北東,5,25180,65,5,5,6
2026-02-24,2,一般,6,逃げ,北東,5,4120,16,1,1,6
2026-02-24,3,一般,6,抜き,北東,3,5040,19,4,4,6
2026-02-24,4,一般,6,逃げ,北東,5,3350,11,1,1,6
2026-02-24,5,一般,6,まくり差し,北東,4,5140,22,4,4,6
2026-02-24,6,一般,6,逃げ,北東,3,3880,15,1,1,6
2026-02-24,7,一般,6,抜き,北東,4,2050,5,1,1,6
2026-02-24,8,一般,6,抜き,北東,5,2650,8,1,1,6
2026-02-24,9,一般,6,逃げ,北東,3,2000,6,1,1,6
2026-02-24,10,特別選抜戦,6,逃げ,北東,4,1570,6,1,1,6
2026-02-24,11,特別選抜戦,6,逃げ,北東,4,2700,11,1,1,6
2026-02-24,12,優勝戦,6,まくり,南東,3,16420,44,5,5,6
2026-02-28,1,予選,1,まくり差し,北西,5,10870,36,4,4,6
2026-02-28,2,予選,1,逃げ,北東,4,4140,13,1,1,6
2026-02-28,3,予選,1,まくり,北西,7,7800,31,3,3,6
2026-02-28,4,予選,1,差し,北西,8,2680,9,3,3,6
2026-02-28,5,予選,1,まくり,北西,7,950,1,2,2,6
2026-02-28,6,予選,1,差し,北西,7,13030,42,2,2,6
2026-02-28,7,予選,1,まくり,北西,8,1840,7,3,3,6
2026-02-28,8,予選,1,まくり,北西,7,1360,2,2,2,6
2026-02-28,9,予選特賞,1,まくり,北西,8,2550,8,4,4,6
2026-02-28,10,予選特賞,1,まくり,北西,7,6120,21,4,4,6
2026-02-28,11,予選特選,1,まくり差し,北西,7,12330,47,3,3,6
2026-02-28,12,江戸川選抜,1,逃げ,北西,7,1640,4,1,1,6
2026-03-01,1,予選,2,逃げ,北,5,2100,7,1,1,6
2026-03-01,2,予選,2,差し,北,4,4220,19,2,2,6
2026-03-01,3,予選,2,逃げ,北,4,4180,17,1,1,6
2026-03-01,4,予選,2,まくり,北東,5,5630,18,3,3,6
2026-03-01,5,予選,2,まくり差し,北東,2,2150,7,3,3,6
2026-03-01,6,予選,2,抜き,南,3,1830,5,1,1,6
2026-03-01,7,予選,2,まくり差し,北,3,3360,12,3,3,6
2026-03-01,8,予選,2,まくり差し,南,2,4340,16,3,3,6
2026-03-01,9,予選特賞,2,逃げ,南,3,1100,2,1,1,6
2026-03-01,10,予選特賞,2,まくり,南東,3,3360,14,4,4,6
2026-03-01,11,予選特選,2,まくり差し,南,3,1880,6,3,3,6
2026-03-01,12,記者選抜戦,2,まくり,南,4,1860,8,3,3,6
2026-03-02,1,予選,3,逃げ,北,4,5880,25,1,1,6
2026-03-02,2,予選,3,逃げ,北,5,2290,10,1,1,6
2026-03-02,3,予選,3,逃げ,北,3,8120,30,1,1,6
2026-03-02,4,予選,3,まくり,北,4,13800,57,4,4,6
2026-03-02,5,予選,3,まくり,北東,5,5590,24,3,3,6
2026-03-02,6,予選,3,逃げ,北東,5,3290,10,1,1,6
2026-03-02,7,予選,3,まくり差し,北東,3,6140,18,4,4,6
2026-03-02,8,予選,3,まくり,北東,4,3960,18,4,4,6
2026-03-02,9,予選特賞,3,逃げ,北東,5,5230,19,1,1,6
2026-03-02,10,予選特賞,3,抜き,北東,4,5140,22,6,6,6
2026-03-02,11,予選特選,3,逃げ,東,3,2070,7,1,1,6
2026-03-02,12,記者選抜戦,3,逃げ,東,3,780,2,1,1,6
2026-03-03,1,一般,4,逃げ,北,4,5290,23,1,1,6
2026-03-03,2,一般,4,抜き,北,4,62340,89,2,2,6
2026-03-03,3,一般,4,逃げ,北,4,1530,2,1,1,6
2026-03-03,4,一般,4,逃げ,北,4,1760,1,1,1,6
2026-03-03,5,一般,4,逃げ,北,5,1110,2,1,1,6
2026-03-03,6,一般,4,まくり,北,5,3930,13,2,2,6
2026-03-03,7,一般,4,まくり,北,6,9290,40,4,4,6
2026-03-03,8,一般,4,逃げ,北,5,1060,2,1,1,6
2026-03-03,9,一般特選,4,逃げ,北,6,2080,5,1,1,6
2026-03-03,10,選抜戦,4,逃げ,北,5,2540,9,1,1,6
2026-03-03,11,選抜戦,4,抜き,北,5,71040,95,4,4,6
2026-03-03,12,優勝戦,4,逃げ,北,5,1000,1,1,1,6
2026-03-07,1,予選,1,逃げ,北,5,7300,33,1,1,6
2026-03-07,2,予選,1,逃げ,北,5,2200,4,1,1,6
2026-03-07,3,予選,1,まくり,北,6,18590,56,3,3,6
2026-03-07,4,予選,1,逃げ,北,6,1200,1,1,1,6
2026-03-07,5,予選,1,差し,北,7,2210,5,2,2,6
2026-03-07,6,予選,1,逃げ,北,7,3450,15,1,1,6
2026-03-07,7,予選,1,逃げ,北,8,4070,17,1,1,6
2026-03-07,8,予選,1,まくり,北,6,31790,69,6,6,6
2026-03-07,9,予選特賞,1,逃げ,北,6,4780,17,1,1,6
2026-03-07,10,予選特賞,1,抜き,北,8,1560,1,1,1,6
2026-03-07,11,予選特選,1,逃げ,北,6,1780,4,1,1,6
2026-03-07,12,江戸川選抜,1,逃げ,北,8,5770,21,1,1,6
2026-03-08,1,予選,2,差し,北西,6,5540,26,2,2,6
2026-03-08,2,予選,2,まくり,北,6,13050,51,2,2,6
2026-03-08,3,予選,2,まくり差し,北,7,5940,22,3,3,6
2026-03-08,4,予選,2,逃げ,北,7,1440,1,1,1,6
2026-03-08,5,予選,2,まくり差し,北,7,9080,43,4,4,6
2026-03-08,6,予選,2,まくり,北西,5,4940,22,2,2,6
2026-03-08,7,予選,2,逃げ,北,6,1660,7,1,1,6
2026-03-08,8,予選,2,まくり,北,6,8370,30,5,5,6
2026-03-08,9,予選特賞,2,逃げ,北,5,1740,5,1,1,6
2026-03-08,10,予選特賞,2,逃げ,北,4,4350,18,1,1,6
2026-03-08,11,予選特選,2,まくり,北,5,14690,41,4,4,6
2026-03-08,12,記者選抜戦,2,逃げ,北,4,3340,12,1,1,6
2026-03-09,1,予選,3,逃げ,北東,2,2780,9,1,1,6
2026-03-09,2,予選,3,逃げ,北,2,1910,3,1,1,6
2026-03-09,3,予選,3,逃げ,北東,2,1500,5,1,1,6
2026-03-09,4,予選,3,まくり,東,1,7360,35,4,4,6
2026-03-09,5,予選,3,まくり,南,1,3220,13,2,2,6
2026-03-09,6,予選,3,逃げ,南西,1,760,2,1,1,6
2026-03-09,7,予選,3,まくり差し,南東,1,3690,11,4,4,6
2026-03-09,8,予選,3,逃げ,南,2,1900,6,1,1,6
2026-03-09,9,予選特賞,3,逃げ,南東,1,2570,10,1,1,6
2026-03-09,10,予選特賞,3,逃げ,南東,3,1350,1,1,1,6
2026-03-09,11,予選特選,3,逃げ,南東,3,1720,4,1,1,6
2026-03-09,12,記者選抜戦,3,まくり,南,2,3280,11,3,3,6
2026-03-10,1,一般,4,逃げ,北,7,1500,4,1,1,6
2026-03-10,2,一般,4,差し,北,7,10370,50,2,2,6
2026-03-10,3,一般,4,抜き,北東,5,32960,99,5,5,6
2026-03-10,4,一般,4,逃げ,北東,5,1450,4,1,1,6
2026-03-10,5,一般,4,逃げ,北東,5,5620,24,1,1,6
2026-03-10,6,一般,4,逃げ,北東,5,4940,12,1,1,6
2026-03-10,7,一般,4,逃げ,北東,5,4460,18,1,1,6
2026-03-10,8,一般,4,逃げ,北,6,3710,12,1,1,6
2026-03-10,9,一般特選,4,逃げ,北東,5,4860,21,1,1,6
2026-03-10,10,選抜戦,4,まくり差し,北,6,3590,12,3,3,6
2026-03-10,11,選抜戦,4,逃げ,北東,5,1270,4,1,1,6
2026-03-10,12,優勝戦,4,逃げ,北,5,6870,23,1,1,6
2026-03-15,1,予選,1,抜き,南西,3,1990,6,1,1,6
2026-03-15,2,予選,1,まくり,東,4,17950,63,4,4,6
2026-03-15,3,予選,1,逃げ,南,6,3190,12,1,1,6
2026-03-15,4,予選,1,逃げ,南東,3,2420,10,1,1,6
2026-03-15,5,予選,1,まくり,南西,3,4670,17,3,3,6
2026-03-15,6,予選,1,まくり,南西,4,18890,65,4,4,6
2026-03-15,7,予選,1,逃げ,東,3,1590,1,1,1,6
2026-03-15,8,予選,1,まくり,南東,3,28560,60,3,3,6
2026-03-15,9,予選特賞,1,逃げ,東,2,4000,15,1,1,6
2026-03-15,10,予選特賞,1,まくり,南東,3,6470,25,4,4,6
2026-03-15,11,予選特選,1,差し,南東,2,3130,12,2,2,6
2026-03-15,12,江戸川選抜,1,逃げ,東,2,6020,23,1,1,6
2026-03-16,1,予選,2,まくり,北東,4,22980,74,4,4,6
2026-03-16,2,予選,2,差し,東,2,19170,73,3,3,6
2026-03-16,3,予選,2,逃げ,東,2,3910,16,1,1,6
2026-03-16,4,予選,2,逃げ,東,3,3130,11,1,1,6
2026-03-16,5,予選,2,逃げ,北東,4,17420,61,1,1,6
2026-03-16,6,予選,2,差し,南東,2,2510,4,4,4,6
2026-03-16,7,予選,2,差し,南東,3,6360,27,2,2,6
2026-03-16,8,予選,2,抜き,南,5,4450,19,3,3,6
2026-03-16,9,予選特賞,2,逃げ,南東,5,3240,13,1,1,6
2026-03-16,10,予選特賞,2,逃げ,南東,3,1090,2,1,1,6
2026-03-16,11,予選特選,2,まくり,南,6,21570,72,3,3,6
2026-03-16,12,記者選抜戦,2,逃げ,南,5,1420,3,1,1,6
2026-03-17,1,予選,3,逃げ,北東,4,990,1,1,1,6
2026-03-17,2,予選,3,逃げ,北東,2,2150,7,1,1,6
2026-03-17,3,予選,3,差し,北東,3,66200,81,4,4,6
2026-03-17,4,予選,3,まくり,南,4,1470,3,3,3,6
2026-03-17,5,予選,3,差し,南,4,2090,5,2,2,6
2026-03-17,6,予選,3,逃げ,南,5,830,1,1,1,6
2026-03-17,7,予選,3,差し,南,6,5250,18,3,3,6
2026-03-17,8,予選,3,逃げ,南,5,6420,26,1,1,6
2026-03-17,9,予選特賞,3,まくり差し,南,5,11790,31,5,5,6
2026-03-17,10,予選特賞,3,逃げ,南東,4,810,1,1,1,6
2026-03-17,11,予選特選,3,逃げ,南東,5,1280,1,1,1,6
2026-03-17,12,記者選抜戦,3,逃げ,南東,4,830,1,1,1,6
2026-03-18,1,予選,4,差し,東,1,4490,18,2,2,6
2026-03-18,2,予選,4,まくり,南東,3,49840,71,2,2,6
2026-03-18,3,予選,4,差し,南,2,14200,52,4,4,6
2026-03-18,4,予選,4,まくり,南,3,4250,16,2,2,6
2026-03-18,5,予選,4,まくり,南,4,1170,2,2,2,6
2026-03-18,6,予選,4,逃げ,南,4,3720,12,1,1,6
2026-03-18,7,予選,4,逃げ,南,4,2900,10,1,1,6
2026-03-18,8,予選,4,差し,南,4,4850,17,2,2,6
2026-03-18,9,予選特賞,4,まくり,南,3,8390,31,4,4,6
2026-03-18,10,予選特賞,4,逃げ,南,3,1760,7,1,1,6
2026-03-18,11,予選特選,4,逃げ,南,2,880,2,1,1,6
2026-03-18,12,記者選抜戦,4,逃げ,南,3,630,1,1,1,6
2026-03-19,1,一般,5,逃げ,北,2,7490,37,1,1,6
2026-03-19,2,一般,5,まくり差し,北,2,16710,46,4,4,6
2026-03-19,3,一般,5,まくり差し,北,1,25880,83,3,3,6
2026-03-19,4,一般,5,逃げ,北,1,910,2,1,1,6
2026-03-19,5,一般,5,まくり,北,1,1240,4,5,5,6
2026-03-19,6,一般,5,差し,南東,2,5060,16,2,2,6
2026-03-19,7,一般,5,逃げ,南,3,1580,1,1,1,6
2026-03-19,8,一般,5,まくり,南,2,9440,35,4,4,6
2026-03-19,9,一般特賞,5,逃げ,北東,4,5930,21,1,1,6
2026-03-19,10,一般特賞,5,逃げ,北東,4,5370,16,1,1,6
2026-03-19,11,準優勝戦,5,逃げ,北東,4,1440,4,1,1,6
2026-03-19,12,準優勝戦,5,差し,北,4,18320,43,2,2,6
2026-03-20,1,一般,6,逃げ,北東,2,900,1,1,1,6
2026-03-20,2,一般,6,逃げ,北東,2,4270,17,1,1,6
2026-03-20,3,一般,6,逃げ,北東,3,2030,2,1,1,6
2026-03-20,4,一般,6,まくり差し,北東,2,6670,29,5,5,6
2026-03-20,5,一般,6,まくり,北東,2,20400,59,5,5,6
2026-03-20,6,一般,6,逃げ,北東,2,2590,9,1,1,6
2026-03-20,7,一般,6,まくり,北東,2,6190,20,2,2,6
2026-03-20,8,一般,6,逃げ,北東,3,14220,54,1,1,6
2026-03-20,9,一般特選,6,差し,北東,2,3130,13,2,2,6
2026-03-20,10,選抜戦,6,逃げ,北東,3,1480,3,1,1,6
2026-03-20,11,選抜戦,6,逃げ,北東,2,870,2,1,1,6
2026-03-20,12,優勝戦,6,まくり,北東,2,10570,31,3,3,6
2026-04-13,1,予選,1,抜き,南,2,41350,79,5,5,6
2026-04-13,2,予選,1,逃げ,南,3,7110,26,1,1,6
2026-04-13,3,予選,1,逃げ,南,3,830,3,1,1,6
2026-04-13,4,予選,1,差し,南,4,9210,50,5,5,6
2026-04-13,5,予選,1,まくり,南,4,4580,17,2,2,6
2026-04-13,6,予選,1,逃げ,南,5,5270,28,1,1,6
2026-04-13,7,予選,1,逃げ,南,6,1410,2,1,2,6
2026-04-13,8,予選,1,まくり差し,南,6,4710,15,3,3,6
2026-04-13,9,予選特賞,1,逃げ,南,6,950,2,1,1,6
2026-04-13,10,予選特賞,1,逃げ,南,5,1010,2,1,1,6
2026-04-13,11,予選特選,1,まくり差し,南,6,9820,29,3,3,6
2026-04-13,12,江戸川選抜,1,差し,南,6,5010,18,2,2,6
2026-04-14,1,予選,2,逃げ,北東,2,5220,22,1,1,6
2026-04-14,2,予選,2,まくり,東,2,14390,56,3,3,6
2026-04-14,3,予選,2,差し,東,2,1700,5,2,2,6
2026-04-14,4,予選,2,差し,南東,3,1750,6,2,2,6
2026-04-14,5,予選,2,まくり,東,3,37700,86,3,3,6
2026-04-14,6,予選,2,まくり,東,2,980,2,2,2,6
2026-04-14,7,予選,2,逃げ,東,2,2640,9,1,1,6
2026-04-14,8,予選,2,逃げ,南東,3,3250,14,1,1,6
2026-04-14,9,予選特賞,2,抜き,東,3,2160,5,6,6,6
2026-04-14,10,予選特賞,2,まくり,東,2,24420,45,3,3,6
2026-04-14,11,予選特選,2,逃げ,南東,3,3280,12,1,1,6
2026-04-14,12,記者選抜戦,2,逃げ,南東,2,1270,3,1,1,6
2026-04-15,1,予選,3,まくり,東,1,7390,29,5,5,6
2026-04-15,2,予選,3,逃げ,南東,2,930,1,1,1,6
2026-04-15,3,予選,3,まくり,南,1,2390,6,2,2,6
2026-04-15,4,予選,3,まくり,南,1,3170,13,2,2,6
2026-04-15,5,予選,3,逃げ,南,2,1050,1,1,1,6
2026-04-15,6,予選,3,抜き,南,3,680,1,2,2,6
2026-04-15,7,予選,3,まくり差し,南,2,3480,16,5,5,6
2026-04-15,8,予選,3,まくり,南,1,3130,10,4,4,6
2026-04-15,9,予選特賞,3,まくり差し,南,2,2790,10,5,5,6
2026-04-15,10,予選特賞,3,逃げ,南東,2,1200,2,1,1,6
2026-04-15,11,予選特選,3,逃げ,南東,3,1790,7,1,1,6
2026-04-15,12,記者選抜戦,3,逃げ,南東,3,950,3,1,1,6
2026-04-16,1,予選,4,まくり,北,7,4030,19,4,4,6
2026-04-16,2,予選,4,逃げ,北東,6,630,2,1,1,6
2026-04-16,3,予選,4,まくり,北東,5,1010,2,2,2,6
2026-04-16,4,予選,4,まくり,北東,6,990,3,2,2,6
2026-04-16,5,予選,4,逃げ,北東,7,1670,3,1,1,6
2026-04-16,6,予選,4,逃げ,北東,6,1590,4,1,1,6
2026-04-16,7,予選,4,抜き,北東,6,3340,14,1,1,6
2026-04-16,8,予選,4,逃げ,北東,6,6700,29,1,1,6
2026-04-16,9,予選特賞,4,恵まれ,北東,6,230,2,4,4,6
2026-04-16,10,予選特賞,4,逃げ,北東,7,840,2,1,1,6
2026-04-16,11,予選特選,4,まくり差し,北東,6,2960,11,3,3,6
2026-04-16,12,記者選抜戦,4,逃げ,北東,8,930,2,1,1,6
2026-04-17,1,一般,5,まくり差し,北東,3,3710,13,3,3,6
2026-04-17,2,一般,5,逃げ,北東,3,10170,36,1,1,6
2026-04-17,3,一般,5,逃げ,北東,3,2030,6,1,1,6
2026-04-17,4,一般,5,逃げ,北東,3,2140,4,1,1,6
2026-04-17,5,一般,5,逃げ,東,2,1270,4,1,1,6
2026-04-17,6,一般,5,逃げ,北東,3,3330,12,1,1,6
2026-04-17,7,一般,5,逃げ,北東,3,2300,9,1,1,6
2026-04-17,8,一般,5,抜き,北東,4,4830,18,3,3,6
2026-04-17,9,一般特賞,5,逃げ,北東,3,960,3,1,1,6
2026-04-17,10,一般特賞,5,逃げ,北東,3,770,1,1,1,6
2026-04-17,11,準優勝戦,5,まくり,北東,3,4770,18,3,3,6
2026-04-17,12,準優勝戦,5,逃げ,東,2,1130,4,1,1,6
2026-04-18,1,一般,6,まくり,南,6,1550,4,3,3,6
2026-04-18,2,一般,6,抜き,南,6,17640,75,2,2,6
2026-04-18,3,一般,6,抜き,南,4,1080,2,1,1,6
2026-04-18,4,一般,6,逃げ,南,6,3560,14,1,1,6
2026-04-18,5,一般,6,抜き,南,6,11120,37,4,4,6
2026-04-18,6,一般,6,逃げ,南,6,1970,2,1,1,6
2026-04-18,7,一般,6,逃げ,南,6,3370,15,1,1,6
2026-04-18,8,一般,6,まくり,南,7,6910,33,4,4,6
2026-04-18,9,一般特選,6,抜き,南,7,12100,33,4,4,6
2026-04-18,10,選抜戦,6,まくり差し,南,6,8340,21,4,4,6
2026-04-18,11,選抜戦,6,まくり差し,南,6,75230,107,6,6,6
2026-04-18,12,優勝戦,6,まくり差し,南,5,41310,75,4,4,6
2026-04-26,1,予選,1,抜き,東,1,1720,5,2,2,6
2026-04-26,2,予選,1,まくり,東,2,11590,48,3,3,6
2026-04-26,3,予選,1,まくり差し,東,3,5010,27,3,3,6
2026-04-26,4,予選,1,差し,南東,3,3800,14,2,2,6
2026-04-26,5,予選,1,逃げ,南東,3,1390,3,1,1,6
2026-04-26,6,予選,1,抜き,南,3,50790,77,6,6,6
2026-04-26,7,予選,1,差し,南,3,11070,44,2,2,6
2026-04-26,8,予選,1,まくり,南,3,37990,76,4,4,6
2026-04-26,9,予選,1,差し,南,4,6120,27,4,4,6
2026-04-26,10,予選ラリー選,1,逃げ,南,4,1200,1,1,1,6
2026-04-26,11,予選バディ選,1,逃げ,南,5,1560,5,1,1,6
2026-04-26,12,江戸川選抜,1,差し,南,5,5390,20,2,2,6
2026-04-27,1,予選,2,まくり,北,5,2350,7,4,4,6
2026-04-27,2,予選,2,まくり,北,5,3450,14,5,5,6
2026-04-27,3,予選,2,まくり差し,北,5,40850,93,5,5,6
2026-04-27,4,予選,2,まくり,北,6,1500,4,4,4,6
2026-04-27,5,予選,2,まくり差し,北,6,3290,15,4,4,6
2026-04-27,6,予選,2,まくり差し,北,5,41290,79,4,4,6
2026-04-27,7,予選,2,差し,北,4,850,1,2,2,6
2026-04-27,8,予選,2,まくり,北,4,1380,5,4,4,6
2026-04-27,9,予選,2,逃げ,北,5,1990,6,1,1,6
2026-04-27,10,予選ラリー選,2,逃げ,北,5,2260,3,1,1,6
2026-04-27,11,予選バディ選,2,抜き,北,4,27020,70,3,3,6
2026-04-27,12,予選特別選抜,2,逃げ,北,5,980,2,1,1,6
2026-04-28,1,予選,3,まくり差し,南,9,6260,28,3,3,6
2026-04-28,2,予選,3,逃げ,南,9,7060,27,1,1,6
2026-04-28,3,予選,3,差し,南,9,1180,2,2,2,6
2026-04-28,4,予選,3,まくり差し,南,10,4960,21,5,5,6
2026-04-28,5,予選,3,逃げ,南,10,5180,21,1,1,6
2026-04-28,6,予選,3,まくり差し,南,10,21160,67,3,3,6
2026-04-28,7,予選,3,逃げ,南,10,1000,2,1,1,6
2026-04-29,1,予選,4,まくり,北東,2,5370,23,3,3,6
2026-04-29,2,予選,4,差し,北東,2,1850,7,2,2,6
2026-04-29,3,予選,4,逃げ,北東,3,49280,74,1,1,6
2026-04-29,4,予選,4,逃げ,北東,3,1420,4,1,1,6
2026-04-29,5,予選,4,まくり差し,北東,4,4950,18,3,3,6
2026-04-29,6,予選,4,まくり差し,北東,4,4240,18,5,5,6
2026-04-29,7,予選,4,逃げ,北東,5,1070,2,1,1,6
2026-04-29,8,予選,4,抜き,北東,5,3190,12,2,2,6
2026-04-29,9,予選,4,まくり,北東,5,2850,9,4,4,6
2026-04-29,10,予選ラリー選,4,逃げ,北東,5,340,1,1,1,6
2026-04-29,11,予選バディ選,4,まくり差し,北東,5,3280,13,3,3,6
2026-04-29,12,予選特別選抜,4,逃げ,北東,5,3020,14,1,1,6
2026-04-30,1,一般,5,差し,北東,1,3630,14,2,2,6
2026-04-30,2,一般,5,恵まれ,北東,1,760,1,1,1,6
2026-04-30,3,一般,5,差し,北東,2,9460,32,3,3,6
2026-04-30,4,一般,5,逃げ,北東,1,1130,5,1,1,6
2026-04-30,5,一般,5,抜き,北東,2,3060,12,2,2,6
2026-04-30,6,一般,5,逃げ,北東,2,3270,10,1,1,6
2026-04-30,7,一般,5,逃げ,東,1,700,1,1,1,6
2026-04-30,8,一般,5,抜き,北東,2,680,1,1,1,6
2026-04-30,9,一般,5,逃げ,北東,2,1420,7,1,1,6
2026-04-30,10,一般,5,まくり,北東,2,2400,9,2,2,6
2026-04-30,11,準優勝戦,5,逃げ,北東,3,2470,7,1,1,6
2026-04-30,12,準優勝戦,5,抜き,北東,3,8940,28,3,3,6
2026-05-01,1,一般,6,逃げ,北,1,3040,11,1,1,6
2026-05-01,2,一般,6,まくり,東,1,6010,27,3,3,6
2026-05-01,3,一般,6,逃げ,北東,1,2590,11,1,1,6
2026-05-01,4,一般,6,差し,北東,1,13960,49,3,3,6
2026-05-01,5,一般,6,逃げ,東,1,800,1,1,1,6
2026-05-01,6,一般,6,まくり,南,1,6590,28,6,6,6
2026-05-01,7,一般,6,逃げ,南,3,1570,2,1,1,6
2026-05-01,8,一般,6,逃げ,南,4,1820,9,1,1,6
2026-05-01,9,一般,6,まくり差し,南,5,2390,7,3,3,6
2026-05-01,10,特別選抜戦,6,逃げ,南,6,860,2,1,1,6
2026-05-01,11,特別選抜戦,6,逃げ,南,7,950,1,1,1,6
2026-05-01,12,優勝戦,6,抜き,南,8,16770,48,2,2,6
2026-05-11,1,予選,1,まくり,南,8,3590,14,3,3,6
2026-05-11,2,予選,1,差し,南,8,1960,4,2,2,6
2026-05-11,3,予選,1,まくり差し,南,8,8510,42,4,4,6
2026-05-11,4,予選,1,まくり,南,8,6710,26,4,4,6
2026-05-11,5,予選,1,逃げ,南,10,11100,46,1,1,6
2026-05-11,6,予選,1,差し,南,10,16210,58,6,6,6
2026-05-12,1,予選,2,逃げ,南,3,4600,18,1,1,6
2026-05-12,2,予選,2,逃げ,南,3,1190,4,1,1,6
2026-05-12,3,予選,2,まくり,南,4,7480,28,4,4,6
2026-05-12,4,予選,2,逃げ,南,5,4350,14,1,1,6
2026-05-12,5,予選,2,逃げ,南,3,19110,60,1,1,6
2026-05-12,6,予選,2,まくり,南,4,18450,84,2,2,6
2026-05-12,7,予選,2,まくり差し,南,4,5640,22,5,5,6
2026-05-12,8,予選,2,逃げ,南,6,5410,20,1,1,6
2026-05-12,9,予選,2,抜き,南,6,11930,42,4,4,6
2026-05-12,10,予選,2,逃げ,南,6,1230,2,1,1,6
2026-05-12,11,予選,2,まくり,南,6,4470,18,3,3,6
2026-05-12,12,ドリーム２,2,差し,南,6,4620,19,2,2,6
2026-05-13,1,予選,3,まくり,南西,3,3500,12,3,3,6
2026-05-13,2,予選,3,まくり差し,南西,4,1400,3,3,3,6
2026-05-13,3,予選,3,抜き,南西,4,8110,35,3,3,6
2026-05-13,4,予選,3,逃げ,南西,5,3530,15,1,1,6
2026-05-13,5,予選,3,逃げ,南,4,2840,9,1,1,6
2026-05-13,6,予選,3,差し,南西,4,11000,46,2,2,6
2026-05-13,7,予選,3,恵まれ,南,4,7830,28,3,3,6
2026-05-13,8,予選,3,恵まれ,南,8,11380,46,3,3,6
2026-05-13,9,予選,3,まくり,南,6,29960,82,5,5,6
2026-05-13,10,予選,3,逃げ,南,6,2200,10,1,1,6
2026-05-13,11,予選,3,まくり差し,南,5,197220,120,6,6,6
2026-05-13,12,予選,3,逃げ,南,5,5110,20,1,1,6
2026-05-14,1,予選,4,逃げ,北東,4,1230,4,1,1,6
2026-05-14,2,予選,4,逃げ,北東,5,7730,30,1,1,6
2026-05-14,3,予選,4,逃げ,北東,5,4180,14,1,1,6
2026-05-14,4,予選,4,まくり,北東,5,9990,46,5,5,6
2026-05-14,5,予選,4,差し,北東,5,1670,4,2,2,6
2026-05-14,6,予選,4,まくり,東,4,3160,9,4,4,6
2026-05-14,7,予選,4,まくり,北東,5,11640,50,2,2,6
2026-05-14,8,予選,4,逃げ,北東,7,4340,19,1,1,6
2026-05-14,9,予選,4,逃げ,北東,6,1880,3,1,1,6
2026-05-14,10,予選,4,差し,北東,5,17660,54,2,2,6
2026-05-14,11,予選,4,逃げ,北東,5,890,1,1,1,6
2026-05-14,12,予選,4,逃げ,北東,5,1710,5,1,1,6
2026-05-15,1,一般,5,まくり,北東,1,9280,31,3,3,6
2026-05-15,2,一般,5,抜き,北東,2,4010,15,3,3,6
2026-05-15,3,一般,5,抜き,北,2,17100,61,3,3,6
2026-05-15,4,一般,5,逃げ,北東,3,3180,11,1,1,6
2026-05-15,5,一般,5,まくり,北,4,3410,10,3,3,6
2026-05-15,6,一般,5,まくり,北,3,26410,68,4,4,6
2026-05-15,7,一般,5,逃げ,北東,4,1710,3,1,1,6
2026-05-15,8,一般,5,まくり,東,2,3140,13,3,3,6
2026-05-15,9,一般,5,逃げ,東,1,1340,4,1,1,6
2026-05-15,10,準優勝戦,5,逃げ,南東,3,830,2,1,1,6
2026-05-15,11,準優勝戦,5,逃げ,南東,2,1520,6,1,1,6
2026-05-15,12,準優勝戦,5,恵まれ,南,4,10310,46,5,5,6
2026-05-16,1,一般,6,逃げ,北東,2,4070,16,1,1,6
2026-05-16,2,一般,6,逃げ,北東,2,680,1,1,1,6
2026-05-16,3,一般,6,逃げ,北東,2,2360,7,1,1,6
2026-05-16,4,一般,6,まくり,南,4,7630,27,5,5,6
2026-05-16,5,一般,6,逃げ,南,3,5110,23,1,1,6
2026-05-16,6,一般,6,まくり,南,3,13890,58,2,2,6
2026-05-16,7,一般,6,差し,南,4,16370,77,6,6,6
2026-05-16,8,一般,6,まくり,南,2,3000,11,3,3,6
2026-05-16,9,一般,6,抜き,南東,3,9620,32,3,3,6
2026-05-16,10,特別選抜戦,6,抜き,南,4,3180,9,3,3,6
2026-05-16,11,特別選抜戦,6,まくり差し,南,4,22180,40,3,3,6
2026-05-16,12,優勝戦,6,逃げ,南,3,1040,1,1,1,6
2026-05-25,1,予選,1,逃げ,南西,2,4310,15,1,1,6
2026-05-25,2,予選,1,逃げ,南西,3,1320,1,1,1,6
2026-05-25,3,予選,1,逃げ,西,1,1810,6,1,1,6
2026-05-25,4,予選,1,まくり,南西,2,26720,72,4,4,6
2026-05-25,5,予選,1,まくり差し,南西,2,41350,81,5,5,6
2026-05-25,6,予選,1,まくり差し,南西,3,1500,6,5,5,6
2026-05-25,7,予選,1,抜き,南西,3,1490,7,2,2,6
2026-05-25,8,予選,1,まくり,南東,3,21860,73,4,4,6
2026-05-25,9,予選特賞,1,まくり差し,南東,3,14340,42,6,6,6
2026-05-25,10,予選特賞,1,逃げ,南東,4,3930,12,1,1,6
2026-05-25,11,予選特選,1,抜き,南東,4,11910,33,4,4,6
2026-05-25,12,江戸川選抜,1,逃げ,南東,4,5410,22,1,1,6
2026-05-26,1,予選,2,まくり,南東,2,3190,10,2,2,6
2026-05-26,2,予選,2,逃げ,南,1,1150,1,1,1,6
2026-05-26,3,予選,2,まくり,南,2,6840,34,3,3,6
2026-05-26,4,予選,2,逃げ,南,2,7300,31,1,1,6
2026-05-26,5,予選,2,抜き,南,2,1820,6,3,3,6
2026-05-26,6,予選,2,抜き,南,2,1780,4,2,2,6
2026-05-26,7,予選,2,逃げ,南,2,910,3,1,1,6
2026-05-26,8,予選,2,まくり,南,3,1550,2,4,4,6
2026-05-26,9,予選特賞,2,逃げ,南,1,4490,14,1,1,6
2026-05-26,10,予選特賞,2,まくり,南東,3,10140,37,4,4,6
2026-05-26,11,予選特選,2,まくり,南東,2,10710,33,2,2,6
2026-05-26,12,記者選抜戦,2,逃げ,南東,3,670,1,1,1,6
2026-05-27,1,予選,3,逃げ,東,1,940,2,1,1,6
2026-05-27,2,予選,3,逃げ,東,1,1440,3,1,1,6
2026-05-27,3,予選,3,差し,北東,3,9310,32,2,2,6
2026-05-27,4,予選,3,差し,北東,3,1700,6,2,2,6
2026-05-27,5,予選,3,まくり差し,北東,3,2530,9,5,5,6
2026-05-27,6,予選,3,まくり,東,1,2230,8,2,2,6
2026-05-27,7,予選,3,まくり差し,南東,2,11360,30,3,4,6
2026-05-27,8,予選,3,逃げ,東,2,910,1,1,1,6
2026-05-27,9,予選特賞,3,まくり,南東,3,1980,7,4,4,6
2026-05-27,10,予選特賞,3,逃げ,南東,2,36350,70,1,1,6
2026-05-27,11,予選特選,3,逃げ,南,3,1060,1,1,1,6
2026-05-27,12,記者選抜戦,3,差し,南,3,19470,42,2,2,6
2026-05-28,1,予選,4,差し,南,5,8810,38,2,2,6
2026-05-28,2,予選,4,まくり差し,南,5,2720,7,5,5,6
2026-05-28,3,予選,4,まくり,南,5,2290,8,4,4,6
2026-05-28,4,予選,4,逃げ,南,5,470,1,1,1,6
2026-05-28,5,予選,4,逃げ,南,5,12940,38,1,1,6
2026-05-28,6,予選,4,逃げ,南,5,1140,1,1,1,6
2026-05-28,7,予選,4,逃げ,南,4,850,3,1,1,6
2026-05-28,8,予選,4,逃げ,南,4,570,2,1,1,6
2026-05-28,9,予選特賞,4,逃げ,南,2,2650,10,1,1,6
2026-05-28,10,予選特賞,4,逃げ,南,2,2890,9,1,1,6
2026-05-28,11,予選特選,4,まくり,南,3,8170,27,3,3,6
2026-05-28,12,記者選抜戦,4,まくり差し,南,2,80030,88,6,6,6
2026-05-29,1,一般,5,抜き,北西,8,63020,92,6,6,6
2026-05-29,2,一般,5,まくり差し,北西,8,1940,7,3,3,6
2026-05-29,3,一般,5,逃げ,北西,7,2130,4,1,1,6
2026-05-29,4,一般,5,逃げ,北西,10,2870,9,1,1,6
2026-05-30,1,一般,6,まくり,南,5,3140,10,3,3,6
2026-05-30,2,一般,6,差し,南,6,20580,59,4,4,6
2026-05-30,3,一般,6,まくり差し,南,8,9040,40,3,3,6
2026-05-30,4,一般,6,まくり,南,8,5400,22,2,2,6
2026-05-30,5,一般,6,まくり差し,南,9,3920,16,3,3,6
2026-05-30,6,一般,6,まくり,南,8,15060,62,3,3,6
2026-05-30,7,一般,6,逃げ,南,10,2120,8,1,1,6
2026-05-30,8,一般,6,逃げ,南,9,2930,9,1,1,6
2026-05-30,9,一般特賞,6,まくり,南,8,5160,18,2,2,6
2026-05-30,10,一般特賞,6,まくり,南,10,1910,6,3,4,6
2026-05-30,11,準優勝戦,6,逃げ,南,9,920,2,1,1,6
2026-05-30,12,準優勝戦,6,逃げ,南,10,730,2,1,1,6
2026-05-31,1,一般,7,逃げ,北東,2,7730,32,1,1,6
2026-05-31,2,一般,7,まくり,北,3,3270,11,4,4,6
2026-05-31,3,一般,7,逃げ,北東,2,2850,10,1,1,6
2026-05-31,4,一般,7,まくり,北東,2,1860,5,3,3,6
2026-05-31,5,一般,7,まくり差し,南東,3,8200,30,4,4,6
2026-05-31,6,一般,7,まくり,南東,3,11730,46,5,5,6
2026-05-31,7,一般,7,まくり,南東,4,6700,29,4,4,6
2026-05-31,8,一般,7,恵まれ,南,4,150,1,4,4,6
2026-05-31,9,一般特選,7,逃げ,南,4,3550,13,1,1,6
2026-05-31,10,選抜戦,7,まくり,南,3,30410,78,4,4,6
2026-05-31,11,選抜戦,7,まくり,南,5,8200,28,2,2,6
2026-05-31,12,優勝戦,7,まくり,南東,4,5310,16,3,3,6
2026-06-04,1,予選,1,逃げ,北,4,5380,22,1,1,6
2026-06-04,2,予選,1,逃げ,北,5,2170,6,1,1,6
2026-06-04,3,予選,1,まくり差し,北,5,48620,100,6,6,6
2026-06-04,4,予選,1,逃げ,北,6,1830,3,1,1,6
2026-06-04,5,予選,1,抜き,北,6,2470,10,4,4,6
2026-06-04,6,予選,1,まくり差し,北東,5,3200,13,3,3,6
2026-06-04,7,予選,1,差し,北,5,14650,44,2,2,6
2026-06-04,8,予選,1,まくり,北東,4,12970,50,2,2,6
2026-06-04,9,予選特賞,1,逃げ,北東,5,1620,5,1,1,6
2026-06-04,10,予選特賞,1,逃げ,北,6,1810,7,1,1,6
2026-06-04,11,予選特選,1,まくり差し,北東,6,62290,102,5,5,6
2026-06-04,12,江戸川選抜,1,差し,北,5,13530,41,3,3,6
2026-06-05,1,予選,2,まくり差し,北東,6,14970,48,5,5,6
2026-06-05,2,予選,2,逃げ,北東,7,1230,1,1,1,6
2026-06-05,3,予選,2,差し,北東,6,2630,8,2,2,6
2026-06-05,4,予選,2,差し,北東,7,3440,15,2,2,6
2026-06-05,5,予選,2,抜き,北東,5,8040,32,2,2,6
2026-06-05,6,予選,2,まくり差し,北東,6,3270,12,3,3,6
2026-06-05,7,予選,2,逃げ,北東,6,870,1,1,1,6
2026-06-05,8,予選,2,まくり差し,北東,6,1680,4,3,3,6
2026-06-05,9,予選特賞,2,まくり差し,北東,6,1110,2,3,3,6
2026-06-05,10,予選特賞,2,まくり,北東,6,25720,55,5,5,6
2026-06-05,11,予選特選,2,逃げ,北東,6,3020,11,1,1,6
2026-06-05,12,記者選抜戦,2,逃げ,北東,5,1060,4,1,1,6
2026-06-06,1,予選,3,まくり,北東,3,6550,26,4,4,6
2026-06-06,2,予選,3,逃げ,東,2,2820,10,1,1,6
2026-06-06,3,予選,3,逃げ,北東,4,1450,2,1,1,6
2026-06-06,4,予選,3,逃げ,北東,3,1190,1,1,1,6
2026-06-06,5,予選,3,まくり,北東,3,7610,19,3,3,6
2026-06-06,6,予選,3,差し,北東,4,12190,50,4,4,6
2026-06-06,7,予選,3,逃げ,北東,4,6640,26,1,1,6
2026-06-06,8,予選,3,,東,2,,,,,6
2026-06-06,9,予選特賞,3,逃げ,北東,3,13890,35,1,1,6
2026-06-06,10,予選特賞,3,逃げ,東,2,2920,9,1,1,6
2026-06-06,11,予選特選,3,逃げ,東,1,1290,2,1,1,6
2026-06-06,12,記者選抜戦,3,逃げ,南東,2,2030,6,1,1,6
2026-06-07,1,一般,4,まくり,北東,1,25410,72,3,3,6
2026-06-07,2,一般,4,差し,北東,1,52480,115,2,2,6
2026-06-07,3,一般,4,差し,北東,1,33020,80,6,6,6
2026-06-07,4,一般,4,逃げ,北東,1,3330,9,1,1,6
2026-06-07,5,一般,4,まくり,東,1,2040,7,2,2,6
2026-06-07,6,一般,4,逃げ,東,1,2040,3,1,1,6
2026-06-07,7,一般,4,逃げ,北東,1,1440,5,1,1,6
2026-06-07,8,一般,4,逃げ,北東,1,1370,1,1,1,6
2026-06-07,9,一般特選,4,逃げ,東,1,1480,5,1,1,6
2026-06-07,10,選抜戦,4,逃げ,東,1,3250,9,1,1,6
2026-06-07,11,選抜戦,4,差し,東,1,2250,8,2,2,6
2026-06-07,12,優勝戦,4,逃げ,東,2,2210,10,1,1,6
2026-06-11,1,予選,1,まくり,南,3,5620,25,4,4,6
2026-06-11,2,予選,1,まくり差し,南,4,1810,6,3,3,6
2026-06-11,3,予選,1,抜き,南,5,3600,13,3,3,6
2026-06-11,4,予選,1,まくり,南,4,5040,25,5,5,6
2026-06-11,5,予選,1,差し,南東,5,1830,6,3,3,6
2026-06-11,6,予選,1,まくり,南,7,37980,77,4,4,6
2026-06-11,7,予選,1,逃げ,南,6,2010,3,1,1,6
2026-06-11,8,予選,1,差し,南,7,3880,13,2,2,6
2026-06-11,9,予選特賞,1,逃げ,南,7,3730,13,1,1,6
2026-06-11,10,予選特賞,1,逃げ,南,6,550,2,1,1,6
2026-06-11,11,予選特選,1,まくり,南,8,11770,36,4,4,6
2026-06-11,12,江戸川選抜,1,まくり,南,8,16890,66,3,3,6
2026-06-12,1,予選,2,逃げ,南,1,1490,8,1,1,6
2026-06-12,2,予選,2,逃げ,南,2,2040,5,1,1,6
2026-06-12,3,予選,2,まくり差し,南,3,8720,39,4,4,6
2026-06-12,4,予選,2,逃げ,南,4,890,2,1,1,6
2026-06-12,5,予選,2,逃げ,東,2,1460,2,1,1,6
2026-06-12,6,予選,2,逃げ,南東,4,640,1,1,1,6
2026-06-12,7,予選,2,まくり,西,6,970,1,4,4,6
2026-06-12,8,予選,2,まくり,北西,3,1150,3,3,3,6
2026-06-12,9,予選特賞,2,逃げ,北東,1,1030,2,1,1,6
2026-06-12,10,予選特賞,2,逃げ,東,2,1500,6,1,1,6
2026-06-12,11,予選特選,2,逃げ,北東,4,1550,6,1,1,6
2026-06-12,12,記者選抜戦,2,まくり,北東,4,30970,52,4,4,6
2026-06-13,1,予選,3,まくり,南,3,2180,5,2,2,6
2026-06-13,2,予選,3,差し,南,3,8160,38,2,2,6
2026-06-13,3,予選,3,まくり,南,3,5170,19,4,4,6
2026-06-13,4,予選,3,逃げ,南,4,2010,6,1,1,6
2026-06-13,5,予選,3,逃げ,南,3,8780,33,1,1,6
2026-06-13,6,予選,3,まくり,南,3,800,2,2,2,6
2026-06-13,7,予選,3,逃げ,南,5,26350,54,1,1,6
2026-06-13,8,予選,3,まくり差し,南,5,3440,12,3,3,6
2026-06-13,9,予選特賞,3,逃げ,南,6,1520,4,1,1,6
2026-06-13,10,予選特賞,3,逃げ,南,7,1090,4,1,1,6
2026-06-13,11,予選特選,3,逃げ,南,8,2530,7,1,1,6
2026-06-13,12,記者選抜戦,3,まくり,南,8,53650,73,4,4,6
2026-06-14,1,予選,4,差し,南,5,57430,103,6,6,6
2026-06-14,2,予選,4,差し,南,5,2240,9,2,2,6
2026-06-14,3,予選,4,逃げ,南,6,550,2,1,1,6
2026-06-14,4,予選,4,逃げ,南,5,3340,14,1,1,6
2026-06-14,5,予選,4,まくり,南,5,2190,6,2,2,6
2026-06-14,6,予選,4,逃げ,南,6,720,1,1,1,6
2026-06-14,7,予選,4,まくり,南,5,1180,2,3,3,6
2026-06-14,8,予選,4,抜き,南,6,1980,6,2,2,6
2026-06-14,9,予選特賞,4,逃げ,南,5,480,1,1,1,6
2026-06-14,10,予選特賞,4,逃げ,南,6,1120,4,1,1,6
2026-06-14,11,予選特選,4,差し,南,5,45520,72,3,3,6
2026-06-14,12,記者選抜戦,4,逃げ,南,4,5930,21,1,1,6
2026-06-15,1,一般,5,逃げ,北東,4,2360,9,1,1,6
2026-06-15,2,一般,5,まくり差し,北東,5,3120,13,4,4,6
2026-06-15,3,一般,5,まくり,北東,5,1070,3,6,6,6
2026-06-15,4,一般,5,逃げ,北東,5,4990,20,1,1,6
2026-06-15,5,一般,5,まくり,北東,6,3900,14,3,3,6
2026-06-15,6,一般,5,逃げ,北東,7,4390,15,1,1,6
2026-06-15,7,一般,5,抜き,北,7,1730,6,2,2,6
2026-06-15,8,一般,5,差し,北,7,12790,32,2,2,6
2026-06-15,9,一般特賞,5,逃げ,北東,8,850,2,1,1,6
2026-06-15,10,一般特賞,5,まくり,北東,8,21850,57,3,3,6
2026-06-15,11,準優勝戦,5,まくり差し,北東,6,4550,17,4,4,6
2026-06-15,12,準優勝戦,5,逃げ,北東,6,1480,5,1,1,6
2026-06-16,1,一般,6,まくり差し,南,2,2430,6,3,3,6
2026-06-16,2,一般,6,逃げ,南,3,3170,17,1,1,6
2026-06-16,3,一般,6,差し,南,4,6870,16,4,4,6
2026-06-16,4,一般,6,まくり,南,4,5330,26,4,4,6
2026-06-16,5,一般,6,逃げ,南,3,2520,8,1,1,6
2026-06-16,6,一般,6,抜き,南,3,2350,8,6,6,6
2026-06-16,7,一般,6,まくり,南,4,2370,9,2,2,6
2026-06-16,8,一般,6,まくり,南,4,1360,2,2,2,6
2026-06-16,9,一般特選,6,逃げ,南,2,1670,3,1,1,6
2026-06-16,10,選抜戦,6,まくり差し,南,6,28910,65,5,5,6
2026-06-16,11,選抜戦,6,逃げ,南,7,3160,12,1,1,6
2026-06-16,12,優勝戦,6,まくり,南,6,18220,50,4,4,6
2026-06-24,1,予選,1,まくり,南東,2,1860,4,4,4,6
2026-06-24,2,予選,1,まくり,南東,2,5350,20,3,3,6
2026-06-24,3,予選,1,抜き,南東,1,2270,10,3,3,6
2026-06-24,4,予選,1,抜き,南,1,3290,8,2,2,6
2026-06-24,5,予選,1,逃げ,東,1,1160,2,1,1,6
2026-06-24,6,予選,1,差し,南東,2,2860,13,2,2,6
2026-06-24,7,予選,1,逃げ,南東,3,560,1,1,1,6
2026-06-24,8,予選,1,まくり,南東,2,14150,38,2,2,6
2026-06-24,9,予選特賞,1,まくり,南東,3,5600,22,3,3,6
2026-06-24,10,予選特賞,1,差し,南東,3,15830,49,5,5,6
2026-06-24,11,予選特選,1,逃げ,南東,4,21340,70,1,1,6
2026-06-24,12,江戸川選抜,1,逃げ,南東,4,1340,2,1,1,6
2026-06-25,1,予選,2,まくり,北東,2,3900,9,4,4,6
2026-06-25,2,予選,2,差し,北東,1,3270,9,2,2,6
2026-06-25,3,予選,2,差し,北東,2,2300,7,2,2,6
2026-06-25,4,予選,2,抜き,北東,2,10590,44,1,1,6
2026-06-25,5,予選,2,逃げ,北東,2,2950,11,1,1,6
2026-06-25,6,予選,2,抜き,北東,3,1000,1,1,1,6
2026-06-25,7,予選,2,まくり,北東,2,7880,31,3,3,6
2026-06-25,8,予選,2,逃げ,北東,2,7180,34,1,1,6
2026-06-25,9,予選特賞,2,恵まれ,北東,2,1050,2,3,3,6
2026-06-25,10,予選特賞,2,まくり差し,北東,3,12280,47,5,5,6
2026-06-25,11,予選特選,2,まくり,北東,3,9890,44,5,5,6
2026-06-25,12,記者選抜戦,2,逃げ,北東,2,960,1,1,1,6
2026-06-26,1,予選,3,逃げ,北東,1,2750,8,1,1,6
2026-06-26,2,予選,3,逃げ,北東,2,7220,32,1,1,6
2026-06-26,3,予選,3,抜き,北東,2,7730,23,3,3,6
2026-06-26,4,予選,3,逃げ,北東,2,1540,3,1,1,6
2026-06-26,5,予選,3,まくり差し,北東,1,9880,43,3,3,6
2026-06-26,6,予選,3,差し,北東,2,8600,41,2,2,6
2026-06-26,7,予選,3,差し,南,7,72660,117,6,6,6
2026-06-26,8,予選,3,まくり,南,9,3700,11,3,3,6
2026-06-26,9,予選特賞,3,逃げ,南,6,1400,2,1,1,6
2026-06-26,10,予選特賞,3,逃げ,南,7,2400,5,1,1,6
2026-06-26,11,予選特選,3,差し,北東,2,11130,34,2,2,6
2026-06-26,12,記者選抜戦,3,逃げ,東,1,1780,2,1,1,6
2026-06-27,1,予選,4,逃げ,南,1,9870,48,1,1,6
2026-06-27,2,予選,4,差し,南東,1,5190,22,2,2,6
2026-06-27,3,予選,4,まくり差し,北東,2,4220,15,3,3,6
2026-06-27,4,予選,4,差し,南東,1,10630,49,2,2,6
2026-06-27,5,予選,4,差し,北東,2,1480,3,2,2,6
2026-06-27,6,予選,4,抜き,東,1,1540,2,1,1,6
2026-06-27,7,予選,4,逃げ,東,1,3540,14,1,1,6
2026-06-27,8,予選,4,差し,北東,2,9320,39,3,3,6
2026-06-27,9,予選特賞,4,逃げ,北東,2,920,1,1,1,6
2026-06-27,10,予選特賞,4,差し,北東,2,5610,20,4,4,6
2026-06-27,11,予選特選,4,差し,南東,2,9240,28,2,2,6
2026-06-27,12,記者選抜戦,4,逃げ,北東,4,1190,3,1,1,6
2026-06-28,1,一般,5,逃げ,南,3,1590,2,1,1,6
2026-06-28,2,一般,5,恵まれ,南,3,6070,34,2,2,6
2026-06-28,3,一般,5,差し,南東,3,2740,9,2,2,6
2026-06-28,4,一般,5,逃げ,南東,3,1130,1,1,1,6
2026-06-28,5,一般,5,逃げ,南東,2,1830,4,1,1,6
2026-06-28,6,一般,5,まくり,南東,2,5240,20,3,3,6
2026-06-28,7,一般,5,まくり,南東,2,2010,6,4,4,6
2026-06-28,8,一般,5,逃げ,南東,2,3370,12,1,1,6
2026-06-28,9,一般特賞,5,まくり,南東,3,8830,30,3,3,6
2026-06-28,10,一般特賞,5,まくり差し,南東,3,6880,29,3,3,6
2026-06-28,11,準優勝戦,5,まくり,南東,2,12300,43,5,5,6
2026-06-28,12,準優勝戦,5,まくり,南東,2,8550,27,3,3,6
2026-06-29,1,一般,6,差し,東,1,5070,17,2,2,6
2026-06-29,2,一般,6,差し,北西,1,16070,64,2,2,6
2026-06-29,3,一般,6,逃げ,東,1,2060,4,1,1,6
2026-06-29,4,一般,6,逃げ,東,1,1500,2,1,1,6
2026-06-29,5,一般,6,まくり,南東,1,15440,61,3,3,6
2026-06-29,6,一般,6,まくり差し,東,1,21990,68,5,5,6
2026-06-29,7,一般,6,抜き,南東,1,3180,12,2,2,6
2026-06-29,8,一般,6,まくり差し,南,3,5600,20,4,4,6
2026-06-29,9,一般特選,6,差し,南,2,5180,21,2,2,6
2026-06-29,10,選抜戦,6,抜き,南,1,8110,28,4,4,6
2026-06-29,11,選抜戦,6,逃げ,南,4,910,1,1,1,6
2026-06-29,12,優勝戦,6,まくり差し,南,4,9310,35,3,3,6
2026-07-11,1,予選,1,逃げ,南,7,1040,1,1,1,6
2026-07-11,2,予選,1,逃げ,南,7,630,1,1,1,6
2026-07-11,3,予選,1,抜き,南,6,1070,3,1,1,6
2026-07-11,4,予選,1,まくり,南,7,21230,49,4,4,6
2026-07-11,5,予選,1,逃げ,南,7,1240,1,1,1,6
2026-07-11,6,予選,1,まくり,南,8,1730,5,3,3,6
2026-07-11,7,予選,1,逃げ,南,7,540,1,1,1,6
2026-07-11,8,予選,1,差し,南,8,6860,20,2,2,6
2026-07-11,9,予選特賞,1,逃げ,南,8,15180,42,1,1,6
2026-07-11,10,予選特賞,1,抜き,南,8,2810,9,1,1,6
2026-07-11,11,予選特選,1,抜き,南,8,18280,52,2,2,6
2026-07-11,12,江戸川選抜,1,逃げ,南,10,1860,5,1,1,6
2026-07-12,1,予選,2,逃げ,南,2,6000,28,1,1,6
2026-07-12,2,予選,2,逃げ,南,3,6640,30,1,1,6
2026-07-12,3,予選,2,差し,南,3,1220,2,2,2,6
2026-07-12,4,予選,2,まくり,南,4,18590,72,4,4,6
2026-07-12,5,予選,2,逃げ,南,3,1470,3,1,1,6
2026-07-12,6,予選,2,まくり,南,4,900,2,2,2,6
2026-07-12,7,予選,2,抜き,南,3,710,1,3,3,6
2026-07-12,8,予選,2,逃げ,南,4,800,1,1,1,6
2026-07-12,9,予選特賞,2,逃げ,南,4,960,4,1,1,6
2026-07-12,10,予選特賞,2,逃げ,南,5,1260,2,1,1,6
2026-07-12,11,予選特選,2,逃げ,南,5,2010,6,1,1,6
2026-07-12,12,記者選抜戦,2,逃げ,南,5,930,3,1,1,6
2026-07-13,1,予選,3,逃げ,南,1,900,2,1,1,6
2026-07-13,2,予選,3,まくり,南,2,3810,17,3,3,6
2026-07-13,3,予選,3,差し,南,2,10090,43,4,4,6
2026-07-13,4,予選,3,逃げ,南,2,3010,11,1,1,6
2026-07-13,5,予選,3,まくり,南,1,5270,17,2,2,6
2026-07-13,6,予選,3,抜き,南,2,3100,12,2,2,6
2026-07-13,7,予選,3,差し,南,1,2180,6,2,2,6
2026-07-13,8,予選,3,抜き,南東,1,8560,35,1,1,6
2026-07-13,9,予選特賞,3,逃げ,南,1,5970,20,1,1,6
2026-07-13,10,予選特賞,3,まくり差し,南東,1,1800,5,3,3,6
2026-07-13,11,予選特選,3,まくり差し,南東,1,2270,9,5,5,6
2026-07-13,12,記者選抜戦,3,まくり差し,南東,1,74970,94,5,5,6
2026-07-14,1,予選,4,逃げ,南,5,1780,5,1,1,6
2026-07-14,2,予選,4,逃げ,南,6,1580,4,1,1,6
2026-07-14,3,予選,4,逃げ,南,6,1640,8,1,1,6
2026-07-14,4,予選,4,逃げ,南,5,1210,1,1,1,6
2026-07-14,5,予選,4,差し,南,6,2210,8,2,2,6
2026-07-14,6,予選,4,まくり差し,南,6,4830,16,4,4,6
2026-07-14,7,予選,4,差し,南,6,1850,5,2,2,6
2026-07-14,8,予選,4,逃げ,南,6,530,2,1,1,6
2026-07-14,9,予選特賞,4,逃げ,南,6,1090,6,1,1,6
2026-07-14,10,予選特賞,4,まくり,南,7,32410,46,4,4,6
2026-07-14,11,予選特選,4,逃げ,南,7,500,1,1,1,6
2026-07-14,12,記者選抜戦,4,逃げ,南,7,2050,9,1,1,6
2026-07-15,1,一般,5,差し,南,6,1840,6,2,2,6
2026-07-15,2,一般,5,逃げ,南,7,1560,6,1,1,6
2026-07-15,3,一般,5,まくり,南,7,10790,53,4,4,6
2026-07-15,4,一般,5,逃げ,南,6,850,3,1,1,6
2026-07-15,5,一般,5,差し,南,8,6920,33,2,2,6
2026-07-15,6,一般,5,差し,南,8,4220,18,2,2,6
2026-07-15,7,一般,5,逃げ,南,8,900,1,1,1,6
2026-07-15,8,一般,5,差し,南,7,7300,24,2,2,6
2026-07-15,9,一般特賞,5,まくり,南,7,1860,6,4,4,6
2026-07-15,10,一般特賞,5,逃げ,南,8,630,1,1,1,6
2026-07-15,11,準優勝戦,5,逃げ,南,8,1910,8,1,1,6
2026-07-15,12,準優勝戦,5,逃げ,南,7,730,2,1,1,6
2026-07-16,1,一般,6,逃げ,東,1,1200,3,1,1,6
2026-07-16,2,一般,6,まくり,北東,1,19240,55,4,4,6
2026-07-16,3,一般,6,まくり差し,南東,2,39410,88,5,5,6
2026-07-16,4,一般,6,まくり,東,2,1640,1,2,2,6
2026-07-16,5,一般,6,抜き,東,2,7240,30,5,5,6
2026-07-16,6,一般,6,差し,南,4,6100,27,6,6,6
2026-07-16,7,一般,6,抜き,南東,3,7740,38,3,3,6
2026-07-16,8,一般,6,まくり,南,4,6790,26,3,3,6
2026-07-16,9,一般特選,6,逃げ,南,2,3370,10,1,1,6
2026-07-16,10,選抜戦,6,まくり,南東,4,3050,11,3,3,6
2026-07-16,11,選抜戦,6,抜き,南東,5,12500,31,3,3,6
2026-07-16,12,優勝戦,6,抜き,北東,2,930,1,1,1,6
2026-07-23,1,予選,1,まくり差し,南東,3,3980,14,3,3,6
2026-07-23,2,予選,1,まくり,南東,3,1990,4,2,2,6
2026-07-23,3,予選,1,差し,南東,4,2190,9,2,2,6
2026-07-23,4,予選,1,逃げ,南東,3,1350,1,1,1,6
2026-07-23,5,予選,1,まくり差し,南,6,31910,56,6,6,6
2026-07-23,6,予選,1,差し,南東,5,2290,7,3,3,6
2026-07-23,7,予選,1,差し,南東,4,12340,38,2,2,6
2026-07-23,8,予選,1,逃げ,南東,5,4150,17,1,1,6
2026-07-23,9,予選,1,逃げ,南東,5,1100,2,1,1,6
2026-07-23,10,予選特賞,1,まくり差し,南東,5,19600,50,4,4,6
2026-07-23,11,予選特選,1,差し,南東,6,4090,14,2,2,6
2026-07-23,12,江戸川選抜,1,抜き,南東,6,1170,2,1,1,6
