touban,n1c,win1c
2538,27,2
2878,43,17
3024,86,41
3054,25,9
3070,19,10
3072,49,15
3075,33,11
3081,16,5
3105,34,15
3107,21,5
3156,30,6
3158,55,34
3159,55,29
3161,39,8
3175,28,2
3176,17,6
3202,38,9
3207,25,3
3211,33,8
3212,34,11
3224,28,11
3226,37,14
3232,41,27
3233,29,10
3246,9,3
3251,58,25
3256,55,27
3257,51,39
3265,64,27
3268,35,19
3277,36,11
3282,34,14
3284,37,21
3286,24,11
3289,20,2
3293,29,3
3294,29,6
3297,36,8
3300,56,36
3302,26,11
3303,52,19
3304,62,41
3305,33,14
3306,34,5
3313,29,10
3315,23,5
3319,44,19
3327,54,34
3333,68,46
3334,60,36
3339,32,8
3340,35,12
3346,8,1
3349,56,33
3350,34,21
3353,13,2
3355,12,1
3357,34,8
3361,31,7
3362,44,19
3370,25,8
3372,20,5
3377,30,1
3381,36,14
3385,42,21
3388,43,32
3391,6,1
3392,37,11
3401,29,15
3406,47,25
3411,25,5
3412,62,43
3414,4,1
3415,56,41
3419,11,1
3422,62,40
3430,32,14
3432,24,6
3434,38,19
3435,59,41
3436,40,23
3439,55,30
3441,32,9
3442,25,10
3444,13,6
3445,33,13
3448,23,7
3454,40,11
3455,38,18
3458,26,7
3459,21,1
3461,15,5
3463,38,9
3467,30,6
3470,29,8
3471,28,5
3473,112,57
3474,35,11
3475,44,22
3477,31,6
3478,35,22
3482,50,19
3484,61,37
3489,59,42
3497,32,19
3499,53,37
3502,43,21
3503,28,7
3505,48,28
3507,28,8
3508,37,22
3509,23,5
3514,57,37
3516,35,7
3517,32,15
3518,24,4
3519,27,6
3523,24,8
3527,41,17
3528,32,6
3532,36,22
3535,27,11
3538,16,2
3539,32,9
3541,60,35
3542,35,10
3543,27,14
3544,29,5
3546,32,8
3548,60,36
3550,46,22
3551,22,5
3554,84,55
3556,71,56
3557,76,46
3558,32,13
3562,60,33
3563,46,21
3564,32,9
3566,33,14
3567,23,9
3568,32,12
3569,34,5
3572,44,20
3574,61,40
3576,58,33
3577,29,9
3578,19,4
3579,21,6
3580,32,7
3581,36,16
3582,56,36
3583,23,3
3584,35,9
3587,31,8
3589,26,13
3590,64,41
3591,20,6
3596,23,9
3602,30,6
3604,29,14
3605,29,12
3606,44,13
3611,50,29
3612,79,47
3613,56,36
3614,32,7
3615,34,13
3616,27,12
3617,27,11
3618,68,41
3619,36,12
3620,29,10
3621,25,9
3623,77,51
3627,40,19
3629,47,31
3630,20,2
3631,11,1
3635,38,19
3637,26,6
3641,55,35
3642,20,7
3643,38,20
3645,13,4
3647,32,8
3652,23,10
3653,22,4
3654,50,34
3655,53,25
3656,31,10
3659,34,20
3660,26,5
3661,52,22
3662,45,22
3663,45,24
3664,33,15
3679,51,39
3680,33,6
3681,28,14
3684,39,20
3685,32,15
3686,52,34
3687,35,20
3690,38,12
3692,41,18
3696,31,10
3699,22,3
3701,21,6
3703,53,28
3704,18,5
3708,38,17
3710,32,10
3711,65,35
3712,32,20
3713,45,27
3714,28,14
3715,30,11
3716,55,33
3717,33,18
3718,33,20
3719,47,33
3721,57,44
3722,22,3
3726,26,4
3730,33,15
3731,36,8
3737,58,42
3740,59,33
3741,26,9
3742,28,11
3743,66,38
3744,69,54
3745,27,14
3746,63,35
3747,36,20
3748,24,6
3752,29,7
3757,37,18
3761,32,19
3769,44,22
3771,38,22
3772,35,13
3773,31,11
3775,31,6
3776,23,0
3777,54,31
3778,18,2
3779,58,41
3783,58,28
3784,32,12
3787,21,6
3788,24,13
3790,32,9
3792,38,18
3793,28,10
3796,29,12
3797,31,5
3800,35,15
3801,24,10
3804,36,16
3805,36,12
3807,37,12
3808,26,7
3809,16,5
3811,62,39
3812,35,10
3813,60,43
3814,32,10
3820,12,1
3822,56,37
3825,26,10
3826,50,28
3827,30,6
3828,31,12
3831,33,13
3832,13,1
3833,74,54
3834,26,9
3837,49,38
3838,32,12
3839,30,3
3841,58,35
3842,33,16
3843,34,14
3845,31,18
3848,37,15
3849,53,42
3850,37,21
3851,10,1
3852,32,18
3853,52,38
3854,58,35
3857,27,10
3859,32,9
3860,30,5
3863,32,10
3866,27,8
3867,26,4
3868,30,11
3869,23,10
3870,30,10
3871,19,7
3872,63,35
3873,26,13
3874,52,36
3875,31,18
3876,54,40
3878,24,6
3880,33,9
3882,32,15
3885,44,24
3888,51,30
3889,28,9
3891,29,9
3892,32,19
3893,30,14
3895,13,2
3896,30,15
3897,50,36
3898,70,55
3900,50,30
3901,19,14
3904,28,11
3905,58,35
3906,28,9
3907,49,33
3908,71,47
3909,62,49
3910,29,10
3911,46,21
3912,49,38
3915,56,36
3918,59,35
3920,34,12
3921,11,4
3922,32,10
3928,27,13
3929,35,11
3930,43,23
3931,38,23
3932,24,14
3933,37,13
3934,41,16
3935,27,12
3939,12,6
3940,72,43
3941,66,54
3942,67,40
3943,5,0
3944,48,31
3945,22,5
3946,75,53
3947,39,13
3948,23,5
3949,27,1
3950,26,2
3951,41,17
3952,64,37
3953,17,8
3955,20,8
3956,41,25
3957,39,14
3959,61,42
3960,61,41
3961,45,34
3963,47,24
3964,27,7
3965,53,30
3966,69,46
3967,27,12
3968,43,26
3973,35,8
3974,28,7
3975,41,27
3976,28,10
3977,34,10
3978,48,31
3981,31,18
3982,31,10
3983,49,31
3984,66,47
3986,21,11
3987,46,30
3988,57,37
3989,23,9
3990,27,11
3992,30,16
3993,35,14
3994,32,11
3995,45,35
3997,75,51
3998,32,13
3999,65,40
4000,65,36
4002,64,43
4003,33,12
4004,35,17
4005,1,0
4006,31,11
4007,25,12
4009,47,28
4010,24,11
4011,38,24
4012,44,29
4013,65,52
4014,52,33
4015,54,31
4016,32,13
4017,40,25
4019,60,41
4020,24,9
4022,26,10
4023,25,7
4024,51,31
4025,46,33
4027,40,22
4028,55,39
4030,53,31
4031,31,10
4033,54,41
4034,28,8
4035,32,9
4036,59,39
4039,42,19
4040,55,37
4041,25,6
4042,59,37
4043,55,28
4044,55,38
4045,32,11
4047,29,16
4049,63,45
4050,63,51
4051,47,33
4052,49,35
4053,48,29
4054,36,17
4055,58,38
4056,4,2
4057,51,31
4058,64,38
4059,30,12
4060,31,14
4061,70,51
4062,31,11
4063,70,50
4064,70,55
4065,32,14
4066,48,31
4067,54,30
4068,35,14
4069,58,34
4071,20,9
4072,57,44
4073,60,42
4074,61,39
4075,54,34
4076,51,25
4077,43,24
4079,59,37
4080,13,12
4081,36,13
4082,33,17
4083,61,48
4084,68,46
4085,18,8
4086,47,28
4089,56,40
4090,36,22
4092,30,20
4093,32,11
4094,30,14
4095,67,48
4096,57,45
4097,19,1
4098,28,10
4099,53,35
4100,35,20
4102,55,45
4103,28,5
4104,29,12
4105,44,14
4106,19,3
4108,45,35
4109,56,39
4110,27,9
4111,39,21
4112,33,20
4113,39,15
4114,25,11
4116,33,12
4117,49,20
4118,61,38
4119,42,20
4120,57,41
4121,49,30
4122,59,30
4123,64,40
4124,51,33
4128,32,13
4129,32,4
4131,35,24
4133,52,28
4134,49,28
4136,50,36
4137,65,48
4138,32,11
4139,30,13
4140,43,33
4142,48,21
4143,22,8
4144,42,30
4145,28,2
4146,43,24
4148,53,31
4150,43,26
4151,41,22
4152,37,18
4154,41,17
4155,55,32
4156,53,26
4158,33,23
4159,61,38
4161,45,22
4162,15,3
4163,61,41
4164,26,5
4166,72,57
4167,29,10
4168,61,44
4169,30,8
4171,68,47
4172,61,33
4173,36,21
4174,74,48
4175,42,32
4176,18,2
4177,28,16
4179,48,27
4180,45,25
4181,25,6
4182,43,16
4183,36,28
4184,52,38
4186,28,8
4188,57,45
4189,65,41
4190,33,24
4191,49,33
4193,57,37
4195,36,13
4196,30,13
4197,33,10
4199,73,56
4200,33,12
4201,29,9
4202,32,15
4203,29,9
4204,31,12
4205,53,42
4207,49,29
4208,70,54
4209,50,26
4210,53,25
4211,36,11
4213,16,2
4214,43,28
4215,58,30
4216,46,26
4218,57,43
4219,20,4
4220,32,25
4224,36,18
4225,42,26
4226,33,16
4227,49,31
4228,53,29
4229,28,8
4230,36,27
4231,47,17
4232,31,13
4233,53,31
4234,24,13
4236,81,63
4237,67,47
4238,59,50
4239,65,46
4240,48,27
4241,46,27
4243,44,22
4244,18,7
4245,31,11
4246,34,8
4247,35,13
4248,26,10
4251,29,11
4252,32,9
4253,32,14
4254,39,23
4256,51,33
4257,27,12
4258,33,13
4259,57,36
4260,47,29
4261,64,44
4262,74,58
4263,38,26
4264,68,47
4266,63,51
4268,11,2
4269,64,40
4270,33,19
4271,27,6
4272,27,9
4273,34,17
4274,26,9
4275,22,2
4276,47,28
4277,29,18
4278,72,59
4281,31,17
4283,28,3
4286,62,26
4287,58,38
4288,78,56
4289,50,31
4290,60,39
4292,57,35
4293,49,18
4294,55,37
4295,73,57
4296,43,30
4297,55,39
4298,57,28
4299,22,6
4300,40,19
4301,28,12
4302,69,54
4303,34,16
4305,60,47
4306,34,8
4308,67,51
4311,72,52
4313,35,22
4314,51,35
4315,29,11
4317,31,17
4318,44,23
4319,50,27
4320,58,49
4323,31,19
4324,87,66
4325,31,8
4327,31,9
4329,31,11
4330,55,37
4331,48,34
4332,23,5
4335,65,46
4336,36,23
4337,63,44
4339,34,11
4340,5,2
4342,42,32
4343,30,8
4344,52,37
4345,47,23
4346,34,17
4347,50,32
4348,50,25
4349,21,8
4350,74,64
4351,80,53
4352,56,41
4355,15,4
4356,47,34
4357,68,41
4358,30,8
4359,40,17
4360,43,23
4361,62,49
4362,57,31
4363,55,32
4364,60,40
4365,50,25
4366,67,45
4367,24,7
4368,24,8
4369,56,29
4370,70,47
4371,49,36
4372,41,31
4373,68,42
4374,28,11
4375,59,36
4376,57,37
4377,59,42
4379,57,31
4380,34,21
4381,57,32
4382,29,8
4383,49,21
4384,67,40
4385,15,1
4387,72,47
4388,56,34
4389,39,17
4390,29,7
4391,64,47
4393,24,12
4394,46,24
4395,41,19
4396,41,17
4397,67,53
4398,65,54
4400,30,4
4401,46,30
4402,51,35
4403,43,31
4404,24,6
4405,28,5
4406,28,17
4407,39,15
4408,21,12
4409,57,45
4410,35,14
4411,51,33
4413,60,34
4414,24,8
4415,53,37
4416,36,11
4417,28,11
4418,71,57
4419,31,12
4420,55,27
4421,22,6
4422,30,19
4423,34,20
4424,62,47
4425,26,11
4427,56,42
4428,49,35
4429,28,8
4430,58,28
4431,25,15
4432,44,19
4433,71,59
4434,57,39
4435,35,22
4436,50,33
4437,59,45
4438,46,21
4439,26,9
4440,26,8
4441,59,37
4442,34,24
4443,44,19
4444,48,33
4445,53,42
4446,64,57
4447,44,18
4448,53,42
4449,25,8
4450,47,28
4451,63,39
4452,55,25
4456,52,39
4457,24,10
4458,33,12
4459,52,32
4460,53,25
4461,36,11
4462,28,17
4463,51,23
4464,37,20
4465,23,11
4466,43,25
4467,58,36
4468,48,40
4469,49,31
4470,52,34
4471,73,63
4472,57,42
4473,30,14
4474,34,20
4475,61,37
4477,57,45
4478,54,34
4479,17,6
4482,58,42
4483,60,45
4484,31,11
4485,41,17
4486,35,16
4487,28,12
4488,57,40
4489,39,18
4491,31,9
4492,10,8
4494,44,29
4495,25,18
4496,79,47
4497,61,48
4498,17,8
4499,24,10
4500,61,51
4501,47,28
4502,72,51
4503,76,64
4504,60,39
4505,51,39
4506,55,34
4508,30,15
4509,50,26
4510,15,2
4511,31,13
4512,74,64
4513,54,37
4514,70,52
4515,59,39
4516,51,31
4518,53,39
4519,18,10
4520,42,20
4521,42,20
4522,56,44
4523,45,24
4524,55,43
4525,27,13
4526,39,25
4527,26,11
4528,44,33
4529,47,34
4530,63,48
4531,59,41
4532,58,42
4533,23,11
4534,22,6
4535,48,34
4536,55,32
4537,60,49
4538,36,16
4539,51,42
4540,44,21
4543,61,46
4544,79,62
4545,66,57
4546,41,29
4547,56,28
4548,16,3
4549,42,20
4550,38,15
4551,51,25
4552,33,18
4553,41,30
4555,44,24
4556,55,41
4557,30,9
4558,22,9
4560,38,21
4561,40,23
4562,33,7
4563,23,15
4564,36,10
4565,32,12
4566,49,37
4567,25,8
4568,38,26
4569,24,9
4570,54,31
4571,40,22
4572,49,27
4573,44,30
4574,40,22
4575,39,29
4578,49,33
4579,56,40
4580,40,25
4581,62,40
4583,47,26
4584,60,38
4586,52,36
4587,53,36
4588,54,33
4589,30,17
4590,58,35
4592,28,7
4593,48,27
4594,43,30
4596,55,33
4598,47,26
4600,49,33
4601,65,44
4603,38,29
4604,59,51
4607,58,31
4608,54,30
4610,52,34
4611,51,38
4614,65,48
4615,24,8
4618,25,10
4619,24,11
4623,40,20
4624,50,36
4625,28,19
4626,26,10
4627,45,27
4630,44,22
4631,29,14
4632,23,8
4633,46,25
4635,34,22
4636,26,7
4637,34,21
4638,33,15
4639,30,15
4640,59,34
4641,20,11
4642,60,47
4643,51,41
4644,48,32
4645,61,46
4648,25,10
4649,50,27
4650,21,8
4651,22,8
4652,34,13
4653,48,40
4654,55,36
4656,33,15
4659,69,50
4660,21,6
4661,37,14
4663,15,9
4664,19,4
4665,26,5
4666,18,9
4669,23,8
4672,30,3
4674,52,31
4675,33,16
4676,42,20
4677,46,25
4678,31,18
4679,60,40
4680,47,17
4681,19,6
4682,55,45
4684,45,29
4685,68,55
4686,49,39
4688,56,41
4689,41,16
4690,7,4
4691,19,9
4692,33,10
4693,31,6
4694,28,7
4695,36,20
4697,32,11
4700,44,27
4702,49,35
4703,56,34
4704,59,39
4705,25,13
4706,52,27
4708,26,10
4709,47,20
4710,57,37
4711,43,21
4713,65,50
4714,29,12
4715,46,27
4718,46,25
4719,66,58
4720,25,6
4723,27,8
4724,18,4
4725,32,14
4726,8,2
4727,26,11
4728,30,14
4729,24,7
4730,33,13
4731,25,13
4732,65,48
4733,25,14
4734,64,44
4735,29,15
4736,65,47
4737,70,49
4738,59,42
4739,59,38
4740,28,11
4743,68,45
4744,23,7
4746,32,22
4747,23,7
4748,57,37
4750,28,11
4752,24,7
4753,18,9
4754,49,36
4757,64,46
4758,12,9
4759,59,47
4760,76,64
4761,56,38
4762,69,55
4764,34,21
4765,29,12
4766,17,5
4769,58,36
4771,73,58
4772,55,41
4773,59,37
4775,38,24
4776,73,58
4778,33,15
4779,30,14
4781,8,3
4782,23,10
4784,21,7
4785,25,3
4786,68,46
4787,62,49
4788,56,31
4789,40,21
4790,57,42
4791,39,13
4792,22,7
4793,50,34
4794,48,41
4796,59,45
4797,35,26
4798,62,44
4803,26,6
4804,57,38
4808,48,36
4809,40,24
4811,33,14
4812,61,51
4813,29,6
4815,25,10
4816,45,30
4817,48,36
4818,4,1
4819,40,22
4821,28,12
4822,53,35
4823,46,31
4824,56,38
4825,57,41
4826,73,60
4828,51,28
4831,44,32
4832,62,44
4834,59,42
4835,35,16
4836,27,13
4837,27,12
4839,48,25
4840,32,9
4842,44,28
4843,21,12
4844,35,13
4845,41,25
4846,28,12
4847,50,36
4848,58,43
4850,56,45
4851,50,37
4852,75,58
4853,28,10
4854,16,3
4856,68,49
4857,49,36
4861,35,21
4863,23,9
4864,28,12
4865,15,9
4866,19,7
4871,28,12
4872,33,16
4873,51,22
4874,33,9
4875,35,10
4876,33,23
4877,56,40
4878,26,6
4879,30,10
4880,26,6
4882,14,6
4883,35,23
4884,21,14
4885,45,34
4886,40,28
4887,32,19
4888,37,17
4889,25,13
4890,40,22
4891,29,13
4892,31,15
4893,33,14
4894,33,16
4895,34,13
4896,28,14
4897,30,8
4898,24,6
4899,28,12
4900,41,28
4901,32,18
4902,35,14
4903,56,44
4904,46,18
4905,24,10
4906,39,19
4907,59,41
4908,54,49
4909,33,15
4910,60,49
4911,34,16
4914,43,38
4917,30,10
4918,28,17
4919,17,5
4924,30,7
4925,46,26
4926,44,35
4927,56,28
4928,49,31
4930,40,23
4931,70,55
4932,63,49
4933,46,35
4934,52,27
4936,41,27
4938,64,45
4939,64,53
4940,12,5
4941,30,8
4942,42,19
4943,24,11
4944,21,3
4945,23,2
4947,28,11
4948,32,15
4949,63,40
4950,50,38
4951,39,18
4952,24,11
4953,56,44
4954,6,2
4956,12,5
4957,34,19
4958,60,36
4959,60,46
4960,64,55
4961,59,40
4962,53,35
4963,47,35
4964,37,23
4965,23,6
4966,44,25
4967,54,37
4969,26,17
4973,39,20
4974,44,20
4976,33,11
4977,44,27
4978,35,19
4979,39,23
4980,58,49
4981,29,13
4982,26,14
4983,69,49
4984,27,10
4985,70,52
4987,29,13
4988,26,16
4989,40,27
4990,12,2
4991,49,33
4992,29,17
4994,55,29
4995,27,10
4997,13,2
4998,14,7
5000,27,15
5002,54,33
5003,30,13
5004,39,23
5005,41,20
5006,20,2
5007,32,15
5008,25,9
5009,39,19
5010,60,37
5011,25,10
5012,40,14
5013,38,25
5014,24,7
5015,61,54
5016,59,46
5017,54,44
5018,82,64
5019,23,7
5020,24,12
5022,22,6
5023,35,22
5026,58,45
5027,28,11
5028,64,49
5029,59,44
5031,27,14
5032,35,17
5033,25,9
5034,74,53
5035,35,15
5036,38,15
5037,28,13
5038,48,33
5039,30,14
5041,26,12
5042,49,33
5043,58,40
5044,30,16
5045,52,25
5046,25,8
5047,32,15
5048,23,10
5049,34,23
5050,42,26
5051,56,44
5052,17,5
5053,28,15
5054,42,35
5055,46,29
5056,6,3
5057,33,24
5058,55,49
5060,46,29
5061,21,5
5063,24,12
5064,50,32
5065,28,17
5066,48,30
5067,26,13
5068,64,52
5069,30,11
5070,21,8
5071,28,9
5072,8,1
5073,42,23
5074,28,14
5075,50,21
5076,28,12
5077,14,1
5078,28,16
5079,29,13
5081,48,25
5082,30,16
5083,27,11
5084,49,37
5085,40,14
5086,26,15
5087,50,33
5088,82,55
5089,65,49
5090,26,14
5091,27,19
5092,46,31
5093,35,20
5095,41,26
5096,45,28
5098,30,10
5100,23,7
5101,18,2
5102,29,18
5103,21,6
5104,38,27
5105,28,11
5106,39,19
5107,19,8
5108,13,3
5109,33,10
5110,34,14
5111,35,22
5112,59,44
5113,11,3
5114,56,34
5115,30,17
5117,18,6
5118,28,14
5120,32,17
5121,56,43
5122,19,7
5123,31,15
5124,20,6
5125,48,33
5126,50,36
5127,27,9
5128,18,3
5129,44,22
5130,32,9
5131,22,3
5132,70,42
5133,27,11
5134,55,34
5135,39,23
5136,64,47
5137,33,20
5138,19,6
5139,48,31
5140,25,6
5141,53,33
5142,63,48
5143,25,6
5144,32,14
5145,66,48
5146,30,18
5147,21,5
5148,16,9
5150,46,26
5151,23,6
5152,23,2
5153,31,3
5154,31,12
5155,39,19
5156,24,8
5157,36,18
5158,65,46
5160,51,33
5161,44,32
5162,9,2
5163,49,35
5164,15,2
5165,33,12
5166,51,33
5167,32,10
5169,16,2
5170,33,22
5171,2,0
5172,36,18
5173,33,23
5174,16,8
5175,20,9
5176,8,3
5177,26,6
5178,32,12
5179,21,11
5180,14,3
5181,27,13
5182,32,11
5183,30,10
5184,9,3
5185,30,14
5186,24,12
5187,17,3
5188,46,30
5189,48,20
5190,18,8
5191,59,49
5192,23,11
5193,60,46
5194,30,14
5195,32,23
5196,48,32
5197,17,9
5198,23,9
5199,28,13
5200,10,0
5201,19,8
5203,29,12
5204,16,5
5205,43,27
5206,19,5
5207,23,15
5208,27,9
5209,13,2
5210,34,22
5211,20,3
5212,40,27
5213,40,24
5214,33,15
5216,65,38
5217,43,28
5218,49,34
5219,25,16
5220,66,47
5221,67,45
5222,57,38
5223,35,15
5224,64,46
5226,35,27
5227,5,3
5228,39,27
5229,45,25
5230,28,15
5231,30,18
5232,29,15
5234,68,45
5235,15,3
5236,26,7
5237,17,6
5238,43,22
5239,34,11
5240,29,13
5241,24,7
5242,21,4
5243,43,21
5244,22,8
5245,24,8
5246,35,17
5247,28,6
5248,24,6
5249,34,12
5250,27,11
5251,13,0
5252,47,25
5253,14,3
5254,15,6
5255,53,37
5256,59,49
5257,68,45
5258,27,14
5259,18,4
5261,26,10
5262,26,3
5263,26,7
5264,29,5
5265,28,11
5266,30,13
5267,59,42
5268,18,3
5269,47,35
5270,24,6
5271,22,8
5272,32,18
5273,31,11
5274,23,17
5275,49,32
5276,35,14
5277,32,15
5278,64,53
5279,36,19
5280,53,43
5281,45,32
5282,36,20
5283,10,2
5284,13,7
5285,28,8
5286,28,11
5287,22,2
5288,26,6
5289,38,22
5290,26,5
5291,23,5
5292,25,5
5293,14,2
5294,28,10
5295,16,6
5296,17,5
5297,25,7
5298,54,45
5299,40,27
5300,17,1
5301,35,21
5302,22,9
5303,41,23
5304,11,1
5305,13,2
5306,22,2
5307,28,14
5308,22,3
5309,15,5
5310,21,7
5311,34,21
5312,22,7
5313,20,4
5314,22,5
5315,20,3
5316,25,14
5317,31,11
5318,22,5
5319,20,9
5320,23,4
5321,22,8
5322,26,6
5323,22,10
5324,21,4
5325,31,16
5326,36,14
5327,17,0
5328,20,6
5329,22,10
5330,46,35
5331,26,13
5332,28,9
5333,14,7
5334,22,3
5335,17,4
5336,18,4
5338,15,8
5339,22,6
5340,12,1
5341,8,3
5342,7,2
5343,9,2
5344,19,11
5345,16,4
5346,11,1
5347,2,0
5348,4,1
5349,8,0
5350,28,7
5351,24,13
5352,27,13
5353,8,2
5354,13,6
5355,12,1
5356,24,12
5357,16,0
5358,11,1
5359,24,10
5360,12,5
5361,10,0
5362,11,3
5364,2,0
5365,6,2
5366,7,1
5368,22,16
5369,20,4
5373,3,0
5376,28,17
5377,8,5
5378,5,1
5379,15,3
5381,10,5
5383,2,1
5384,2,0
5385,3,1
5386,24,6
5394,3,2
5395,4,1
5398,12,5
5400,7,2
5407,5,1
