regno,選手名,n34,まくり系1着,率,絞りまくり,暫定
4598,加藤政彦,26,8,0.308,●,
4095,福来剛,21,5,0.238,●,
4438,森作雄大,29,6,0.207,●,
5096,上原崚,16,3,0.188,●,暫定
5007,近藤雄一郎,18,3,0.167,●,暫定
3277,齋藤勇,19,3,0.158,●,暫定
4769,馬場剛,19,3,0.158,●,暫定
5279,石渡翔一郎,26,4,0.154,●,
4610,佐藤大佑,22,3,0.136,,
3868,尾形栄治,16,2,0.125,,暫定
4159,向後龍一,16,2,0.125,,暫定
4379,桑島和宏,16,2,0.125,,暫定
4644,山田亮太,16,2,0.125,,暫定
4086,寺本重宣,17,2,0.118,,暫定
4245,高橋直哉,17,2,0.118,,暫定
5070,中島航,17,2,0.118,,暫定
4430,永田秀二,18,2,0.111,,暫定
3888,山本英志,19,2,0.105,,暫定
4976,金山立樹,19,2,0.105,,暫定
4257,古川健,15,1,0.067,,暫定
4401,小林泰,15,1,0.067,,暫定
5255,藤原仙二,15,1,0.067,,暫定
3303,渡辺豊,17,1,0.059,,暫定
4345,西舘健,17,1,0.059,,暫定
4440,萩原知哉,17,1,0.059,,暫定
4875,大塚康雅,17,1,0.059,,暫定
3202,三品隆浩,19,1,0.053,,暫定
5371,早川颯太,19,1,0.053,,暫定
4575,戸塚邦好,20,1,0.05,,
3911,鈴木猛,21,1,0.048,,
4748,渡邉雄朗,25,1,0.04,,
3313,本吉正樹,16,0,0.0,,暫定
4407,鹿島敏弘,15,0,0.0,,暫定
5095,小原聡将,20,0,0.0,,
