regno,選手名,n2,nige,exp,壁力,負けn,自分勝ち率,まくり決着率,壁,弱タイプ
3952,中澤和志,50,0.34,0.5936,-25.4,33,0.455,0.576,壁弱●,食う型
4561,藤山翔大,54,0.3333,0.5872,-25.4,36,0.333,0.556,壁弱●,素通し型
4832,権藤俊光,49,0.3673,0.5958,-22.8,31,0.516,0.516,壁弱●,食う型
4470,平田健之佑,46,0.3261,0.5504,-22.4,31,0.387,0.581,壁弱●,素通し型
5170,佐藤太亮,45,0.3333,0.5548,-22.2,30,0.133,0.833,壁弱●,素通し型
3024,西島義則,102,0.3333,0.5538,-22.0,68,0.397,0.691,壁弱●,素通し型
5066,鈴木孝明,43,0.3721,0.5921,-22.0,27,0.444,0.556,壁弱●,食う型
4500,山田康二,52,0.4231,0.6367,-21.4,30,0.533,0.5,壁弱●,食う型
4166,吉田拡郎,45,0.4444,0.6524,-20.8,25,0.48,0.6,壁弱●,食う型
4391,松田祐季,46,0.413,0.6127,-20.0,27,0.444,0.519,壁弱●,食う型
5150,坂本雄紀,43,0.3721,0.5709,-19.9,27,0.481,0.519,壁弱●,食う型
4142,平野和明,41,0.3415,0.5347,-19.3,27,0.259,0.593,壁弱●,素通し型
5196,鰐部太空海,50,0.4,0.5922,-19.2,30,0.667,0.3,壁弱●,食う型
4874,池田奈津美,108,0.3333,0.5246,-19.1,72,0.139,0.736,壁弱●,素通し型
5267,石本裕武,57,0.4035,0.593,-19.0,34,0.647,0.324,壁弱●,食う型
3257,田頭実,151,0.3576,0.5462,-18.9,97,0.423,0.711,壁弱●,食う型
4836,大谷健太,42,0.3571,0.5406,-18.3,27,0.333,0.556,壁弱●,素通し型
5088,高憧四季,46,0.3913,0.5745,-18.3,28,0.679,0.643,壁弱●,食う型
4095,福来剛,43,0.4186,0.6008,-18.2,25,0.48,0.48,壁弱●,食う型
4932,新開航,47,0.4468,0.6292,-18.2,26,0.5,0.577,壁弱●,食う型
4502,遠藤エミ,41,0.439,0.6163,-17.7,23,0.522,0.565,壁弱●,食う型
4686,丸野一樹,52,0.4808,0.6579,-17.7,27,0.37,0.667,壁弱●,素通し型
5136,濱野斗馬,53,0.4151,0.592,-17.7,31,0.323,0.548,壁弱●,素通し型
4388,是澤孝宏,56,0.4107,0.5847,-17.4,33,0.303,0.545,壁弱●,素通し型
5255,藤原仙二,47,0.4255,0.5999,-17.4,27,0.481,0.593,壁弱●,食う型
4083,福島勇樹,52,0.4231,0.5965,-17.3,30,0.567,0.5,壁弱●,食う型
5050,木下雄介,45,0.4,0.5729,-17.3,27,0.37,0.593,壁弱●,素通し型
4102,益田啓司,49,0.4286,0.5997,-17.1,28,0.571,0.464,壁弱●,食う型
4851,関浩哉,51,0.4706,0.6408,-17.0,27,0.519,0.519,壁弱●,食う型
4370,山口達也,48,0.4375,0.6053,-16.8,27,0.481,0.556,壁弱●,食う型
3849,中岡正彦,57,0.4035,0.5708,-16.7,34,0.529,0.765,壁弱●,食う型
4544,松田大志郎,50,0.46,0.6262,-16.6,27,0.556,0.444,壁弱●,食う型
4415,下出卓矢,46,0.413,0.5768,-16.4,27,0.259,0.63,壁弱●,素通し型
5085,中村栄治,40,0.425,0.5894,-16.4,23,0.174,0.739,壁弱●,素通し型
3159,江口晃生,111,0.4054,0.5678,-16.2,66,0.273,0.682,壁弱●,素通し型
4093,吉田宗弘,40,0.4,0.5605,-16.0,24,0.083,0.583,壁弱●,素通し型
4369,丹下将,46,0.3913,0.5489,-15.8,28,0.214,0.571,壁弱●,素通し型
3473,石川真二,194,0.4175,0.5696,-15.2,113,0.336,0.602,壁弱●,素通し型
4983,前田篤哉,54,0.4259,0.5784,-15.2,31,0.516,0.387,壁弱●,食う型
3869,井芹大志,43,0.3953,0.5462,-15.1,26,0.038,0.692,壁弱●,素通し型
3933,山地正樹,118,0.3983,0.5495,-15.1,71,0.282,0.62,壁弱●,素通し型
4437,中田元泰,49,0.449,0.5973,-14.8,27,0.185,0.667,壁弱●,素通し型
3415,松井繁,62,0.5323,0.6791,-14.7,29,0.448,0.517,壁弱●,食う型
4375,照屋厚仁,40,0.4,0.5469,-14.7,24,0.417,0.542,壁弱●,食う型
4148,枝尾賢,50,0.44,0.5856,-14.6,28,0.357,0.607,壁弱●,素通し型
4545,岡村慶太,46,0.4348,0.5813,-14.6,26,0.462,0.577,壁弱●,食う型
4441,末永由楽,48,0.4375,0.5816,-14.4,27,0.444,0.519,壁弱●,食う型
4824,松井洪弥,50,0.42,0.5637,-14.4,29,0.483,0.586,壁弱●,食う型
4077,品田直樹,57,0.386,0.5279,-14.2,35,0.429,0.6,壁弱●,食う型
4680,後藤美翼,46,0.3696,0.5111,-14.1,29,0.138,0.724,壁弱●,素通し型
4642,松尾夏海,50,0.42,0.5597,-14.0,29,0.414,0.586,壁弱●,食う型
4848,仲谷颯仁,51,0.5294,0.6694,-14.0,24,0.417,0.542,壁弱●,食う型
4286,平田さやか,56,0.375,0.5133,-13.8,35,0.171,0.657,壁弱●,素通し型
4786,佐藤博亮,56,0.4286,0.5645,-13.6,32,0.625,0.406,壁弱●,食う型
4514,上條嘉嗣,66,0.4394,0.5741,-13.5,37,0.486,0.514,壁弱●,食う型
4469,土山卓也,41,0.439,0.5726,-13.4,23,0.348,0.739,壁弱●,素通し型
5139,大場恒季,50,0.42,0.5521,-13.2,29,0.448,0.483,壁弱●,食う型
3532,柴田光,59,0.4237,0.5544,-13.1,34,0.382,0.618,壁弱●,素通し型
3643,米田隆弘,43,0.3953,0.5265,-13.1,26,0.077,0.692,壁弱●,素通し型
4804,高田ひかる,47,0.4468,0.578,-13.1,26,0.269,0.731,壁弱●,素通し型
4963,實森美祐,47,0.4681,0.5993,-13.1,25,0.48,0.6,壁弱●,食う型
3582,吉川昭男,103,0.4272,0.5568,-13.0,59,0.39,0.559,壁弱●,素通し型
4688,永井彪也,47,0.4681,0.5978,-13.0,25,0.36,0.56,壁弱●,素通し型
5051,松本純平,50,0.46,0.5904,-13.0,27,0.333,0.63,壁弱●,素通し型
3872,岡田憲行,48,0.4375,0.5654,-12.8,27,0.111,0.741,壁弱●,素通し型
4444,桐生順平,40,0.55,0.6784,-12.8,18,0.222,0.722,壁弱●,素通し型
3959,坪井康晴,44,0.5,0.6267,-12.7,22,0.5,0.545,壁弱●,食う型
4324,海野康志郎,86,0.4884,0.6129,-12.4,44,0.455,0.5,壁弱●,食う型
4939,宮之原輝紀,49,0.4898,0.6133,-12.3,25,0.4,0.56,壁弱●,食う型
5182,宮崎安奈,44,0.4318,0.5544,-12.3,25,0.28,0.72,壁弱●,素通し型
4028,田村隆信,53,0.4906,0.6121,-12.2,27,0.296,0.667,壁弱●,素通し型
4888,金児隆太,42,0.4286,0.551,-12.2,24,0.208,0.75,壁弱●,素通し型
4041,小林基樹,40,0.425,0.5462,-12.1,23,0.13,0.739,壁弱●,素通し型
3920,正木聖賢,73,0.4247,0.544,-11.9,42,0.095,0.857,壁弱●,素通し型
4702,三浦敬太,40,0.425,0.5436,-11.9,23,0.348,0.478,壁弱●,素通し型
5029,中亮太,49,0.4694,0.5881,-11.9,26,0.538,0.538,壁弱●,食う型
3072,西田靖,154,0.4026,0.5207,-11.8,92,0.076,0.804,壁弱●,素通し型
3814,金子貴志,48,0.4583,0.5763,-11.8,26,0.154,0.769,壁弱●,素通し型
4243,西村歩,45,0.4444,0.5617,-11.7,25,0.36,0.48,壁弱●,素通し型
4459,片岡雅裕,43,0.5116,0.6285,-11.7,21,0.381,0.619,壁弱●,素通し型
4530,小野生奈,41,0.4634,0.5774,-11.4,22,0.5,0.636,壁弱●,食う型
4811,向井田佑紀,51,0.451,0.565,-11.4,28,0.25,0.714,壁弱●,素通し型
3623,深川真二,157,0.4713,0.5841,-11.3,83,0.398,0.554,壁弱●,素通し型
4066,東本勝利,45,0.4444,0.5572,-11.3,25,0.2,0.76,壁弱●,素通し型
4180,上野秀和,40,0.425,0.538,-11.3,23,0.348,0.565,壁弱●,素通し型
4344,新田雄史,47,0.5745,0.6871,-11.3,20,0.5,0.4,壁弱●,食う型
4590,渡邉優美,46,0.5,0.6125,-11.3,23,0.652,0.478,壁弱●,食う型
4730,土屋実沙希,43,0.4419,0.5549,-11.3,24,0.292,0.667,壁弱●,素通し型
3268,森竜也,56,0.4107,0.5232,-11.2,33,0.182,0.485,壁弱●,素通し型
3983,須藤博倫,56,0.4643,0.5765,-11.2,30,0.467,0.467,壁弱●,食う型
4823,中村桃佳,41,0.4634,0.5748,-11.1,22,0.591,0.455,,
5087,佐藤航,45,0.4667,0.5775,-11.1,24,0.458,0.458,,
4205,山口剛,44,0.5682,0.678,-11.0,19,0.421,0.632,,
4390,松本弓雄,45,0.4444,0.5543,-11.0,25,0.04,0.8,,
3251,平石和男,54,0.463,0.5715,-10.9,29,0.448,0.414,,
4251,川崎誠志,58,0.431,0.5402,-10.9,33,0.273,0.727,,
4958,溝口海義也,56,0.4643,0.5729,-10.9,30,0.433,0.5,,
5129,山口真喜子,42,0.4524,0.5618,-10.9,23,0.261,0.739,,
5132,中野希一,56,0.4643,0.5736,-10.9,30,0.533,0.5,,
4269,杉山裕也,52,0.5,0.608,-10.8,26,0.346,0.462,,
4861,田中宏樹,47,0.4468,0.5545,-10.8,26,0.231,0.538,,
4886,入海馨,51,0.5294,0.6376,-10.8,24,0.375,0.583,,
3918,深井利寿,51,0.4706,0.5777,-10.7,27,0.296,0.593,,
4450,平高奈菜,40,0.475,0.5816,-10.7,21,0.476,0.571,,
5166,仲道大輔,40,0.425,0.5323,-10.7,23,0.478,0.391,,
4899,占部一真,43,0.4419,0.5475,-10.6,24,0.208,0.708,,
3893,汐崎正則,41,0.439,0.5431,-10.4,23,0.304,0.609,,
4036,金田諭,44,0.4545,0.5583,-10.4,24,0.292,0.583,,
5028,原田才一郎,52,0.4808,0.5852,-10.4,27,0.481,0.444,,
4483,北野輝季,49,0.5102,0.6137,-10.3,24,0.458,0.542,,
5298,水谷理人,48,0.4792,0.5823,-10.3,25,0.52,0.36,,
3783,瓜生正義,43,0.5581,0.6604,-10.2,19,0.579,0.421,,
4012,中村有裕,50,0.46,0.5624,-10.2,27,0.481,0.519,,
3956,横澤剛治,47,0.4681,0.5689,-10.1,25,0.44,0.72,,
4288,永田啓二,63,0.4762,0.5776,-10.1,33,0.667,0.424,,
4787,椎名豊,48,0.5,0.5996,-10.0,24,0.708,0.708,,
5009,大賀龍之介,40,0.475,0.5752,-10.0,21,0.333,0.667,,
4099,吉永則雄,50,0.46,0.5587,-9.9,27,0.333,0.593,,
4118,宇佐見淳,47,0.4681,0.5647,-9.7,25,0.4,0.52,,
4560,庄司樹良々,44,0.4318,0.5285,-9.7,25,0.36,0.56,,
3412,鈴木博,49,0.449,0.5436,-9.5,27,0.148,0.815,,
4816,村松修二,42,0.4286,0.524,-9.5,24,0.458,0.792,,
4704,河野大,61,0.5082,0.6018,-9.4,30,0.367,0.6,,
5229,吉川晴人,47,0.4681,0.5625,-9.4,25,0.24,0.72,,
5276,大島隆乃介,47,0.4681,0.562,-9.4,25,0.24,0.6,,
3265,今村暢孝,149,0.4765,0.5693,-9.3,78,0.244,0.615,,
3542,清水紀克,149,0.443,0.5345,-9.2,83,0.06,0.807,,
4144,石塚久也,52,0.4615,0.5539,-9.2,28,0.25,0.75,,
5058,前原大道,57,0.4912,0.5829,-9.2,29,0.448,0.517,,
3993,永井聖美,40,0.425,0.5157,-9.1,23,0.304,0.609,,
4119,泥谷一毅,46,0.4783,0.5694,-9.1,24,0.25,0.625,,
4413,水摩敦,64,0.4531,0.5439,-9.1,35,0.2,0.571,,
5127,沼田大都,41,0.4634,0.5548,-9.1,22,0.182,0.682,,
4418,茅原悠紀,43,0.5581,0.648,-9.0,19,0.368,0.632,,
5191,飛田江己,63,0.5238,0.6143,-9.0,30,0.467,0.7,,
3737,上平真二,46,0.5217,0.6107,-8.9,22,0.364,0.545,,
4822,百武翔,54,0.463,0.5519,-8.9,29,0.448,0.448,,
5046,松山裕基,40,0.475,0.5644,-8.9,21,0.095,0.714,,
4199,北川潤二,109,0.4771,0.5648,-8.8,57,0.281,0.667,,
3484,芝田浩治,42,0.4762,0.563,-8.7,22,0.5,0.636,,
4794,和田拓也,43,0.4884,0.575,-8.7,22,0.591,0.682,,
4828,松山将吾,41,0.5366,0.6235,-8.7,19,0.526,0.474,,
4914,吉田裕平,44,0.6136,0.7011,-8.7,17,0.412,0.647,,
3960,菊地孝平,44,0.5455,0.631,-8.6,20,0.4,0.45,,
5112,砂長知輝,55,0.5091,0.5951,-8.6,27,0.593,0.407,,
5249,三木晴斗,41,0.4634,0.5493,-8.6,22,0.227,0.591,,
3508,久富政弘,46,0.4565,0.5419,-8.5,25,0.12,0.68,,
4266,長田頼宗,46,0.5652,0.65,-8.5,20,0.4,0.6,,
4403,木下大將,50,0.5,0.5853,-8.5,25,0.56,0.44,,
4761,山田晃大,41,0.4634,0.5475,-8.4,22,0.318,0.636,,
3590,濱野谷憲吾,48,0.5833,0.6665,-8.3,20,0.55,0.65,,
5160,藤森陸斗,55,0.4727,0.5556,-8.3,29,0.276,0.655,,
4537,渡邉和将,62,0.5161,0.5985,-8.2,30,0.6,0.433,,
4769,馬場剛,46,0.4565,0.5382,-8.2,25,0.44,0.76,,
4906,鈴木雅希,40,0.45,0.5323,-8.2,22,0.364,0.591,,
3747,國崎良春,47,0.4894,0.5704,-8.1,24,0.25,0.5,,
4057,松井賢治,55,0.4545,0.5354,-8.1,30,0.3,0.7,,
4883,岡部大輝,42,0.4762,0.5572,-8.1,22,0.409,0.545,,
5193,米丸乃絵,48,0.5,0.5813,-8.1,24,0.542,0.792,,
3105,内山文典,40,0.45,0.5296,-8.0,22,0.182,0.818,,
4024,井口佳典,50,0.58,0.6602,-8.0,21,0.238,0.762,,
4121,富永修一,45,0.4889,0.5688,-8.0,23,0.435,0.391,,
4796,春園功太,48,0.5208,0.6005,-8.0,23,0.478,0.652,,
5045,平川香織,53,0.4906,0.5708,-8.0,27,0.519,0.519,,
5188,武井莉里佳,42,0.4762,0.5563,-8.0,22,0.5,0.545,,
4042,丸岡正典,48,0.5417,0.6204,-7.9,22,0.409,0.5,,
4521,小池公生,42,0.4762,0.5549,-7.9,22,0.227,0.5,,
4709,岡村将也,40,0.45,0.5293,-7.9,22,0.318,0.545,,
4122,安東幸治,55,0.5091,0.5867,-7.8,27,0.148,0.519,,
4241,大串重幸,44,0.5,0.578,-7.8,22,0.136,0.818,,
4739,中村晃朋,63,0.5079,0.5862,-7.8,31,0.387,0.613,,
4977,馬野耀,47,0.4894,0.5672,-7.8,24,0.25,0.5,,
3663,木山和幸,47,0.5106,0.588,-7.7,23,0.174,0.565,,
3947,寺本昇平,46,0.4783,0.555,-7.7,24,0.167,0.708,,
3964,宮地博士,41,0.4878,0.5646,-7.7,21,0.143,0.619,,
4260,中越博紀,53,0.4906,0.5672,-7.7,27,0.259,0.593,,
4433,川野芽唯,56,0.5179,0.5943,-7.6,27,0.667,0.519,,
4539,金子賢志,48,0.5208,0.5969,-7.6,23,0.435,0.435,,
4931,木谷賢太,51,0.5098,0.5853,-7.6,25,0.44,0.48,,
5027,重冨勇哉,41,0.4878,0.564,-7.6,21,0.286,0.571,,
5073,上原健次郎,50,0.5,0.5763,-7.6,25,0.36,0.56,,
5275,松田淳平,52,0.5,0.5762,-7.6,26,0.654,0.423,,
3912,川原正明,41,0.4634,0.5387,-7.5,22,0.455,0.636,,
4055,吉田俊彦,67,0.5075,0.582,-7.5,33,0.515,0.424,,
4278,藤岡俊介,55,0.5091,0.5842,-7.5,27,0.63,0.296,,
5252,荒木颯斗,53,0.4717,0.5471,-7.5,28,0.321,0.679,,
3475,橋本久和,44,0.5,0.5739,-7.4,22,0.227,0.727,,
4047,吉永浩則,40,0.475,0.5493,-7.4,21,0.0,0.667,,
4503,上野真之介,45,0.5556,0.6294,-7.4,20,0.3,0.75,,
4516,野口勝弘,49,0.449,0.5234,-7.4,27,0.444,0.704,,
4578,藤山雅弘,43,0.4884,0.5621,-7.4,22,0.455,0.5,,
3966,作間章,51,0.4902,0.5636,-7.3,26,0.423,0.577,,
4210,松村康太,48,0.4792,0.5524,-7.3,25,0.2,0.84,,
4573,佐藤翼,44,0.5909,0.6639,-7.3,18,0.444,0.556,,
4736,高倉和士,43,0.5116,0.5847,-7.3,21,0.571,0.429,,
5256,中山翔太,41,0.5122,0.5855,-7.3,20,0.35,0.6,,
3362,間嶋仁志,105,0.4667,0.5382,-7.2,56,0.25,0.661,,
3731,高濱芳久,61,0.4754,0.5478,-7.2,32,0.219,0.562,,
3792,田中豪,40,0.475,0.5471,-7.2,21,0.333,0.714,,
4161,黒柳浩孝,40,0.475,0.5474,-7.2,21,0.19,0.667,,
5010,宇留田翔平,54,0.463,0.5345,-7.2,29,0.241,0.621,,
4443,津田裕絵,50,0.48,0.5506,-7.1,26,0.308,0.615,,
4464,山下友貴,41,0.4634,0.5347,-7.1,22,0.273,0.591,,
4700,金子和之,42,0.4524,0.5232,-7.1,23,0.435,0.435,,
3703,鳥飼眞,47,0.4894,0.5593,-7.0,24,0.292,0.583,,
4596,葛原大陽,45,0.4667,0.5367,-7.0,24,0.5,0.542,,
4903,吉田凌太朗,46,0.4783,0.5481,-7.0,24,0.708,0.583,,
5076,石原光,49,0.4898,0.5596,-7.0,25,0.28,0.56,,
3898,平田忠則,50,0.52,0.5887,-6.9,24,0.5,0.375,,
5224,西岡顕心,48,0.5625,0.631,-6.9,21,0.571,0.619,,
5257,西丸侑太朗,57,0.5088,0.5775,-6.9,28,0.429,0.75,,
4151,下河誉史,54,0.4815,0.5498,-6.8,28,0.25,0.357,,
4348,宮崎奨,51,0.5294,0.597,-6.8,24,0.375,0.583,,
4351,里岡右貴,41,0.5122,0.5798,-6.8,20,0.45,0.6,,
4458,抹香雄三,52,0.4808,0.549,-6.8,27,0.296,0.667,,
5282,中本大樹,46,0.4783,0.5461,-6.8,24,0.25,0.625,,
4053,芦澤望,43,0.4651,0.5318,-6.7,23,0.435,0.609,,
4237,大峯豊,52,0.5769,0.6438,-6.7,22,0.455,0.5,,
4317,木村紗友希,44,0.4773,0.5443,-6.7,23,0.174,0.783,,
4448,青木玄太,50,0.54,0.6067,-6.7,23,0.435,0.739,,
4583,古田祐貴,52,0.4808,0.5481,-6.7,27,0.296,0.556,,
5218,山田理央,40,0.5,0.5675,-6.7,20,0.5,0.45,,
3541,三嶌誠司,48,0.5417,0.6075,-6.6,22,0.227,0.591,,
4365,盛本真輔,47,0.5106,0.5763,-6.6,23,0.261,0.957,,
4737,竹井貴史,53,0.5094,0.5754,-6.6,26,0.731,0.5,,
4760,山崎郡,50,0.56,0.6261,-6.6,22,0.409,0.409,,
4821,妻鳥晋也,46,0.5,0.5663,-6.6,23,0.304,0.609,,
4089,妹尾忠幸,46,0.5217,0.5864,-6.5,22,0.136,0.909,,
4357,田中和也,61,0.5082,0.5735,-6.5,30,0.467,0.5,,
3503,堂原洋史,45,0.4444,0.5085,-6.4,25,0.04,0.76,,
4253,西川真人,51,0.4706,0.5342,-6.4,27,0.074,0.778,,
4879,山崎鉄平,40,0.5,0.5644,-6.4,20,0.3,0.65,,
5157,市川健太,47,0.4894,0.5529,-6.4,24,0.25,0.542,,
4193,郷原章平,63,0.4921,0.5551,-6.3,32,0.531,0.562,,
4215,吉島祥之,44,0.4773,0.54,-6.3,23,0.217,0.609,,
4719,上條暢嵩,44,0.6364,0.6993,-6.3,16,0.625,0.688,,
4944,田代達也,42,0.4762,0.5389,-6.3,22,0.227,0.455,,
3642,大塚浩二,45,0.4889,0.5506,-6.2,23,0.174,0.609,,
3662,大庭元明,46,0.4783,0.5407,-6.2,24,0.208,0.625,,
4270,岸本雄貴,45,0.5111,0.5728,-6.2,22,0.227,0.636,,
4974,安井瑞紀,49,0.4898,0.5523,-6.2,25,0.4,0.56,,
4256,渡辺浩司,50,0.58,0.641,-6.1,21,0.381,0.619,,
3941,池田浩二,45,0.6222,0.6827,-6.0,17,0.588,0.529,,
3965,北中元樹,51,0.4902,0.5503,-6.0,26,0.346,0.769,,
4200,早川尚人,40,0.5,0.5602,-6.0,20,0.1,0.85,,
4239,竹田辰也,50,0.54,0.6002,-6.0,23,0.478,0.391,,
3997,北村征嗣,61,0.5246,0.5832,-5.9,29,0.379,0.586,,
4262,馬場貴也,46,0.6087,0.6678,-5.9,18,0.611,0.222,,
4894,原村拓也,45,0.4667,0.5253,-5.9,24,0.083,0.875,,
3070,山室展弘,41,0.4878,0.5456,-5.8,21,0.381,0.571,,
3297,藤丸光一,71,0.4789,0.5367,-5.8,37,0.162,0.676,,
4318,桑原将光,43,0.4884,0.5461,-5.8,22,0.318,0.591,,
4364,池永太,51,0.5686,0.6271,-5.8,22,0.455,0.591,,
4856,豊田健士郎,57,0.5789,0.637,-5.8,24,0.583,0.667,,
4892,柴田直哉,43,0.4651,0.5236,-5.8,23,0.348,0.565,,
5141,大澤風葵,47,0.5319,0.5903,-5.8,22,0.273,0.5,,
3690,河合三弘,45,0.5111,0.5685,-5.7,22,0.227,0.773,,
5042,畑田汰一,48,0.5417,0.5985,-5.7,22,0.455,0.591,,
5142,常住蓮,54,0.5556,0.6127,-5.7,24,0.583,0.458,,
4232,笠雅雄,43,0.4884,0.5441,-5.6,22,0.273,0.591,,
4320,峰竜太,44,0.6136,0.6691,-5.6,17,0.529,0.471,,
4387,平山智加,41,0.5122,0.5677,-5.6,20,0.55,0.45,,
4601,森野正弘,49,0.5306,0.5868,-5.6,23,0.609,0.348,,
4771,下寺秀和,42,0.5,0.5556,-5.6,21,0.667,0.333,,
5189,藤原早菜,48,0.4792,0.5351,-5.6,25,0.32,0.76,,
5205,刑部亜里紗,50,0.5,0.5562,-5.6,25,0.32,0.44,,
4117,廣中智紗衣,44,0.5,0.5546,-5.5,22,0.318,0.636,,
3771,折下寛法,47,0.4894,0.543,-5.4,24,0.292,0.75,,
4052,興津藍,46,0.5435,0.597,-5.4,21,0.333,0.524,,
4233,亀山雅幸,54,0.5,0.5537,-5.4,27,0.407,0.741,,
4335,若林将,41,0.5366,0.5902,-5.4,19,0.632,0.526,,
4427,秦英悟,42,0.5714,0.6257,-5.4,18,0.389,0.5,,
4610,佐藤大佑,42,0.5,0.5539,-5.4,21,0.524,0.667,,
5130,上野拓馬,43,0.4884,0.542,-5.4,22,0.045,0.773,,
3441,土屋太朗,43,0.5349,0.5876,-5.3,20,0.25,0.7,,
3837,秋山広一,41,0.5122,0.5655,-5.3,20,0.5,0.35,,
4045,佐々木裕美,42,0.5,0.5532,-5.3,21,0.333,0.667,,
4839,四宮与寛,46,0.5,0.5525,-5.3,23,0.391,0.652,,
4949,横田貴満,42,0.5,0.5528,-5.3,21,0.333,0.667,,
3951,石川吉鎬,47,0.4894,0.5412,-5.2,24,0.417,0.583,,
4363,大野芳顕,54,0.5556,0.6072,-5.2,24,0.333,0.625,,
4377,濱本優一,54,0.5,0.5519,-5.2,27,0.407,0.444,,
4394,永嶋裕一,41,0.4878,0.54,-5.2,21,0.286,0.619,,
3942,寺田祥,43,0.5814,0.6323,-5.1,18,0.444,0.5,,
4044,湯川浩司,44,0.5909,0.6423,-5.1,18,0.333,0.611,,
4825,倉持莉々,42,0.5,0.5513,-5.1,21,0.476,0.524,,
4428,有賀達也,49,0.5102,0.56,-5.0,24,0.417,0.583,,
4522,古澤光紀,42,0.5,0.5503,-5.0,21,0.381,0.524,,
4580,長谷川雅和,42,0.5,0.5499,-5.0,21,0.333,0.476,,
4757,山田祐也,46,0.5652,0.6157,-5.0,20,0.35,0.65,,
5068,前田滉,47,0.5532,0.603,-5.0,21,0.619,0.571,,
4035,杉江浩明,45,0.4889,0.5383,-4.9,23,0.174,0.696,,
4293,鈴木智啓,46,0.4783,0.5275,-4.9,24,0.208,0.708,,
3212,亀本勇樹,49,0.5102,0.5584,-4.8,24,0.083,0.667,,
3550,都築正治,52,0.5577,0.6057,-4.8,23,0.391,0.696,,
4067,永井源,55,0.5091,0.5571,-4.8,27,0.519,0.667,,
4434,田中辰彦,42,0.5,0.5481,-4.8,21,0.381,0.524,,
4852,川原祐明,46,0.5217,0.5696,-4.8,22,0.682,0.591,,
4373,若狭奈美子,42,0.5,0.5461,-4.6,21,0.381,0.381,,
4477,篠崎仁志,50,0.62,0.6657,-4.6,19,0.316,0.632,,
4397,西村拓也,53,0.5849,0.6298,-4.5,22,0.455,0.5,,
4447,深川麻奈美,46,0.5217,0.5671,-4.5,22,0.227,0.682,,
4791,黒澤めぐみ,43,0.4651,0.5103,-4.5,23,0.348,0.478,,
4847,佐藤隆太郎,45,0.5778,0.6224,-4.5,19,0.368,0.474,,
3548,室田泰史,43,0.5116,0.556,-4.4,21,0.381,0.619,,
4079,出畑孝典,51,0.4902,0.534,-4.4,26,0.5,0.462,,
4245,高橋直哉,43,0.4884,0.5321,-4.4,22,0.273,0.591,,
4331,三好勇人,46,0.5,0.5442,-4.4,23,0.435,0.609,,
4661,中島昂章,45,0.5111,0.5552,-4.4,22,0.364,0.409,,
4992,廣瀬篤哉,43,0.5116,0.5556,-4.4,21,0.286,0.619,,
5060,数原魁,46,0.4783,0.5221,-4.4,24,0.333,0.667,,
5246,楠将太郎,41,0.5366,0.5803,-4.4,19,0.316,0.789,,
5279,石渡翔一郎,52,0.4808,0.525,-4.4,27,0.444,0.444,,
3430,角浜修,50,0.54,0.5833,-4.3,23,0.217,0.565,,
4342,谷野錬志,46,0.5435,0.5865,-4.3,21,0.619,0.381,,
4438,森作雄大,44,0.5,0.5428,-4.3,22,0.409,0.545,,
4674,池田剛規,41,0.4878,0.5305,-4.3,21,0.19,0.714,,
4743,木村仁紀,62,0.5484,0.5912,-4.3,28,0.357,0.714,,
5280,廣瀬凜,61,0.5574,0.6006,-4.3,27,0.556,0.444,,
5292,佐藤右京,46,0.5,0.5429,-4.3,23,0.174,0.783,,
3581,加木郁,44,0.5,0.5415,-4.2,22,0.136,0.727,,
4196,田中太一郎,50,0.48,0.522,-4.2,26,0.154,0.731,,
4236,松村敏,45,0.5333,0.5751,-4.2,21,0.429,0.762,,
4961,西橋奈未,47,0.5532,0.5954,-4.2,21,0.381,0.619,,
3568,木村光宏,47,0.5106,0.5515,-4.1,23,0.13,0.522,,
3572,安田政彦,48,0.5208,0.5616,-4.1,23,0.261,0.696,,
3989,熊本英一,40,0.525,0.5658,-4.1,19,0.211,0.684,,
4346,前田健太郎,41,0.5122,0.5535,-4.1,20,0.25,0.6,,
4611,今井美亜,48,0.5,0.5409,-4.1,24,0.542,0.625,,
3659,藤生雄人,42,0.5238,0.564,-4.0,20,0.05,0.6,,
4497,桑原悠,48,0.5833,0.6231,-4.0,20,0.55,0.4,,
4289,落合直子,50,0.5,0.5392,-3.9,25,0.48,0.64,,
4300,加藤綾,42,0.5238,0.5627,-3.9,20,0.25,0.8,,
4985,井本昌也,42,0.5476,0.5867,-3.9,19,0.526,0.632,,
5185,加藤優弥,41,0.561,0.6002,-3.9,18,0.333,0.667,,
4063,市橋卓士,60,0.5333,0.5712,-3.8,28,0.393,0.643,,
4084,杉山正樹,53,0.6038,0.6419,-3.8,21,0.238,0.619,,
4404,岸蔭亮,41,0.5122,0.5506,-3.8,20,0.15,0.7,,
4907,小池修平,47,0.5745,0.613,-3.8,20,0.5,0.65,,
4960,黒野元基,45,0.5333,0.5715,-3.8,21,0.619,0.429,,
5016,宮田龍馬,49,0.551,0.5892,-3.8,22,0.545,0.545,,
5223,森清友翔,51,0.4706,0.5086,-3.8,27,0.259,0.63,,
5278,田中駿兵,51,0.5294,0.5674,-3.8,24,0.417,0.5,,
5330,安河内鈴之介,52,0.5577,0.5961,-3.8,23,0.478,0.609,,
3381,滝沢芳行,46,0.5,0.5368,-3.7,23,0.13,0.435,,
4350,篠崎元志,50,0.6,0.637,-3.7,20,0.65,0.55,,
4380,鈴木峻佑,44,0.5,0.5367,-3.7,22,0.045,0.818,,
4776,竹田和哉,52,0.5577,0.5945,-3.7,23,0.522,0.391,,
4934,佐々木翔斗,47,0.5319,0.5692,-3.7,22,0.364,0.5,,
3576,白水勝也,53,0.5472,0.5832,-3.6,24,0.375,0.625,,
4518,大須賀友,46,0.5435,0.5799,-3.6,21,0.476,0.667,,
4624,高田明,51,0.5686,0.6046,-3.6,22,0.5,0.591,,
5075,中島秀治,51,0.549,0.585,-3.6,23,0.304,0.522,,
3551,藤田美代,40,0.5,0.5347,-3.5,20,0.2,0.45,,
3556,田中信一郎,45,0.5556,0.5906,-3.5,20,0.4,0.65,,
3730,塩崎優司,49,0.5306,0.5653,-3.5,23,0.13,0.957,,
4016,西川新太郎,41,0.5122,0.5468,-3.5,20,0.2,0.7,,
4793,金子萌,49,0.551,0.5856,-3.5,22,0.5,0.364,,
3075,中村裕将,40,0.5,0.5338,-3.4,20,0.2,0.75,,
4980,佐々木完太,45,0.6,0.6342,-3.4,18,0.611,0.333,,
5221,竹間隆晟,48,0.5417,0.5756,-3.4,22,0.591,0.545,,
4524,深谷知博,45,0.6444,0.6772,-3.3,16,0.312,0.625,,
3546,中里昌志,46,0.5217,0.5535,-3.2,22,0.091,0.818,,
3776,横井健太,41,0.5122,0.5444,-3.2,20,0.05,0.75,,
4452,松尾祭,50,0.54,0.572,-3.2,23,0.348,0.478,,
4570,前田聖文,45,0.5333,0.5654,-3.2,21,0.429,0.619,,
4790,柳内敬太,40,0.525,0.557,-3.2,19,0.421,0.684,,
4759,今泉友吾,42,0.5714,0.6022,-3.1,18,0.444,0.5,,
4106,坂井康嗣,41,0.5122,0.5426,-3.0,20,0.05,0.8,,
4150,山田雄太,45,0.5111,0.5413,-3.0,22,0.318,0.636,,
4327,加藤翔,45,0.5333,0.5633,-3.0,21,0.143,0.714,,
4487,三原司,47,0.5319,0.5618,-3.0,22,0.364,0.409,,
4738,清埜翔子,49,0.4898,0.5197,-3.0,25,0.56,0.52,,
5018,竹下大樹,58,0.5517,0.5814,-3.0,26,0.577,0.577,,
5213,湯淺紀香,46,0.5,0.5301,-3.0,23,0.304,0.696,,
4120,柘植政浩,46,0.5652,0.5942,-2.9,20,0.35,0.55,,
4475,末永祐輝,56,0.5536,0.583,-2.9,25,0.24,0.68,,
3349,吉田一郎,60,0.55,0.5779,-2.8,27,0.444,0.519,,
4298,宮下元胤,56,0.5357,0.564,-2.8,26,0.192,0.615,,
4598,加藤政彦,47,0.5319,0.5601,-2.8,22,0.273,0.636,,
4735,角山雄哉,40,0.475,0.503,-2.8,21,0.19,0.667,,
5158,宮脇遼太,51,0.5686,0.5966,-2.8,22,0.5,0.727,,
3304,烏野賢太,58,0.5345,0.5618,-2.7,27,0.222,0.593,,
4031,飯島誠,43,0.5116,0.5384,-2.7,21,0.238,0.762,,
5153,佐藤ほのか,46,0.5435,0.5702,-2.7,21,0.095,0.81,,
5289,佃來紀,44,0.5227,0.5501,-2.7,21,0.19,0.714,,
4311,岡村仁,51,0.549,0.5752,-2.6,23,0.522,0.609,,
4581,吉村誠,51,0.5294,0.555,-2.6,24,0.625,0.375,,
4930,佐藤悠,49,0.5306,0.5567,-2.6,23,0.435,0.609,,
5167,小川竜太朗,43,0.5116,0.5372,-2.6,21,0.381,0.571,,
3860,松本浩貴,43,0.5116,0.5363,-2.5,21,0.19,0.524,,
4909,薮内瑞希,45,0.4889,0.5142,-2.5,23,0.174,0.783,,
5216,長谷川晴哉,49,0.5102,0.5349,-2.5,24,0.417,0.583,,
4075,中野次郎,45,0.6,0.6243,-2.4,18,0.444,0.444,,
4953,尾上雅也,54,0.5556,0.5792,-2.4,24,0.542,0.542,,
3848,川上聡介,45,0.5556,0.5787,-2.3,20,0.0,0.8,,
3853,岩崎正哉,44,0.5455,0.568,-2.3,20,0.2,0.7,,
3915,繁野谷圭介,52,0.5385,0.5616,-2.3,24,0.375,0.458,,
4017,向井美鈴,42,0.5476,0.5703,-2.3,19,0.316,0.632,,
4959,井上忠政,55,0.6182,0.641,-2.3,21,0.571,0.524,,
3604,武藤綾子,40,0.525,0.5467,-2.2,19,0.053,0.632,,
3685,荒井輝年,40,0.55,0.5716,-2.2,18,0.222,0.556,,
3946,赤岩善生,156,0.5513,0.5731,-2.2,70,0.329,0.571,,
4654,篠田優也,44,0.5682,0.59,-2.2,19,0.368,0.579,,
4740,齋藤達希,40,0.575,0.597,-2.2,17,0.176,0.647,,
5036,福田翔吾,45,0.5333,0.5555,-2.2,21,0.143,0.667,,
5121,定松勇樹,49,0.6327,0.6545,-2.2,18,0.611,0.444,,
5352,西岡蒼志,41,0.5366,0.5583,-2.2,19,0.211,0.737,,
3716,石渡鉄兵,43,0.6047,0.6253,-2.1,17,0.294,0.882,,
3850,小川知行,49,0.5102,0.5307,-2.1,24,0.208,0.667,,
3870,寺嶋雄,50,0.5,0.5214,-2.1,25,0.08,0.64,,
3875,廣中良一,41,0.5366,0.5574,-2.1,19,0.105,0.737,,
4076,杉田篤光,47,0.5319,0.5529,-2.1,22,0.182,0.773,,
4173,岡谷健吾,54,0.5556,0.577,-2.1,24,0.292,0.583,,
4240,今井裕梨,45,0.5111,0.5317,-2.1,22,0.409,0.5,,
4261,岡祐臣,48,0.5417,0.5631,-2.1,22,0.182,0.727,,
4329,小松卓司,40,0.525,0.5459,-2.1,19,0.211,0.684,,
4938,小芦るり華,55,0.5636,0.5844,-2.1,24,0.667,0.5,,
4948,木場悠介,43,0.5116,0.5322,-2.1,21,0.19,0.714,,
3422,服部幸男,42,0.5952,0.6156,-2.0,17,0.412,0.824,,
3981,今坂晃広,40,0.525,0.545,-2.0,19,0.105,0.789,,
4074,柳沢一,48,0.5625,0.5821,-2.0,21,0.524,0.524,,
4181,花本夏樹,46,0.5,0.5199,-2.0,23,0.13,0.783,,
4488,小山勉,44,0.5227,0.5427,-2.0,21,0.381,0.571,,
4004,山本浩輔,41,0.5366,0.5553,-1.9,19,0.263,0.789,,
4224,大橋栄里佳,48,0.5417,0.561,-1.9,22,0.273,0.682,,
4276,鈴木勝博,44,0.5682,0.5873,-1.9,19,0.474,0.421,,
4725,佐竹太一,46,0.5435,0.5627,-1.9,21,0.19,0.81,,
4109,谷津幸宏,51,0.5294,0.5476,-1.8,24,0.333,0.792,,
4143,浦田晃嗣,41,0.5122,0.5304,-1.8,20,0.0,0.45,,
4925,森悠稀,43,0.5581,0.5763,-1.8,19,0.105,0.737,,
4011,堀之内紀代子,41,0.5366,0.5535,-1.7,19,0.579,0.421,,
4081,樋口範政,41,0.5122,0.5278,-1.6,20,0.2,0.75,,
4294,古賀繁輝,46,0.587,0.6033,-1.6,19,0.421,0.632,,
4531,武富智亮,50,0.54,0.5562,-1.6,23,0.391,0.522,,
4710,福田宗平,54,0.5556,0.5711,-1.6,24,0.333,0.625,,
4711,前出達吉,42,0.5476,0.5631,-1.6,19,0.211,0.737,,
4991,宗行治哉,52,0.5577,0.573,-1.5,23,0.304,0.739,,
5043,中村日向,53,0.6226,0.6379,-1.5,20,0.4,0.6,,
3202,三品隆浩,40,0.5,0.5137,-1.4,20,0.0,0.5,,
4013,中島孝平,45,0.6444,0.6589,-1.4,16,0.375,0.688,,
4134,杉山貴博,48,0.5417,0.5561,-1.4,22,0.182,0.773,,
4685,島村隆幸,40,0.575,0.5887,-1.4,17,0.765,0.235,,
4706,三浦洋次朗,43,0.5581,0.5724,-1.4,19,0.421,0.579,,
5299,西丸敦基,43,0.5349,0.5485,-1.4,20,0.35,0.6,,
3455,谷本幸司,41,0.5366,0.5499,-1.3,19,0.316,0.474,,
4124,池田雄一,43,0.5349,0.5479,-1.3,20,0.55,0.35,,
4218,吉川喜継,67,0.5522,0.5648,-1.3,30,0.367,0.6,,
4290,稲田浩二,42,0.619,0.6325,-1.3,16,0.438,0.625,,
4451,松崎祐太郎,51,0.5686,0.5814,-1.3,22,0.409,0.636,,
4966,田川大貴,42,0.5238,0.5366,-1.3,20,0.4,0.45,,
3482,金子猛志,48,0.5208,0.5324,-1.2,23,0.13,0.783,,
3517,高橋勲,43,0.5349,0.5467,-1.2,20,0.15,0.55,,
4092,岡部大輔,41,0.5122,0.524,-1.2,20,0.25,0.75,,
5007,近藤雄一郎,40,0.55,0.5624,-1.2,18,0.222,0.556,,
3718,伊達正利,40,0.525,0.5361,-1.1,19,0.263,0.684,,
4330,奈須啓太,46,0.5652,0.5764,-1.1,20,0.3,0.5,,
4656,大崎翔,42,0.5476,0.5584,-1.1,19,0.368,0.526,,
3439,大平誉史明,47,0.5745,0.5848,-1.0,20,0.4,0.5,,
3827,今泉徹,43,0.5581,0.5685,-1.0,19,0.0,0.684,,
4168,石野貴之,49,0.6327,0.6431,-1.0,18,0.444,0.556,,
4273,佐藤旭,45,0.5333,0.5437,-1.0,21,0.19,0.619,,
4281,大澤大夢,41,0.5366,0.5462,-1.0,19,0.158,0.474,,
5145,島川海輝,58,0.569,0.5787,-1.0,25,0.44,0.8,,
3613,角谷健吾,49,0.5306,0.54,-0.9,23,0.435,0.435,,
4356,長岡良也,42,0.5476,0.5565,-0.9,19,0.368,0.684,,
4625,渡邊裕貴,41,0.561,0.5699,-0.9,18,0.278,0.778,,
5172,田村慶,40,0.525,0.534,-0.9,19,0.158,0.737,,
3627,井上恵一,50,0.54,0.5484,-0.8,23,0.043,0.783,,
3708,岡部貴司,44,0.5682,0.5764,-0.8,19,0.211,0.737,,
4665,加藤啓太,40,0.5,0.5077,-0.8,20,0.1,0.75,,
3641,一瀬明,59,0.5424,0.5494,-0.7,27,0.259,0.667,,
3687,花田和明,68,0.5588,0.5659,-0.7,30,0.1,0.833,,
3944,山口裕二,48,0.6042,0.6109,-0.7,19,0.263,0.526,,
4381,田路朋史,46,0.587,0.594,-0.7,19,0.368,0.789,,
4460,後藤翔之,55,0.5636,0.5705,-0.7,24,0.333,0.625,,
4515,藤田浩人,54,0.5556,0.5626,-0.7,24,0.333,0.417,,
5034,若林義人,61,0.5738,0.5809,-0.7,26,0.308,0.462,,
5238,笹木香吾,44,0.5682,0.5748,-0.7,19,0.421,0.526,,
5308,藤森拓海,42,0.5476,0.5541,-0.7,19,0.211,0.632,,
4512,高野哲史,48,0.5625,0.5681,-0.6,21,0.619,0.476,,
4513,河野真也,40,0.55,0.5555,-0.6,18,0.278,0.722,,
3790,佐口達也,41,0.5366,0.5412,-0.5,19,0.211,0.684,,
4174,赤坂俊輔,54,0.5741,0.5787,-0.5,23,0.348,0.522,,
4467,渡邉俊介,49,0.551,0.556,-0.5,22,0.273,0.682,,
4574,東潤樹,44,0.5455,0.5506,-0.5,20,0.2,0.7,,
3885,久田武,47,0.5745,0.5787,-0.4,20,0.45,0.35,,
4496,内堀学,61,0.5574,0.5614,-0.4,27,0.259,0.556,,
4532,秋元哲,56,0.6071,0.6115,-0.4,22,0.5,0.455,,
4579,中嶋健一郎,45,0.5556,0.5594,-0.4,20,0.15,0.5,,
3813,佐藤大介,50,0.58,0.5826,-0.3,21,0.429,0.571,,
3852,澤大介,40,0.575,0.5781,-0.3,17,0.118,0.765,,
3900,香川素子,44,0.5455,0.5485,-0.3,20,0.3,0.75,,
4525,真子奈津実,41,0.5122,0.5148,-0.3,20,0.2,0.55,,
4713,白神優,50,0.6,0.6028,-0.3,20,0.4,0.5,,
5093,浦野海,41,0.561,0.5642,-0.3,18,0.222,0.667,,
5214,田中宏典,48,0.5833,0.586,-0.3,20,0.1,0.75,,
3256,三角哲男,50,0.56,0.5624,-0.2,22,0.5,0.409,,
3777,樋口亮,48,0.5625,0.5646,-0.2,21,0.476,0.571,,
3961,谷村一哉,40,0.575,0.577,-0.2,17,0.529,0.471,,
4069,山本修一,41,0.5854,0.5874,-0.2,17,0.353,0.647,,
4182,吉田和仁,48,0.5208,0.5224,-0.2,23,0.174,0.739,,
4393,田中孝明,41,0.561,0.5627,-0.2,18,0.222,0.556,,
4471,新田泰章,57,0.5965,0.5984,-0.2,23,0.696,0.478,,
3327,野長瀬正孝,60,0.5667,0.5676,-0.1,26,0.269,0.654,,
3940,飯山泰,59,0.5593,0.5603,-0.1,26,0.423,0.615,,
4086,寺本重宣,42,0.5714,0.5721,-0.1,18,0.333,0.722,,
4146,柳橋宏紀,46,0.5652,0.5666,-0.1,20,0.2,0.6,,
4302,西野翔太,70,0.5571,0.558,-0.1,31,0.387,0.452,,
4536,喜井つかさ,57,0.5439,0.5449,-0.1,26,0.5,0.538,,
4834,浜本裕己,52,0.5577,0.5591,-0.1,23,0.261,0.522,,
5146,野田彩加,43,0.5814,0.5819,-0.1,18,0.333,0.667,,
5301,岩下巧斗,46,0.5652,0.5663,-0.1,20,0.25,0.8,,
4191,赤羽克也,54,0.5556,0.5557,-0.0,24,0.583,0.5,,
4643,近江翔吾,41,0.6098,0.6093,0.0,16,0.438,0.562,,
4703,森永隆,46,0.5652,0.5649,0.0,20,0.35,0.65,,
3161,古場輝義,46,0.5435,0.5421,0.1,21,0.095,0.857,,
4436,渋谷明憲,51,0.5686,0.5674,0.1,22,0.455,0.545,,
5023,久永祥平,47,0.5532,0.5523,0.1,21,0.381,0.476,,
3908,重成一人,49,0.6327,0.6306,0.2,18,0.5,0.5,,
3975,小野寺智洋,40,0.525,0.5233,0.2,19,0.632,0.579,,
4159,向後龍一,56,0.5714,0.5696,0.2,24,0.333,0.542,,
4314,青木幸太郎,44,0.5909,0.5888,0.2,18,0.389,0.556,,
4376,藤田靖弘,60,0.55,0.5483,0.2,27,0.222,0.741,,
4383,竹田吉行,40,0.575,0.573,0.2,17,0.294,0.529,,
4857,加藤翔馬,47,0.617,0.6149,0.2,18,0.556,0.389,,
5015,高橋竜矢,46,0.6087,0.607,0.2,18,0.611,0.444,,
5264,登みひ果,49,0.5714,0.5694,0.2,21,0.333,0.714,,
3564,桑原啓,44,0.5227,0.5195,0.3,21,0.333,0.714,,
3612,馬袋義則,75,0.56,0.5566,0.3,33,0.212,0.758,,
3647,伊藤雄二,40,0.525,0.5216,0.3,19,0.053,0.947,,
4015,前野竜一,55,0.5818,0.5784,0.3,23,0.304,0.609,,
4111,奥田誠,45,0.5778,0.5744,0.3,19,0.316,0.684,,
4446,和田兼輔,54,0.5926,0.59,0.3,22,0.636,0.455,,
4994,山本梨菜,49,0.551,0.548,0.3,22,0.364,0.773,,
3680,森林太,45,0.5556,0.552,0.4,20,0.0,0.75,,
3710,吉永泰弘,41,0.561,0.5573,0.4,18,0.111,0.667,,
4551,三川昂暁,53,0.566,0.5622,0.4,23,0.435,0.652,,
4607,鶴田勇雄,51,0.5882,0.5846,0.4,21,0.19,0.714,,
4941,孫崎百世,46,0.5652,0.5608,0.4,20,0.3,0.55,,
3988,古川誠之,47,0.5745,0.5698,0.5,20,0.35,0.55,,
4189,川上剛,67,0.5821,0.5775,0.5,28,0.321,0.679,,
4360,庄司孝輔,42,0.5714,0.5663,0.5,18,0.278,0.667,,
5177,松井貫太,47,0.5532,0.5485,0.5,21,0.238,0.571,,
3957,大谷直弘,48,0.5625,0.5565,0.6,21,0.238,0.81,,
4491,田中堅,42,0.5476,0.5414,0.6,19,0.053,0.737,,
5125,高井雄基,46,0.5435,0.5372,0.6,21,0.238,0.619,,
5035,櫻井優,47,0.5745,0.5676,0.7,20,0.4,0.6,,
3574,大神康司,147,0.5578,0.5499,0.8,65,0.4,0.585,,
3897,白井英治,44,0.6818,0.6734,0.8,14,0.571,0.571,,
4420,津久井拓也,52,0.5962,0.588,0.8,21,0.095,0.714,,
4693,松下誉士,44,0.5682,0.5604,0.8,19,0.158,0.789,,
5143,常盤海心,46,0.5652,0.5572,0.8,20,0.05,0.7,,
3968,茶谷信次,45,0.5778,0.5683,0.9,19,0.316,0.526,,
4058,野末智一,51,0.5686,0.5598,0.9,22,0.364,0.591,,
4061,萩原秀人,51,0.6471,0.6382,0.9,18,0.389,0.5,,
4432,黄金井力良,40,0.575,0.5662,0.9,17,0.0,0.824,,
4927,関野文,53,0.5472,0.5384,0.9,24,0.417,0.458,,
5096,上原崚,50,0.6,0.5911,0.9,20,0.3,0.65,,
3156,金子良昭,48,0.5625,0.5528,1.0,21,0.095,0.667,,
3841,佐々木和伸,57,0.5614,0.5514,1.0,25,0.28,0.44,,
4195,前川守嗣,42,0.5714,0.5618,1.0,18,0.389,0.556,,
4259,真庭明志,52,0.5962,0.586,1.0,21,0.429,0.476,,
4430,永田秀二,56,0.5714,0.5607,1.1,24,0.25,0.667,,
4947,間庭菜摘,43,0.5814,0.5707,1.1,18,0.167,0.667,,
4973,栗原直也,44,0.5455,0.5346,1.1,20,0.1,0.75,,
5178,成貞琳平,48,0.5417,0.5309,1.1,22,0.136,0.682,,
4043,桐本康臣,49,0.5918,0.5801,1.2,20,0.15,0.6,,
4472,尾嶋一広,52,0.6154,0.6036,1.2,20,0.65,0.25,,
4501,樋口由加里,51,0.549,0.5371,1.2,23,0.261,0.739,,
4957,竹之内極,49,0.5714,0.5582,1.3,21,0.333,0.571,,
5082,一色凌雅,50,0.58,0.5667,1.3,21,0.048,0.762,,
3319,山崎義明,44,0.5909,0.5766,1.4,18,0.333,0.5,,
3527,中嶋誠一郎,46,0.5652,0.5516,1.4,20,0.4,0.6,,
5242,高山弘斗,42,0.5476,0.5341,1.4,19,0.158,0.684,,
3300,川崎智幸,54,0.5926,0.5776,1.5,22,0.409,0.591,,
4108,吉村正明,40,0.6,0.5847,1.5,16,0.375,0.562,,
4216,星栄爾,45,0.5778,0.5624,1.5,19,0.211,0.579,,
4389,伊藤喜智,47,0.5957,0.5807,1.5,19,0.263,0.789,,
4553,坪口竜也,41,0.6098,0.5946,1.5,16,0.5,0.562,,
4762,藤原啓史朗,47,0.6383,0.6234,1.5,17,0.647,0.412,,
4835,橋本明,40,0.575,0.5597,1.5,17,0.118,0.706,,
3654,武田光史,46,0.6087,0.5924,1.6,18,0.5,0.611,,
3934,鋤柄貴俊,44,0.5682,0.5524,1.6,19,0.263,0.579,,
4172,森定晃史,52,0.5577,0.5417,1.6,23,0.217,0.609,,
4188,久田敏之,42,0.6667,0.6505,1.6,14,0.429,0.571,,
3554,仲口博崇,65,0.6154,0.5981,1.7,25,0.28,0.68,,
3562,山下和彦,54,0.5741,0.5572,1.7,23,0.304,0.478,,
4179,広次修,49,0.5918,0.5745,1.7,20,0.45,0.45,,
4308,河村了,49,0.6122,0.5954,1.7,19,0.368,0.526,,
4697,國弘翔平,41,0.561,0.5435,1.7,18,0.0,0.667,,
4900,中田夕貴,46,0.587,0.5705,1.7,19,0.316,0.684,,
4358,松本庸平,40,0.575,0.5571,1.8,17,0.235,0.529,,
4812,西野雄貴,41,0.5854,0.5673,1.8,17,0.706,0.471,,
5307,富永夏哉人,48,0.5833,0.5651,1.8,20,0.15,0.7,,
3224,栗山繁洋,45,0.5556,0.5362,1.9,20,0.05,0.75,,
3489,大場敏,57,0.5789,0.5598,1.9,24,0.208,0.708,,
4682,大上卓人,42,0.6667,0.648,1.9,14,0.429,0.143,,
3684,清水攻二,44,0.5682,0.5483,2.0,19,0.474,0.474,,
3686,鳥居塚孝博,44,0.5682,0.5483,2.0,19,0.316,0.526,,
5081,篠原飛翔,45,0.5778,0.5581,2.0,19,0.474,0.474,,
5234,塚越海斗,55,0.6,0.5799,2.0,22,0.636,0.455,,
4336,松田竜馬,40,0.575,0.5539,2.1,17,0.059,0.882,,
4246,喜多那由夏,40,0.55,0.5284,2.2,18,0.167,0.722,,
4468,大池佑来,48,0.625,0.6034,2.2,18,0.444,0.5,,
4995,田邉亮蔵,40,0.55,0.5285,2.2,18,0.278,0.722,,
2538,高橋二朗,45,0.5556,0.5329,2.3,20,0.05,0.65,,
3333,丸尾義孝,50,0.6,0.5768,2.3,20,0.4,0.55,,
3977,山本兼士,47,0.5745,0.5518,2.3,20,0.2,0.65,,
4543,重木輝彦,45,0.6,0.5769,2.3,18,0.5,0.556,,
4873,蒲原健太,52,0.5962,0.5733,2.3,21,0.333,0.571,,
5317,長尾萌加,45,0.5778,0.5552,2.3,19,0.053,0.737,,
4292,麻生慎介,45,0.6,0.5761,2.4,18,0.389,0.667,,
4384,鶴本崇文,48,0.5833,0.559,2.4,20,0.1,0.85,,
5126,山下大輝,42,0.5952,0.571,2.4,17,0.353,0.588,,
4409,坂元浩仁,51,0.6078,0.5827,2.5,20,0.55,0.55,,
5102,原田雄次,45,0.6,0.5747,2.5,18,0.167,0.833,,
4152,深水慎一郎,43,0.5814,0.5558,2.6,18,0.278,0.444,,
4323,山田佑樹,40,0.6,0.5737,2.6,16,0.312,0.625,,
4933,板橋侑我,44,0.6591,0.6328,2.6,15,0.333,0.6,,
3797,岩井繁,44,0.5909,0.564,2.7,18,0.111,0.778,,
4231,鈴木裕隆,53,0.6038,0.5768,2.7,21,0.571,0.476,,
4623,中北将史,51,0.5686,0.5417,2.7,22,0.364,0.5,,
5203,神里琴音,41,0.561,0.5339,2.7,18,0.278,0.556,,
5277,井上未都,40,0.575,0.5475,2.7,17,0.294,0.471,,
3563,堤昇,53,0.5849,0.5566,2.8,22,0.227,0.682,,
3867,松浦勝,41,0.6098,0.5814,2.8,16,0.125,0.75,,
4486,野村誠,52,0.5962,0.5681,2.8,21,0.476,0.333,,
4754,松尾充,43,0.6047,0.5766,2.8,17,0.353,0.588,,
3497,後藤浩,41,0.5854,0.5563,2.9,17,0.235,0.706,,
4398,船岡洋一郎,52,0.6346,0.6059,2.9,19,0.368,0.579,,
4614,石倉洋行,47,0.617,0.5884,2.9,18,0.722,0.333,,
4978,山田和佐,49,0.5918,0.563,2.9,20,0.3,0.6,,
5156,坂野さくら,40,0.55,0.5207,2.9,18,0.167,0.722,,
3463,乙津康志,41,0.561,0.5306,3.0,18,0.111,0.778,,
3990,芹澤克彦,43,0.5814,0.5509,3.0,18,0.5,0.778,,
4659,木下翔太,53,0.6604,0.6302,3.0,18,0.556,0.556,,
5055,眞鳥章太,45,0.6,0.5698,3.0,18,0.611,0.389,,
4575,戸塚邦好,40,0.6,0.5686,3.1,16,0.312,0.688,,
5199,垂水悠,40,0.575,0.5441,3.1,17,0.294,0.706,,
3661,柳瀬興志,57,0.5789,0.5465,3.2,24,0.292,0.542,,
3474,松瀬弘美,43,0.5814,0.5485,3.3,18,0.333,0.667,,
3719,辻栄蔵,43,0.6977,0.6647,3.3,13,0.308,0.615,,
3775,泉啓文,45,0.5778,0.5449,3.3,19,0.211,0.737,,
4033,伊藤将吉,54,0.6296,0.5965,3.3,20,0.45,0.5,,
4295,小坂尚哉,56,0.6071,0.574,3.3,22,0.636,0.682,,
4362,土屋智則,49,0.6735,0.6408,3.3,16,0.438,0.562,,
3606,川北浩貴,40,0.6,0.5658,3.4,16,0.5,0.562,,
4105,松下直也,49,0.5918,0.5582,3.4,20,0.35,0.55,,
4752,西尾亮輔,44,0.5909,0.5566,3.4,18,0.056,0.778,,
5017,澤田尚也,51,0.6667,0.6325,3.4,17,0.588,0.353,,
5110,杉山喜一,41,0.6098,0.5757,3.4,16,0.438,0.562,,
5263,花田凱成,48,0.625,0.591,3.4,18,0.222,0.556,,
5303,土井歩夢,42,0.619,0.585,3.4,16,0.438,0.562,,
3910,松下知幸,50,0.58,0.5454,3.5,21,0.143,0.714,,
4928,栗城匠,41,0.6098,0.5747,3.5,16,0.438,0.625,,
4407,鹿島敏弘,48,0.5833,0.5472,3.6,20,0.3,0.55,,
4604,岩瀬裕亮,53,0.6792,0.6435,3.6,17,0.588,0.529,,
3611,岩崎芳美,44,0.6136,0.5767,3.7,17,0.294,0.647,,
4424,松尾昂明,54,0.6111,0.5741,3.7,21,0.381,0.524,,
4645,上村純一,49,0.6531,0.6158,3.7,17,0.471,0.471,,
4808,松尾拓,47,0.617,0.5803,3.7,18,0.389,0.667,,
5326,三嶌さらら,42,0.5714,0.5346,3.7,18,0.333,0.556,,
3796,長野道臣,40,0.6,0.5619,3.8,16,0.312,0.625,,
4482,守屋美穂,45,0.6444,0.6068,3.8,16,0.5,0.25,,
4484,稲生夏季,40,0.55,0.5117,3.8,18,0.222,0.722,,
4586,磯部誠,42,0.7143,0.6762,3.8,12,0.083,0.583,,
5031,渡辺空依,48,0.6042,0.5662,3.8,19,0.263,0.579,,
3637,齋藤和政,40,0.575,0.5361,3.9,17,0.059,0.765,,
3984,坂口周,57,0.614,0.5749,3.9,22,0.364,0.591,,
5266,石田勇斗,40,0.625,0.5863,3.9,15,0.0,0.8,,
3539,金子順一,61,0.5738,0.5336,4.0,26,0.115,0.692,,
3744,徳増秀樹,47,0.6596,0.6192,4.0,16,0.438,0.5,,
4138,中井俊祐,46,0.587,0.5466,4.0,19,0.105,0.895,,
4908,上田龍星,50,0.66,0.6199,4.0,17,0.588,0.412,,
3743,林美憲,62,0.5645,0.5237,4.1,27,0.37,0.593,,
3878,胡本悟志,42,0.5952,0.5545,4.1,17,0.235,0.529,,
4950,高岡竜也,41,0.6098,0.5692,4.1,16,0.5,0.5,,
4638,小林遼太,43,0.6279,0.5863,4.2,16,0.438,0.312,,
3833,中辻博訓,55,0.6,0.5568,4.3,22,0.545,0.5,,
4287,今井貴士,41,0.6341,0.5911,4.3,15,0.6,0.533,,
4319,三宅潤,55,0.6182,0.5753,4.3,21,0.333,0.571,,
3696,白井友晴,41,0.6098,0.5655,4.4,16,0.25,0.812,,
4163,山崎裕司,53,0.6226,0.5789,4.4,20,0.2,0.55,,
5155,内山七海,40,0.6,0.5565,4.4,16,0.438,0.5,,
5265,大廣咲季,46,0.5652,0.5215,4.4,20,0.0,0.9,,
5294,豊田祥生,43,0.6047,0.5607,4.4,17,0.176,0.647,,
3569,増田進,43,0.5814,0.5363,4.5,18,0.222,0.611,,
4910,中村泰平,49,0.6327,0.5876,4.5,18,0.333,0.5,,
3334,角ひとみ,49,0.5714,0.5254,4.6,21,0.238,0.714,,
4209,藤田竜弘,51,0.6275,0.581,4.6,19,0.158,0.789,,
4600,井内将太郎,43,0.6047,0.5585,4.6,17,0.471,0.529,,
4633,森智也,45,0.6,0.5538,4.6,18,0.333,0.5,,
4890,石川諒,50,0.58,0.534,4.6,21,0.286,0.524,,
5064,品川二千翔,49,0.6327,0.5867,4.6,18,0.278,0.556,,
5151,山下奈緒,42,0.5952,0.5489,4.6,17,0.176,0.824,,
3436,柏野幸二,42,0.5952,0.547,4.8,17,0.471,0.353,,
4684,楠原翔太,40,0.625,0.5767,4.8,15,0.2,0.6,,
4123,細川裕子,47,0.617,0.5685,4.9,18,0.333,0.722,,
4155,長野壮志郎,40,0.65,0.6008,4.9,14,0.5,0.571,,
4649,和田操拓,50,0.58,0.5314,4.9,21,0.381,0.476,,
5011,高木圭大,41,0.6098,0.5606,4.9,16,0.125,0.875,,
4442,松竹大輔,45,0.6222,0.5718,5.0,17,0.588,0.588,,
4967,中村魁生,45,0.6444,0.5945,5.0,16,0.312,0.688,,
3713,伊藤誠二,40,0.6,0.5493,5.1,16,0.375,0.625,,
4219,本岡勝利,42,0.5952,0.5438,5.1,17,0.059,0.824,,
4419,原加央理,41,0.5854,0.5348,5.1,17,0.294,0.765,,
4550,石岡将太,47,0.617,0.5663,5.1,18,0.333,0.556,,
3963,原田秀弥,44,0.6136,0.5613,5.2,17,0.294,0.647,,
4511,中岡健人,40,0.575,0.5233,5.2,17,0.059,0.824,,
4902,山川雄大,47,0.617,0.5652,5.2,18,0.222,0.611,,
5247,大森翼,54,0.6111,0.5592,5.2,21,0.143,0.857,,
4466,南佑典,53,0.6038,0.5508,5.3,21,0.286,0.524,,
4679,植田太一,54,0.6111,0.5576,5.3,21,0.381,0.667,,
5286,坂井滉哉,48,0.625,0.572,5.3,18,0.278,0.833,,
4876,梅木敬太,50,0.62,0.5661,5.4,19,0.053,0.632,,
5297,南彩寧,41,0.5854,0.5316,5.4,17,0.0,0.941,,
3928,林恵祐,44,0.6364,0.5809,5.5,16,0.062,0.812,,
4264,長尾章平,46,0.6739,0.6188,5.5,15,0.4,0.467,,
5134,大原祥昌,50,0.62,0.5654,5.5,19,0.368,0.579,,
3973,崎利仁,51,0.5882,0.5321,5.6,21,0.095,0.81,,
4410,井上大輔,47,0.6383,0.5821,5.6,17,0.235,0.471,,
3340,池田雷太,48,0.5833,0.5264,5.7,20,0.2,0.8,,
3664,鈴木賢一,43,0.6279,0.5699,5.8,16,0.438,0.5,,
3679,飯島昌弘,43,0.6047,0.5471,5.8,17,0.294,0.647,,
4049,荒川健太,55,0.6,0.5425,5.8,22,0.318,0.455,,
4133,高橋正男,49,0.6327,0.5745,5.8,18,0.444,0.556,,
4840,鈴木秀茉,43,0.6047,0.5469,5.8,17,0.353,0.353,,
3922,菅沼佳昭,53,0.6415,0.5823,5.9,19,0.053,0.842,,
3992,関口智久,41,0.6341,0.5752,5.9,15,0.133,0.733,,
5273,山下拓巳,42,0.6429,0.5835,5.9,15,0.2,0.733,,
3370,坪内実,41,0.5854,0.5258,6.0,17,0.118,0.882,,
3746,岡瀬正人,49,0.5918,0.5319,6.0,20,0.4,0.65,,
4000,松本博昭,51,0.6275,0.5674,6.0,19,0.211,0.474,,
5186,遠藤圭吾,40,0.575,0.5151,6.0,17,0.176,0.647,,
5351,齊藤廉,43,0.6047,0.5448,6.0,17,0.176,0.471,,
3982,福田理,40,0.6,0.5394,6.1,16,0.25,0.75,,
4208,三浦永理,53,0.6604,0.5995,6.1,18,0.5,0.5,,
4669,井上茂,43,0.6047,0.5437,6.1,17,0.059,0.588,,
4732,堀本和也,51,0.6471,0.5861,6.1,18,0.556,0.389,,
3233,小畑実成,41,0.6098,0.5476,6.2,16,0.188,0.625,,
3580,水口由紀,42,0.5952,0.5336,6.2,17,0.0,0.706,,
3930,岸本隆,45,0.6444,0.5821,6.2,16,0.312,0.562,,
4382,高山智至,46,0.6087,0.5467,6.2,18,0.111,0.5,,
4506,稗田聖也,47,0.6383,0.5761,6.2,17,0.529,0.471,,
5270,小玉啓太,41,0.6098,0.5476,6.2,16,0.25,0.875,,
3566,川添英正,44,0.6136,0.5505,6.3,17,0.176,0.706,,
3629,浅見昌克,47,0.617,0.5543,6.3,18,0.389,0.5,,
3804,中渡修作,51,0.6078,0.5448,6.3,20,0.35,0.5,,
3999,大瀧明日香,57,0.6316,0.5684,6.3,21,0.19,0.714,,
3868,尾形栄治,44,0.6136,0.5501,6.4,17,0.118,0.824,,
4844,村上奈穂,57,0.5965,0.5321,6.4,23,0.174,0.652,,
5078,山川波乙,40,0.575,0.5105,6.4,17,0.059,0.647,,
4039,村上功祐,42,0.5952,0.5302,6.5,17,0.176,0.765,,
4463,三苫晃幸,43,0.6512,0.5867,6.5,15,0.467,0.533,,
4748,渡邉雄朗,46,0.6304,0.5656,6.5,17,0.588,0.471,,
5222,津田陸翔,55,0.6545,0.5898,6.5,19,0.421,0.684,,
3752,宇土泰就,40,0.625,0.5586,6.6,15,0.133,0.8,,
4064,原田篤志,46,0.6957,0.6293,6.6,14,0.286,0.571,,
3502,渡邉英児,43,0.6512,0.5844,6.7,15,0.467,0.533,,
3509,池千夏,40,0.575,0.5084,6.7,17,0.0,0.647,,
4615,板倉敦史,42,0.619,0.5524,6.7,16,0.062,0.625,,
5106,山崎祥,43,0.6512,0.5843,6.7,15,0.267,0.8,,
4145,小澤学,43,0.5814,0.5135,6.8,18,0.111,0.611,,
3660,長谷川親王,41,0.561,0.4922,6.9,18,0.0,0.778,,
3740,大澤普司,49,0.6531,0.5843,6.9,17,0.471,0.471,,
4227,安達裕樹,49,0.6735,0.6041,6.9,16,0.25,0.625,,
4640,山ノ内雅人,49,0.6735,0.6043,6.9,16,0.25,0.75,,
5114,小林孝彰,58,0.6207,0.5518,6.9,22,0.409,0.591,,
3909,佐々木康幸,49,0.6531,0.5828,7.0,17,0.412,0.765,,
4019,笠原亮,49,0.6939,0.6237,7.0,15,0.4,0.8,,
4371,西山貴浩,43,0.7674,0.6979,7.0,10,0.4,0.5,,
4395,下河雅史,41,0.6341,0.5644,7.0,15,0.267,0.533,,
4504,前田将太,47,0.7021,0.6324,7.0,14,0.214,0.857,,
4798,浜先真範,46,0.6304,0.5604,7.0,17,0.588,0.235,,
5183,中野孝二,41,0.6585,0.5885,7.0,14,0.214,0.571,,
4594,谷川祐一,46,0.6304,0.5591,7.1,17,0.412,0.647,,
5089,前田翔,47,0.6596,0.5883,7.1,16,0.75,0.438,,
4252,松下哲也,44,0.6136,0.5411,7.2,17,0.118,0.765,,
4366,前沢丈史,51,0.6275,0.5547,7.3,19,0.421,0.421,,
4924,中北涼,49,0.6122,0.5391,7.3,19,0.053,0.579,,
5291,三嶌こころ,42,0.5952,0.522,7.3,17,0.118,0.647,,
3807,岡部哲,48,0.625,0.5511,7.4,18,0.278,0.722,,
4113,木村浩士,45,0.6222,0.548,7.4,17,0.412,0.529,,
3406,中里英夫,46,0.6087,0.5334,7.5,18,0.278,0.556,,
3843,上之晃弘,46,0.6304,0.5557,7.5,17,0.118,0.706,,
3432,宮迫暢彦,41,0.6098,0.5326,7.7,16,0.375,0.438,,
4030,森高一真,55,0.7636,0.6865,7.7,13,0.308,0.615,,
4337,平本真之,41,0.7317,0.6549,7.7,11,0.545,0.455,,
4593,小坂宗司,44,0.6136,0.5371,7.7,17,0.353,0.471,,
4100,松田隆司,44,0.5682,0.49,7.8,19,0.105,0.842,,
4171,榎幸司,47,0.6596,0.5819,7.8,16,0.312,0.562,,
4773,中川りな,44,0.6364,0.5585,7.8,16,0.312,0.5,,
5038,金田智博,56,0.6429,0.5646,7.8,20,0.5,0.45,,
4068,幸田智裕,46,0.6739,0.5944,7.9,15,0.133,0.533,,
3175,渡辺千草,44,0.5909,0.5108,8.0,18,0.278,0.611,,
3614,谷勝幸,54,0.6481,0.567,8.1,19,0.105,0.789,,
3618,海野ゆかり,52,0.6346,0.5538,8.1,19,0.579,0.737,,
4062,後藤陽介,40,0.625,0.5439,8.1,15,0.067,0.867,,
4962,畑竜生,46,0.6087,0.5279,8.1,18,0.278,0.722,,
4396,大田直弥,44,0.6364,0.5542,8.2,16,0.125,0.688,,
5220,青木蓮,43,0.6512,0.5681,8.3,15,0.533,0.533,,
3303,渡辺豊,51,0.6078,0.5241,8.4,20,0.05,0.55,,
3434,松尾宣邦,42,0.6429,0.5592,8.4,15,0.067,0.467,,
3888,山本英志,50,0.66,0.5762,8.4,17,0.235,0.588,,
4788,小池哲也,53,0.6415,0.5576,8.4,19,0.368,0.632,,
5002,上田健太,46,0.6304,0.5463,8.4,17,0.588,0.529,,
3721,守田俊介,48,0.7083,0.623,8.5,14,0.786,0.286,,
4051,清水敦揮,40,0.675,0.589,8.6,13,0.385,0.538,,
3558,山本浩次,41,0.6341,0.5457,8.8,15,0.2,0.667,,
3907,村越篤,42,0.6429,0.554,8.9,15,0.2,0.8,壁強●,
4714,喜多須杏奈,43,0.6279,0.5387,8.9,16,0.125,0.625,壁強●,
5032,谷口知優,40,0.625,0.5361,8.9,15,0.333,0.667,壁強●,
5098,大江純,43,0.6512,0.5622,8.9,15,0.267,0.667,壁強●,
3505,山田竜一,46,0.6087,0.519,9.0,18,0.333,0.5,壁強●,
3584,佐々木英樹,44,0.6136,0.5233,9.0,17,0.235,0.588,壁強●,
3748,小黒竜吾,48,0.625,0.5355,9.0,18,0.111,0.722,壁強●,
3812,山崎聖司,45,0.6444,0.5549,9.0,16,0.125,0.812,壁強●,
4297,山田哲也,45,0.6667,0.577,9.0,15,0.2,0.733,壁強●,
4587,木田峰由季,43,0.6279,0.5383,9.0,16,0.438,0.625,壁強●,
4891,寺島美里,40,0.65,0.56,9.0,14,0.429,0.5,壁強●,
5003,来田衣織,51,0.6275,0.5366,9.1,19,0.158,0.632,壁強●,
4343,村岡賢,41,0.6098,0.5175,9.2,16,0.125,0.75,壁強●,
3557,太田和美,61,0.7213,0.6275,9.4,17,0.294,0.588,壁強●,
3655,本橋克洋,51,0.6471,0.5521,9.5,18,0.0,0.722,壁強●,
5144,中尾彩香,46,0.6522,0.5563,9.6,16,0.25,0.75,壁強●,
3711,江本真治,51,0.6863,0.5885,9.8,16,0.25,0.625,壁強●,
3906,飯山晃三,46,0.6304,0.5327,9.8,17,0.176,0.647,壁強●,
4020,川上清人,40,0.65,0.5518,9.8,14,0.071,0.643,壁強●,
4429,豊田泰洋,43,0.6279,0.5301,9.8,16,0.125,0.75,壁強●,
4826,井上一輝,48,0.7292,0.6287,10.0,13,0.462,0.692,壁強●,
3892,草場康幸,43,0.6744,0.5737,10.1,14,0.357,0.786,壁強●,
3905,天野友和,54,0.6667,0.5655,10.1,18,0.222,0.722,壁強●,
3857,阿波勝哉,41,0.6585,0.5566,10.2,14,0.0,0.786,壁強●,
3874,山本寛久,48,0.7083,0.6068,10.2,14,0.571,0.357,壁強●,
3998,冨成謙児,42,0.6667,0.5644,10.2,14,0.071,0.714,壁強●,
4588,田中京介,50,0.66,0.5581,10.2,17,0.353,0.706,壁強●,
2878,富山弘幸,42,0.6667,0.5633,10.3,14,0.286,0.714,壁強●,
4023,柴田友和,40,0.65,0.5461,10.4,14,0.143,0.643,壁強●,
4478,櫻本あゆみ,44,0.6364,0.532,10.4,16,0.438,0.688,壁強●,
5195,北村寧々,40,0.675,0.5708,10.4,13,0.462,0.538,壁強●,
4197,渥美卓郎,44,0.6818,0.5772,10.5,14,0.071,0.714,壁強●,
5026,安河内健,52,0.6731,0.5676,10.5,17,0.529,0.353,壁強●,
4094,中島真二,42,0.6429,0.5369,10.6,15,0.4,0.6,壁強●,
4137,君島秀三,55,0.6909,0.5848,10.6,17,0.412,0.588,壁強●,
3826,村田修次,42,0.6905,0.5823,10.8,13,0.385,0.462,壁強●,
4423,坂口貴彦,47,0.6809,0.5729,10.8,15,0.4,0.533,壁強●,
3385,渡邉睦広,41,0.6585,0.5491,10.9,14,0.571,0.429,壁強●,
4379,桑島和宏,53,0.6792,0.5702,10.9,17,0.353,0.471,壁強●,
4872,山下流心,49,0.6939,0.5838,11.0,15,0.2,0.733,壁強●,
5105,富田恕生,53,0.6792,0.5688,11.0,17,0.059,0.824,壁強●,
3284,渡邊伸太郎,42,0.6905,0.5788,11.2,13,0.231,0.769,壁強●,
3891,谷口健一,45,0.6444,0.5323,11.2,16,0.188,0.562,壁強●,
4411,沢田昭宏,46,0.6957,0.5837,11.2,14,0.357,0.714,壁強●,
4979,中野夢斗,40,0.675,0.5628,11.2,13,0.154,0.846,壁強●,
4672,守屋大地,45,0.6667,0.5521,11.5,15,0.2,0.667,壁強●,
5311,小林京平,43,0.6744,0.5598,11.5,14,0.357,0.643,壁強●,
3587,武田信一,41,0.6585,0.5405,11.8,14,0.071,0.714,壁強●,
4904,松本一毅,52,0.6923,0.5746,11.8,16,0.125,0.75,壁強●,
4520,高倉孝太,44,0.6591,0.5394,12.0,15,0.333,0.533,壁強●,
3717,立間充宏,41,0.6829,0.5611,12.2,13,0.231,0.538,壁強●,
5165,小林愛実,42,0.6667,0.545,12.2,14,0.357,0.571,壁強●,
4226,村田浩司,44,0.6591,0.5363,12.3,15,0.067,0.867,壁強●,
5272,松田真実,41,0.6341,0.5104,12.4,15,0.4,0.467,壁強●,
3619,長谷川充,41,0.6829,0.5582,12.5,13,0.308,0.385,壁強●,
5212,西川拓利,50,0.7,0.5739,12.6,15,0.533,0.667,壁強●,
4347,魚谷香織,47,0.7021,0.5756,12.7,14,0.357,0.571,壁強●,
5000,岡本翔太郎,40,0.675,0.5451,13.0,13,0.154,0.769,壁強●,
3863,海老澤泰行,43,0.6744,0.5431,13.1,14,0.143,0.571,壁強●,
4040,廣瀬将亨,55,0.7091,0.578,13.1,16,0.188,0.812,壁強●,
4695,尾崎雄二,41,0.7073,0.5733,13.4,12,0.167,0.583,壁強●,
4034,西原明生,46,0.6957,0.5604,13.5,14,0.071,0.929,壁強●,
4445,宮地元輝,44,0.8182,0.6825,13.6,8,0.375,0.5,壁強●,
4592,小林孝弘,44,0.6364,0.5008,13.6,16,0.25,0.625,壁強●,
5004,河野主樹,49,0.6939,0.5574,13.6,15,0.4,0.333,壁強●,
4374,永田義紘,43,0.6977,0.5598,13.8,13,0.385,0.692,壁強●,
4764,小池礼乃,42,0.6905,0.5527,13.8,13,0.538,0.538,壁強●,
4965,福岡泉水,40,0.675,0.537,13.8,13,0.154,0.923,壁強●,
3882,新田智彰,45,0.6889,0.5492,14.0,14,0.214,0.714,壁強●,
3226,浦田信義,47,0.7021,0.5613,14.1,14,0.071,0.5,壁強●,
4158,木場雄二郎,43,0.6977,0.5562,14.1,13,0.077,0.538,壁強●,
4073,大橋純一郎,48,0.7292,0.586,14.3,13,0.538,0.462,壁強●,
5250,嶋田有里,40,0.675,0.532,14.3,13,0.077,0.692,壁強●,
3714,梶原正,43,0.6977,0.5533,14.4,13,0.077,0.692,壁強●,
4603,谷川将太,45,0.6889,0.5449,14.4,14,0.429,0.5,壁強●,
3950,石川哲秀,41,0.7073,0.5594,14.8,12,0.083,0.917,壁強●,
3822,平尾崇典,55,0.7818,0.6327,14.9,12,0.5,0.5,壁強●,
4027,松江秀徳,40,0.725,0.5752,15.0,11,0.545,0.545,壁強●,
4247,齊藤優,45,0.7111,0.5613,15.0,13,0.308,0.615,壁強●,
5376,吉田一心,43,0.7209,0.5681,15.3,12,0.25,0.5,壁強●,
3401,上田隆章,48,0.7083,0.5507,15.8,14,0.214,0.571,壁強●,
4277,金田大輔,40,0.7,0.54,16.0,12,0.25,0.667,壁強●,
5109,川崎智稔,45,0.7333,0.568,16.5,12,0.417,0.833,壁強●,
3769,佐竹恒彦,48,0.7292,0.5624,16.7,13,0.308,0.538,壁強●,
4002,古結宏,46,0.7609,0.594,16.7,11,0.364,0.455,壁強●,
3911,鈴木猛,51,0.7255,0.5552,17.0,14,0.5,0.429,壁強●,
3357,福島陽子,43,0.6977,0.5235,17.4,13,0.0,0.923,壁強●,
4128,川口貴久,43,0.6977,0.522,17.6,13,0.231,0.615,壁強●,
3478,嶋田貴支,42,0.7143,0.536,17.8,12,0.333,0.417,壁強●,
3339,泉具巳,40,0.75,0.5458,20.4,10,0.3,0.5,壁強●,
3282,池本輝明,47,0.7447,0.54,20.5,12,0.0,0.917,壁強●,
4562,阪本勇介,43,0.7674,0.5537,21.4,10,0.1,1.0,壁強●,
