touban,n1c,win1c
2538,24,2
2878,39,15
3024,78,36
3054,23,9
3070,18,10
3072,43,13
3075,31,9
3081,14,4
3105,32,14
3107,21,5
3156,28,4
3158,52,33
3159,50,28
3161,35,7
3175,26,2
3176,14,3
3202,35,9
3207,24,3
3211,30,7
3212,32,10
3224,25,8
3226,35,13
3232,36,22
3233,28,9
3246,8,3
3251,55,22
3256,51,26
3257,48,37
3265,59,24
3268,33,18
3277,33,10
3282,33,13
3284,34,20
3286,23,10
3289,18,2
3293,28,3
3294,27,5
3297,32,7
3300,51,32
3302,25,11
3303,49,19
3304,58,38
3305,29,13
3306,32,4
3313,29,10
3315,22,5
3319,39,17
3327,51,32
3333,61,40
3334,55,31
3339,29,7
3340,34,12
3346,7,1
3349,51,30
3350,34,21
3353,13,2
3355,11,1
3357,30,8
3361,28,7
3362,41,17
3370,23,6
3372,17,4
3377,28,1
3381,32,12
3385,39,18
3388,40,29
3391,4,0
3392,34,11
3401,28,15
3406,44,24
3411,23,5
3412,58,41
3414,2,0
3415,52,39
3419,11,1
3422,56,36
3430,30,14
3432,22,6
3434,34,15
3435,53,35
3436,38,21
3439,51,28
3441,31,9
3442,24,10
3444,13,6
3445,31,13
3448,20,7
3454,38,11
3455,37,18
3458,25,7
3459,20,0
3461,13,5
3463,35,9
3467,27,4
3470,27,8
3471,26,5
3473,100,48
3474,32,11
3475,42,21
3477,27,6
3478,32,20
3482,46,18
3484,54,31
3489,55,40
3497,30,18
3499,46,33
3502,39,18
3503,27,7
3505,45,26
3507,26,8
3508,34,21
3509,20,4
3514,52,33
3516,32,7
3517,29,14
3518,21,3
3519,24,5
3523,23,7
3527,38,16
3528,29,6
3532,32,20
3535,26,10
3538,13,2
3539,30,8
3541,53,30
3542,34,10
3543,24,13
3544,27,4
3546,30,7
3548,55,33
3550,41,21
3551,20,5
3554,79,52
3556,65,50
3557,70,40
3558,31,13
3562,56,31
3563,45,21
3564,29,9
3566,31,14
3567,21,7
3568,29,12
3569,31,4
3572,44,20
3574,58,37
3576,58,33
3577,27,9
3578,17,3
3579,20,6
3580,29,7
3581,36,16
3582,52,33
3583,21,3
3584,33,9
3587,28,8
3589,24,13
3590,58,39
3591,19,5
3596,19,9
3602,27,5
3604,28,13
3605,27,11
3606,43,13
3611,44,25
3612,72,42
3613,53,34
3614,30,6
3615,31,11
3616,26,11
3617,25,11
3618,60,36
3619,33,11
3620,26,8
3621,23,9
3623,75,50
3627,38,18
3629,42,27
3630,20,2
3631,10,1
3635,34,18
3637,24,6
3641,47,31
3642,18,6
3643,34,19
3645,12,4
3647,28,5
3652,21,10
3653,19,4
3654,48,32
3655,49,24
3656,29,9
3659,33,19
3660,22,5
3661,46,21
3662,39,18
3663,42,23
3664,30,12
3679,48,36
3680,31,5
3681,25,12
3684,37,19
3685,28,14
3686,48,31
3687,32,19
3690,34,10
3692,39,16
3696,28,9
3699,20,3
3701,19,4
3703,49,25
3704,17,5
3708,35,15
3710,29,10
3711,55,27
3712,30,18
3713,38,22
3714,26,13
3715,30,11
3716,51,31
3717,30,16
3718,31,19
3719,45,33
3721,51,39
3722,22,3
3726,23,2
3730,31,15
3731,32,8
3737,56,41
3740,56,32
3741,24,9
3742,27,11
3743,57,31
3744,64,50
3745,26,13
3746,56,34
3747,32,18
3748,20,5
3752,26,6
3757,33,16
3761,29,17
3769,39,18
3771,36,21
3772,33,13
3773,27,10
3775,28,6
3776,23,0
3777,49,28
3778,17,2
3779,50,35
3783,54,25
3784,28,11
3787,20,6
3788,21,12
3790,28,8
3792,34,18
3793,25,8
3796,28,11
3797,29,5
3800,32,13
3801,23,10
3804,33,14
3805,34,11
3807,34,12
3808,24,7
3809,13,5
3811,57,37
3812,30,8
3813,53,37
3814,29,9
3820,11,1
3822,50,33
3825,25,9
3826,45,24
3827,28,6
3828,28,11
3831,32,13
3832,12,1
3833,66,48
3834,26,9
3837,42,32
3838,30,12
3839,27,3
3841,52,31
3842,30,14
3843,31,13
3845,28,15
3848,34,13
3849,50,39
3850,33,18
3851,9,1
3852,29,15
3853,49,37
3854,55,33
3857,25,8
3859,30,9
3860,26,4
3863,29,10
3866,27,8
3867,23,4
3868,27,11
3869,21,10
3870,28,10
3871,18,7
3872,56,31
3873,22,11
3874,49,35
3875,29,17
3876,49,36
3878,22,5
3880,31,9
3882,31,15
3885,40,22
3888,48,29
3889,27,9
3891,27,8
3892,31,18
3893,27,13
3895,12,2
3896,30,15
3897,49,36
3898,65,52
3900,45,28
3901,18,14
3904,26,10
3905,53,32
3906,25,9
3907,43,29
3908,62,39
3909,54,44
3910,27,9
3911,42,20
3912,45,36
3915,50,32
3918,56,34
3920,32,12
3921,10,4
3922,31,9
3928,26,13
3929,32,11
3930,35,21
3931,36,22
3932,22,12
3933,34,11
3934,35,14
3935,26,12
3939,12,6
3940,65,41
3941,63,52
3942,59,36
3943,5,0
3944,44,31
3945,20,5
3946,71,50
3947,34,11
3948,19,4
3949,26,1
3950,23,1
3951,38,15
3952,59,37
3953,17,8
3955,20,8
3956,38,23
3957,35,12
3959,53,35
3960,55,37
3961,43,32
3963,44,24
3964,24,4
3965,47,28
3966,63,44
3967,24,11
3968,38,24
3973,32,7
3974,25,6
3975,37,25
3976,26,9
3977,31,9
3978,44,30
3981,29,17
3982,29,8
3983,47,30
3984,62,45
3986,20,11
3987,45,29
3988,54,35
3989,22,8
3990,26,11
3992,30,16
3993,32,12
3994,30,11
3995,40,31
3997,66,45
3998,30,11
3999,60,38
4000,60,33
4002,58,40
4003,29,10
4004,30,14
4006,30,11
4007,25,12
4009,45,27
4010,22,11
4011,33,22
4012,39,28
4013,58,48
4014,49,32
4015,51,30
4016,30,11
4017,39,25
4019,56,39
4020,23,9
4022,24,10
4023,22,7
4024,44,25
4025,37,26
4027,32,16
4028,48,33
4030,49,29
4031,29,10
4033,49,37
4034,25,7
4035,30,8
4036,50,34
4039,41,19
4040,51,33
4041,24,6
4042,55,35
4043,51,26
4044,50,36
4045,30,10
4047,27,14
4049,58,41
4050,56,45
4051,40,27
4052,47,34
4053,44,26
4054,34,16
4055,51,35
4056,3,1
4057,47,28
4058,58,35
4059,30,12
4060,29,13
4061,64,48
4062,29,10
4063,65,46
4064,65,52
4065,30,14
4066,44,27
4067,50,28
4068,33,13
4069,51,31
4071,20,9
4072,51,40
4073,55,39
4074,56,37
4075,50,33
4076,47,23
4077,39,21
4079,55,34
4080,11,10
4081,34,13
4082,32,16
4083,59,47
4084,64,44
4085,18,8
4086,44,26
4089,51,37
4090,33,21
4092,27,18
4093,28,9
4094,28,13
4095,61,43
4096,53,43
4097,18,1
4098,26,8
4099,50,33
4100,32,18
4102,49,40
4103,26,5
4104,25,10
4105,41,12
4106,18,2
4108,41,31
4109,51,35
4110,26,9
4111,36,19
4112,29,19
4113,35,15
4114,22,8
4116,30,11
4117,48,20
4118,56,34
4119,39,19
4120,50,34
4121,46,27
4122,55,30
4123,64,40
4124,51,33
4128,30,13
4129,29,4
4131,32,21
4133,48,27
4134,46,25
4136,43,29
4137,58,43
4138,29,10
4139,28,13
4140,41,31
4142,44,19
4143,20,6
4144,38,26
4145,26,2
4146,40,23
4148,48,27
4150,38,23
4151,38,20
4152,36,17
4154,38,17
4155,52,31
4156,51,25
4158,29,19
4159,56,33
4161,41,20
4162,14,3
4163,55,36
4164,25,5
4166,64,51
4167,28,9
4168,59,42
4169,28,7
4171,61,42
4172,57,31
4173,33,19
4174,68,45
4175,38,29
4176,16,2
4177,27,16
4179,43,23
4180,42,25
4181,23,6
4182,38,15
4183,32,26
4184,48,37
4186,26,8
4188,55,43
4189,61,39
4190,30,22
4191,43,29
4193,52,35
4195,33,12
4196,26,12
4197,29,10
4199,68,51
4200,31,11
4201,27,9
4202,28,13
4203,28,9
4204,27,10
4205,51,40
4207,49,29
4208,63,49
4209,45,22
4210,49,24
4211,35,10
4213,15,2
4214,41,27
4215,53,26
4216,44,25
4218,53,40
4219,17,4
4220,28,22
4224,34,16
4225,39,23
4226,33,16
4227,45,28
4228,48,28
4229,25,6
4230,33,25
4231,44,15
4232,28,11
4233,49,29
4234,23,13
4236,76,59
4237,62,43
4238,58,50
4239,58,42
4240,43,24
4241,41,22
4243,40,21
4244,16,7
4245,28,9
4246,33,7
4247,29,11
4248,23,7
4251,26,9
4252,29,9
4253,29,14
4254,36,21
4256,49,32
4257,26,12
4258,29,10
4259,54,33
4260,41,24
4261,60,42
4262,64,48
4263,33,21
4264,63,43
4266,57,46
4268,10,2
4269,60,38
4270,29,17
4271,27,6
4272,25,7
4273,32,16
4274,24,7
4275,20,2
4276,45,27
4277,27,16
4278,65,55
4281,29,16
4283,26,2
4286,57,24
4287,54,34
4288,72,51
4289,46,30
4290,53,32
4292,57,35
4293,43,16
4294,54,36
4295,70,55
4296,41,29
4297,52,37
4298,53,25
4299,20,6
4300,38,18
4301,26,11
4302,62,48
4303,32,15
4305,57,44
4306,33,7
4308,62,47
4311,67,49
4313,33,21
4314,46,32
4315,26,11
4317,29,16
4318,40,21
4319,45,24
4320,53,44
4323,30,18
4324,81,62
4325,27,8
4327,28,9
4329,28,10
4330,49,33
4331,46,33
4332,21,5
4335,61,44
4336,33,21
4337,61,44
4339,30,9
4340,4,1
4342,40,30
4343,28,8
4344,51,36
4345,47,23
4346,33,17
4347,45,28
4348,45,21
4349,18,6
4350,68,58
4351,78,52
4352,46,33
4355,14,3
4356,43,32
4357,61,38
4358,27,7
4359,37,16
4360,39,20
4361,57,46
4362,53,29
4363,47,28
4364,53,37
4365,47,24
4366,63,43
4367,22,6
4368,22,8
4369,52,28
4370,64,43
4371,42,32
4372,37,27
4373,63,39
4374,27,11
4375,53,34
4376,50,33
4377,55,38
4379,51,29
4380,32,20
4381,49,29
4382,26,8
4383,44,16
4384,58,36
4385,12,1
4387,62,39
4388,51,30
4389,35,16
4390,28,7
4391,58,44
4393,23,12
4394,42,21
4395,36,18
4396,36,14
4397,63,51
4398,59,50
4400,27,4
4401,43,29
4402,49,33
4403,40,29
4404,20,4
4405,28,5
4406,27,16
4407,36,14
4408,19,11
4409,51,41
4410,33,13
4411,47,30
4413,56,32
4414,21,8
4415,49,35
4416,33,10
4417,26,11
4418,60,47
4419,28,11
4420,49,24
4421,20,5
4422,27,18
4423,31,18
4424,57,44
4425,24,10
4427,52,39
4428,46,33
4429,26,8
4430,54,25
4431,22,13
4432,42,19
4433,64,53
4434,50,35
4435,33,21
4436,46,30
4437,53,39
4438,43,18
4439,25,9
4440,25,8
4441,57,35
4442,29,21
4443,39,16
4444,44,29
4445,47,39
4446,58,52
4447,39,15
4448,49,38
4449,23,8
4450,43,27
4451,60,37
4452,49,22
4456,50,38
4457,21,8
4458,30,11
4459,49,32
4460,49,22
4461,32,9
4462,26,16
4463,46,20
4464,36,20
4465,21,10
4466,38,22
4467,52,33
4468,45,38
4469,44,30
4470,48,31
4471,68,58
4472,52,37
4473,27,14
4474,32,20
4475,55,32
4477,53,42
4478,49,32
4479,17,6
4482,53,38
4483,52,38
4484,28,11
4485,37,15
4486,30,15
4487,27,12
4488,53,36
4489,37,17
4491,27,8
4492,8,7
4494,40,27
4495,22,15
4496,75,44
4497,55,44
4498,14,6
4499,22,9
4500,53,45
4501,43,25
4502,67,47
4503,67,55
4504,58,39
4505,47,38
4506,46,29
4508,28,14
4509,45,26
4510,13,2
4511,27,11
4512,70,60
4513,48,33
4514,62,46
4515,55,39
4516,49,30
4518,45,32
4519,17,10
4520,37,17
4521,38,20
4522,53,44
4523,43,22
4524,48,37
4525,24,12
4526,37,24
4527,23,9
4528,42,32
4529,42,31
4530,57,43
4531,53,36
4532,53,38
4533,22,10
4534,20,6
4535,44,31
4536,49,29
4537,58,47
4538,32,14
4539,45,38
4540,41,19
4543,53,40
4544,76,60
4545,59,51
4546,37,26
4547,51,25
4548,15,2
4549,39,19
4550,33,14
4551,45,22
4552,30,17
4553,39,28
4555,41,22
4556,53,39
4557,29,9
4558,21,9
4560,35,19
4561,39,23
4562,29,5
4563,19,14
4564,33,10
4565,30,11
4566,42,31
4567,24,7
4568,35,25
4569,24,9
4570,49,28
4571,36,20
4572,46,26
4573,40,28
4574,37,19
4575,36,26
4578,45,30
4579,50,35
4580,37,23
4581,57,38
4583,42,23
4584,54,36
4586,49,35
4587,48,31
4588,48,29
4589,28,17
4590,51,31
4592,27,7
4593,43,24
4594,38,25
4596,47,28
4598,42,23
4600,46,30
4601,59,40
4603,34,26
4604,56,49
4607,55,30
4608,49,28
4610,47,33
4611,46,37
4614,61,44
4615,22,7
4618,22,8
4619,23,10
4623,37,19
4624,48,34
4625,24,16
4626,24,9
4627,39,22
4630,40,18
4631,28,13
4632,22,8
4633,45,25
4635,28,19
4636,22,6
4637,31,19
4638,30,14
4639,29,15
4640,55,32
4641,19,11
4642,55,43
4643,45,36
4644,45,29
4645,52,38
4648,24,10
4649,45,24
4650,17,8
4651,20,7
4652,30,13
4653,44,37
4654,48,32
4656,30,13
4659,66,50
4660,20,5
4661,34,14
4663,14,9
4664,18,4
4665,23,4
4666,16,8
4669,21,6
4672,27,2
4674,47,29
4675,29,13
4676,38,19
4677,41,25
4678,28,15
4679,52,35
4680,42,14
4681,18,6
4682,48,39
4684,42,26
4685,64,52
4686,43,34
4688,53,40
4689,38,14
4690,6,4
4691,18,9
4692,31,8
4693,28,5
4694,25,7
4695,33,19
4697,28,9
4700,40,24
4702,44,30
4703,51,32
4704,56,39
4705,24,12
4706,46,23
4708,23,7
4709,40,16
4710,54,36
4711,40,19
4713,60,46
4714,26,10
4715,42,27
4718,40,22
4719,62,54
4720,22,5
4723,23,6
4724,17,3
4725,30,14
4726,8,2
4727,23,10
4728,27,11
4729,23,6
4730,31,12
4731,23,11
4732,60,46
4733,23,13
4734,59,42
4735,26,13
4736,58,41
4737,62,45
4738,56,40
4739,55,35
4740,25,10
4743,61,41
4744,21,7
4746,30,20
4747,21,6
4748,50,32
4750,26,10
4752,23,6
4753,17,9
4754,45,33
4757,57,41
4758,10,8
4759,51,39
4760,70,58
4761,52,35
4762,61,48
4764,30,18
4765,28,11
4766,17,5
4769,51,35
4771,65,51
4772,51,38
4773,54,34
4775,37,24
4776,68,55
4778,31,15
4779,29,14
4781,7,2
4782,20,8
4784,17,6
4785,24,3
4786,63,43
4787,57,45
4788,52,28
4789,37,20
4790,51,37
4791,36,12
4792,20,7
4793,43,29
4794,41,36
4796,53,43
4797,32,24
4798,57,41
4803,24,5
4804,50,34
4808,42,31
4809,39,24
4811,30,12
4812,53,43
4813,28,6
4815,23,9
4816,40,25
4817,44,33
4818,4,1
4819,37,21
4821,24,9
4822,49,32
4823,43,30
4824,52,37
4825,54,39
4826,65,54
4828,49,27
4831,42,32
4832,57,39
4834,56,39
4835,33,16
4836,26,13
4837,24,11
4839,41,21
4840,29,7
4842,40,24
4843,20,11
4844,32,11
4845,40,24
4846,26,11
4847,45,32
4848,52,40
4850,50,39
4851,46,36
4852,68,53
4853,26,9
4854,14,2
4856,63,46
4857,42,32
4861,32,18
4863,22,9
4864,25,10
4865,14,8
4866,18,6
4871,26,11
4872,28,12
4873,47,21
4874,31,9
4875,33,9
4876,31,21
4877,51,36
4878,25,6
4879,27,9
4880,22,6
4882,13,5
4883,33,21
4884,19,13
4885,40,29
4886,35,24
4887,30,18
4888,34,15
4889,24,13
4890,37,20
4891,27,13
4892,25,11
4893,28,13
4894,30,15
4895,31,11
4896,25,12
4897,28,6
4898,24,6
4899,26,12
4900,37,25
4901,30,16
4902,31,13
4903,51,41
4904,44,18
4905,22,10
4906,33,15
4907,54,39
4908,52,48
4909,31,15
4910,56,47
4911,31,13
4914,41,36
4917,28,8
4918,27,17
4919,15,3
4924,27,6
4925,41,23
4926,42,33
4927,53,28
4928,48,30
4930,38,22
4931,60,47
4932,59,46
4933,42,33
4934,46,24
4936,41,27
4938,58,43
4939,59,48
4940,9,4
4941,28,8
4942,40,18
4943,22,9
4944,18,3
4945,20,2
4947,25,10
4948,30,14
4949,56,35
4950,46,35
4951,34,16
4952,21,10
4953,51,40
4954,6,2
4956,12,5
4957,31,18
4958,54,32
4959,56,43
4960,56,48
4961,55,37
4962,50,34
4963,44,32
4964,34,21
4965,22,6
4966,41,22
4967,51,35
4969,22,14
4973,36,20
4974,39,17
4976,31,10
4977,39,25
4978,34,19
4979,37,22
4980,54,46
4981,26,12
4982,24,14
4983,67,48
4984,27,10
4985,64,49
4987,26,12
4988,24,15
4989,36,24
4990,11,2
4991,43,29
4992,26,15
4994,51,26
4995,24,8
4997,11,2
4998,12,5
5000,25,14
5002,44,27
5003,27,13
5004,34,20
5005,40,20
5006,19,2
5007,29,15
5008,23,9
5009,35,18
5010,50,31
5011,23,9
5012,36,13
5013,36,23
5014,23,7
5015,55,48
5016,51,41
5017,51,41
5018,76,60
5019,22,6
5020,21,10
5022,20,6
5023,32,20
5026,52,41
5027,23,7
5028,55,43
5029,55,41
5031,25,13
5032,34,17
5033,23,7
5034,67,49
5035,32,15
5036,36,14
5037,26,11
5038,42,28
5039,28,13
5041,22,9
5042,45,31
5043,55,39
5044,28,15
5045,48,23
5046,23,7
5047,29,13
5048,20,9
5049,29,18
5050,38,25
5051,47,36
5052,15,5
5053,24,12
5054,37,32
5055,41,26
5056,6,3
5057,32,24
5058,51,46
5060,40,25
5061,19,4
5063,22,11
5064,46,30
5065,25,16
5066,45,28
5067,24,12
5068,59,48
5069,27,11
5070,20,7
5071,26,8
5072,8,1
5073,40,22
5074,26,14
5075,47,21
5076,25,11
5077,14,1
5078,27,15
5079,27,12
5081,40,22
5082,29,16
5083,25,11
5084,44,34
5085,36,14
5086,25,15
5087,47,32
5088,74,51
5089,59,45
5090,24,12
5091,24,17
5092,42,29
5093,31,17
5095,39,26
5096,39,23
5098,25,8
5100,23,7
5101,16,1
5102,28,18
5103,20,6
5104,36,26
5105,25,11
5106,34,17
5107,19,8
5108,13,3
5109,31,10
5110,30,11
5111,33,20
5112,56,41
5113,10,3
5114,48,30
5115,26,13
5117,16,6
5118,27,13
5120,29,14
5121,51,40
5122,16,7
5123,31,15
5124,18,6
5125,46,32
5126,48,34
5127,24,7
5128,17,3
5129,42,22
5130,28,9
5131,20,3
5132,67,40
5133,25,11
5134,47,28
5135,37,22
5136,59,44
5137,31,19
5138,18,6
5139,43,29
5140,23,6
5141,50,31
5142,54,40
5143,23,5
5144,28,12
5145,60,43
5146,28,17
5147,20,5
5148,16,9
5150,42,24
5151,21,6
5152,22,2
5153,28,2
5154,28,10
5155,37,18
5156,23,8
5157,31,16
5158,58,42
5160,47,31
5161,38,27
5162,8,2
5163,49,35
5164,13,2
5165,29,10
5166,47,31
5167,28,7
5169,14,2
5170,31,22
5171,1,0
5172,31,17
5173,31,22
5174,16,8
5175,19,8
5176,7,3
5177,24,6
5178,31,12
5179,19,10
5180,12,2
5181,25,11
5182,30,10
5183,29,10
5184,8,3
5185,28,12
5186,22,11
5187,14,2
5188,41,27
5189,43,18
5190,16,6
5191,55,45
5192,22,11
5193,55,43
5194,26,11
5195,29,20
5196,45,29
5197,14,9
5198,21,9
5199,26,12
5200,10,0
5201,18,8
5203,27,12
5204,15,5
5205,40,24
5206,18,5
5207,20,12
5208,24,8
5209,13,2
5210,31,20
5211,19,3
5212,37,25
5213,37,22
5214,31,14
5216,58,36
5217,42,27
5218,44,30
5219,23,15
5220,61,43
5221,64,42
5222,52,36
5223,32,13
5224,58,42
5226,31,24
5227,5,3
5228,39,27
5229,41,23
5230,27,14
5231,28,18
5232,28,15
5234,65,44
5235,14,3
5236,25,6
5237,17,6
5238,40,20
5239,29,9
5240,28,13
5241,24,7
5242,19,4
5243,39,18
5244,20,8
5245,22,8
5246,34,16
5247,26,6
5248,21,5
5249,32,12
5250,23,9
5251,13,0
5252,45,24
5253,13,3
5254,15,6
5255,47,33
5256,53,45
5257,62,42
5258,23,13
5259,15,2
5261,24,10
5262,22,2
5263,25,7
5264,28,5
5265,25,8
5266,29,13
5267,56,40
5268,17,3
5269,43,33
5270,23,6
5271,21,8
5272,30,17
5273,29,11
5274,22,17
5275,45,30
5276,33,12
5277,31,14
5278,61,51
5279,36,19
5280,50,42
5281,41,30
5282,33,17
5283,10,2
5284,13,7
5285,27,8
5286,26,11
5287,20,2
5288,24,6
5289,34,20
5290,24,4
5291,23,5
5292,23,5
5293,12,1
5294,25,9
5295,14,6
5296,16,4
5297,23,7
5298,50,43
5299,35,24
5300,17,1
5301,33,21
5302,19,8
5303,36,20
5304,10,1
5305,13,2
5306,20,2
5307,25,12
5308,20,3
5309,14,5
5310,20,7
5311,30,17
5312,20,7
5313,19,4
5314,22,5
5315,18,3
5316,24,13
5317,28,10
5318,21,5
5319,19,8
5320,21,4
5321,19,7
5322,22,6
5323,20,10
5324,18,4
5325,31,16
5326,33,11
5327,15,0
5328,19,6
5329,21,9
5330,44,33
5331,25,13
5332,28,9
5333,11,6
5334,21,3
5335,16,4
5336,16,4
5338,14,7
5339,21,6
5340,11,1
5341,8,3
5342,6,1
5343,7,2
5344,17,9
5345,15,4
5346,10,1
5347,2,0
5348,4,1
5349,6,0
5350,27,7
5351,23,12
5352,26,12
5353,7,2
5354,10,4
5355,11,0
5356,23,12
5357,15,0
5358,11,1
5359,22,9
5360,12,5
5361,9,0
5362,9,3
5364,2,0
5365,6,2
5366,6,1
5368,21,15
5369,19,4
5373,2,0
5376,26,16
5377,7,5
5378,4,1
5379,14,3
5381,9,4
5384,1,0
5385,3,1
5386,22,4
5394,2,1
5395,4,1
5398,12,5
5400,6,1
5407,4,1
