regno,選手名,n2,nige,exp,壁力,負けn,自分勝ち率,まくり決着率,壁,弱タイプ
3952,中澤和志,43,0.3256,0.5966,-27.1,29,0.414,0.552,壁弱●,素通し型
4561,藤山翔大,44,0.3409,0.5866,-24.6,29,0.31,0.552,壁弱●,素通し型
5170,佐藤太亮,41,0.3171,0.5472,-23.0,28,0.107,0.821,壁弱●,素通し型
4832,権藤俊光,43,0.3721,0.6,-22.8,27,0.519,0.519,壁弱●,食う型
5267,石本裕武,51,0.3725,0.593,-22.0,32,0.625,0.344,壁弱●,食う型
4388,是澤孝宏,47,0.383,0.6017,-21.9,29,0.276,0.586,壁弱●,素通し型
4500,山田康二,46,0.4348,0.6478,-21.3,26,0.5,0.538,壁弱●,食う型
4686,丸野一樹,43,0.4419,0.6461,-20.4,24,0.375,0.708,壁弱●,素通し型
3024,西島義則,73,0.3562,0.5589,-20.3,47,0.383,0.638,壁弱●,素通し型
4544,松田大志郎,43,0.4186,0.6126,-19.4,25,0.56,0.48,壁弱●,食う型
4369,丹下将,40,0.35,0.543,-19.3,26,0.231,0.538,壁弱●,素通し型
4083,福島勇樹,45,0.4,0.5889,-18.9,27,0.556,0.481,壁弱●,食う型
4441,末永由楽,42,0.4048,0.5941,-18.9,25,0.4,0.56,壁弱●,素通し型
4786,佐藤博亮,49,0.3878,0.5739,-18.6,30,0.6,0.4,壁弱●,食う型
4983,前田篤哉,50,0.4,0.5812,-18.1,30,0.533,0.367,壁弱●,食う型
3849,中岡正彦,51,0.3922,0.5698,-17.8,31,0.516,0.774,壁弱●,食う型
3257,田頭実,133,0.3684,0.545,-17.7,84,0.44,0.714,壁弱●,素通し型
4102,益田啓司,43,0.4186,0.5955,-17.7,25,0.64,0.48,壁弱●,食う型
5136,濱野斗馬,50,0.42,0.5934,-17.3,29,0.345,0.586,壁弱●,素通し型
4836,大谷健太,41,0.3659,0.5376,-17.2,26,0.346,0.577,壁弱●,素通し型
4370,山口達也,42,0.4286,0.5999,-17.1,24,0.5,0.542,壁弱●,食う型
3473,石川真二,167,0.4072,0.5759,-16.9,99,0.323,0.646,壁弱●,素通し型
4874,池田奈津美,91,0.3516,0.5204,-16.9,59,0.136,0.746,壁弱●,素通し型
4851,関浩哉,45,0.4667,0.6346,-16.8,24,0.542,0.5,壁弱●,食う型
3159,江口晃生,99,0.404,0.572,-16.8,59,0.305,0.678,壁弱●,素通し型
4148,枝尾賢,43,0.4186,0.5844,-16.6,25,0.4,0.6,壁弱●,素通し型
5088,高憧四季,41,0.4146,0.5789,-16.4,24,0.667,0.625,壁弱●,食う型
5139,大場恒季,40,0.375,0.5377,-16.3,25,0.48,0.44,壁弱●,素通し型
4251,川崎誠志,50,0.38,0.5391,-15.9,31,0.29,0.71,壁弱●,素通し型
3415,松井繁,54,0.5185,0.6681,-15.0,26,0.423,0.577,壁弱●,素通し型
4077,品田直樹,51,0.3922,0.5421,-15.0,31,0.452,0.581,壁弱●,素通し型
3933,山地正樹,92,0.413,0.5618,-14.9,54,0.296,0.667,壁弱●,素通し型
4824,松井洪弥,45,0.4222,0.5692,-14.7,26,0.5,0.577,壁弱●,食う型
3072,西田靖,133,0.3835,0.528,-14.4,82,0.085,0.78,壁弱●,素通し型
3814,金子貴志,41,0.439,0.5828,-14.4,23,0.174,0.739,壁弱●,素通し型
4642,松尾夏海,45,0.4222,0.5638,-14.2,26,0.385,0.538,壁弱●,素通し型
4324,海野康志郎,73,0.4658,0.6062,-14.0,39,0.487,0.462,壁弱●,素通し型
5196,鰐部太空海,41,0.4634,0.6036,-14.0,22,0.591,0.409,壁弱●,食う型
4403,木下大將,42,0.4286,0.5665,-13.8,24,0.583,0.417,壁弱●,食う型
4680,後藤美翼,40,0.375,0.5093,-13.4,25,0.16,0.72,壁弱●,素通し型
4688,永井彪也,41,0.4634,0.5964,-13.3,22,0.409,0.545,壁弱●,素通し型
3731,高濱芳久,51,0.4118,0.5439,-13.2,30,0.167,0.6,壁弱●,素通し型
4012,中村有裕,40,0.425,0.5575,-13.2,23,0.435,0.565,壁弱●,素通し型
5051,松本純平,42,0.4762,0.6056,-12.9,22,0.273,0.591,壁弱●,素通し型
5224,西岡顕心,40,0.5,0.6253,-12.5,20,0.6,0.6,壁弱●,食う型
4958,溝口海義也,47,0.4468,0.5716,-12.5,26,0.462,0.462,壁弱●,素通し型
5029,中亮太,41,0.4634,0.5846,-12.1,22,0.545,0.591,,
5132,中野希一,46,0.4565,0.5773,-12.1,25,0.56,0.48,,
4516,野口勝弘,40,0.4,0.5201,-12.0,24,0.458,0.75,,
4804,高田ひかる,41,0.4634,0.5824,-11.9,22,0.273,0.727,,
5252,荒木颯斗,46,0.4348,0.5529,-11.8,26,0.346,0.692,,
4861,田中宏樹,43,0.4419,0.5588,-11.7,24,0.208,0.542,,
4144,石塚久也,48,0.4375,0.5543,-11.7,27,0.222,0.741,,
4458,抹香雄三,43,0.4419,0.5582,-11.6,24,0.292,0.667,,
3582,吉川昭男,84,0.4405,0.5548,-11.4,47,0.404,0.532,,
3268,森竜也,51,0.4118,0.5262,-11.4,30,0.167,0.533,,
4448,青木玄太,44,0.5,0.6134,-11.3,22,0.409,0.727,,
3251,平石和男,46,0.4565,0.5693,-11.3,25,0.52,0.36,,
5193,米丸乃絵,41,0.4634,0.5757,-11.2,22,0.591,0.773,,
3532,柴田光,47,0.4468,0.5575,-11.1,26,0.346,0.615,,
3737,上平真二,42,0.5,0.6114,-11.1,21,0.381,0.524,,
3872,岡田憲行,42,0.4762,0.5854,-10.9,22,0.091,0.682,,
3920,正木聖賢,55,0.4364,0.5445,-10.8,31,0.097,0.903,,
4437,中田元泰,41,0.4878,0.5952,-10.7,21,0.143,0.714,,
4024,井口佳典,40,0.55,0.6573,-10.7,18,0.222,0.778,,
4286,平田さやか,46,0.413,0.5202,-10.7,27,0.185,0.63,,
3590,濱野谷憲吾,43,0.5581,0.6645,-10.6,19,0.526,0.632,,
3265,今村暢孝,129,0.4729,0.577,-10.4,68,0.279,0.588,,
4363,大野芳顕,45,0.5111,0.6146,-10.4,22,0.364,0.636,,
4963,實森美祐,42,0.5,0.6029,-10.3,21,0.476,0.619,,
4787,椎名豊,42,0.5,0.6024,-10.2,21,0.762,0.714,,
3663,木山和幸,40,0.5,0.6019,-10.2,20,0.15,0.6,,
5160,藤森陸斗,50,0.46,0.5606,-10.1,27,0.222,0.667,,
4848,仲谷颯仁,45,0.5556,0.6556,-10.0,20,0.4,0.55,,
4269,杉山裕也,44,0.5,0.6,-10.0,22,0.409,0.455,,
5076,石原光,43,0.4651,0.5633,-9.8,23,0.261,0.565,,
4537,渡邉和将,54,0.5,0.5978,-9.8,27,0.63,0.407,,
4390,松本弓雄,40,0.45,0.5475,-9.7,22,0.045,0.773,,
4122,安東幸治,50,0.5,0.5957,-9.6,25,0.12,0.48,,
5275,松田淳平,46,0.4783,0.5746,-9.6,24,0.667,0.458,,
3918,深井利寿,47,0.4894,0.5844,-9.5,24,0.292,0.542,,
4914,吉田裕平,40,0.6,0.6933,-9.3,16,0.375,0.688,,
4364,池永太,44,0.5455,0.6389,-9.3,20,0.45,0.55,,
4253,西川真人,42,0.4524,0.5439,-9.2,23,0.087,0.783,,
3441,土屋太朗,40,0.5,0.5918,-9.2,20,0.25,0.7,,
3965,北中元樹,44,0.4545,0.5457,-9.1,24,0.333,0.75,,
4514,上條嘉嗣,58,0.4828,0.574,-9.1,30,0.467,0.533,,
4199,北川潤二,90,0.4778,0.5677,-9.0,47,0.34,0.723,,
4089,妹尾忠幸,41,0.4878,0.5778,-9.0,21,0.143,0.905,,
4822,百武翔,47,0.4681,0.5565,-8.8,25,0.48,0.44,,
3542,清水紀克,123,0.4472,0.5343,-8.7,68,0.059,0.809,,
3983,須藤博倫,48,0.4792,0.5662,-8.7,25,0.48,0.4,,
5045,平川香織,43,0.4884,0.5757,-8.7,22,0.591,0.5,,
5157,市川健太,40,0.475,0.5616,-8.7,21,0.238,0.571,,
3623,深川真二,143,0.4965,0.583,-8.7,72,0.403,0.556,,
5191,飛田江己,52,0.5192,0.6052,-8.6,25,0.48,0.72,,
5257,西丸侑太朗,49,0.4898,0.5749,-8.5,25,0.44,0.72,,
4483,北野輝季,43,0.5349,0.6181,-8.3,20,0.45,0.55,,
4233,亀山雅幸,48,0.4583,0.5413,-8.3,26,0.423,0.731,,
4811,向井田佑紀,44,0.4773,0.5598,-8.3,23,0.217,0.739,,
4739,中村晃朋,50,0.5,0.5817,-8.2,25,0.36,0.64,,
5298,水谷理人,40,0.5,0.5817,-8.2,20,0.45,0.45,,
5028,原田才一郎,41,0.5122,0.5936,-8.1,20,0.55,0.45,,
4057,松井賢治,48,0.4583,0.5381,-8.0,26,0.308,0.654,,
4278,藤岡俊介,46,0.5,0.5794,-7.9,23,0.652,0.304,,
5058,前原大道,49,0.5102,0.5868,-7.7,24,0.458,0.5,,
4413,水摩敦,59,0.4746,0.5519,-7.7,31,0.194,0.581,,
4260,中越博紀,45,0.4889,0.5651,-7.6,23,0.304,0.565,,
5276,大島隆乃介,40,0.5,0.5752,-7.5,20,0.25,0.6,,
4241,大串重幸,41,0.5122,0.5859,-7.4,20,0.15,0.85,,
4433,川野芽唯,48,0.5208,0.5948,-7.4,23,0.652,0.522,,
5229,吉川晴人,40,0.5,0.5731,-7.3,20,0.2,0.75,,
4443,津田裕絵,45,0.4889,0.5594,-7.0,23,0.304,0.652,,
3771,折下寛法,43,0.4651,0.5356,-7.0,23,0.261,0.783,,
4793,金子萌,42,0.5238,0.5937,-7.0,20,0.5,0.35,,
4960,黒野元基,40,0.5,0.5701,-7.0,20,0.6,0.45,,
5010,宇留田翔平,51,0.4706,0.541,-7.0,27,0.259,0.667,,
4348,宮崎奨,44,0.5227,0.5931,-7.0,21,0.381,0.571,,
3946,赤岩善生,123,0.5041,0.573,-6.9,61,0.344,0.59,,
3690,河合三弘,41,0.4878,0.5567,-6.9,21,0.238,0.762,,
4737,竹井貴史,46,0.5217,0.5889,-6.7,22,0.682,0.5,,
5278,田中駿兵,43,0.4884,0.5551,-6.7,22,0.409,0.545,,
4210,松村康太,40,0.5,0.5661,-6.6,20,0.15,0.85,,
3703,鳥飼眞,45,0.4889,0.5545,-6.6,23,0.304,0.565,,
4377,濱本優一,44,0.4773,0.5432,-6.6,23,0.435,0.391,,
5068,前田滉,41,0.5366,0.6022,-6.6,19,0.632,0.526,,
4118,宇佐見淳,41,0.5122,0.5777,-6.5,20,0.35,0.55,,
4256,渡辺浩司,42,0.5714,0.6365,-6.5,18,0.389,0.611,,
4852,川原祐明,40,0.525,0.5895,-6.4,19,0.737,0.579,,
4357,田中和也,55,0.5091,0.5717,-6.3,27,0.444,0.481,,
3212,亀本勇樹,43,0.4884,0.5498,-6.1,22,0.091,0.682,,
5292,佐藤右京,41,0.4878,0.5477,-6.0,21,0.19,0.762,,
4236,松村敏,40,0.525,0.5846,-6.0,19,0.421,0.737,,
4293,鈴木智啓,40,0.475,0.5348,-6.0,21,0.238,0.667,,
5112,砂長知輝,48,0.5417,0.6015,-6.0,22,0.5,0.409,,
3576,白水勝也,49,0.5306,0.5905,-6.0,23,0.348,0.609,,
4099,吉永則雄,41,0.5122,0.5709,-5.9,20,0.3,0.6,,
4311,岡村仁,44,0.5227,0.5818,-5.9,21,0.524,0.619,,
5158,宮脇遼太,46,0.5435,0.6026,-5.9,21,0.476,0.714,,
4452,松尾祭,45,0.5111,0.5694,-5.8,22,0.364,0.455,,
4624,高田明,44,0.5455,0.6016,-5.6,20,0.5,0.55,,
3997,北村征嗣,52,0.5385,0.5949,-5.6,24,0.333,0.583,,
4035,杉江浩明,41,0.4878,0.5437,-5.6,21,0.19,0.667,,
4886,入海馨,43,0.5814,0.6369,-5.6,18,0.333,0.611,,
4796,春園功太,44,0.5455,0.6005,-5.5,20,0.55,0.6,,
4042,丸岡正典,41,0.561,0.6161,-5.5,18,0.444,0.5,,
5223,森清友翔,46,0.4565,0.5104,-5.4,25,0.28,0.6,,
4743,木村仁紀,54,0.537,0.5909,-5.4,25,0.36,0.72,,
5330,安河内鈴之介,46,0.5435,0.5969,-5.3,21,0.429,0.619,,
4055,吉田俊彦,54,0.5185,0.5717,-5.3,26,0.577,0.385,,
4539,金子賢志,41,0.561,0.6127,-5.2,18,0.389,0.389,,
5280,廣瀬凜,55,0.5455,0.5978,-5.2,25,0.52,0.48,,
4704,河野大,54,0.5556,0.6074,-5.2,24,0.375,0.625,,
3966,作間章,45,0.5111,0.5622,-5.1,22,0.409,0.636,,
4063,市橋卓士,51,0.5098,0.5605,-5.1,25,0.4,0.64,,
4320,峰竜太,40,0.625,0.6754,-5.0,15,0.533,0.467,,
3412,鈴木博,42,0.5,0.5505,-5.0,21,0.143,0.762,,
4151,下河誉史,47,0.5106,0.5604,-5.0,23,0.261,0.391,,
3641,一瀬明,50,0.5,0.5499,-5.0,25,0.24,0.72,,
4467,渡邉俊介,41,0.5122,0.5613,-4.9,20,0.3,0.65,,
5142,常住蓮,48,0.5625,0.6113,-4.9,21,0.571,0.429,,
3362,間嶋仁志,92,0.5,0.5475,-4.8,46,0.283,0.63,,
3550,都築正治,46,0.5652,0.6128,-4.8,20,0.3,0.75,,
5221,竹間隆晟,42,0.5238,0.5712,-4.7,20,0.6,0.55,,
5189,藤原早菜,45,0.4889,0.5356,-4.7,23,0.304,0.739,,
4052,興津藍,42,0.5476,0.5947,-4.7,19,0.316,0.526,,
3503,堂原洋史,42,0.4762,0.5222,-4.6,22,0.045,0.773,,
4436,渋谷明憲,42,0.5238,0.5696,-4.6,20,0.45,0.55,,
3662,大庭元明,42,0.5,0.5457,-4.6,21,0.238,0.571,,
4821,妻鳥晋也,40,0.525,0.5696,-4.5,19,0.316,0.579,,
4193,郷原章平,55,0.5091,0.5528,-4.4,27,0.481,0.519,,
4028,田村隆信,45,0.5778,0.622,-4.4,19,0.316,0.684,,
5016,宮田龍馬,41,0.5366,0.5792,-4.3,19,0.526,0.526,,
4974,安井瑞紀,43,0.5116,0.5547,-4.3,21,0.381,0.619,,
4298,宮下元胤,46,0.5217,0.5634,-4.2,22,0.227,0.591,,
5216,長谷川晴哉,42,0.5,0.5417,-4.2,21,0.429,0.619,,
4262,馬場貴也,41,0.6341,0.675,-4.1,15,0.6,0.2,,
4350,篠崎元志,46,0.587,0.6279,-4.1,19,0.632,0.526,,
3898,平田忠則,42,0.5476,0.5885,-4.1,19,0.579,0.316,,
4397,西村拓也,47,0.5957,0.6367,-4.1,19,0.474,0.474,,
3439,大平誉史明,40,0.55,0.5914,-4.1,18,0.389,0.5,,
4475,末永祐輝,46,0.5435,0.5848,-4.1,21,0.19,0.714,,
4168,石野貴之,45,0.6,0.6402,-4.0,18,0.444,0.556,,
4058,野末智一,44,0.5227,0.5631,-4.0,21,0.381,0.619,,
4611,今井美亜,43,0.5116,0.5521,-4.0,21,0.524,0.619,,
5060,数原魁,43,0.4884,0.5276,-3.9,22,0.364,0.636,,
4067,永井源,46,0.5217,0.5609,-3.9,22,0.455,0.636,,
4515,藤田浩人,45,0.5111,0.5491,-3.8,22,0.364,0.409,,
4179,広次修,40,0.525,0.5628,-3.8,19,0.474,0.421,,
4931,木谷賢太,45,0.5556,0.5924,-3.7,20,0.45,0.45,,
5352,西岡蒼志,40,0.525,0.5623,-3.7,19,0.211,0.737,,
4994,山本梨菜,42,0.5238,0.5595,-3.6,20,0.4,0.8,,
5205,刑部亜里紗,41,0.5122,0.5477,-3.5,20,0.3,0.4,,
4760,山崎郡,42,0.5952,0.6304,-3.5,17,0.353,0.471,,
4237,大峯豊,44,0.6136,0.6481,-3.4,17,0.529,0.353,,
4079,出畑孝典,45,0.5111,0.5448,-3.4,22,0.455,0.5,,
4856,豊田健士郎,50,0.6,0.6341,-3.4,20,0.6,0.7,,
3568,木村光宏,42,0.5238,0.5572,-3.3,20,0.1,0.5,,
4601,森野正弘,43,0.5581,0.5905,-3.2,19,0.579,0.368,,
4288,永田啓二,51,0.549,0.5809,-3.2,23,0.739,0.435,,
4948,木場悠介,40,0.5,0.5324,-3.2,20,0.15,0.75,,
4834,浜本裕己,46,0.5435,0.5744,-3.1,21,0.286,0.571,,
5153,佐藤ほのか,40,0.55,0.5814,-3.1,18,0.056,0.778,,
4472,尾嶋一広,47,0.5745,0.6046,-3.0,20,0.65,0.25,,
4342,谷野錬志,40,0.55,0.5804,-3.0,18,0.556,0.333,,
5036,福田翔吾,40,0.525,0.5555,-3.0,19,0.158,0.632,,
3915,繁野谷圭介,45,0.5333,0.5622,-2.9,21,0.381,0.429,,
4428,有賀達也,45,0.5333,0.5623,-2.9,21,0.429,0.571,,
4738,清埜翔子,43,0.4884,0.5178,-2.9,22,0.591,0.5,,
4261,岡祐臣,43,0.5349,0.5635,-2.9,20,0.1,0.7,,
3850,小川知行,43,0.5116,0.5396,-2.8,21,0.19,0.667,,
4218,吉川喜継,63,0.5397,0.5679,-2.8,29,0.379,0.586,,
5073,上原健次郎,42,0.5476,0.5754,-2.8,19,0.263,0.684,,
4289,落合直子,42,0.5,0.5281,-2.8,21,0.571,0.619,,
4117,廣中智紗衣,40,0.525,0.5525,-2.7,19,0.263,0.684,,
4159,向後龍一,49,0.551,0.577,-2.6,22,0.364,0.545,,
4173,岡谷健吾,44,0.5455,0.5704,-2.5,20,0.25,0.55,,
4710,福田宗平,49,0.551,0.5765,-2.5,22,0.318,0.636,,
3297,藤丸光一,59,0.5085,0.5334,-2.5,29,0.172,0.724,,
5043,中村日向,44,0.6136,0.639,-2.5,17,0.471,0.529,,
4061,萩原秀人,41,0.6098,0.6352,-2.5,16,0.375,0.562,,
5214,田中宏典,42,0.5714,0.5952,-2.4,18,0.111,0.722,,
5096,上原崚,42,0.5714,0.5954,-2.4,18,0.333,0.667,,
4294,古賀繁輝,41,0.5854,0.6096,-2.4,17,0.412,0.647,,
3304,烏野賢太,50,0.54,0.5636,-2.4,23,0.174,0.652,,
5121,定松勇樹,46,0.6304,0.6531,-2.3,17,0.588,0.412,,
4182,吉田和仁,43,0.5116,0.5348,-2.3,21,0.19,0.714,,
5279,石渡翔一郎,45,0.5111,0.5334,-2.2,22,0.5,0.409,,
3813,佐藤大介,41,0.5854,0.6069,-2.2,17,0.412,0.588,,
4938,小芦るり華,49,0.5714,0.5926,-2.1,21,0.714,0.429,,
4451,松崎祐太郎,45,0.5556,0.5768,-2.1,20,0.4,0.65,,
4084,杉山正樹,49,0.6122,0.6336,-2.1,19,0.211,0.632,,
5015,高橋竜矢,41,0.5854,0.6064,-2.1,17,0.647,0.412,,
4961,西橋奈未,41,0.5854,0.6062,-2.1,17,0.353,0.647,,
3546,中里昌志,40,0.525,0.5463,-2.1,19,0.105,0.789,,
4532,秋元哲,47,0.5957,0.6165,-2.1,19,0.526,0.421,,
5075,中島秀治,42,0.5714,0.5907,-1.9,18,0.333,0.444,,
3572,安田政彦,44,0.5455,0.5645,-1.9,20,0.2,0.65,,
4536,喜井つかさ,47,0.5319,0.5487,-1.7,22,0.545,0.545,,
4953,尾上雅也,44,0.5682,0.5847,-1.7,19,0.474,0.526,,
4839,四宮与寛,40,0.525,0.5416,-1.7,19,0.474,0.632,,
4043,桐本康臣,41,0.561,0.577,-1.6,18,0.167,0.556,,
3885,久田武,42,0.5714,0.5874,-1.6,18,0.5,0.333,,
4376,藤田靖弘,52,0.5385,0.5548,-1.6,24,0.208,0.75,,
3627,井上恵一,42,0.5238,0.5398,-1.6,20,0.05,0.8,,
3430,角浜修,42,0.5714,0.5875,-1.6,18,0.111,0.667,,
4583,古田祐貴,43,0.5349,0.5501,-1.5,20,0.25,0.6,,
3564,桑原啓,41,0.5122,0.5265,-1.4,20,0.35,0.75,,
4109,谷津幸宏,43,0.5349,0.5485,-1.4,20,0.2,0.75,,
4497,桑原悠,42,0.5952,0.6092,-1.4,17,0.647,0.353,,
4776,竹田和哉,46,0.587,0.6001,-1.3,19,0.526,0.421,,
3940,飯山泰,48,0.5417,0.5542,-1.3,22,0.364,0.591,,
4308,河村了,44,0.5909,0.603,-1.2,18,0.389,0.5,,
4189,川上剛,58,0.569,0.581,-1.2,25,0.32,0.68,,
3482,金子猛志,41,0.5122,0.5241,-1.2,20,0.15,0.75,,
5018,竹下大樹,49,0.5714,0.5825,-1.1,21,0.571,0.571,,
3574,大神康司,127,0.5433,0.5523,-0.9,58,0.362,0.603,,
5143,常盤海心,40,0.55,0.5587,-0.9,18,0.056,0.722,,
4477,篠崎仁志,43,0.6512,0.6598,-0.9,15,0.4,0.6,,
4471,新田泰章,49,0.5918,0.5994,-0.8,20,0.7,0.45,,
4959,井上忠政,49,0.6327,0.6406,-0.8,18,0.611,0.5,,
3944,山口裕二,43,0.6047,0.6115,-0.7,17,0.294,0.471,,
4430,永田秀二,49,0.551,0.5575,-0.6,22,0.273,0.636,,
4074,柳沢一,43,0.5814,0.5872,-0.6,18,0.556,0.5,,
3256,三角哲男,42,0.5714,0.5768,-0.5,18,0.444,0.5,,
4181,花本夏樹,40,0.525,0.527,-0.2,19,0.105,0.789,,
5034,若林義人,49,0.5918,0.5936,-0.2,20,0.25,0.5,,
4381,田路朋史,40,0.6,0.602,-0.2,16,0.312,0.75,,
4124,池田雄一,40,0.55,0.5503,-0.0,18,0.556,0.389,,
4446,和田兼輔,47,0.5957,0.5958,-0.0,19,0.579,0.526,,
4460,後藤翔之,45,0.5778,0.5764,0.1,19,0.316,0.579,,
3327,野長瀬正孝,56,0.5714,0.5706,0.1,24,0.25,0.625,,
4076,杉田篤光,43,0.5581,0.557,0.1,19,0.211,0.737,,
4174,赤坂俊輔,47,0.5745,0.5726,0.2,20,0.4,0.45,,
3934,鋤柄貴俊,40,0.55,0.5484,0.2,18,0.167,0.611,,
3841,佐々木和伸,49,0.551,0.5478,0.3,22,0.273,0.5,,
5264,登みひ果,45,0.5778,0.5735,0.4,19,0.368,0.737,,
3951,石川吉鎬,42,0.5476,0.5428,0.5,19,0.421,0.526,,
4302,西野翔太,60,0.5667,0.5622,0.5,26,0.462,0.462,,
5035,櫻井優,42,0.5714,0.5661,0.5,18,0.389,0.611,,
5178,成貞琳平,44,0.5455,0.5406,0.5,20,0.15,0.7,,
4196,田中太一郎,40,0.55,0.5448,0.5,18,0.111,0.722,,
4231,鈴木裕隆,47,0.5745,0.5685,0.6,20,0.6,0.45,,
4191,赤羽克也,48,0.5625,0.5563,0.6,21,0.571,0.524,,
4486,野村誠,42,0.5714,0.5652,0.6,18,0.444,0.333,,
4424,松尾昂明,44,0.5909,0.5852,0.6,18,0.444,0.5,,
5082,一色凌雅,47,0.5745,0.5675,0.7,20,0.05,0.8,,
3730,塩崎優司,41,0.561,0.5544,0.7,18,0.111,0.944,,
3333,丸尾義孝,42,0.5952,0.587,0.8,17,0.471,0.529,,
4488,小山勉,40,0.55,0.5415,0.8,18,0.389,0.5,,
4900,中田夕貴,41,0.5854,0.5776,0.8,17,0.353,0.706,,
4551,三川昂暁,45,0.5778,0.5691,0.9,19,0.421,0.632,,
4927,関野文,46,0.5652,0.5556,1.0,20,0.45,0.45,,
4941,孫崎百世,40,0.575,0.5649,1.0,17,0.353,0.529,,
3612,馬袋義則,62,0.5806,0.569,1.2,26,0.231,0.731,,
3908,重成一人,44,0.6364,0.6242,1.2,16,0.562,0.5,,
3489,大場敏,51,0.5686,0.5566,1.2,22,0.227,0.773,,
5177,松井貫太,43,0.5581,0.5462,1.2,19,0.263,0.526,,
4295,小坂尚哉,51,0.5882,0.5751,1.3,21,0.619,0.667,,
4512,高野哲史,43,0.5814,0.568,1.3,18,0.611,0.444,,
3340,池田雷太,41,0.5366,0.523,1.4,19,0.211,0.789,,
5301,岩下巧斗,41,0.5854,0.571,1.4,17,0.235,0.765,,
4496,内堀学,55,0.5818,0.5667,1.5,23,0.304,0.565,,
4292,麻生慎介,41,0.5854,0.5694,1.6,17,0.353,0.706,,
4501,樋口由加里,43,0.5581,0.5421,1.6,19,0.263,0.737,,
3539,金子順一,50,0.56,0.5437,1.6,22,0.136,0.682,,
3300,川崎智幸,45,0.6,0.5844,1.6,18,0.444,0.556,,
4930,佐藤悠,40,0.575,0.559,1.6,17,0.471,0.647,,
3870,寺嶋雄,44,0.5455,0.5297,1.6,20,0.05,0.7,,
4420,津久井拓也,48,0.6042,0.5874,1.7,19,0.105,0.684,,
5003,来田衣織,43,0.5581,0.5407,1.7,19,0.158,0.632,,
3563,堤昇,50,0.58,0.5618,1.8,21,0.19,0.714,,
4581,吉村誠,46,0.587,0.5683,1.9,19,0.684,0.368,,
4640,山ノ内雅人,41,0.6341,0.6137,2.0,15,0.2,0.733,,
5263,花田凱成,41,0.6098,0.5894,2.0,16,0.188,0.562,,
3775,泉啓文,40,0.575,0.5542,2.1,17,0.176,0.765,,
5145,島川海輝,50,0.6,0.579,2.1,20,0.4,0.85,,
3654,武田光史,41,0.6098,0.5885,2.1,16,0.438,0.562,,
3661,柳瀬興志,46,0.5652,0.5429,2.2,20,0.2,0.6,,
5326,三嶌さらら,41,0.561,0.5387,2.2,18,0.333,0.556,,
3743,林美憲,52,0.5577,0.5344,2.3,23,0.304,0.652,,
3562,山下和彦,41,0.5854,0.5614,2.4,17,0.176,0.588,,
4604,岩瀬裕亮,45,0.6667,0.6424,2.4,15,0.667,0.467,,
3349,吉田一郎,53,0.6038,0.5796,2.4,21,0.476,0.381,,
3156,金子良昭,43,0.5814,0.557,2.4,18,0.111,0.611,,
3554,仲口博崇,59,0.6271,0.6021,2.5,22,0.318,0.682,,
4163,山崎裕司,45,0.6,0.5731,2.7,18,0.222,0.556,,
4873,蒲原健太,45,0.6,0.5724,2.8,18,0.333,0.556,,
4607,鶴田勇雄,46,0.6087,0.5807,2.8,18,0.222,0.667,,
5064,品川二千翔,41,0.6341,0.6064,2.8,15,0.333,0.467,,
4762,藤原啓史朗,41,0.6585,0.6292,2.9,14,0.714,0.357,,
4857,加藤翔馬,40,0.625,0.5961,2.9,15,0.467,0.4,,
4659,木下翔太,47,0.6596,0.6291,3.0,16,0.562,0.5,,
4259,真庭明志,47,0.617,0.5868,3.0,18,0.444,0.444,,
4398,船岡洋一郎,42,0.6429,0.6131,3.0,15,0.267,0.533,,
5307,富永夏哉人,43,0.6047,0.5751,3.0,17,0.118,0.765,,
4146,柳橋宏紀,42,0.5952,0.5633,3.2,17,0.176,0.588,,
4623,中北将史,43,0.5814,0.5489,3.2,18,0.389,0.444,,
4105,松下直也,42,0.5952,0.5608,3.4,17,0.353,0.529,,
5134,大原祥昌,44,0.6136,0.5798,3.4,17,0.353,0.529,,
4957,竹之内極,44,0.5909,0.5564,3.5,18,0.333,0.556,,
3957,大谷直弘,42,0.5952,0.56,3.5,17,0.294,0.824,,
4389,伊藤喜智,42,0.619,0.5833,3.6,16,0.312,0.75,,
3777,樋口亮,40,0.6,0.5638,3.6,16,0.5,0.625,,
4890,石川諒,41,0.5854,0.5475,3.8,17,0.353,0.529,,
4113,木村浩士,40,0.575,0.5368,3.8,17,0.471,0.471,,
3909,佐々木康幸,41,0.6098,0.5713,3.8,16,0.438,0.75,,
5265,大廣咲季,41,0.561,0.5224,3.9,18,0.0,0.889,,
5234,塚越海斗,45,0.6222,0.582,4.0,17,0.824,0.353,,
3984,坂口周,51,0.6078,0.5674,4.0,20,0.4,0.6,,
3807,岡部哲,42,0.5952,0.5548,4.0,17,0.294,0.706,,
3613,角谷健吾,41,0.5854,0.5441,4.1,17,0.294,0.529,,
4902,山川雄大,41,0.6098,0.5679,4.2,16,0.188,0.625,,
3687,花田和明,57,0.614,0.5724,4.2,22,0.136,0.818,,
4033,伊藤将吉,46,0.6522,0.6091,4.3,16,0.375,0.375,,
4531,武富智亮,43,0.6047,0.5614,4.3,17,0.353,0.588,,
3910,松下知幸,42,0.5952,0.5509,4.4,17,0.176,0.647,,
4713,白神優,45,0.6444,0.6002,4.4,16,0.5,0.438,,
4171,榎幸司,40,0.625,0.5811,4.4,15,0.333,0.533,,
4876,梅木敬太,44,0.6136,0.5692,4.4,17,0.059,0.588,,
4172,森定晃史,45,0.6,0.5561,4.4,18,0.167,0.667,,
4224,大橋栄里佳,40,0.6,0.5559,4.4,16,0.25,0.625,,
4649,和田操拓,40,0.575,0.5314,4.4,17,0.353,0.529,,
3746,岡瀬正人,44,0.5909,0.5449,4.6,18,0.389,0.667,,
3406,中里英夫,41,0.5854,0.5396,4.6,17,0.294,0.588,,
4409,坂元浩仁,44,0.6364,0.5881,4.8,16,0.438,0.625,,
4049,荒川健太,46,0.6087,0.5611,4.8,18,0.333,0.444,,
2538,高橋二朗,41,0.5854,0.5375,4.8,17,0.059,0.588,,
4319,三宅潤,45,0.6222,0.5727,4.9,17,0.294,0.706,,
4208,三浦永理,45,0.6444,0.5954,4.9,16,0.5,0.5,,
4908,上田龍星,43,0.6744,0.6245,5.0,14,0.5,0.429,,
5102,原田雄次,40,0.625,0.5751,5.0,15,0.2,0.8,,
4732,堀本和也,44,0.6364,0.5861,5.0,16,0.625,0.375,,
4933,板橋侑我,41,0.6829,0.6322,5.1,13,0.385,0.538,,
5031,渡辺空依,43,0.6279,0.5771,5.1,16,0.25,0.562,,
4264,長尾章平,42,0.6667,0.6145,5.2,14,0.429,0.429,,
5017,澤田尚也,43,0.6977,0.6453,5.2,13,0.615,0.308,,
4978,山田和佐,42,0.619,0.5662,5.3,16,0.25,0.625,,
3888,山本英志,43,0.6279,0.5754,5.3,16,0.25,0.562,,
4645,上村純一,41,0.6585,0.6052,5.3,14,0.429,0.5,,
5114,小林孝彰,48,0.6042,0.5493,5.5,19,0.368,0.632,,
5222,津田陸翔,46,0.6522,0.5967,5.5,16,0.438,0.625,,
4466,南佑典,43,0.6047,0.5481,5.7,17,0.294,0.529,,
4015,前野竜一,49,0.6327,0.5733,5.9,18,0.278,0.667,,
4000,松本博昭,45,0.6222,0.5628,5.9,17,0.235,0.529,,
4910,中村泰平,40,0.65,0.5899,6.0,14,0.429,0.429,,
4844,村上奈穂,49,0.6122,0.5527,6.0,19,0.158,0.632,,
4468,大池佑来,43,0.6744,0.6149,6.0,14,0.357,0.571,,
4123,細川裕子,44,0.6364,0.5761,6.0,16,0.375,0.688,,
4366,前沢丈史,48,0.625,0.5638,6.1,18,0.444,0.389,,
5351,齊藤廉,41,0.6098,0.5486,6.1,16,0.188,0.438,,
4679,植田太一,47,0.617,0.5554,6.2,18,0.278,0.667,,
4991,宗行治哉,40,0.625,0.563,6.2,15,0.4,0.6,,
3833,中辻博訓,46,0.6304,0.564,6.6,17,0.647,0.471,,
5247,大森翼,46,0.6304,0.5633,6.7,17,0.118,0.824,,
3748,小黒竜吾,41,0.6098,0.5403,6.9,16,0.125,0.688,,
4962,畑竜生,43,0.6047,0.5345,7.0,17,0.235,0.765,,
4550,石岡将太,40,0.65,0.5803,7.0,14,0.357,0.571,,
4798,浜先真範,41,0.6341,0.5641,7.0,15,0.6,0.2,,
3505,山田竜一,42,0.5952,0.5239,7.1,17,0.353,0.529,,
3740,大澤普司,40,0.65,0.5782,7.2,14,0.429,0.5,,
3744,徳増秀樹,41,0.6829,0.609,7.4,13,0.385,0.462,,
3843,上之晃弘,41,0.6341,0.5578,7.6,15,0.133,0.667,,
4019,笠原亮,41,0.7073,0.631,7.6,12,0.25,0.917,,
3928,林恵祐,41,0.6585,0.5797,7.9,14,0.071,0.857,,
4506,稗田聖也,42,0.6667,0.5862,8.0,14,0.643,0.429,,
3303,渡辺豊,43,0.6047,0.5247,8.0,17,0.059,0.529,,
4209,藤田竜弘,42,0.6667,0.5825,8.4,14,0.143,0.786,壁強●,
4924,中北涼,42,0.619,0.5347,8.4,16,0.062,0.625,壁強●,
4227,安達裕樹,43,0.6977,0.6122,8.5,13,0.231,0.615,壁強●,
3618,海野ゆかり,46,0.6522,0.5658,8.6,16,0.5,0.75,壁強●,
4423,坂口貴彦,40,0.65,0.5641,8.6,14,0.357,0.571,壁強●,
3922,菅沼佳昭,45,0.6667,0.5799,8.7,15,0.067,0.867,壁強●,
4137,君島秀三,45,0.6889,0.6004,8.8,14,0.429,0.571,壁強●,
5026,安河内健,45,0.6667,0.5774,8.9,15,0.467,0.4,壁強●,
3804,中渡修作,47,0.6383,0.5479,9.0,17,0.294,0.529,壁強●,
4904,松本一毅,46,0.6739,0.5835,9.0,15,0.133,0.733,壁強●,
4967,中村魁生,41,0.6829,0.5929,9.0,13,0.308,0.692,壁強●,
3999,大瀧明日香,50,0.66,0.5689,9.1,17,0.235,0.706,壁強●,
3557,太田和美,54,0.7222,0.63,9.2,15,0.2,0.6,壁強●,
5038,金田智博,44,0.6591,0.5673,9.2,15,0.667,0.267,壁強●,
3334,角ひとみ,41,0.6341,0.5411,9.3,15,0.267,0.733,壁強●,
4588,田中京介,44,0.6591,0.5653,9.4,15,0.4,0.733,壁強●,
5212,西川拓利,43,0.6744,0.5795,9.5,14,0.429,0.643,壁強●,
4379,桑島和宏,45,0.6667,0.5716,9.5,15,0.267,0.533,壁強●,
4410,井上大輔,41,0.6829,0.5856,9.7,13,0.231,0.385,壁強●,
4297,山田哲也,41,0.6829,0.583,10.0,13,0.231,0.769,壁強●,
3614,谷勝幸,47,0.6596,0.5588,10.1,16,0.125,0.75,壁強●,
4672,守屋大地,40,0.65,0.5484,10.2,14,0.214,0.643,壁強●,
5220,青木蓮,40,0.675,0.5723,10.3,13,0.538,0.538,壁強●,
4504,前田将太,41,0.7317,0.6284,10.3,11,0.273,0.909,壁強●,
4226,村田浩司,40,0.65,0.5447,10.5,14,0.071,0.857,壁強●,
5105,富田恕生,43,0.6744,0.5681,10.6,14,0.071,0.786,壁強●,
4040,廣瀬将亨,49,0.6735,0.5656,10.8,16,0.188,0.812,壁強●,
3721,守田俊介,40,0.725,0.6145,11.0,11,0.727,0.364,壁強●,
4826,井上一輝,42,0.7381,0.6249,11.3,11,0.545,0.636,壁強●,
4411,沢田昭宏,43,0.6977,0.5827,11.5,13,0.385,0.692,壁強●,
3973,崎利仁,46,0.6522,0.5337,11.8,16,0.125,0.812,壁強●,
4347,魚谷香織,42,0.6905,0.5713,11.9,13,0.385,0.538,壁強●,
4788,小池哲也,46,0.6957,0.5747,12.1,14,0.357,0.643,壁強●,
3822,平尾崇典,48,0.75,0.626,12.4,12,0.5,0.5,壁強●,
5376,吉田一心,40,0.7,0.5753,12.5,12,0.25,0.5,壁強●,
3905,天野友和,44,0.7045,0.5708,13.4,13,0.154,0.846,壁強●,
4002,古結宏,40,0.725,0.5885,13.6,11,0.364,0.455,壁強●,
5109,川崎智稔,40,0.7,0.5639,13.6,12,0.417,0.833,壁強●,
3891,谷口健一,40,0.675,0.5324,14.3,13,0.154,0.538,壁強●,
4030,森高一真,45,0.8222,0.6781,14.4,8,0.25,0.5,壁強●,
3882,新田智彰,40,0.7,0.5452,15.5,12,0.25,0.667,壁強●,
4073,大橋純一郎,41,0.7317,0.5753,15.6,11,0.636,0.455,壁強●,
5004,河野主樹,42,0.7143,0.5516,16.3,12,0.5,0.167,壁強●,
3655,本橋克洋,43,0.7209,0.541,18.0,12,0.0,0.75,壁強●,
3401,上田隆章,40,0.75,0.5644,18.6,10,0.3,0.6,壁強●,
3911,鈴木猛,45,0.7556,0.5634,19.2,11,0.455,0.455,壁強●,
3282,池本輝明,43,0.7442,0.5434,20.1,11,0.0,0.909,壁強●,
