date,race,combo,odds
2026-04-30,1,1-2-3,5.6
2026-04-30,1,1-2-4,6.7
2026-04-30,1,1-2-5,72.2
2026-04-30,1,1-2-6,32.8
2026-04-30,1,1-3-2,5.8
2026-04-30,1,1-3-4,5.8
2026-04-30,1,1-3-5,59.5
2026-04-30,1,1-3-6,23.4
2026-04-30,1,1-4-2,10.4
2026-04-30,1,1-4-3,9.3
2026-04-30,1,1-4-5,67.5
2026-04-30,1,1-4-6,25.4
2026-04-30,1,1-5-2,268.8
2026-04-30,1,1-5-3,265.0
2026-04-30,1,1-5-4,263.8
2026-04-30,1,1-5-6,325.3
2026-04-30,1,1-6-2,103.3
2026-04-30,1,1-6-3,96.9
2026-04-30,1,1-6-4,98.9
2026-04-30,1,1-6-5,334.3
2026-04-30,1,2-1-3,55.8
2026-04-30,1,2-1-4,66.0
2026-04-30,1,2-1-5,424.7
2026-04-30,1,2-1-6,232.1
2026-04-30,1,2-3-1,142.6
2026-04-30,1,2-3-4,288.6
2026-04-30,1,2-3-5,1147.0
2026-04-30,1,2-3-6,753.6
2026-04-30,1,2-4-1,210.9
2026-04-30,1,2-4-3,374.1
2026-04-30,1,2-4-5,1548.0
2026-04-30,1,2-4-6,847.1
2026-04-30,1,2-5-1,1455.0
2026-04-30,1,2-5-3,1952.0
2026-04-30,1,2-5-4,2277.0
2026-04-30,1,2-5-6,2436.0
2026-04-30,1,2-6-1,916.3
2026-04-30,1,2-6-3,1525.0
2026-04-30,1,2-6-4,1645.0
2026-04-30,1,2-6-5,3022.0
2026-04-30,1,3-1-2,43.8
2026-04-30,1,3-1-4,37.2
2026-04-30,1,3-1-5,240.8
2026-04-30,1,3-1-6,116.5
2026-04-30,1,3-2-1,119.0
2026-04-30,1,3-2-4,195.3
2026-04-30,1,3-2-5,720.8
2026-04-30,1,3-2-6,548.5
2026-04-30,1,3-4-1,81.6
2026-04-30,1,3-4-2,176.7
2026-04-30,1,3-4-5,629.8
2026-04-30,1,3-4-6,313.9
2026-04-30,1,3-5-1,913.6
2026-04-30,1,3-5-2,1058.0
2026-04-30,1,3-5-4,1403.0
2026-04-30,1,3-5-6,1525.0
2026-04-30,1,3-6-1,459.4
2026-04-30,1,3-6-2,913.6
2026-04-30,1,3-6-4,895.4
2026-04-30,1,3-6-5,1736.0
2026-04-30,1,4-1-2,85.4
2026-04-30,1,4-1-3,83.0
2026-04-30,1,4-1-5,319.4
2026-04-30,1,4-1-6,174.3
2026-04-30,1,4-2-1,186.4
2026-04-30,1,4-2-3,458.1
2026-04-30,1,4-2-5,1262.0
2026-04-30,1,4-2-6,678.8
2026-04-30,1,4-3-1,153.0
2026-04-30,1,4-3-2,350.3
2026-04-30,1,4-3-5,1208.0
2026-04-30,1,4-3-6,543.7
2026-04-30,1,4-5-1,707.8
2026-04-30,1,4-5-2,1409.0
2026-04-30,1,4-5-3,1654.0
2026-04-30,1,4-5-6,1227.0
2026-04-30,1,4-6-1,447.0
2026-04-30,1,4-6-2,851.7
2026-04-30,1,4-6-3,982.1
2026-04-30,1,4-6-5,1533.0
2026-04-30,1,5-1-2,1242.0
2026-04-30,1,5-1-3,1277.0
2026-04-30,1,5-1-4,1218.0
2026-04-30,1,5-1-6,1726.0
2026-04-30,1,5-2-1,1952.0
2026-04-30,1,5-2-3,2067.0
2026-04-30,1,5-2-4,3571.0
2026-04-30,1,5-2-6,3832.0
2026-04-30,1,5-3-1,1548.0
2026-04-30,1,5-3-2,2261.0
2026-04-30,1,5-3-4,3453.0
2026-04-30,1,5-3-6,3832.0
2026-04-30,1,5-4-1,1795.0
2026-04-30,1,5-4-2,3081.0
2026-04-30,1,5-4-3,2993.0
2026-04-30,1,5-4-6,3051.0
2026-04-30,1,5-6-1,2555.0
2026-04-30,1,5-6-2,4621.0
2026-04-30,1,5-6-3,3531.0
2026-04-30,1,5-6-4,4029.0
2026-04-30,1,6-1-2,875.4
2026-04-30,1,6-1-3,1004.0
2026-04-30,1,6-1-4,970.0
2026-04-30,1,6-1-5,2597.0
2026-04-30,1,6-2-1,1587.0
2026-04-30,1,6-2-3,2494.0
2026-04-30,1,6-2-4,2663.0
2026-04-30,1,6-2-5,4988.0
2026-04-30,1,6-3-1,1916.0
2026-04-30,1,6-3-2,2965.0
2026-04-30,1,6-3-4,2641.0
2026-04-30,1,6-3-5,4690.0
2026-04-30,1,6-4-1,1611.0
2026-04-30,1,6-4-2,2910.0
2026-04-30,1,6-4-3,3174.0
2026-04-30,1,6-4-5,4029.0
2026-04-30,1,6-5-1,3531.0
2026-04-30,1,6-5-2,4554.0
2026-04-30,1,6-5-3,5069.0
2026-04-30,1,6-5-4,4081.0
2026-04-30,2,1-2-3,22.1
2026-04-30,2,1-2-4,26.0
2026-04-30,2,1-2-5,12.8
2026-04-30,2,1-2-6,372.6
2026-04-30,2,1-3-2,28.3
2026-04-30,2,1-3-4,34.1
2026-04-30,2,1-3-5,21.1
2026-04-30,2,1-3-6,393.4
2026-04-30,2,1-4-2,39.3
2026-04-30,2,1-4-3,50.1
2026-04-30,2,1-4-5,31.2
2026-04-30,2,1-4-6,447.0
2026-04-30,2,1-5-2,20.1
2026-04-30,2,1-5-3,28.7
2026-04-30,2,1-5-4,37.7
2026-04-30,2,1-5-6,252.5
2026-04-30,2,1-6-2,1126.0
2026-04-30,2,1-6-3,1205.0
2026-04-30,2,1-6-4,1222.0
2026-04-30,2,1-6-5,838.6
2026-04-30,2,2-1-3,41.5
2026-04-30,2,2-1-4,40.1
2026-04-30,2,2-1-5,19.0
2026-04-30,2,2-1-6,461.4
2026-04-30,2,2-3-1,73.1
2026-04-30,2,2-3-4,94.4
2026-04-30,2,2-3-5,26.4
2026-04-30,2,2-3-6,484.1
2026-04-30,2,2-4-1,81.0
2026-04-30,2,2-4-3,119.8
2026-04-30,2,2-4-5,46.9
2026-04-30,2,2-4-6,633.6
2026-04-30,2,2-5-1,27.7
2026-04-30,2,2-5-3,23.1
2026-04-30,2,2-5-4,34.3
2026-04-30,2,2-5-6,246.2
2026-04-30,2,2-6-1,1673.0
2026-04-30,2,2-6-3,1226.0
2026-04-30,2,2-6-4,1681.0
2026-04-30,2,2-6-5,870.4
2026-04-30,2,3-1-2,95.3
2026-04-30,2,3-1-4,100.6
2026-04-30,2,3-1-5,59.9
2026-04-30,2,3-1-6,645.4
2026-04-30,2,3-2-1,105.9
2026-04-30,2,3-2-4,130.1
2026-04-30,2,3-2-5,46.9
2026-04-30,2,3-2-6,613.3
2026-04-30,2,3-4-1,136.8
2026-04-30,2,3-4-2,146.6
2026-04-30,2,3-4-5,94.6
2026-04-30,2,3-4-6,805.3
2026-04-30,2,3-5-1,67.6
2026-04-30,2,3-5-2,46.6
2026-04-30,2,3-5-4,86.2
2026-04-30,2,3-5-6,360.5
2026-04-30,2,3-6-1,1665.0
2026-04-30,2,3-6-2,1681.0
2026-04-30,2,3-6-4,1992.0
2026-04-30,2,3-6-5,1248.0
2026-04-30,2,4-1-2,78.2
2026-04-30,2,4-1-3,136.0
2026-04-30,2,4-1-5,52.6
2026-04-30,2,4-1-6,389.0
2026-04-30,2,4-2-1,91.8
2026-04-30,2,4-2-3,162.5
2026-04-30,2,4-2-5,54.1
2026-04-30,2,4-2-6,488.2
2026-04-30,2,4-3-1,215.5
2026-04-30,2,4-3-2,200.5
2026-04-30,2,4-3-5,135.9
2026-04-30,2,4-3-6,675.8
2026-04-30,2,4-5-1,41.6
2026-04-30,2,4-5-2,39.8
2026-04-30,2,4-5-3,78.5
2026-04-30,2,4-5-6,130.1
2026-04-30,2,4-6-1,1156.0
2026-04-30,2,4-6-2,1137.0
2026-04-30,2,4-6-3,1538.0
2026-04-30,2,4-6-5,645.4
2026-04-30,2,5-1-2,50.2
2026-04-30,2,5-1-3,86.4
2026-04-30,2,5-1-4,85.0
2026-04-30,2,5-1-6,335.3
2026-04-30,2,5-2-1,43.9
2026-04-30,2,5-2-3,41.1
2026-04-30,2,5-2-4,53.3
2026-04-30,2,5-2-6,254.3
2026-04-30,2,5-3-1,125.8
2026-04-30,2,5-3-2,66.5
2026-04-30,2,5-3-4,162.2
2026-04-30,2,5-3-6,493.8
2026-04-30,2,5-4-1,82.9
2026-04-30,2,5-4-2,58.4
2026-04-30,2,5-4-3,121.4
2026-04-30,2,5-4-6,209.2
2026-04-30,2,5-6-1,767.6
2026-04-30,2,5-6-2,608.9
2026-04-30,2,5-6-3,909.4
2026-04-30,2,5-6-4,702.0
2026-04-30,2,6-1-2,3191.0
2026-04-30,2,6-1-3,2672.0
2026-04-30,2,6-1-4,4055.0
2026-04-30,2,6-1-5,3314.0
2026-04-30,2,6-2-1,3379.0
2026-04-30,2,6-2-3,3517.0
2026-04-30,2,6-2-4,4055.0
2026-04-30,2,6-2-5,2848.0
2026-04-30,2,6-3-1,4363.0
2026-04-30,2,6-3-2,4255.0
2026-04-30,2,6-3-4,4103.0
2026-04-30,2,6-3-5,3961.0
2026-04-30,2,6-4-1,4924.0
2026-04-30,2,6-4-2,4255.0
2026-04-30,2,6-4-3,4854.0
2026-04-30,2,6-4-5,2672.0
2026-04-30,2,6-5-1,3133.0
2026-04-30,2,6-5-2,2651.0
2026-04-30,2,6-5-3,3191.0
2026-04-30,2,6-5-4,2497.0
2026-04-30,3,1-2-3,5.8
2026-04-30,3,1-2-4,54.5
2026-04-30,3,1-2-5,7.6
2026-04-30,3,1-2-6,22.6
2026-04-30,3,1-3-2,8.4
2026-04-30,3,1-3-4,76.8
2026-04-30,3,1-3-5,12.0
2026-04-30,3,1-3-6,26.6
2026-04-30,3,1-4-2,129.4
2026-04-30,3,1-4-3,170.6
2026-04-30,3,1-4-5,116.9
2026-04-30,3,1-4-6,219.4
2026-04-30,3,1-5-2,14.0
2026-04-30,3,1-5-3,19.5
2026-04-30,3,1-5-4,94.6
2026-04-30,3,1-5-6,35.0
2026-04-30,3,1-6-2,86.8
2026-04-30,3,1-6-3,101.6
2026-04-30,3,1-6-4,336.2
2026-04-30,3,1-6-5,102.9
2026-04-30,3,2-1-3,22.2
2026-04-30,3,2-1-4,169.9
2026-04-30,3,2-1-5,28.8
2026-04-30,3,2-1-6,51.9
2026-04-30,3,2-3-1,54.8
2026-04-30,3,2-3-4,379.2
2026-04-30,3,2-3-5,78.4
2026-04-30,3,2-3-6,124.3
2026-04-30,3,2-4-1,474.0
2026-04-30,3,2-4-3,696.7
2026-04-30,3,2-4-5,554.3
2026-04-30,3,2-4-6,754.3
2026-04-30,3,2-5-1,68.6
2026-04-30,3,2-5-3,103.2
2026-04-30,3,2-5-4,388.1
2026-04-30,3,2-5-6,161.5
2026-04-30,3,2-6-1,308.1
2026-04-30,3,2-6-3,403.4
2026-04-30,3,2-6-4,1355.0
2026-04-30,3,2-6-5,405.8
2026-04-30,3,3-1-2,48.1
2026-04-30,3,3-1-4,368.7
2026-04-30,3,3-1-5,69.8
2026-04-30,3,3-1-6,91.8
2026-04-30,3,3-2-1,77.5
2026-04-30,3,3-2-4,502.1
2026-04-30,3,3-2-5,127.4
2026-04-30,3,3-2-6,157.5
2026-04-30,3,3-4-1,806.9
2026-04-30,3,3-4-2,781.5
2026-04-30,3,3-4-5,999.9
2026-04-30,3,3-4-6,1621.0
2026-04-30,3,3-5-1,138.9
2026-04-30,3,3-5-2,172.4
2026-04-30,3,3-5-4,801.3
2026-04-30,3,3-5-6,242.9
2026-04-30,3,3-6-1,373.5
2026-04-30,3,3-6-2,446.5
2026-04-30,3,3-6-4,1788.0
2026-04-30,3,3-6-5,568.8
2026-04-30,3,4-1-2,250.3
2026-04-30,3,4-1-3,483.9
2026-04-30,3,4-1-5,190.9
2026-04-30,3,4-1-6,313.4
2026-04-30,3,4-2-1,337.5
2026-04-30,3,4-2-3,713.9
2026-04-30,3,4-2-5,348.7
2026-04-30,3,4-2-6,499.2
2026-04-30,3,4-3-1,988.5
2026-04-30,3,4-3-2,1145.0
2026-04-30,3,4-3-5,1084.0
2026-04-30,3,4-3-6,1629.0
2026-04-30,3,4-5-1,189.2
2026-04-30,3,4-5-2,256.8
2026-04-30,3,4-5-3,488.0
2026-04-30,3,4-5-6,220.7
2026-04-30,3,4-6-1,730.5
2026-04-30,3,4-6-2,1011.0
2026-04-30,3,4-6-3,1549.0
2026-04-30,3,4-6-5,537.1
2026-04-30,3,5-1-2,43.4
2026-04-30,3,5-1-3,67.4
2026-04-30,3,5-1-4,190.3
2026-04-30,3,5-1-6,75.6
2026-04-30,3,5-2-1,72.1
2026-04-30,3,5-2-3,126.4
2026-04-30,3,5-2-4,351.5
2026-04-30,3,5-2-6,158.3
2026-04-30,3,5-3-1,156.5
2026-04-30,3,5-3-2,200.1
2026-04-30,3,5-3-4,869.6
2026-04-30,3,5-3-6,257.6
2026-04-30,3,5-4-1,269.1
2026-04-30,3,5-4-2,470.1
2026-04-30,3,5-4-3,797.6
2026-04-30,3,5-4-6,315.1
2026-04-30,3,5-6-1,162.1
2026-04-30,3,5-6-2,235.0
2026-04-30,3,5-6-3,303.3
2026-04-30,3,5-6-4,432.1
2026-04-30,3,6-1-2,589.1
2026-04-30,3,6-1-3,776.2
2026-04-30,3,6-1-4,1577.0
2026-04-30,3,6-1-5,632.0
2026-04-30,3,6-2-1,846.3
2026-04-30,3,6-2-3,1393.0
2026-04-30,3,6-2-4,2376.0
2026-04-30,3,6-2-5,1230.0
2026-04-30,3,6-3-1,1261.0
2026-04-30,3,6-3-2,1502.0
2026-04-30,3,6-3-4,3183.0
2026-04-30,3,6-3-5,2115.0
2026-04-30,3,6-4-1,2103.0
2026-04-30,3,6-4-2,2991.0
2026-04-30,3,6-4-3,4082.0
2026-04-30,3,6-4-5,1439.0
2026-04-30,3,6-5-1,662.2
2026-04-30,3,6-5-2,1098.0
2026-04-30,3,6-5-3,1700.0
2026-04-30,3,6-5-4,1217.0
2026-04-30,4,1-2-3,9.7
2026-04-30,4,1-2-4,33.4
2026-04-30,4,1-2-5,21.1
2026-04-30,4,1-2-6,18.4
2026-04-30,4,1-3-2,8.7
2026-04-30,4,1-3-4,12.3
2026-04-30,4,1-3-5,11.0
2026-04-30,4,1-3-6,9.6
2026-04-30,4,1-4-2,72.5
2026-04-30,4,1-4-3,44.3
2026-04-30,4,1-4-5,102.5
2026-04-30,4,1-4-6,63.4
2026-04-30,4,1-5-2,44.3
2026-04-30,4,1-5-3,31.1
2026-04-30,4,1-5-4,102.9
2026-04-30,4,1-5-6,37.6
2026-04-30,4,1-6-2,63.4
2026-04-30,4,1-6-3,45.3
2026-04-30,4,1-6-4,113.6
2026-04-30,4,1-6-5,77.8
2026-04-30,4,2-1-3,44.1
2026-04-30,4,2-1-4,125.8
2026-04-30,4,2-1-5,88.0
2026-04-30,4,2-1-6,73.1
2026-04-30,4,2-3-1,73.3
2026-04-30,4,2-3-4,180.8
2026-04-30,4,2-3-5,127.9
2026-04-30,4,2-3-6,141.4
2026-04-30,4,2-4-1,313.1
2026-04-30,4,2-4-3,352.5
2026-04-30,4,2-4-5,518.7
2026-04-30,4,2-4-6,447.6
2026-04-30,4,2-5-1,223.6
2026-04-30,4,2-5-3,228.7
2026-04-30,4,2-5-4,663.3
2026-04-30,4,2-5-6,314.0
2026-04-30,4,2-6-1,337.8
2026-04-30,4,2-6-3,393.3
2026-04-30,4,2-6-4,724.9
2026-04-30,4,2-6-5,612.3
2026-04-30,4,3-1-2,31.0
2026-04-30,4,3-1-4,35.4
2026-04-30,4,3-1-5,32.6
2026-04-30,4,3-1-6,27.5
2026-04-30,4,3-2-1,64.8
2026-04-30,4,3-2-4,147.1
2026-04-30,4,3-2-5,112.7
2026-04-30,4,3-2-6,137.2
2026-04-30,4,3-4-1,92.8
2026-04-30,4,3-4-2,176.9
2026-04-30,4,3-4-5,178.8
2026-04-30,4,3-4-6,147.8
2026-04-30,4,3-5-1,78.8
2026-04-30,4,3-5-2,142.7
2026-04-30,4,3-5-4,230.6
2026-04-30,4,3-5-6,115.4
2026-04-30,4,3-6-1,86.1
2026-04-30,4,3-6-2,188.8
2026-04-30,4,3-6-4,221.8
2026-04-30,4,3-6-5,178.7
2026-04-30,4,4-1-2,476.4
2026-04-30,4,4-1-3,288.0
2026-04-30,4,4-1-5,542.5
2026-04-30,4,4-1-6,406.5
2026-04-30,4,4-2-1,819.9
2026-04-30,4,4-2-3,838.7
2026-04-30,4,4-2-5,1440.0
2026-04-30,4,4-2-6,1075.0
2026-04-30,4,4-3-1,421.0
2026-04-30,4,4-3-2,766.7
2026-04-30,4,4-3-5,923.7
2026-04-30,4,4-3-6,688.4
2026-04-30,4,4-5-1,882.7
2026-04-30,4,4-5-2,1627.0
2026-04-30,4,4-5-3,1137.0
2026-04-30,4,4-5-6,1146.0
2026-04-30,4,4-6-1,884.5
2026-04-30,4,4-6-2,1389.0
2026-04-30,4,4-6-3,943.6
2026-04-30,4,4-6-5,1580.0
2026-04-30,4,5-1-2,160.5
2026-04-30,4,5-1-3,112.8
2026-04-30,4,5-1-4,378.1
2026-04-30,4,5-1-6,128.2
2026-04-30,4,5-2-1,275.1
2026-04-30,4,5-2-3,277.2
2026-04-30,4,5-2-4,966.5
2026-04-30,4,5-2-6,316.3
2026-04-30,4,5-3-1,170.1
2026-04-30,4,5-3-2,285.2
2026-04-30,4,5-3-4,623.7
2026-04-30,4,5-3-6,235.3
2026-04-30,4,5-4-1,939.5
2026-04-30,4,5-4-2,1592.0
2026-04-30,4,5-4-3,1032.0
2026-04-30,4,5-4-6,925.6
2026-04-30,4,5-6-1,208.6
2026-04-30,4,5-6-2,318.6
2026-04-30,4,5-6-3,264.5
2026-04-30,4,5-6-4,757.5
2026-04-30,4,6-1-2,517.5
2026-04-30,4,6-1-3,249.0
2026-04-30,4,6-1-4,877.4
2026-04-30,4,6-1-5,546.6
2026-04-30,4,6-2-1,895.3
2026-04-30,4,6-2-3,900.9
2026-04-30,4,6-2-4,1839.0
2026-04-30,4,6-2-5,1240.0
2026-04-30,4,6-3-1,341.5
2026-04-30,4,6-3-2,837.1
2026-04-30,4,6-3-4,1193.0
2026-04-30,4,6-3-5,842.0
2026-04-30,4,6-4-1,1515.0
2026-04-30,4,6-4-2,2530.0
2026-04-30,4,6-4-3,1603.0
2026-04-30,4,6-4-5,2958.0
2026-04-30,4,6-5-1,590.0
2026-04-30,4,6-5-2,986.1
2026-04-30,4,6-5-3,721.3
2026-04-30,4,6-5-4,2156.0
2026-04-30,5,1-2-3,54.6
2026-04-30,5,1-2-4,29.7
2026-04-30,5,1-2-5,70.8
2026-04-30,5,1-2-6,79.2
2026-04-30,5,1-3-2,98.8
2026-04-30,5,1-3-4,106.9
2026-04-30,5,1-3-5,195.1
2026-04-30,5,1-3-6,243.3
2026-04-30,5,1-4-2,45.2
2026-04-30,5,1-4-3,98.4
2026-04-30,5,1-4-5,86.3
2026-04-30,5,1-4-6,90.4
2026-04-30,5,1-5-2,173.3
2026-04-30,5,1-5-3,282.3
2026-04-30,5,1-5-4,153.2
2026-04-30,5,1-5-6,358.6
2026-04-30,5,1-6-2,141.3
2026-04-30,5,1-6-3,300.0
2026-04-30,5,1-6-4,166.3
2026-04-30,5,1-6-5,404.0
2026-04-30,5,2-1-3,41.3
2026-04-30,5,2-1-4,20.4
2026-04-30,5,2-1-5,40.8
2026-04-30,5,2-1-6,59.1
2026-04-30,5,2-3-1,60.3
2026-04-30,5,2-3-4,26.1
2026-04-30,5,2-3-5,47.8
2026-04-30,5,2-3-6,45.5
2026-04-30,5,2-4-1,22.9
2026-04-30,5,2-4-3,22.5
2026-04-30,5,2-4-5,19.0
2026-04-30,5,2-4-6,17.0
2026-04-30,5,2-5-1,72.2
2026-04-30,5,2-5-3,73.4
2026-04-30,5,2-5-4,36.8
2026-04-30,5,2-5-6,93.0
2026-04-30,5,2-6-1,70.2
2026-04-30,5,2-6-3,60.5
2026-04-30,5,2-6-4,27.4
2026-04-30,5,2-6-5,110.3
2026-04-30,5,3-1-2,207.4
2026-04-30,5,3-1-4,169.6
2026-04-30,5,3-1-5,293.1
2026-04-30,5,3-1-6,350.5
2026-04-30,5,3-2-1,143.4
2026-04-30,5,3-2-4,66.5
2026-04-30,5,3-2-5,109.6
2026-04-30,5,3-2-6,121.8
2026-04-30,5,3-4-1,189.4
2026-04-30,5,3-4-2,100.1
2026-04-30,5,3-4-5,128.1
2026-04-30,5,3-4-6,188.4
2026-04-30,5,3-5-1,384.5
2026-04-30,5,3-5-2,230.2
2026-04-30,5,3-5-4,212.0
2026-04-30,5,3-5-6,546.0
2026-04-30,5,3-6-1,484.2
2026-04-30,5,3-6-2,212.0
2026-04-30,5,3-6-4,296.5
2026-04-30,5,3-6-5,586.3
2026-04-30,5,4-1-2,58.6
2026-04-30,5,4-1-3,150.5
2026-04-30,5,4-1-5,100.9
2026-04-30,5,4-1-6,100.2
2026-04-30,5,4-2-1,41.7
2026-04-30,5,4-2-3,53.5
2026-04-30,5,4-2-5,39.9
2026-04-30,5,4-2-6,28.9
2026-04-30,5,4-3-1,233.7
2026-04-30,5,4-3-2,111.9
2026-04-30,5,4-3-5,180.1
2026-04-30,5,4-3-6,202.5
2026-04-30,5,4-5-1,112.2
2026-04-30,5,4-5-2,65.7
2026-04-30,5,4-5-3,141.1
2026-04-30,5,4-5-6,77.0
2026-04-30,5,4-6-1,102.7
2026-04-30,5,4-6-2,39.9
2026-04-30,5,4-6-3,137.4
2026-04-30,5,4-6-5,90.1
2026-04-30,5,5-1-2,295.7
2026-04-30,5,5-1-3,468.1
2026-04-30,5,5-1-4,229.7
2026-04-30,5,5-1-6,690.0
2026-04-30,5,5-2-1,210.5
2026-04-30,5,5-2-3,232.2
2026-04-30,5,5-2-4,105.9
2026-04-30,5,5-2-6,241.3
2026-04-30,5,5-3-1,644.2
2026-04-30,5,5-3-2,405.5
2026-04-30,5,5-3-4,370.8
2026-04-30,5,5-3-6,777.2
2026-04-30,5,5-4-1,223.3
2026-04-30,5,5-4-2,130.7
2026-04-30,5,5-4-3,270.1
2026-04-30,5,5-4-6,187.5
2026-04-30,5,5-6-1,736.6
2026-04-30,5,5-6-2,381.1
2026-04-30,5,5-6-3,801.4
2026-04-30,5,5-6-4,276.6
2026-04-30,5,6-1-2,129.3
2026-04-30,5,6-1-3,306.3
2026-04-30,5,6-1-4,186.4
2026-04-30,5,6-1-5,454.5
2026-04-30,5,6-2-1,97.0
2026-04-30,5,6-2-3,83.3
2026-04-30,5,6-2-4,42.3
2026-04-30,5,6-2-5,164.1
2026-04-30,5,6-3-1,392.4
2026-04-30,5,6-3-2,147.6
2026-04-30,5,6-3-4,220.2
2026-04-30,5,6-3-5,548.7
2026-04-30,5,6-4-1,171.5
2026-04-30,5,6-4-2,56.4
2026-04-30,5,6-4-3,177.8
2026-04-30,5,6-4-5,167.4
2026-04-30,5,6-5-1,663.8
2026-04-30,5,6-5-2,314.0
2026-04-30,5,6-5-3,666.8
2026-04-30,5,6-5-4,235.9
2026-04-30,6,1-2-3,17.9
2026-04-30,6,1-2-4,11.7
2026-04-30,6,1-2-5,228.6
2026-04-30,6,1-2-6,192.1
2026-04-30,6,1-3-2,21.7
2026-04-30,6,1-3-4,21.3
2026-04-30,6,1-3-5,307.8
2026-04-30,6,1-3-6,275.5
2026-04-30,6,1-4-2,12.2
2026-04-30,6,1-4-3,18.3
2026-04-30,6,1-4-5,164.4
2026-04-30,6,1-4-6,137.9
2026-04-30,6,1-5-2,614.3
2026-04-30,6,1-5-3,777.1
2026-04-30,6,1-5-4,676.3
2026-04-30,6,1-5-6,1134.0
2026-04-30,6,1-6-2,778.6
2026-04-30,6,1-6-3,954.3
2026-04-30,6,1-6-4,734.4
2026-04-30,6,1-6-5,1455.0
2026-04-30,6,2-1-3,23.6
2026-04-30,6,2-1-4,13.1
2026-04-30,6,2-1-5,248.9
2026-04-30,6,2-1-6,226.6
2026-04-30,6,2-3-1,47.1
2026-04-30,6,2-3-4,32.6
2026-04-30,6,2-3-5,351.1
2026-04-30,6,2-3-6,330.4
2026-04-30,6,2-4-1,14.9
2026-04-30,6,2-4-3,22.0
2026-04-30,6,2-4-5,137.2
2026-04-30,6,2-4-6,115.1
2026-04-30,6,2-5-1,618.1
2026-04-30,6,2-5-3,602.3
2026-04-30,6,2-5-4,378.3
2026-04-30,6,2-5-6,1030.0
2026-04-30,6,2-6-1,810.0
2026-04-30,6,2-6-3,923.6
2026-04-30,6,2-6-4,582.2
2026-04-30,6,2-6-5,1385.0
2026-04-30,6,3-1-2,44.7
2026-04-30,6,3-1-4,37.0
2026-04-30,6,3-1-5,425.1
2026-04-30,6,3-1-6,354.2
2026-04-30,6,3-2-1,51.4
2026-04-30,6,3-2-4,37.4
2026-04-30,6,3-2-5,436.2
2026-04-30,6,3-2-6,406.2
2026-04-30,6,3-4-1,34.8
2026-04-30,6,3-4-2,30.8
2026-04-30,6,3-4-5,269.4
2026-04-30,6,3-4-6,172.7
2026-04-30,6,3-5-1,911.0
2026-04-30,6,3-5-2,687.9
2026-04-30,6,3-5-4,763.8
2026-04-30,6,3-5-6,1588.0
2026-04-30,6,3-6-1,1060.0
2026-04-30,6,3-6-2,1060.0
2026-04-30,6,3-6-4,819.9
2026-04-30,6,3-6-5,1940.0
2026-04-30,6,4-1-2,13.5
2026-04-30,6,4-1-3,26.0
2026-04-30,6,4-1-5,100.5
2026-04-30,6,4-1-6,85.0
2026-04-30,6,4-2-1,13.4
2026-04-30,6,4-2-3,20.2
2026-04-30,6,4-2-5,96.1
2026-04-30,6,4-2-6,68.4
2026-04-30,6,4-3-1,35.7
2026-04-30,6,4-3-2,30.9
2026-04-30,6,4-3-5,212.3
2026-04-30,6,4-3-6,137.3
2026-04-30,6,4-5-1,149.5
2026-04-30,6,4-5-2,148.8
2026-04-30,6,4-5-3,251.8
2026-04-30,6,4-5-6,225.3
2026-04-30,6,4-6-1,181.3
2026-04-30,6,4-6-2,173.1
2026-04-30,6,4-6-3,324.7
2026-04-30,6,4-6-5,352.1
2026-04-30,6,5-1-2,1046.0
2026-04-30,6,5-1-3,1283.0
2026-04-30,6,5-1-4,1054.0
2026-04-30,6,5-1-6,2219.0
2026-04-30,6,5-2-1,1134.0
2026-04-30,6,5-2-3,1027.0
2026-04-30,6,5-2-4,842.2
2026-04-30,6,5-2-6,1731.0
2026-04-30,6,5-3-1,1950.0
2026-04-30,6,5-3-2,1516.0
2026-04-30,6,5-3-4,1809.0
2026-04-30,6,5-3-6,3900.0
2026-04-30,6,5-4-1,902.8
2026-04-30,6,5-4-2,828.3
2026-04-30,6,5-4-3,1103.0
2026-04-30,6,5-4-6,1275.0
2026-04-30,6,5-6-1,3404.0
2026-04-30,6,5-6-2,2592.0
2026-04-30,6,5-6-3,4141.0
2026-04-30,6,5-6-4,2160.0
2026-04-30,6,6-1-2,1988.0
2026-04-30,6,6-1-3,3066.0
2026-04-30,6,6-1-4,2137.0
2026-04-30,6,6-1-5,4464.0
2026-04-30,6,6-2-1,2696.0
2026-04-30,6,6-2-3,3020.0
2026-04-30,6,6-2-4,1429.0
2026-04-30,6,6-2-5,4058.0
2026-04-30,6,6-3-1,3720.0
2026-04-30,6,6-3-2,3900.0
2026-04-30,6,6-3-4,3293.0
2026-04-30,6,6-3-5,6480.0
2026-04-30,6,6-4-1,1886.0
2026-04-30,6,6-4-2,1404.0
2026-04-30,6,6-4-3,2322.0
2026-04-30,6,6-4-5,2349.0
2026-04-30,6,6-5-1,4671.0
2026-04-30,6,6-5-2,4099.0
2026-04-30,6,6-5-3,5580.0
2026-04-30,6,6-5-4,2714.0
2026-04-30,7,1-2-3,10.8
2026-04-30,7,1-2-4,137.9
2026-04-30,7,1-2-5,41.4
2026-04-30,7,1-2-6,48.5
2026-04-30,7,1-3-2,8.9
2026-04-30,7,1-3-4,98.3
2026-04-30,7,1-3-5,24.8
2026-04-30,7,1-3-6,21.5
2026-04-30,7,1-4-2,320.5
2026-04-30,7,1-4-3,292.3
2026-04-30,7,1-4-5,375.1
2026-04-30,7,1-4-6,394.3
2026-04-30,7,1-5-2,90.9
2026-04-30,7,1-5-3,71.2
2026-04-30,7,1-5-4,343.1
2026-04-30,7,1-5-6,143.0
2026-04-30,7,1-6-2,145.5
2026-04-30,7,1-6-3,92.0
2026-04-30,7,1-6-4,548.8
2026-04-30,7,1-6-5,242.1
2026-04-30,7,2-1-3,17.1
2026-04-30,7,2-1-4,175.7
2026-04-30,7,2-1-5,52.8
2026-04-30,7,2-1-6,53.5
2026-04-30,7,2-3-1,18.8
2026-04-30,7,2-3-4,97.5
2026-04-30,7,2-3-5,26.4
2026-04-30,7,2-3-6,20.6
2026-04-30,7,2-4-1,366.9
2026-04-30,7,2-4-3,269.3
2026-04-30,7,2-4-5,414.0
2026-04-30,7,2-4-6,358.5
2026-04-30,7,2-5-1,111.1
2026-04-30,7,2-5-3,69.5
2026-04-30,7,2-5-4,370.3
2026-04-30,7,2-5-6,108.2
2026-04-30,7,2-6-1,125.3
2026-04-30,7,2-6-3,72.4
2026-04-30,7,2-6-4,465.5
2026-04-30,7,2-6-5,151.8
2026-04-30,7,3-1-2,15.4
2026-04-30,7,3-1-4,113.4
2026-04-30,7,3-1-5,34.3
2026-04-30,7,3-1-6,25.3
2026-04-30,7,3-2-1,17.7
2026-04-30,7,3-2-4,100.0
2026-04-30,7,3-2-5,25.2
2026-04-30,7,3-2-6,17.2
2026-04-30,7,3-4-1,217.6
2026-04-30,7,3-4-2,215.1
2026-04-30,7,3-4-5,253.3
2026-04-30,7,3-4-6,185.9
2026-04-30,7,3-5-1,66.9
2026-04-30,7,3-5-2,48.7
2026-04-30,7,3-5-4,227.8
2026-04-30,7,3-5-6,56.3
2026-04-30,7,3-6-1,54.3
2026-04-30,7,3-6-2,38.9
2026-04-30,7,3-6-4,211.9
2026-04-30,7,3-6-5,74.3
2026-04-30,7,4-1-2,504.6
2026-04-30,7,4-1-3,542.7
2026-04-30,7,4-1-5,610.7
2026-04-30,7,4-1-6,565.8
2026-04-30,7,4-2-1,675.6
2026-04-30,7,4-2-3,520.1
2026-04-30,7,4-2-5,760.0
2026-04-30,7,4-2-6,651.5
2026-04-30,7,4-3-1,644.8
2026-04-30,7,4-3-2,515.9
2026-04-30,7,4-3-5,797.3
2026-04-30,7,4-3-6,596.6
2026-04-30,7,4-5-1,688.4
2026-04-30,7,4-5-2,645.8
2026-04-30,7,4-5-3,723.6
2026-04-30,7,4-5-6,534.7
2026-04-30,7,4-6-1,807.5
2026-04-30,7,4-6-2,762.6
2026-04-30,7,4-6-3,765.3
2026-04-30,7,4-6-5,765.3
2026-04-30,7,5-1-2,224.1
2026-04-30,7,5-1-3,186.6
2026-04-30,7,5-1-4,603.2
2026-04-30,7,5-1-6,244.5
2026-04-30,7,5-2-1,246.6
2026-04-30,7,5-2-3,147.9
2026-04-30,7,5-2-4,696.0
2026-04-30,7,5-2-6,214.5
2026-04-30,7,5-3-1,203.3
2026-04-30,7,5-3-2,154.5
2026-04-30,7,5-3-4,666.4
2026-04-30,7,5-3-6,193.9
2026-04-30,7,5-4-1,949.1
2026-04-30,7,5-4-2,1107.0
2026-04-30,7,5-4-3,976.6
2026-04-30,7,5-4-6,896.7
2026-04-30,7,5-6-1,335.0
2026-04-30,7,5-6-2,274.0
2026-04-30,7,5-6-3,246.0
2026-04-30,7,5-6-4,813.5
2026-04-30,7,6-1-2,371.3
2026-04-30,7,6-1-3,319.6
2026-04-30,7,6-1-4,1093.0
2026-04-30,7,6-1-5,807.5
2026-04-30,7,6-2-1,371.3
2026-04-30,7,6-2-3,202.0
2026-04-30,7,6-2-4,1289.0
2026-04-30,7,6-2-5,644.8
2026-04-30,7,6-3-1,245.3
2026-04-30,7,6-3-2,172.9
2026-04-30,7,6-3-4,955.3
2026-04-30,7,6-3-5,515.3
2026-04-30,7,6-4-1,1374.0
2026-04-30,7,6-4-2,1667.0
2026-04-30,7,6-4-3,1301.0
2026-04-30,7,6-4-5,1768.0
2026-04-30,7,6-5-1,788.7
2026-04-30,7,6-5-2,644.8
2026-04-30,7,6-5-3,568.0
2026-04-30,7,6-5-4,1366.0
2026-04-30,8,1-2-3,10.7
2026-04-30,8,1-2-4,36.6
2026-04-30,8,1-2-5,26.4
2026-04-30,8,1-2-6,276.3
2026-04-30,8,1-3-2,7.5
2026-04-30,8,1-3-4,15.0
2026-04-30,8,1-3-5,7.7
2026-04-30,8,1-3-6,140.9
2026-04-30,8,1-4-2,62.1
2026-04-30,8,1-4-3,39.8
2026-04-30,8,1-4-5,67.2
2026-04-30,8,1-4-6,319.4
2026-04-30,8,1-5-2,32.3
2026-04-30,8,1-5-3,18.8
2026-04-30,8,1-5-4,69.8
2026-04-30,8,1-5-6,294.3
2026-04-30,8,1-6-2,1059.0
2026-04-30,8,1-6-3,702.1
2026-04-30,8,1-6-4,1191.0
2026-04-30,8,1-6-5,1008.0
2026-04-30,8,2-1-3,42.9
2026-04-30,8,2-1-4,137.5
2026-04-30,8,2-1-5,69.4
2026-04-30,8,2-1-6,709.7
2026-04-30,8,2-3-1,62.8
2026-04-30,8,2-3-4,168.9
2026-04-30,8,2-3-5,77.5
2026-04-30,8,2-3-6,789.5
2026-04-30,8,2-4-1,279.0
2026-04-30,8,2-4-3,285.5
2026-04-30,8,2-4-5,338.0
2026-04-30,8,2-4-6,1389.0
2026-04-30,8,2-5-1,120.0
2026-04-30,8,2-5-3,109.5
2026-04-30,8,2-5-4,277.8
2026-04-30,8,2-5-6,716.2
2026-04-30,8,2-6-1,2016.0
2026-04-30,8,2-6-3,1779.0
2026-04-30,8,2-6-4,2520.0
2026-04-30,8,2-6-5,1881.0
2026-04-30,8,3-1-2,18.3
2026-04-30,8,3-1-4,28.6
2026-04-30,8,3-1-5,13.4
2026-04-30,8,3-1-6,223.0
2026-04-30,8,3-2-1,38.7
2026-04-30,8,3-2-4,93.3
2026-04-30,8,3-2-5,40.6
2026-04-30,8,3-2-6,396.7
2026-04-30,8,3-4-1,56.2
2026-04-30,8,3-4-2,97.6
2026-04-30,8,3-4-5,56.2
2026-04-30,8,3-4-6,431.6
2026-04-30,8,3-5-1,19.8
2026-04-30,8,3-5-2,30.9
2026-04-30,8,3-5-4,51.2
2026-04-30,8,3-5-6,177.6
2026-04-30,8,3-6-1,873.7
2026-04-30,8,3-6-2,1101.0
2026-04-30,8,3-6-4,1198.0
2026-04-30,8,3-6-5,862.2
2026-04-30,8,4-1-2,329.5
2026-04-30,8,4-1-3,187.1
2026-04-30,8,4-1-5,279.0
2026-04-30,8,4-1-6,1136.0
2026-04-30,8,4-2-1,483.6
2026-04-30,8,4-2-3,512.6
2026-04-30,8,4-2-5,601.2
2026-04-30,8,4-2-6,1554.0
2026-04-30,8,4-3-1,208.9
2026-04-30,8,4-3-2,408.7
2026-04-30,8,4-3-5,257.1
2026-04-30,8,4-3-6,1177.0
2026-04-30,8,4-5-1,365.7
2026-04-30,8,4-5-2,509.3
2026-04-30,8,4-5-3,334.9
2026-04-30,8,4-5-6,1089.0
2026-04-30,8,4-6-1,2457.0
2026-04-30,8,4-6-2,2457.0
2026-04-30,8,4-6-3,2340.0
2026-04-30,8,4-6-5,2299.0
2026-04-30,8,5-1-2,81.6
2026-04-30,8,5-1-3,47.0
2026-04-30,8,5-1-4,182.1
2026-04-30,8,5-1-6,422.3
2026-04-30,8,5-2-1,130.3
2026-04-30,8,5-2-3,115.5
2026-04-30,8,5-2-4,328.2
2026-04-30,8,5-2-6,622.1
2026-04-30,8,5-3-1,51.4
2026-04-30,8,5-3-2,85.8
2026-04-30,8,5-3-4,159.6
2026-04-30,8,5-3-6,392.0
2026-04-30,8,5-4-1,339.2
2026-04-30,8,5-4-2,469.2
2026-04-30,8,5-4-3,273.8
2026-04-30,8,5-4-6,1404.0
2026-04-30,8,5-6-1,1117.0
2026-04-30,8,5-6-2,1293.0
2026-04-30,8,5-6-3,1032.0
2026-04-30,8,5-6-4,1890.0
2026-04-30,8,6-1-2,2769.0
2026-04-30,8,6-1-3,2272.0
2026-04-30,8,6-1-4,4273.0
2026-04-30,8,6-1-5,3071.0
2026-04-30,8,6-2-1,3674.0
2026-04-30,8,6-2-3,2956.0
2026-04-30,8,6-2-4,4183.0
2026-04-30,8,6-2-5,3304.0
2026-04-30,8,6-3-1,2711.0
2026-04-30,8,6-3-2,3640.0
2026-04-30,8,6-3-4,3001.0
2026-04-30,8,6-3-5,2457.0
2026-04-30,8,6-4-1,4368.0
2026-04-30,8,6-4-2,4795.0
2026-04-30,8,6-4-3,4053.0
2026-04-30,8,6-4-5,4368.0
2026-04-30,8,6-5-1,3744.0
2026-04-30,8,6-5-2,3096.0
2026-04-30,8,6-5-3,2674.0
2026-04-30,8,6-5-4,4273.0
2026-04-30,9,1-2-3,32.3
2026-04-30,9,1-2-4,193.2
2026-04-30,9,1-2-5,29.1
2026-04-30,9,1-2-6,111.8
2026-04-30,9,1-3-2,69.8
2026-04-30,9,1-3-4,393.5
2026-04-30,9,1-3-5,109.4
2026-04-30,9,1-3-6,285.7
2026-04-30,9,1-4-2,594.6
2026-04-30,9,1-4-3,817.1
2026-04-30,9,1-4-5,738.3
2026-04-30,9,1-4-6,1062.0
2026-04-30,9,1-5-2,82.5
2026-04-30,9,1-5-3,161.8
2026-04-30,9,1-5-4,643.0
2026-04-30,9,1-5-6,258.5
2026-04-30,9,1-6-2,436.0
2026-04-30,9,1-6-3,746.9
2026-04-30,9,1-6-4,1390.0
2026-04-30,9,1-6-5,524.1
2026-04-30,9,2-1-3,16.4
2026-04-30,9,2-1-4,159.1
2026-04-30,9,2-1-5,11.2
2026-04-30,9,2-1-6,40.8
2026-04-30,9,2-3-1,21.0
2026-04-30,9,2-3-4,72.2
2026-04-30,9,2-3-5,6.3
2026-04-30,9,2-3-6,17.1
2026-04-30,9,2-4-1,261.9
2026-04-30,9,2-4-3,223.8
2026-04-30,9,2-4-5,180.3
2026-04-30,9,2-4-6,320.3
2026-04-30,9,2-5-1,18.3
2026-04-30,9,2-5-3,7.6
2026-04-30,9,2-5-4,104.0
2026-04-30,9,2-5-6,14.2
2026-04-30,9,2-6-1,135.1
2026-04-30,9,2-6-3,69.7
2026-04-30,9,2-6-4,363.4
2026-04-30,9,2-6-5,50.7
2026-04-30,9,3-1-2,94.7
2026-04-30,9,3-1-4,543.0
2026-04-30,9,3-1-5,129.4
2026-04-30,9,3-1-6,251.5
2026-04-30,9,3-2-1,54.8
2026-04-30,9,3-2-4,165.7
2026-04-30,9,3-2-5,18.5
2026-04-30,9,3-2-6,42.2
2026-04-30,9,3-4-1,790.7
2026-04-30,9,3-4-2,477.3
2026-04-30,9,3-4-5,640.6
2026-04-30,9,3-4-6,962.8
2026-04-30,9,3-5-1,104.3
2026-04-30,9,3-5-2,29.8
2026-04-30,9,3-5-4,360.8
2026-04-30,9,3-5-6,71.7
2026-04-30,9,3-6-1,487.3
2026-04-30,9,3-6-2,166.3
2026-04-30,9,3-6-4,929.6
2026-04-30,9,3-6-5,202.2
2026-04-30,9,4-1-2,1045.0
2026-04-30,9,4-1-3,1677.0
2026-04-30,9,4-1-5,1569.0
2026-04-30,9,4-1-6,2211.0
2026-04-30,9,4-2-1,943.3
2026-04-30,9,4-2-3,933.0
2026-04-30,9,4-2-5,897.1
2026-04-30,9,4-2-6,1478.0
2026-04-30,9,4-3-1,1429.0
2026-04-30,9,4-3-2,945.0
2026-04-30,9,4-3-5,1634.0
2026-04-30,9,4-3-6,2409.0
2026-04-30,9,4-5-1,1739.0
2026-04-30,9,4-5-2,1078.0
2026-04-30,9,4-5-3,1866.0
2026-04-30,9,4-5-6,1872.0
2026-04-30,9,4-6-1,3129.0
2026-04-30,9,4-6-2,2301.0
2026-04-30,9,4-6-3,3018.0
2026-04-30,9,4-6-5,2966.0
2026-04-30,9,5-1-2,108.7
2026-04-30,9,5-1-3,194.0
2026-04-30,9,5-1-4,726.8
2026-04-30,9,5-1-6,229.9
2026-04-30,9,5-2-1,63.1
2026-04-30,9,5-2-3,30.9
2026-04-30,9,5-2-4,267.2
2026-04-30,9,5-2-6,39.1
2026-04-30,9,5-3-1,172.6
2026-04-30,9,5-3-2,50.7
2026-04-30,9,5-3-4,552.9
2026-04-30,9,5-3-6,113.1
2026-04-30,9,5-4-1,1153.0
2026-04-30,9,5-4-2,653.7
2026-04-30,9,5-4-3,1069.0
2026-04-30,9,5-4-6,1108.0
2026-04-30,9,5-6-1,221.9
2026-04-30,9,5-6-2,85.1
2026-04-30,9,5-6-3,150.3
2026-04-30,9,5-6-4,615.3
2026-04-30,9,6-1-2,851.0
2026-04-30,9,6-1-3,1421.0
2026-04-30,9,6-1-4,3207.0
2026-04-30,9,6-1-5,1055.0
2026-04-30,9,6-2-1,661.3
2026-04-30,9,6-2-3,414.8
2026-04-30,9,6-2-4,1936.0
2026-04-30,9,6-2-5,246.7
2026-04-30,9,6-3-1,1583.0
2026-04-30,9,6-3-2,625.8
2026-04-30,9,6-3-4,2759.0
2026-04-30,9,6-3-5,698.1
2026-04-30,9,6-4-1,3539.0
2026-04-30,9,6-4-2,2044.0
2026-04-30,9,6-4-3,3148.0
2026-04-30,9,6-4-5,3563.0
2026-04-30,9,6-5-1,790.7
2026-04-30,9,6-5-2,259.9
2026-04-30,9,6-5-3,548.2
2026-04-30,9,6-5-4,2375.0
2026-04-30,10,1-2-3,10.6
2026-04-30,10,1-2-4,6.0
2026-04-30,10,1-2-5,26.3
2026-04-30,10,1-2-6,65.6
2026-04-30,10,1-3-2,20.1
2026-04-30,10,1-3-4,16.6
2026-04-30,10,1-3-5,59.0
2026-04-30,10,1-3-6,129.3
2026-04-30,10,1-4-2,6.7
2026-04-30,10,1-4-3,12.0
2026-04-30,10,1-4-5,27.1
2026-04-30,10,1-4-6,39.4
2026-04-30,10,1-5-2,108.4
2026-04-30,10,1-5-3,145.1
2026-04-30,10,1-5-4,109.7
2026-04-30,10,1-5-6,324.1
2026-04-30,10,1-6-2,265.3
2026-04-30,10,1-6-3,363.0
2026-04-30,10,1-6-4,210.0
2026-04-30,10,1-6-5,436.7
2026-04-30,10,2-1-3,29.1
2026-04-30,10,2-1-4,17.6
2026-04-30,10,2-1-5,55.9
2026-04-30,10,2-1-6,122.8
2026-04-30,10,2-3-1,98.3
2026-04-30,10,2-3-4,101.1
2026-04-30,10,2-3-5,231.1
2026-04-30,10,2-3-6,367.6
2026-04-30,10,2-4-1,32.4
2026-04-30,10,2-4-3,67.9
2026-04-30,10,2-4-5,118.1
2026-04-30,10,2-4-6,136.6
2026-04-30,10,2-5-1,244.5
2026-04-30,10,2-5-3,446.6
2026-04-30,10,2-5-4,316.7
2026-04-30,10,2-5-6,682.8
2026-04-30,10,2-6-1,621.6
2026-04-30,10,2-6-3,1041.0
2026-04-30,10,2-6-4,464.5
2026-04-30,10,2-6-5,1361.0
2026-04-30,10,3-1-2,153.2
2026-04-30,10,3-1-4,119.6
2026-04-30,10,3-1-5,350.8
2026-04-30,10,3-1-6,475.8
2026-04-30,10,3-2-1,213.2
2026-04-30,10,3-2-4,177.0
2026-04-30,10,3-2-5,451.3
2026-04-30,10,3-2-6,760.0
2026-04-30,10,3-4-1,161.8
2026-04-30,10,3-4-2,192.8
2026-04-30,10,3-4-5,474.7
2026-04-30,10,3-4-6,582.8
2026-04-30,10,3-5-1,798.0
2026-04-30,10,3-5-2,786.4
2026-04-30,10,3-5-4,998.0
2026-04-30,10,3-5-6,1514.0
2026-04-30,10,3-6-1,1261.0
2026-04-30,10,3-6-2,1488.0
2026-04-30,10,3-6-4,1419.0
2026-04-30,10,3-6-5,2389.0
2026-04-30,10,4-1-2,19.4
2026-04-30,10,4-1-3,42.4
2026-04-30,10,4-1-5,51.1
2026-04-30,10,4-1-6,58.7
2026-04-30,10,4-2-1,31.5
2026-04-30,10,4-2-3,73.8
2026-04-30,10,4-2-5,94.4
2026-04-30,10,4-2-6,106.8
2026-04-30,10,4-3-1,112.8
2026-04-30,10,4-3-2,134.1
2026-04-30,10,4-3-5,274.1
2026-04-30,10,4-3-6,328.8
2026-04-30,10,4-5-1,100.5
2026-04-30,10,4-5-2,126.4
2026-04-30,10,4-5-3,291.0
2026-04-30,10,4-5-6,188.2
2026-04-30,10,4-6-1,135.8
2026-04-30,10,4-6-2,166.9
2026-04-30,10,4-6-3,347.7
2026-04-30,10,4-6-5,266.1
2026-04-30,10,5-1-2,628.8
2026-04-30,10,5-1-3,817.8
2026-04-30,10,5-1-4,563.0
2026-04-30,10,5-1-6,1105.0
2026-04-30,10,5-2-1,756.0
2026-04-30,10,5-2-3,1031.0
2026-04-30,10,5-2-4,855.1
2026-04-30,10,5-2-6,1552.0
2026-04-30,10,5-3-1,1569.0
2026-04-30,10,5-3-2,1569.0
2026-04-30,10,5-3-4,1920.0
2026-04-30,10,5-3-6,2946.0
2026-04-30,10,5-4-1,580.5
2026-04-30,10,5-4-2,730.3
2026-04-30,10,5-4-3,1129.0
2026-04-30,10,5-4-6,1218.0
2026-04-30,10,5-6-1,2416.0
2026-04-30,10,5-6-2,2607.0
2026-04-30,10,5-6-3,3497.0
2026-04-30,10,5-6-4,2757.0
2026-04-30,10,6-1-2,1319.0
2026-04-30,10,6-1-3,1654.0
2026-04-30,10,6-1-4,808.5
2026-04-30,10,6-1-5,2987.0
2026-04-30,10,6-2-1,1886.0
2026-04-30,10,6-2-3,2775.0
2026-04-30,10,6-2-4,1291.0
2026-04-30,10,6-2-5,2775.0
2026-04-30,10,6-3-1,2403.0
2026-04-30,10,6-3-2,3946.0
2026-04-30,10,6-3-4,2926.0
2026-04-30,10,6-3-5,4944.0
2026-04-30,10,6-4-1,822.4
2026-04-30,10,6-4-2,1105.0
2026-04-30,10,6-4-3,2098.0
2026-04-30,10,6-4-5,2757.0
2026-04-30,10,6-5-1,3946.0
2026-04-30,10,6-5-2,4020.0
2026-04-30,10,6-5-3,4576.0
2026-04-30,10,6-5-4,3875.0
2026-04-30,11,1-2-3,19.6
2026-04-30,11,1-2-4,7.6
2026-04-30,11,1-2-5,21.6
2026-04-30,11,1-2-6,19.0
2026-04-30,11,1-3-2,53.0
2026-04-30,11,1-3-4,90.6
2026-04-30,11,1-3-5,176.6
2026-04-30,11,1-3-6,184.3
2026-04-30,11,1-4-2,12.4
2026-04-30,11,1-4-3,59.5
2026-04-30,11,1-4-5,30.5
2026-04-30,11,1-4-6,31.6
2026-04-30,11,1-5-2,61.6
2026-04-30,11,1-5-3,201.4
2026-04-30,11,1-5-4,74.8
2026-04-30,11,1-5-6,122.6
2026-04-30,11,1-6-2,76.7
2026-04-30,11,1-6-3,272.0
2026-04-30,11,1-6-4,113.6
2026-04-30,11,1-6-5,195.5
2026-04-30,11,2-1-3,52.3
2026-04-30,11,2-1-4,13.3
2026-04-30,11,2-1-5,37.3
2026-04-30,11,2-1-6,37.7
2026-04-30,11,2-3-1,169.7
2026-04-30,11,2-3-4,152.2
2026-04-30,11,2-3-5,304.6
2026-04-30,11,2-3-6,264.5
2026-04-30,11,2-4-1,22.7
2026-04-30,11,2-4-3,96.4
2026-04-30,11,2-4-5,38.4
2026-04-30,11,2-4-6,41.1
2026-04-30,11,2-5-1,111.7
2026-04-30,11,2-5-3,300.0
2026-04-30,11,2-5-4,92.2
2026-04-30,11,2-5-6,160.3
2026-04-30,11,2-6-1,180.5
2026-04-30,11,2-6-3,408.0
2026-04-30,11,2-6-4,127.0
2026-04-30,11,2-6-5,242.4
2026-04-30,11,3-1-2,309.9
2026-04-30,11,3-1-4,368.2
2026-04-30,11,3-1-5,609.3
2026-04-30,11,3-1-6,708.9
2026-04-30,11,3-2-1,371.1
2026-04-30,11,3-2-4,312.4
2026-04-30,11,3-2-5,549.5
2026-04-30,11,3-2-6,568.8
2026-04-30,11,3-4-1,507.4
2026-04-30,11,3-4-2,372.7
2026-04-30,11,3-4-5,751.3
2026-04-30,11,3-4-6,791.8
2026-04-30,11,3-5-1,1003.0
2026-04-30,11,3-5-2,760.6
2026-04-30,11,3-5-4,1082.0
2026-04-30,11,3-5-6,1378.0
2026-04-30,11,3-6-1,1651.0
2026-04-30,11,3-6-2,1134.0
2026-04-30,11,3-6-4,1426.0
2026-04-30,11,3-6-5,1833.0
2026-04-30,11,4-1-2,24.0
2026-04-30,11,4-1-3,148.5
2026-04-30,11,4-1-5,44.8
2026-04-30,11,4-1-6,43.2
2026-04-30,11,4-2-1,26.0
2026-04-30,11,4-2-3,104.8
2026-04-30,11,4-2-5,39.5
2026-04-30,11,4-2-6,37.5
2026-04-30,11,4-3-1,354.0
2026-04-30,11,4-3-2,234.1
2026-04-30,11,4-3-5,497.6
2026-04-30,11,4-3-6,373.8
2026-04-30,11,4-5-1,53.0
2026-04-30,11,4-5-2,43.0
2026-04-30,11,4-5-3,234.7
2026-04-30,11,4-5-6,49.1
2026-04-30,11,4-6-1,75.7
2026-04-30,11,4-6-2,62.6
2026-04-30,11,4-6-3,300.0
2026-04-30,11,4-6-5,78.8
2026-04-30,11,5-1-2,160.8
2026-04-30,11,5-1-3,522.1
2026-04-30,11,5-1-4,151.8
2026-04-30,11,5-1-6,253.6
2026-04-30,11,5-2-1,171.9
2026-04-30,11,5-2-3,440.0
2026-04-30,11,5-2-4,143.9
2026-04-30,11,5-2-6,206.1
2026-04-30,11,5-3-1,1062.0
2026-04-30,11,5-3-2,749.5
2026-04-30,11,5-3-4,1106.0
2026-04-30,11,5-3-6,1145.0
2026-04-30,11,5-4-1,154.7
2026-04-30,11,5-4-2,130.3
2026-04-30,11,5-4-3,555.0
2026-04-30,11,5-4-6,154.6
2026-04-30,11,5-6-1,406.6
2026-04-30,11,5-6-2,303.7
2026-04-30,11,5-6-3,988.9
2026-04-30,11,5-6-4,280.9
2026-04-30,11,6-1-2,406.3
2026-04-30,11,6-1-3,1342.0
2026-04-30,11,6-1-4,419.9
2026-04-30,11,6-1-5,866.5
2026-04-30,11,6-2-1,426.3
2026-04-30,11,6-2-3,1013.0
2026-04-30,11,6-2-4,290.6
2026-04-30,11,6-2-5,668.2
2026-04-30,11,6-3-1,2176.0
2026-04-30,11,6-3-2,1683.0
2026-04-30,11,6-3-4,2006.0
2026-04-30,11,6-3-5,2514.0
2026-04-30,11,6-4-1,395.1
2026-04-30,11,6-4-2,273.8
2026-04-30,11,6-4-3,1327.0
2026-04-30,11,6-4-5,407.4
2026-04-30,11,6-5-1,995.2
2026-04-30,11,6-5-2,773.0
2026-04-30,11,6-5-3,2019.0
2026-04-30,11,6-5-4,491.2
2026-04-30,12,1-2-3,12.5
2026-04-30,12,1-2-4,11.4
2026-04-30,12,1-2-5,16.5
2026-04-30,12,1-2-6,147.2
2026-04-30,12,1-3-2,12.2
2026-04-30,12,1-3-4,11.5
2026-04-30,12,1-3-5,13.2
2026-04-30,12,1-3-6,153.7
2026-04-30,12,1-4-2,17.5
2026-04-30,12,1-4-3,20.6
2026-04-30,12,1-4-5,18.3
2026-04-30,12,1-4-6,145.4
2026-04-30,12,1-5-2,26.6
2026-04-30,12,1-5-3,27.4
2026-04-30,12,1-5-4,27.5
2026-04-30,12,1-5-6,117.0
2026-04-30,12,1-6-2,525.7
2026-04-30,12,1-6-3,543.5
2026-04-30,12,1-6-4,540.7
2026-04-30,12,1-6-5,458.6
2026-04-30,12,2-1-3,78.5
2026-04-30,12,2-1-4,78.5
2026-04-30,12,2-1-5,95.4
2026-04-30,12,2-1-6,479.4
2026-04-30,12,2-3-1,115.7
2026-04-30,12,2-3-4,175.1
2026-04-30,12,2-3-5,132.8
2026-04-30,12,2-3-6,997.0
2026-04-30,12,2-4-1,157.4
2026-04-30,12,2-4-3,266.9
2026-04-30,12,2-4-5,270.7
2026-04-30,12,2-4-6,872.4
2026-04-30,12,2-5-1,194.7
2026-04-30,12,2-5-3,255.1
2026-04-30,12,2-5-4,284.6
2026-04-30,12,2-5-6,853.2
2026-04-30,12,2-6-1,1577.0
2026-04-30,12,2-6-3,1999.0
2026-04-30,12,2-6-4,1972.0
2026-04-30,12,2-6-5,2175.0
2026-04-30,12,3-1-2,40.5
2026-04-30,12,3-1-4,32.9
2026-04-30,12,3-1-5,30.6
2026-04-30,12,3-1-6,249.0
2026-04-30,12,3-2-1,84.4
2026-04-30,12,3-2-4,90.5
2026-04-30,12,3-2-5,66.5
2026-04-30,12,3-2-6,587.6
2026-04-30,12,3-4-1,55.0
2026-04-30,12,3-4-2,85.2
2026-04-30,12,3-4-5,53.5
2026-04-30,12,3-4-6,262.7
2026-04-30,12,3-5-1,63.2
2026-04-30,12,3-5-2,80.4
2026-04-30,12,3-5-4,69.3
2026-04-30,12,3-5-6,283.7
2026-04-30,12,3-6-1,969.5
2026-04-30,12,3-6-2,1222.0
2026-04-30,12,3-6-4,929.3
2026-04-30,12,3-6-5,867.2
2026-04-30,12,4-1-2,90.6
2026-04-30,12,4-1-3,100.8
2026-04-30,12,4-1-5,76.6
2026-04-30,12,4-1-6,340.2
2026-04-30,12,4-2-1,168.1
2026-04-30,12,4-2-3,290.1
2026-04-30,12,4-2-5,211.1
2026-04-30,12,4-2-6,649.5
2026-04-30,12,4-3-1,142.8
2026-04-30,12,4-3-2,241.9
2026-04-30,12,4-3-5,168.5
2026-04-30,12,4-3-6,688.1
2026-04-30,12,4-5-1,107.4
2026-04-30,12,4-5-2,189.6
2026-04-30,12,4-5-3,198.7
2026-04-30,12,4-5-6,313.6
2026-04-30,12,4-6-1,1049.0
2026-04-30,12,4-6-2,1345.0
2026-04-30,12,4-6-3,1633.0
2026-04-30,12,4-6-5,982.4
2026-04-30,12,5-1-2,65.9
2026-04-30,12,5-1-3,65.7
2026-04-30,12,5-1-4,67.2
2026-04-30,12,5-1-6,169.0
2026-04-30,12,5-2-1,126.1
2026-04-30,12,5-2-3,165.0
2026-04-30,12,5-2-4,169.6
2026-04-30,12,5-2-6,383.9
2026-04-30,12,5-3-1,111.6
2026-04-30,12,5-3-2,161.5
2026-04-30,12,5-3-4,149.2
2026-04-30,12,5-3-6,415.6
2026-04-30,12,5-4-1,124.4
2026-04-30,12,5-4-2,201.3
2026-04-30,12,5-4-3,193.3
2026-04-30,12,5-4-6,382.1
2026-04-30,12,5-6-1,435.9
2026-04-30,12,5-6-2,666.4
2026-04-30,12,5-6-3,728.8
2026-04-30,12,5-6-4,628.0
2026-04-30,12,6-1-2,1622.0
2026-04-30,12,6-1-3,2269.0
2026-04-30,12,6-1-4,2269.0
2026-04-30,12,6-1-5,1708.0
2026-04-30,12,6-2-1,3044.0
2026-04-30,12,6-2-3,4087.0
2026-04-30,12,6-2-4,2781.0
2026-04-30,12,6-2-5,3793.0
2026-04-30,12,6-3-1,3082.0
2026-04-30,12,6-3-2,4623.0
2026-04-30,12,6-3-4,3914.0
2026-04-30,12,6-3-5,4064.0
2026-04-30,12,6-4-1,2739.0
2026-04-30,12,6-4-2,3175.0
2026-04-30,12,6-4-3,4179.0
2026-04-30,12,6-4-5,2770.0
2026-04-30,12,6-5-1,1692.0
2026-04-30,12,6-5-2,2901.0
2026-04-30,12,6-5-3,3202.0
2026-04-30,12,6-5-4,2262.0
