regno,選手名,n2c,勝率,差し勝率,補正勝率,補正差し勝率,差し比率,差し巧者,差し不発
5196,鰐部太空海,43,0.419,0.302,0.336,0.236,0.722,●,
4278,藤岡俊介,49,0.286,0.245,0.249,0.201,0.857,●,
4514,上條嘉嗣,54,0.278,0.241,0.246,0.201,0.867,●,
4793,金子萌,45,0.267,0.244,0.233,0.198,0.917,●,
5139,大場恒季,40,0.275,0.25,0.236,0.198,0.909,●,
4824,松井洪弥,41,0.293,0.244,0.249,0.195,0.833,●,
4786,佐藤博亮,46,0.413,0.239,0.336,0.195,0.579,●,
5267,石本裕武,41,0.293,0.244,0.249,0.195,0.833,●,
4590,渡邉優美,42,0.333,0.238,0.277,0.192,0.714,●,
4472,尾嶋一広,44,0.25,0.227,0.222,0.186,0.909,●,
4436,渋谷明憲,40,0.25,0.225,0.22,0.181,0.9,●,
4403,木下大將,42,0.286,0.214,0.245,0.176,0.75,●,
4983,前田篤哉,48,0.271,0.208,0.238,0.175,0.769,●,
5112,砂長知輝,45,0.267,0.2,0.233,0.168,0.75,●,
4357,田中和也,51,0.216,0.196,0.2,0.167,0.909,●,
5279,石渡翔一郎,40,0.25,0.2,0.22,0.165,0.8,●,
4262,馬場貴也,40,0.25,0.2,0.22,0.165,0.8,●,
3783,瓜生正義,40,0.275,0.2,0.236,0.165,0.727,●,
4446,和田兼輔,46,0.283,0.196,0.245,0.165,0.692,●,
4012,中村有裕,40,0.3,0.2,0.253,0.165,0.667,●,
5087,佐藤航,40,0.25,0.2,0.22,0.165,0.8,●,
4737,竹井貴史,46,0.391,0.196,0.321,0.165,0.5,●,
4288,永田啓二,53,0.302,0.189,0.263,0.163,0.625,●,
4483,北野輝季,41,0.244,0.195,0.216,0.162,0.8,●,
5073,上原健次郎,41,0.22,0.195,0.2,0.162,0.889,●,
3613,角谷健吾,41,0.22,0.195,0.2,0.162,0.889,●,
5026,安河内健,42,0.19,0.19,0.18,0.16,1.0,●,
4083,福島勇樹,48,0.354,0.188,0.297,0.16,0.529,●,
4581,吉村誠,42,0.262,0.19,0.229,0.16,0.727,●,
4851,関浩哉,42,0.214,0.19,0.196,0.16,0.889,●,
4532,秋元哲,48,0.229,0.188,0.208,0.16,0.818,●,
3740,大澤普司,42,0.19,0.19,0.18,0.16,1.0,●,
5280,廣瀬凜,50,0.3,0.18,0.26,0.156,0.6,●,
4055,吉田俊彦,56,0.25,0.179,0.226,0.156,0.714,●,
4512,高野哲史,44,0.273,0.182,0.237,0.155,0.667,●,
4239,竹田辰也,44,0.25,0.182,0.222,0.155,0.727,●,
4324,海野康志郎,76,0.237,0.171,0.221,0.155,0.722,●,
4377,濱本優一,45,0.222,0.178,0.203,0.152,0.8,●,
4537,渡邉和将,53,0.283,0.17,0.249,0.149,0.6,●,
4570,前田聖文,40,0.275,0.175,0.236,0.148,0.636,●,
3439,大平誉史明,40,0.225,0.175,0.203,0.148,0.778,●,
4442,松竹大輔,40,0.25,0.175,0.22,0.148,0.7,●,
4560,庄司樹良々,40,0.225,0.175,0.203,0.148,0.778,●,
4601,森野正弘,40,0.225,0.175,0.203,0.148,0.778,●,
5255,藤原仙二,40,0.3,0.175,0.253,0.148,0.583,●,
4441,末永由楽,41,0.22,0.171,0.2,0.146,0.778,,
4963,實森美祐,41,0.244,0.171,0.216,0.146,0.7,,
4957,竹之内極,41,0.195,0.171,0.183,0.146,0.875,,
4713,白神優,41,0.195,0.171,0.183,0.146,0.875,,
4614,石倉洋行,41,0.244,0.171,0.216,0.146,0.7,,
4191,赤羽克也,48,0.25,0.167,0.223,0.145,0.667,,
5055,眞鳥章太,42,0.262,0.167,0.229,0.143,0.636,,
4738,清埜翔子,42,0.262,0.167,0.229,0.143,0.636,,
3833,中辻博訓,49,0.245,0.163,0.22,0.143,0.667,,
5234,塚越海斗,42,0.262,0.167,0.229,0.143,0.636,,
4596,葛原大陽,43,0.279,0.163,0.241,0.141,0.583,,
4732,堀本和也,43,0.186,0.163,0.177,0.141,0.875,,
4428,有賀達也,43,0.209,0.163,0.193,0.141,0.778,,
4289,落合直子,43,0.279,0.163,0.241,0.141,0.583,,
3951,石川吉鎬,43,0.209,0.163,0.193,0.141,0.778,,
4931,木谷賢太,44,0.182,0.159,0.175,0.139,0.875,,
4544,松田大志郎,44,0.364,0.159,0.3,0.139,0.438,,
5058,前原大道,51,0.235,0.157,0.214,0.139,0.667,,
5275,松田淳平,44,0.318,0.159,0.268,0.139,0.5,,
4042,丸岡正典,45,0.222,0.156,0.203,0.137,0.7,,
4903,吉田凌太朗,45,0.356,0.156,0.295,0.137,0.438,,
4822,百武翔,45,0.156,0.156,0.157,0.137,1.0,,
4193,郷原章平,52,0.269,0.154,0.239,0.137,0.571,,
4208,三浦永理,45,0.178,0.156,0.172,0.137,0.875,,
3908,重成一人,45,0.178,0.156,0.172,0.137,0.875,,
4659,木下翔太,45,0.2,0.156,0.187,0.137,0.778,,
3623,深川真二,142,0.204,0.141,0.199,0.135,0.69,,
4458,抹香雄三,47,0.149,0.149,0.152,0.133,1.0,,
4985,井本昌也,40,0.275,0.15,0.236,0.131,0.545,,
3744,徳増秀樹,40,0.175,0.15,0.17,0.131,0.857,,
5221,竹間隆晟,40,0.275,0.15,0.236,0.131,0.545,,
4545,岡村慶太,40,0.25,0.15,0.22,0.131,0.6,,
4848,仲谷颯仁,40,0.25,0.15,0.22,0.131,0.6,,
4366,前沢丈史,48,0.167,0.146,0.164,0.131,0.875,,
5017,澤田尚也,40,0.2,0.15,0.186,0.131,0.75,,
4649,和田操拓,41,0.195,0.146,0.183,0.129,0.75,,
4497,桑原悠,41,0.244,0.146,0.216,0.129,0.6,,
4482,守屋美穂,41,0.171,0.146,0.167,0.129,0.857,,
4256,渡辺浩司,41,0.171,0.146,0.167,0.129,0.857,,
4821,妻鳥晋也,41,0.146,0.146,0.15,0.129,1.0,,
4237,大峯豊,41,0.22,0.146,0.2,0.129,0.667,,
4798,浜先真範,41,0.171,0.146,0.167,0.129,0.857,,
3777,樋口亮,41,0.244,0.146,0.216,0.129,0.6,,
4487,三原司,42,0.19,0.143,0.18,0.127,0.75,,
4645,上村純一,42,0.167,0.143,0.164,0.127,0.857,,
4932,新開航,42,0.214,0.143,0.196,0.127,0.667,,
4243,西村歩,42,0.214,0.143,0.196,0.127,0.667,,
4539,金子賢志,42,0.238,0.143,0.213,0.127,0.6,,
4151,下河誉史,42,0.143,0.143,0.148,0.127,1.0,,
5224,西岡顕心,43,0.233,0.14,0.209,0.125,0.6,,
4049,荒川健太,51,0.137,0.137,0.143,0.125,1.0,,
5002,上田健太,43,0.209,0.14,0.193,0.125,0.667,,
5042,畑田汰一,43,0.209,0.14,0.193,0.125,0.667,,
3256,三角哲男,43,0.233,0.14,0.209,0.125,0.6,,
4958,溝口海義也,51,0.235,0.137,0.214,0.125,0.583,,
4760,山崎郡,43,0.209,0.14,0.193,0.125,0.667,,
3966,作間章,43,0.233,0.14,0.209,0.125,0.6,,
3933,山地正樹,100,0.15,0.13,0.151,0.124,0.867,,
4748,渡邉雄朗,44,0.227,0.136,0.206,0.123,0.6,,
5038,金田智博,44,0.159,0.136,0.159,0.123,0.857,,
4269,杉山裕也,44,0.205,0.136,0.19,0.123,0.667,,
4099,吉永則雄,44,0.182,0.136,0.175,0.123,0.75,,
5278,田中駿兵,45,0.178,0.133,0.172,0.121,0.75,,
5132,中野希一,45,0.311,0.133,0.264,0.121,0.429,,
4583,古田祐貴,45,0.178,0.133,0.172,0.121,0.75,,
5028,原田才一郎,45,0.267,0.133,0.233,0.121,0.5,,
4515,藤田浩人,45,0.133,0.133,0.141,0.121,1.0,,
5121,定松勇樹,46,0.239,0.13,0.215,0.12,0.545,,
3911,鈴木猛,46,0.13,0.13,0.139,0.12,1.0,,
4776,竹田和哉,46,0.196,0.13,0.184,0.12,0.667,,
4295,小坂尚哉,46,0.261,0.13,0.23,0.12,0.5,,
4311,岡村仁,46,0.261,0.13,0.23,0.12,0.5,,
4424,松尾昂明,46,0.174,0.13,0.169,0.12,0.75,,
4286,平田さやか,46,0.152,0.13,0.154,0.12,0.857,,
4302,西野翔太,64,0.172,0.125,0.169,0.118,0.727,,
5142,常住蓮,47,0.234,0.128,0.212,0.118,0.545,,
3841,佐々木和伸,47,0.128,0.128,0.137,0.118,1.0,,
4388,是澤孝宏,47,0.149,0.128,0.152,0.118,0.857,,
4231,鈴木裕隆,48,0.229,0.125,0.208,0.116,0.545,,
4028,田村隆信,48,0.146,0.125,0.15,0.116,0.857,,
4600,井内将太郎,40,0.225,0.125,0.203,0.115,0.556,,
4245,高橋直哉,40,0.175,0.125,0.17,0.115,0.714,,
3070,山室展弘,40,0.15,0.125,0.153,0.115,0.833,,
5216,長谷川晴哉,40,0.2,0.125,0.186,0.115,0.625,,
3415,松井繁,57,0.211,0.123,0.197,0.115,0.583,,
4276,鈴木勝博,40,0.175,0.125,0.17,0.115,0.714,,
4787,椎名豊,40,0.375,0.125,0.303,0.115,0.333,,
5205,刑部亜里紗,49,0.143,0.122,0.147,0.114,0.857,,
4433,川野芽唯,49,0.327,0.122,0.278,0.114,0.375,,
4448,青木玄太,41,0.22,0.122,0.2,0.113,0.556,,
4015,前野竜一,50,0.16,0.12,0.16,0.113,0.75,,
4434,田中辰彦,41,0.22,0.122,0.2,0.113,0.556,,
4251,川崎誠志,50,0.16,0.12,0.16,0.113,0.75,,
4259,真庭明志,50,0.16,0.12,0.16,0.113,0.75,,
4120,柘植政浩,41,0.146,0.122,0.15,0.113,0.833,,
4051,清水敦揮,41,0.122,0.122,0.134,0.113,1.0,,
4364,池永太,41,0.22,0.122,0.2,0.113,0.556,,
4074,柳沢一,41,0.171,0.122,0.167,0.113,0.714,,
3997,北村征嗣,50,0.18,0.12,0.174,0.113,0.667,,
3582,吉川昭男,86,0.198,0.116,0.19,0.112,0.588,,
5189,藤原早菜,42,0.167,0.119,0.164,0.111,0.714,,
4939,宮之原輝紀,42,0.143,0.119,0.148,0.111,0.833,,
4073,大橋純一郎,42,0.119,0.119,0.132,0.111,1.0,,
4611,今井美亜,42,0.286,0.119,0.245,0.111,0.417,,
4598,加藤政彦,42,0.143,0.119,0.148,0.111,0.833,,
3874,山本寛久,42,0.143,0.119,0.148,0.111,0.833,,
4468,大池佑来,42,0.167,0.119,0.164,0.111,0.714,,
4743,木村仁紀,52,0.173,0.115,0.169,0.11,0.667,,
3965,北中元樹,43,0.186,0.116,0.177,0.109,0.625,,
4624,高田明,43,0.209,0.116,0.193,0.109,0.556,,
4834,浜本裕己,43,0.163,0.116,0.162,0.109,0.714,,
4171,榎幸司,43,0.14,0.116,0.146,0.109,0.833,,
4460,後藤翔之,43,0.116,0.116,0.13,0.109,1.0,,
4224,大橋栄里佳,44,0.136,0.114,0.143,0.108,0.833,,
3746,岡瀬正人,44,0.136,0.114,0.143,0.108,0.833,,
4588,田中京介,44,0.159,0.114,0.159,0.108,0.714,,
4061,萩原秀人,44,0.136,0.114,0.143,0.108,0.833,,
4486,野村誠,44,0.159,0.114,0.159,0.108,0.714,,
3915,繁野谷圭介,44,0.159,0.114,0.159,0.108,0.714,,
4500,山田康二,44,0.25,0.114,0.222,0.108,0.455,,
4927,関野文,44,0.205,0.114,0.19,0.108,0.556,,
5088,高憧四季,45,0.4,0.111,0.326,0.106,0.278,,
3804,中渡修作,45,0.111,0.111,0.126,0.106,1.0,,
3024,西島義則,111,0.252,0.108,0.238,0.106,0.429,,
4953,尾上雅也,45,0.222,0.111,0.203,0.106,0.5,,
4409,坂元浩仁,45,0.222,0.111,0.203,0.106,0.5,,
4991,宗行治哉,46,0.109,0.109,0.124,0.104,1.0,,
4218,吉川喜継,56,0.179,0.107,0.173,0.104,0.6,,
4886,入海馨,47,0.149,0.106,0.152,0.103,0.714,,
3574,大神康司,125,0.176,0.104,0.174,0.103,0.591,,
4363,大野芳顕,47,0.128,0.106,0.137,0.103,0.833,,
4077,品田直樹,47,0.255,0.106,0.227,0.103,0.417,,
4938,小芦るり華,48,0.271,0.104,0.238,0.101,0.385,,
5018,竹下大樹,48,0.229,0.104,0.208,0.101,0.455,,
4233,亀山雅幸,48,0.208,0.104,0.194,0.101,0.5,,
4856,豊田健士郎,49,0.245,0.102,0.22,0.1,0.417,,
4516,野口勝弘,49,0.265,0.102,0.234,0.1,0.385,,
3349,吉田一郎,49,0.204,0.102,0.191,0.1,0.5,,
4063,市橋卓士,49,0.143,0.102,0.147,0.1,0.714,,
4704,河野大,49,0.184,0.102,0.176,0.1,0.556,,
3304,烏野賢太,50,0.1,0.1,0.117,0.098,1.0,,
3473,石川真二,163,0.153,0.098,0.154,0.098,0.64,,
5114,小林孝彰,50,0.14,0.1,0.145,0.098,0.714,,
4002,古結宏,40,0.125,0.1,0.136,0.098,0.8,,
5068,前田滉,40,0.225,0.1,0.203,0.098,0.444,,
3897,白井英治,40,0.175,0.1,0.17,0.098,0.571,,
4182,吉田和仁,40,0.1,0.1,0.12,0.098,1.0,,
4397,西村拓也,50,0.18,0.1,0.174,0.098,0.556,,
3590,濱野谷憲吾,40,0.225,0.1,0.203,0.098,0.444,,
3941,池田浩二,40,0.2,0.1,0.186,0.098,0.5,,
3641,一瀬明,50,0.12,0.1,0.131,0.098,0.833,,
4348,宮崎奨,40,0.15,0.1,0.153,0.098,0.667,,
4148,枝尾賢,40,0.15,0.1,0.153,0.098,0.667,,
3159,江口晃生,111,0.162,0.099,0.162,0.098,0.611,,
4961,西橋奈未,41,0.195,0.098,0.183,0.097,0.5,,
5060,数原魁,41,0.171,0.098,0.167,0.097,0.571,,
5238,笹木香吾,41,0.171,0.098,0.167,0.097,0.571,,
4168,石野貴之,41,0.146,0.098,0.15,0.097,0.667,,
4292,麻生慎介,42,0.167,0.095,0.164,0.095,0.571,,
4873,蒲原健太,42,0.143,0.095,0.148,0.095,0.667,,
4994,山本梨菜,42,0.238,0.095,0.213,0.095,0.4,,
4407,鹿島敏弘,42,0.119,0.095,0.132,0.095,0.8,,
4452,松尾祭,42,0.143,0.095,0.148,0.095,0.667,,
3629,浅見昌克,42,0.167,0.095,0.164,0.095,0.571,,
4105,松下直也,42,0.119,0.095,0.132,0.095,0.8,,
5136,濱野斗馬,42,0.214,0.095,0.196,0.095,0.444,,
4264,長尾章平,42,0.119,0.095,0.132,0.095,0.8,,
5160,藤森陸斗,43,0.163,0.093,0.162,0.093,0.571,,
5004,河野主樹,43,0.116,0.093,0.13,0.093,0.8,,
3333,丸尾義孝,43,0.186,0.093,0.177,0.093,0.5,,
5223,森清友翔,43,0.116,0.093,0.13,0.093,0.8,,
4443,津田裕絵,43,0.093,0.093,0.114,0.093,1.0,,
4623,中北将史,44,0.136,0.091,0.143,0.092,0.667,,
4369,丹下将,44,0.114,0.091,0.128,0.092,0.8,,
4000,松本博昭,44,0.091,0.091,0.112,0.092,1.0,,
3983,須藤博倫,44,0.182,0.091,0.175,0.092,0.5,,
4052,興津藍,44,0.159,0.091,0.159,0.092,0.571,,
4172,森定晃史,44,0.114,0.091,0.128,0.092,0.8,,
4437,中田元泰,45,0.133,0.089,0.141,0.091,0.667,,
5051,松本純平,45,0.2,0.089,0.187,0.091,0.444,,
4467,渡邉俊介,45,0.133,0.089,0.141,0.091,0.667,,
4710,福田宗平,45,0.156,0.089,0.157,0.091,0.571,,
5229,吉川晴人,45,0.133,0.089,0.141,0.091,0.667,,
4686,丸野一樹,45,0.178,0.089,0.172,0.091,0.5,,
4199,北川潤二,90,0.156,0.089,0.156,0.09,0.571,,
4236,松村敏,46,0.174,0.087,0.169,0.089,0.5,,
4159,向後龍一,46,0.174,0.087,0.169,0.089,0.5,,
4471,新田泰章,47,0.255,0.085,0.227,0.088,0.333,,
4466,南佑典,47,0.085,0.085,0.107,0.088,1.0,,
3251,平石和男,47,0.213,0.085,0.197,0.088,0.4,,
3562,山下和彦,47,0.128,0.085,0.137,0.088,0.667,,
5045,平川香織,48,0.271,0.083,0.238,0.087,0.308,,
4604,岩瀬裕亮,48,0.188,0.083,0.179,0.087,0.444,,
4144,石塚久也,48,0.146,0.083,0.15,0.087,0.571,,
3327,野長瀬正孝,48,0.125,0.083,0.135,0.087,0.667,,
5034,若林義人,48,0.146,0.083,0.15,0.087,0.571,,
4033,伊藤将吉,49,0.184,0.082,0.176,0.085,0.444,,
4959,井上忠政,49,0.204,0.082,0.191,0.085,0.4,,
3532,柴田光,61,0.246,0.082,0.224,0.085,0.333,,
4739,中村晃朋,49,0.163,0.082,0.162,0.085,0.5,,
3661,柳瀬興志,49,0.143,0.082,0.147,0.085,0.571,,
4379,桑島和宏,49,0.122,0.082,0.133,0.085,0.667,,
4137,君島秀三,50,0.14,0.08,0.145,0.084,0.571,,
4788,小池哲也,50,0.14,0.08,0.145,0.084,0.571,,
5191,飛田江己,51,0.176,0.078,0.172,0.083,0.444,,
3422,服部幸男,40,0.175,0.075,0.17,0.081,0.429,,
3686,鳥居塚孝博,40,0.1,0.075,0.12,0.081,0.75,,
5157,市川健太,40,0.075,0.075,0.103,0.081,1.0,,
4680,後藤美翼,40,0.1,0.075,0.12,0.081,0.75,,
3990,芹澤克彦,40,0.225,0.075,0.203,0.081,0.333,,
3474,松瀬弘美,40,0.15,0.075,0.153,0.081,0.5,,
4374,永田義紘,40,0.175,0.075,0.17,0.081,0.429,,
5096,上原崚,40,0.125,0.075,0.136,0.081,0.6,,
4524,深谷知博,40,0.125,0.075,0.136,0.081,0.6,,
4503,上野真之介,40,0.15,0.075,0.153,0.081,0.5,,
3977,山本兼士,40,0.125,0.075,0.136,0.081,0.6,,
3584,佐々木英樹,40,0.075,0.075,0.103,0.081,1.0,,
4826,井上一輝,40,0.125,0.075,0.136,0.081,0.6,,
4902,山川雄大,40,0.1,0.075,0.12,0.081,0.75,,
4347,魚谷香織,41,0.098,0.073,0.118,0.08,0.75,,
5263,花田凱成,41,0.098,0.073,0.118,0.08,0.75,,
5064,品川二千翔,41,0.098,0.073,0.118,0.08,0.75,,
5145,島川海輝,41,0.22,0.073,0.2,0.08,0.333,,
5076,石原光,41,0.122,0.073,0.134,0.08,0.6,,
4370,山口達也,41,0.268,0.073,0.232,0.08,0.273,,
3743,林美憲,55,0.164,0.073,0.162,0.079,0.444,,
5150,坂本雄紀,42,0.286,0.071,0.245,0.079,0.25,,
4861,田中宏樹,42,0.143,0.071,0.148,0.079,0.5,,
4381,田路朋史,42,0.19,0.071,0.18,0.079,0.375,,
5158,宮脇遼太,42,0.238,0.071,0.213,0.079,0.3,,
3898,平田忠則,42,0.167,0.071,0.164,0.079,0.429,,
3944,山口裕二,42,0.095,0.071,0.116,0.079,0.75,,
4293,鈴木智啓,43,0.093,0.07,0.114,0.078,0.75,,
4477,篠崎仁志,43,0.093,0.07,0.114,0.078,0.75,,
3265,今村暢孝,120,0.142,0.075,0.144,0.078,0.529,,
4974,安井瑞紀,43,0.163,0.07,0.162,0.078,0.429,,
3541,三嶌誠司,43,0.116,0.07,0.13,0.078,0.6,,
4607,鶴田勇雄,43,0.093,0.07,0.114,0.078,0.75,,
4084,杉山正樹,43,0.093,0.07,0.114,0.078,0.75,,
4430,永田秀二,43,0.14,0.07,0.146,0.078,0.5,,
4294,古賀繁輝,44,0.159,0.068,0.159,0.076,0.429,,
3430,角浜修,44,0.114,0.068,0.128,0.076,0.6,,
4811,向井田佑紀,44,0.091,0.068,0.112,0.076,0.75,,
4398,船岡洋一郎,44,0.159,0.068,0.159,0.076,0.429,,
5043,中村日向,44,0.114,0.068,0.128,0.076,0.6,,
4551,三川昂暁,44,0.159,0.068,0.159,0.076,0.429,,
4189,川上剛,57,0.123,0.07,0.132,0.076,0.571,,
4067,永井源,45,0.244,0.067,0.218,0.075,0.273,,
5222,津田陸翔,45,0.133,0.067,0.141,0.075,0.5,,
3918,深井利寿,45,0.178,0.067,0.172,0.075,0.375,,
3550,都築正治,45,0.178,0.067,0.172,0.075,0.375,,
4319,三宅潤,45,0.111,0.067,0.126,0.075,0.6,,
5257,西丸侑太朗,46,0.174,0.065,0.169,0.074,0.375,,
4173,岡谷健吾,46,0.13,0.065,0.139,0.074,0.5,,
3711,江本真治,47,0.085,0.064,0.107,0.073,0.75,,
3822,平尾崇典,47,0.106,0.064,0.122,0.073,0.6,,
5010,宇留田翔平,47,0.149,0.064,0.152,0.073,0.429,,
3489,大場敏,47,0.085,0.064,0.107,0.073,0.75,,
4057,松井賢治,48,0.146,0.062,0.15,0.072,0.429,,
3300,川崎智幸,48,0.146,0.062,0.15,0.072,0.429,,
3576,白水勝也,48,0.146,0.062,0.15,0.072,0.429,,
3539,金子順一,49,0.061,0.061,0.09,0.071,1.0,,
4679,植田太一,49,0.163,0.061,0.162,0.071,0.375,,
3940,飯山泰,50,0.18,0.06,0.174,0.07,0.333,,
5075,中島秀治,50,0.1,0.06,0.117,0.07,0.6,,
4376,藤田靖弘,51,0.078,0.059,0.101,0.069,0.75,,
3731,高濱芳久,54,0.074,0.056,0.097,0.066,0.75,,
4757,山田祐也,40,0.15,0.05,0.153,0.065,0.333,,
3981,今坂晃広,40,0.075,0.05,0.103,0.065,0.667,,
4890,石川諒,40,0.1,0.05,0.12,0.065,0.5,,
4973,栗原直也,40,0.05,0.05,0.086,0.065,1.0,,
4035,杉江浩明,40,0.1,0.05,0.12,0.065,0.5,,
4672,守屋大地,40,0.075,0.05,0.103,0.065,0.667,,
4076,杉田篤光,40,0.075,0.05,0.103,0.065,0.667,,
4413,水摩敦,55,0.091,0.055,0.109,0.065,0.6,,
4769,馬場剛,40,0.2,0.05,0.186,0.065,0.25,,
3401,上田隆章,40,0.05,0.05,0.086,0.065,1.0,,
4773,中川りな,40,0.1,0.05,0.12,0.065,0.5,,
3868,尾形栄治,40,0.05,0.05,0.086,0.065,1.0,,
3947,寺本昇平,40,0.05,0.05,0.086,0.065,1.0,,
5156,坂野さくら,40,0.075,0.05,0.103,0.065,0.667,,
3946,赤岩善生,134,0.097,0.06,0.105,0.064,0.615,,
5330,安河内鈴之介,41,0.244,0.049,0.216,0.064,0.2,,
3814,金子貴志,41,0.098,0.049,0.118,0.064,0.5,,
4411,沢田昭宏,41,0.073,0.049,0.101,0.064,0.667,,
4930,佐藤悠,41,0.171,0.049,0.167,0.064,0.286,,
3362,間嶋仁志,87,0.138,0.057,0.142,0.064,0.417,,
4024,井口佳典,41,0.098,0.049,0.118,0.064,0.5,,
4089,妹尾忠幸,41,0.098,0.049,0.118,0.064,0.5,,
4573,佐藤翼,41,0.146,0.049,0.15,0.064,0.333,,
4350,篠崎元志,41,0.171,0.049,0.167,0.064,0.286,,
3412,鈴木博,41,0.098,0.049,0.118,0.064,0.5,,
3663,木山和幸,42,0.071,0.048,0.1,0.063,0.667,,
3554,仲口博崇,58,0.121,0.052,0.13,0.063,0.429,,
3910,松下知幸,42,0.071,0.048,0.1,0.063,0.667,,
4536,喜井つかさ,42,0.238,0.048,0.213,0.063,0.2,,
4196,田中太一郎,42,0.095,0.048,0.116,0.063,0.5,,
4058,野末智一,42,0.119,0.048,0.132,0.063,0.4,,
3572,安田政彦,42,0.095,0.048,0.116,0.063,0.5,,
3956,横澤剛治,42,0.214,0.048,0.196,0.063,0.222,,
3807,岡部哲,43,0.093,0.047,0.114,0.062,0.5,,
4475,末永祐輝,43,0.07,0.047,0.098,0.062,0.667,,
4146,柳橋宏紀,43,0.047,0.047,0.082,0.062,1.0,,
4260,中越博紀,43,0.047,0.047,0.082,0.062,1.0,,
4209,藤田竜弘,43,0.07,0.047,0.098,0.062,0.667,,
4451,松崎祐太郎,43,0.186,0.047,0.177,0.062,0.25,,
3906,飯山晃三,43,0.07,0.047,0.098,0.062,0.667,,
5264,登みひ果,43,0.14,0.047,0.146,0.062,0.333,,
5247,大森翼,43,0.07,0.047,0.098,0.062,0.667,,
3849,中岡正彦,59,0.305,0.051,0.268,0.062,0.167,,
3748,小黒竜吾,43,0.047,0.047,0.082,0.062,1.0,,
4227,安達裕樹,43,0.07,0.047,0.098,0.062,0.667,,
4531,武富智亮,44,0.114,0.045,0.128,0.061,0.4,,
4109,谷津幸宏,44,0.159,0.045,0.159,0.061,0.286,,
4640,山ノ内雅人,44,0.068,0.045,0.097,0.061,0.667,,
4174,赤坂俊輔,44,0.114,0.045,0.128,0.061,0.4,,
3563,堤昇,44,0.091,0.045,0.112,0.061,0.5,,
4163,山崎裕司,44,0.068,0.045,0.097,0.061,0.667,,
3905,天野友和,44,0.068,0.045,0.097,0.061,0.667,,
3984,坂口周,44,0.091,0.045,0.112,0.061,0.5,,
4874,池田奈津美,95,0.116,0.053,0.123,0.06,0.455,,
3482,金子猛志,45,0.067,0.044,0.095,0.06,0.667,,
3973,崎利仁,45,0.044,0.044,0.08,0.06,1.0,,
3909,佐々木康幸,45,0.156,0.044,0.157,0.06,0.286,,
4123,細川裕子,45,0.111,0.044,0.126,0.06,0.4,,
4133,高橋正男,45,0.133,0.044,0.141,0.06,0.333,,
4978,山田和佐,46,0.087,0.043,0.109,0.059,0.5,,
5082,一色凌雅,46,0.043,0.043,0.078,0.059,1.0,,
3920,正木聖賢,63,0.079,0.048,0.099,0.059,0.6,,
4872,山下流心,47,0.064,0.043,0.092,0.058,0.667,,
3257,田頭実,137,0.234,0.051,0.224,0.057,0.219,,
3999,大瀧明日香,48,0.062,0.042,0.091,0.057,0.667,,
4030,森高一真,48,0.083,0.042,0.106,0.057,0.5,,
4122,安東幸治,49,0.061,0.041,0.09,0.056,0.667,,
4420,津久井拓也,49,0.061,0.041,0.09,0.056,0.667,,
4561,藤山翔大,53,0.226,0.038,0.208,0.053,0.167,,
3297,藤丸光一,58,0.086,0.034,0.105,0.05,0.4,,
3775,泉啓文,40,0.075,0.025,0.103,0.048,0.333,,
5143,常盤海心,40,0.025,0.025,0.07,0.048,1.0,,
5177,松井貫太,40,0.125,0.025,0.136,0.048,0.2,,
3843,上之晃弘,40,0.05,0.025,0.086,0.048,0.5,,
4384,鶴本崇文,40,0.075,0.025,0.103,0.048,0.333,,
4100,松田隆司,40,0.05,0.025,0.086,0.048,0.5,,
4134,杉山貴博,40,0.05,0.025,0.086,0.048,0.5,,
4382,高山智至,40,0.05,0.025,0.086,0.048,0.5,,
4270,岸本雄貴,40,0.075,0.025,0.103,0.048,0.333,,
5170,佐藤太亮,40,0.075,0.025,0.103,0.048,0.333,,
4138,中井俊祐,40,0.05,0.025,0.086,0.048,0.5,,
3687,花田和明,61,0.049,0.033,0.076,0.048,0.667,,
5317,長尾萌加,41,0.024,0.024,0.068,0.047,1.0,,●
4297,山田哲也,42,0.095,0.024,0.116,0.047,0.25,,●
3870,寺嶋雄,42,0.048,0.024,0.083,0.047,0.5,,●
4904,松本一毅,42,0.071,0.024,0.1,0.047,0.333,,●
4062,後藤陽介,41,0.024,0.024,0.068,0.047,1.0,,●
5289,佃來紀,41,0.073,0.024,0.101,0.047,0.333,,●
4910,中村泰平,42,0.095,0.024,0.116,0.047,0.25,,●
3850,小川知行,42,0.071,0.024,0.1,0.047,0.333,,●
5178,成貞琳平,41,0.049,0.024,0.085,0.047,0.5,,●
4043,桐本康臣,41,0.049,0.024,0.085,0.047,0.5,,●
5105,富田恕生,42,0.024,0.024,0.067,0.047,1.0,,●
4504,前田将太,43,0.07,0.023,0.098,0.046,0.333,,●
4808,松尾拓,43,0.116,0.023,0.13,0.046,0.2,,●
4019,笠原亮,43,0.116,0.023,0.13,0.046,0.2,,●
4253,西川真人,43,0.047,0.023,0.082,0.046,0.5,,●
3703,鳥飼眞,44,0.136,0.023,0.143,0.045,0.167,,●
3612,馬袋義則,66,0.076,0.03,0.095,0.045,0.4,,●
3161,古場輝義,44,0.045,0.023,0.081,0.045,0.5,,●
3614,谷勝幸,44,0.023,0.023,0.065,0.045,1.0,,●
3888,山本英志,45,0.089,0.022,0.11,0.044,0.25,,●
5003,来田衣織,45,0.067,0.022,0.095,0.044,0.333,,●
3268,森竜也,47,0.106,0.021,0.122,0.043,0.2,,●
3156,金子良昭,49,0.041,0.02,0.075,0.042,0.5,,●
3922,菅沼佳昭,50,0.02,0.02,0.06,0.041,1.0,,●
4844,村上奈穂,50,0.06,0.02,0.088,0.041,0.333,,●
3557,太田和美,53,0.075,0.019,0.098,0.04,0.25,,●
3542,清水紀克,132,0.045,0.023,0.06,0.032,0.5,,●
4948,木場悠介,40,0.1,0.0,0.12,0.031,0.0,,●
3282,池本輝明,41,0.0,0.0,0.052,0.031,0,,●
3381,滝沢芳行,40,0.05,0.0,0.086,0.031,0.0,,●
4562,阪本勇介,40,0.025,0.0,0.07,0.031,0.0,,●
5102,原田雄次,41,0.073,0.0,0.101,0.031,0.0,,●
4876,梅木敬太,40,0.0,0.0,0.053,0.031,0,,●
5306,河内悠利杏,40,0.025,0.0,0.07,0.031,0.0,,●
3226,浦田信義,42,0.0,0.0,0.051,0.03,0,,●
3618,海野ゆかり,43,0.209,0.0,0.193,0.03,0.0,,●
3546,中里昌志,42,0.0,0.0,0.051,0.03,0,,●
3212,亀本勇樹,43,0.023,0.0,0.066,0.03,0.0,,●
3708,岡部貴司,43,0.07,0.0,0.098,0.03,0.0,,●
3627,井上恵一,44,0.023,0.0,0.065,0.03,0.0,,●
4924,中北涼,42,0.024,0.0,0.067,0.03,0.0,,●
4261,岡祐臣,43,0.07,0.0,0.098,0.03,0.0,,●
3303,渡辺豊,43,0.023,0.0,0.066,0.03,0.0,,●
4501,樋口由加里,46,0.13,0.0,0.139,0.029,0.0,,●
4040,廣瀬将亨,47,0.021,0.0,0.062,0.028,0.0,,●
3655,本橋克洋,47,0.0,0.0,0.047,0.028,0,,●
4298,宮下元胤,50,0.1,0.0,0.117,0.027,0.0,,●
4496,内堀学,53,0.094,0.0,0.112,0.026,0.0,,●
3072,西田靖,136,0.044,0.015,0.059,0.025,0.333,,●
