regno,boat,san,n
5145,6,11,43
5145,5,18,37
4645,5,17,39
4645,6,18,41
5226,5,10,25
5226,6,9,25
4788,6,12,34
4788,5,28,46
4470,6,20,39
4470,5,15,30
5034,5,20,42
5034,6,13,40
4804,5,16,31
4804,6,10,38
5161,6,10,32
5161,5,13,31
3978,6,15,44
3978,5,20,41
5060,5,11,37
5060,6,10,31
4933,6,11,33
4933,5,16,34
4189,5,12,37
4189,6,21,40
4914,6,17,37
4914,5,18,44
5055,5,16,34
5055,6,10,39
4579,5,19,36
4579,6,13,34
4961,6,18,40
4961,5,20,38
4477,5,16,39
4477,6,18,37
4278,6,19,41
4278,5,13,40
3876,6,14,31
3876,5,16,24
4930,5,22,43
4930,6,9,34
4985,5,20,42
4985,6,12,38
4075,6,11,40
4075,5,18,37
4824,6,12,42
4824,5,20,38
3867,5,4,34
3867,6,3,24
5417,6,9,74
5417,5,6,39
3273,6,1,3
3273,5,0,3
3953,5,3,25
3953,6,0,20
3776,5,10,33
3776,6,0,29
3715,6,6,20
3715,5,10,28
4448,5,19,39
4448,6,20,33
4588,6,9,40
4588,5,13,42
4213,6,18,50
4213,5,16,40
5348,5,16,41
5348,6,17,63
4948,6,11,29
4948,5,9,35
3922,5,11,47
3922,6,3,25
4871,6,6,30
4871,5,12,33
5309,6,1,28
5309,5,4,33
5312,5,3,33
5312,6,5,35
4292,6,14,35
4292,5,20,37
5041,5,9,34
5041,6,7,33
3663,6,13,36
3663,5,11,37
4253,5,9,42
4253,6,2,25
4640,6,14,39
4640,5,25,51
4475,5,14,34
4475,6,15,42
3704,5,3,27
3704,6,1,23
5335,6,4,42
5335,5,3,30
4556,6,12,27
4556,5,14,25
5327,5,0,35
5327,6,0,34
3357,5,6,33
3357,6,1,26
5264,6,12,38
5264,5,13,41
4447,6,9,36
4447,5,15,39
4765,5,12,31
4765,6,4,26
4123,6,16,35
4123,5,23,41
5193,5,16,36
5193,6,15,37
5163,5,15,28
5163,6,15,36
5340,6,9,54
5340,5,15,54
3551,5,5,27
3551,6,1,19
4317,5,6,35
4317,6,3,26
4936,6,14,37
4936,5,14,26
4456,6,17,36
4456,5,12,30
3518,5,5,29
3518,6,3,20
4240,5,14,33
4240,6,9,37
4627,6,11,30
4627,5,12,28
4190,5,11,24
4190,6,10,20
3845,6,6,26
3845,5,8,23
3579,6,2,23
3579,5,9,29
4045,5,6,32
4045,6,3,20
4498,5,8,21
4498,6,5,18
5412,6,2,84
5412,5,2,51
4004,6,6,28
4004,5,13,36
4592,5,10,38
4592,6,3,23
5084,6,18,36
5084,5,9,31
4906,5,16,39
4906,6,10,31
3736,5,2,3
3736,6,1,3
4220,6,6,28
4220,5,6,30
5063,5,8,32
5063,6,5,31
5361,6,4,39
5361,5,6,42
5314,6,0,32
5314,5,2,33
4632,6,5,21
4632,5,7,27
4925,5,14,34
4925,6,9,36
3277,5,10,38
3277,6,4,27
3617,6,0,22
3617,5,3,29
4551,6,18,44
4551,5,17,36
3982,5,6,34
3982,6,1,25
4994,5,17,35
4994,6,15,39
4728,6,4,28
4728,5,6,32
4451,6,19,43
4451,5,14,39
4214,5,10,35
4214,6,13,36
4082,6,10,37
4082,5,16,41
4834,5,13,37
4834,6,8,37
3807,5,6,35
3807,6,4,29
4121,6,12,42
4121,5,13,30
4367,5,10,30
4367,6,5,26
3467,6,5,26
3467,5,5,25
4734,6,19,44
4734,5,18,31
5397,5,1,55
5397,6,1,101
3554,5,35,48
3554,6,20,44
5367,6,1,54
5367,5,2,36
4596,6,20,43
4596,5,23,39
4302,5,19,39
4302,6,19,30
4005,5,1,3
4005,6,0,2
3434,6,5,31
3434,5,14,39
4890,5,16,40
4890,6,11,32
5373,6,3,34
5373,5,7,39
4251,6,7,31
4251,5,12,45
4693,5,10,41
4693,6,8,23
4853,5,4,19
4853,6,2,22
5218,6,18,38
5218,5,19,40
4425,5,12,30
4425,6,6,28
5066,5,24,39
5066,6,15,30
4951,6,9,37
4951,5,13,32
5015,5,12,28
5015,6,16,30
4009,6,8,32
4009,5,11,31
3741,5,5,34
3741,6,1,24
5315,6,2,36
5315,5,5,34
5230,5,8,29
5230,6,3,30
5173,6,3,31
5173,5,12,37
5241,5,10,33
5241,6,8,30
5106,6,6,28
5106,5,16,36
3662,5,16,32
3662,6,12,45
4446,6,19,46
4446,5,25,38
4055,6,17,41
4055,5,29,49
3784,5,10,30
3784,6,4,27
3983,6,14,41
3983,5,23,40
5003,5,9,40
5003,6,4,25
5071,6,7,31
5071,5,5,33
3327,6,20,34
3327,5,16,28
4270,5,8,33
4270,6,5,25
5165,6,7,33
5165,5,11,37
3484,5,11,37
3484,6,7,35
4509,5,15,34
4509,6,14,40
3349,6,18,34
3349,5,11,32
4015,5,16,37
4015,6,11,40
3333,6,18,40
3333,5,19,40
3909,5,21,37
3909,6,17,36
4704,6,13,42
4704,5,23,40
3853,5,6,38
3853,6,9,43
4979,6,9,28
4979,5,14,37
3207,6,2,20
3207,5,3,25
5295,5,12,33
5295,6,8,34
4103,6,3,28
4103,5,3,28
5311,5,18,40
5311,6,5,26
3435,6,12,32
3435,5,16,36
4720,5,7,32
4720,6,5,28
4411,5,19,40
4411,6,10,41
3684,6,7,38
3684,5,13,30
3999,6,17,39
3999,5,16,44
5362,5,4,36
5362,6,2,50
3804,6,8,28
3804,5,8,39
3710,5,13,40
3710,6,8,32
3334,5,10,37
3334,6,9,38
5326,6,10,54
5326,5,12,52
4837,5,13,34
4837,6,5,26
4515,6,13,42
4515,5,19,44
4938,5,19,40
4938,6,16,34
4844,6,7,29
4844,5,8,41
4784,5,3,25
4784,6,3,23
4224,6,11,37
4224,5,13,37
5125,6,12,31
5125,5,14,30
4939,5,17,37
4939,6,20,38
4404,6,2,31
4404,5,9,35
5375,5,4,47
5375,6,8,61
4264,5,22,32
4264,6,23,39
5403,6,6,83
5403,5,4,54
4600,6,15,40
4600,5,16,33
5166,5,24,38
5166,6,15,38
3931,5,11,30
3931,6,15,35
5404,6,7,91
5404,5,4,44
4983,5,20,40
4983,6,24,43
3282,5,7,36
3282,6,5,22
4346,6,5,34
4346,5,11,40
4066,6,21,41
4066,5,22,38
5336,5,3,25
5336,6,0,18
3849,6,25,38
3849,5,22,33
4544,5,32,42
4544,6,32,45
5014,6,2,27
5014,5,10,31
3792,5,14,33
3792,6,13,34
5243,6,10,36
5243,5,11,31
4079,6,12,42
4079,5,13,39
3072,5,7,31
3072,6,9,23
4732,5,27,48
4732,6,18,45
4583,6,9,41
4583,5,15,40
3889,5,8,33
3889,6,2,26
3891,6,1,27
3891,5,7,41
3459,6,2,22
3459,5,4,31
4866,5,7,28
4866,6,2,25
3455,6,9,37
3455,5,12,32
5263,5,13,39
5263,6,1,26
3256,6,15,35
3256,5,14,35
4744,5,9,27
4744,6,3,22
4886,5,20,34
4886,6,18,38
5380,6,0,62
5380,5,0,42
4188,6,25,39
4188,5,25,38
5324,5,0,25
5324,6,0,24
3576,6,25,41
3576,5,24,31
5153,5,6,36
5153,6,9,30
5045,5,25,44
5045,6,16,38
5322,6,3,28
5322,5,6,36
4117,6,16,31
4117,5,15,33
3989,5,4,27
3989,6,5,26
3313,5,8,33
3313,6,3,27
4661,6,6,28
4661,5,17,36
3584,5,14,38
3584,6,11,28
5033,6,6,27
5033,5,4,29
4247,5,13,37
4247,6,6,29
3503,6,1,26
3503,5,7,33
4565,5,14,36
4565,6,5,30
4905,6,5,26
4905,5,5,35
3888,5,14,39
3888,6,15,40
4483,6,17,41
4483,5,24,42
4907,6,25,48
4907,5,20,35
4040,5,20,37
4040,6,8,42
4269,6,16,41
4269,5,23,41
4644,5,19,32
4644,6,13,28
4402,5,15,33
4402,6,10,37
3381,6,6,24
3381,5,15,34
3653,5,7,20
3653,6,5,20
3848,6,11,35
3848,5,15,35
4467,6,18,38
4467,5,17,44
4653,5,16,31
4653,6,16,36
4863,6,6,25
4863,5,7,24
4062,5,7,36
4062,6,5,36
3075,6,7,30
3075,5,14,32
3406,5,7,37
3406,6,14,36
5009,6,6,39
5009,5,18,38
5051,5,22,39
5051,6,16,40
4638,6,7,27
4638,5,14,36
4031,5,9,37
4031,6,5,29
4417,6,5,23
4417,5,15,33
4877,5,14,35
4877,6,11,36
5169,6,1,18
5169,5,5,24
3542,5,9,32
3542,6,3,27
5383,6,1,73
5383,5,6,54
3643,5,13,35
3643,6,2,31
4740,6,2,29
4740,5,12,40
4116,5,18,37
4116,6,3,36
5405,6,2,66
5405,5,5,51
4466,5,13,42
4466,6,9,33
4252,6,2,28
4252,5,11,36
3743,6,20,38
3743,5,17,37
3718,5,9,37
3718,6,3,29
5419,6,7,88
5419,5,4,40
3826,5,17,34
3826,6,13,33
3911,6,6,34
3911,5,17,49
4496,5,23,41
4496,6,24,45
4332,6,4,25
4332,5,6,30
4122,6,13,40
4122,5,16,43
5240,5,6,25
5240,6,7,34
4297,5,21,41
4297,6,15,37
4109,6,17,45
4109,5,13,40
4519,5,8,23
4519,6,2,18
4918,6,8,28
4918,5,9,34
3790,5,12,33
3790,6,5,29
3422,6,19,46
3422,5,17,35
3482,5,20,45
3482,6,11,41
5085,6,6,28
5085,5,19,40
4562,6,7,32
4562,5,12,40
4956,5,5,17
4956,6,2,12
3874,6,17,44
3874,5,17,33
4940,5,2,13
4940,6,2,15
4144,5,22,41
4144,6,13,35
5415,6,1,83
5415,5,0,37
3968,6,14,42
3968,5,16,32
5347,5,2,46
5347,6,1,53
4460,5,22,40
4460,6,17,43
3827,6,2,26
3827,5,12,34
4067,5,24,41
4067,6,17,37
4678,6,4,23
4678,5,10,36
3929,5,10,36
3929,6,7,28
5316,6,12,39
5316,5,15,37
4293,6,10,42
4293,5,15,36
3620,5,7,31
3620,6,3,25
4358,5,5,30
4358,6,2,26
4043,6,11,36
4043,5,17,37
4872,6,8,39
4872,5,11,39
3538,5,5,21
3538,6,3,17
4434,5,17,36
4434,6,11,32
3583,6,4,25
3583,5,5,25
3659,5,11,27
3659,6,8,28
5154,6,7,22
5154,5,12,42
4748,5,19,39
4748,6,22,42
5343,6,15,59
5343,5,23,48
4651,5,9,31
4651,6,6,32
4786,6,15,42
4786,5,20,42
4197,5,6,39
4197,6,3,25
5304,6,3,29
5304,5,1,30
3569,6,5,30
3569,5,9,38
4766,5,6,27
4766,6,4,27
4512,5,20,49
4512,6,17,46
5349,6,0,53
5349,5,2,46
4429,5,9,33
4429,6,0,26
4643,6,15,34
4643,5,15,33
4555,5,14,27
4555,6,10,36
4228,5,12,36
4228,6,19,45
4578,6,6,31
4578,5,14,39
3699,5,8,27
3699,6,8,26
4761,6,9,42
4761,5,11,39
5064,5,22,37
5064,6,12,38
4441,6,16,40
4441,5,15,36
5141,5,15,30
5141,6,14,32
3779,5,12,34
3779,6,19,47
4531,6,11,36
4531,5,27,41
4825,6,17,33
4825,5,20,36
3744,5,16,41
3744,6,17,42
5017,6,7,34
5017,5,21,38
4787,6,19,41
4787,5,22,35
4816,5,8,36
4816,6,12,31
4352,6,18,36
4352,5,14,24
5224,5,18,38
5224,6,22,43
4931,6,19,41
4931,5,30,44
5038,5,14,36
5038,6,12,33
4294,5,18,39
4294,6,16,36
4649,6,6,41
4649,5,12,35
3211,6,6,30
3211,5,4,29
4007,5,12,30
4007,6,2,28
3964,5,10,35
3964,6,2,24
4873,5,15,42
4873,6,10,39
4978,5,13,44
4978,6,8,35
5330,6,15,34
5330,5,19,33
4035,5,10,46
4035,6,5,28
4772,5,15,28
4772,6,14,37
4296,5,12,26
4296,6,14,26
3527,6,11,35
3527,5,14,36
4812,5,22,38
4812,6,17,36
5199,5,11,34
5199,6,10,31
4879,5,14,32
4879,6,7,36
3975,6,8,30
3975,5,14,39
4525,5,11,32
4525,6,3,19
5272,6,5,28
5272,5,7,33
5195,5,11,31
5195,6,9,33
5144,5,12,34
5144,6,6,29
5317,6,8,31
5317,5,11,37
4014,5,9,30
4014,6,11,38
4530,6,17,38
4530,5,16,30
4484,5,13,30
4484,6,6,27
5250,5,10,29
5250,6,4,28
4478,5,11,32
4478,6,9,37
4773,6,12,35
4773,5,16,41
5281,6,18,42
5281,5,20,33
5203,5,9,31
5203,6,4,24
5198,5,13,36
5198,6,2,20
5406,6,2,112
5406,5,1,52
4342,6,13,32
4342,5,18,28
3808,5,5,36
3808,6,2,24
3629,5,14,35
3629,6,12,34
4142,6,5,32
4142,5,13,38
5356,5,18,34
5356,6,13,41
5413,6,1,99
5413,5,8,48
4822,6,16,44
4822,5,19,36
3796,5,10,33
3796,6,7,33
3265,5,13,24
3265,6,17,28
4874,6,8,22
4874,5,11,27
4360,5,15,36
4360,6,15,36
3156,5,6,28
3156,6,2,25
4323,6,11,32
4323,5,10,33
4516,6,15,41
4516,5,21,41
4299,5,9,33
4299,6,3,22
4679,5,15,41
4679,6,6,36
4817,6,10,35
4817,5,16,28
4140,6,12,33
4140,5,14,34
4536,5,17,37
4536,6,13,38
4174,5,18,43
4174,6,19,40
4547,6,15,38
4547,5,17,37
4674,6,17,43
4674,5,13,42
3831,5,8,29
3831,6,3,31
3863,5,9,33
3863,6,2,29
3315,6,5,25
3315,5,8,27
5189,5,17,41
5189,6,13,33
4143,5,8,33
4143,6,3,20
3928,5,8,35
3928,6,1,26
5146,5,11,31
5146,6,4,23
3939,6,1,8
3939,5,2,5
3805,5,11,27
3805,6,9,35
4899,5,7,33
4899,6,5,22
3574,6,14,39
3574,5,22,37
5291,5,5,39
5291,6,5,28
3611,6,13,38
3611,5,13,33
4813,5,6,30
4813,6,6,29
5087,6,19,43
5087,5,20,29
4335,6,21,38
4335,5,20,34
4981,5,15,36
4981,6,7,29
4092,6,7,30
4092,5,11,30
3998,5,11,40
3998,6,2,27
3355,6,0,11
3355,5,2,15
4136,6,18,36
4136,5,16,28
4011,5,13,31
4011,6,14,33
4443,6,11,31
4443,5,14,43
3679,5,12,42
3679,6,14,33
4803,6,1,24
4803,5,9,33
4963,6,10,35
4963,5,13,37
4398,6,14,42
4398,5,25,44
4465,5,8,27
4465,6,4,24
4408,6,2,21
4408,5,7,28
4776,5,28,46
4776,6,22,45
4053,6,9,33
4053,5,17,33
5088,5,21,48
5088,6,21,44
4917,5,6,32
4917,6,5,27
5392,6,2,87
5392,5,1,44
4988,5,6,36
4988,6,3,31
5408,6,2,49
5408,5,2,22
3656,6,7,28
3656,5,12,32
5303,5,12,37
5303,6,16,34
5288,5,8,31
5288,6,2,27
4200,6,9,31
4200,5,7,37
4518,6,15,42
4518,5,19,33
5101,5,6,28
5101,6,2,18
4880,5,10,30
4880,6,11,29
5401,6,5,76
5401,5,5,32
4271,6,7,26
4271,5,13,36
4691,5,11,31
4691,6,4,23
3477,5,9,30
3477,6,5,31
4711,6,13,38
4711,5,19,40
4257,5,10,30
4257,6,4,24
4020,6,5,27
4020,5,7,34
5096,6,9,37
5096,5,21,40
4564,5,7,35
4564,6,3,28
4463,6,14,35
4463,5,15,34
4876,5,7,30
4876,6,5,33
4949,6,11,35
4949,5,19,40
4033,5,17,36
4033,6,16,38
3444,5,7,29
3444,6,2,18
5363,6,1,66
5363,5,1,30
4842,6,8,34
4842,5,18,36
4218,5,19,42
4218,6,25,40
3992,5,7,27
3992,6,11,28
4295,6,22,39
4295,5,25,44
4105,5,16,37
4105,6,12,40
4700,6,12,30
4700,5,16,30
4850,6,14,37
4850,5,23,41
4239,5,18,36
4239,6,10,39
3742,6,4,25
3742,5,9,30
4896,5,9,34
4896,6,3,28
3833,5,17,35
3833,6,15,41
3372,6,2,25
3372,5,0,22
3870,6,3,29
3870,5,13,36
4511,5,12,35
4511,6,6,32
3442,6,4,29
3442,5,12,33
4108,5,13,37
4108,6,11,34
3461,6,1,23
3461,5,1,17
3757,5,14,33
3757,6,7,22
4782,5,4,26
4782,6,5,22
5032,6,8,29
5032,5,17,36
4828,5,19,30
4828,6,19,39
4329,5,10,37
4329,6,3,31
4934,6,8,40
4934,5,17,36
3350,5,12,30
3350,6,5,33
4945,6,5,33
4945,5,8,38
3392,5,5,32
3392,6,5,28
4522,5,10,34
4522,6,9,39
4790,6,15,44
4790,5,14,36
4953,5,18,37
4953,6,19,38
3722,5,4,34
3722,6,3,26
4080,5,6,13
4080,6,8,16
4365,5,12,35
4365,6,6,35
5293,6,1,37
5293,5,3,28
3257,5,19,27
3257,6,24,40
4050,6,17,40
4050,5,22,33
4688,5,17,38
4688,6,15,42
5294,6,1,28
5294,5,4,28
5132,5,25,38
5132,6,17,36
5399,6,3,88
5399,5,1,33
3900,5,22,38
3900,6,13,34
4047,6,1,26
4047,5,8,31
3539,5,6,36
3539,6,2,30
5344,6,9,44
5344,5,10,43
3752,6,4,29
3752,5,10,33
4747,5,4,30
4747,6,2,27
4593,6,17,39
4593,5,16,38
3370,5,5,28
3370,6,2,20
3202,5,6,34
3202,6,6,33
5238,6,11,40
5238,5,15,35
3793,5,6,29
3793,6,2,25
4709,6,11,41
4709,5,19,32
5192,5,13,30
5192,6,5,38
4974,6,11,33
4974,5,16,36
4759,6,18,43
4759,5,22,35
4276,5,20,35
4276,6,13,44
4714,5,10,29
4714,6,6,28
4904,5,14,40
4904,6,11,37
5321,6,13,27
5321,5,13,26
5280,5,33,41
5280,6,12,34
5331,5,9,25
5331,6,4,30
3680,5,12,34
3680,6,2,30
4705,5,3,38
4705,6,2,25
3921,6,0,15
3921,5,2,16
4442,6,8,31
4442,5,14,36
4254,5,8,27
4254,6,9,30
3562,6,12,41
3562,5,21,38
3822,5,25,39
3822,6,16,42
4669,5,9,36
4669,6,4,23
5410,6,3,82
5410,5,2,38
4520,6,11,34
4520,5,16,39
4211,5,8,35
4211,6,3,24
3473,6,29,44
3473,5,22,39
4976,5,14,31
4976,6,5,20
4452,6,8,38
4452,5,17,42
3801,5,5,21
3801,6,4,18
4306,6,5,33
4306,5,13,27
3976,5,8,35
3976,6,0,27
3959,5,25,41
3959,6,18,43
5177,6,5,30
5177,5,14,38
3852,5,12,33
3852,6,9,29
4618,5,14,32
4618,6,11,33
3686,6,18,43
3686,5,22,38
5151,6,4,23
5151,5,6,32
3965,6,12,43
3965,5,17,34
4113,5,9,35
4113,6,8,28
4432,6,5,33
4432,5,18,44
4146,5,18,42
4146,6,8,28
4415,5,18,45
4415,6,14,37
4926,6,18,30
4926,5,17,21
3712,6,8,29
3712,5,7,28
4723,5,11,32
4723,6,7,28
4835,6,8,29
4835,5,12,40
4684,5,9,29
4684,6,9,37
3703,5,12,31
3703,6,14,32
4811,6,6,33
4811,5,20,39
4757,6,17,42
4757,5,25,37
5276,5,14,31
5276,6,6,29
4840,5,15,38
4840,6,9,30
4637,6,8,30
4637,5,12,29
3772,5,11,29
3772,6,7,28
4703,6,17,39
4703,5,15,33
3828,5,10,34
3828,6,6,33
5044,6,7,33
5044,5,9,31
3463,5,12,39
3463,6,7,24
5131,6,4,19
5131,5,3,34
4363,5,17,44
4363,6,16,44
4676,5,13,40
4676,6,13,33
4207,5,13,35
4207,6,16,40
5068,6,16,34
5068,5,24,37
4989,5,14,32
4989,6,9,41
4431,6,2,31
4431,5,5,26
4327,5,7,37
4327,6,5,29
4114,5,8,27
4114,6,8,25
4356,5,16,33
4356,6,10,35
4942,6,8,34
4942,5,11,34
3454,5,17,30
3454,6,3,33
3880,5,12,33
3880,6,14,35
3448,6,4,19
3448,5,5,25
3462,5,1,5
3462,6,1,7
3745,6,7,25
3745,5,10,26
4903,5,31,41
4903,6,16,41
4491,6,2,31
4491,5,8,32
3305,5,6,29
3305,6,1,26
4110,6,7,26
4110,5,12,32
4992,5,4,40
4992,6,3,27
3993,5,9,33
3993,6,8,23
3294,6,12,34
3294,5,10,28
3414,5,0,4
3414,6,2,6
3951,5,13,39
3951,6,4,31
4042,5,23,40
4042,6,16,48
4076,6,10,37
4076,5,11,41
5012,5,11,28
5012,6,13,37
3860,6,5,27
3860,5,4,36
2538,6,2,20
2538,5,6,28
4430,6,16,38
4430,5,14,35
3412,6,25,42
3412,5,25,43
5244,5,1,26
5244,6,2,17
4405,6,3,23
4405,5,13,33
3619,5,11,32
3619,6,3,35
4343,5,10,39
4343,6,5,28
3251,6,18,43
3251,5,17,46
4437,5,20,43
4437,6,11,40
5223,6,8,38
5223,5,10,35
3740,5,22,40
3740,6,23,43
4533,5,4,23
4533,6,7,26
4072,5,19,39
4072,6,13,28
3908,6,18,44
3908,5,20,44
4977,6,12,30
4977,5,17,35
3946,6,29,45
3946,5,27,45
4111,5,12,34
4111,6,6,28
4315,6,3,26
4315,5,14,38
3606,5,13,34
3606,6,6,34
5351,6,10,34
5351,5,12,35
3226,5,14,37
3226,6,6,29
3775,5,8,38
3775,6,4,31
3920,6,10,26
3920,5,9,28
3158,5,13,29
3158,6,10,34
5123,5,6,38
5123,6,2,29
5249,6,7,32
5249,5,11,32
4118,5,22,41
4118,6,16,43
3557,6,21,52
3557,5,27,46
3773,5,7,35
3773,6,4,27
4778,5,16,34
4778,6,6,30
5039,6,9,41
5039,5,12,34
4538,6,16,38
4538,5,17,27
4277,5,14,33
4277,6,4,27
3304,6,13,41
3304,5,16,40
4226,5,11,36
4226,6,6,29
3995,5,18,29
3995,6,14,32
4336,6,7,39
4336,5,7,38
5143,5,10,42
5143,6,5,23
3952,6,18,39
3952,5,20,38
5259,5,4,23
5259,6,3,21
4666,6,1,17
4666,5,5,20
4775,6,4,26
4775,5,11,26
5334,5,5,39
5334,6,2,34
3618,5,16,37
3618,6,11,37
5222,6,10,37
5222,5,13,33
4510,5,2,20
4510,6,0,15
3509,6,5,22
3509,5,4,21
4636,5,3,27
4636,6,5,24
3024,5,16,29
3024,6,25,36
4056,5,5,11
4056,6,1,10
3411,5,9,31
3411,6,2,27
3934,6,9,31
3934,5,20,45
3746,6,19,48
3746,5,17,37
4793,5,23,42
4793,6,11,41
4036,6,24,46
4036,5,21,34
3935,6,9,30
3935,5,7,27
4762,5,17,32
4762,6,25,47
4260,6,10,38
4260,5,17,42
3612,5,23,48
3612,6,16,38
3771,5,13,42
3771,6,11,27
3714,6,1,26
3714,5,10,34
4635,5,7,27
4635,6,8,29
3654,5,21,31
3654,6,14,37
3731,6,15,33
3731,5,15,35
4513,5,13,32
4513,6,9,39
4303,5,12,31
4303,6,6,35
5043,6,18,43
5043,5,23,46
4594,5,16,39
4594,6,16,36
3787,6,3,26
3787,5,3,27
4435,5,13,26
4435,6,6,30
4355,5,3,27
4355,6,1,23
3642,6,2,21
3642,5,5,30
4204,5,9,36
4204,6,4,27
3212,6,8,30
3212,5,6,25
3558,6,6,32
3558,5,10,27
4368,5,8,33
4368,6,2,22
4201,6,4,28
4201,5,12,28
5384,5,5,52
5384,6,2,71
5388,5,14,43
5388,6,15,59
3910,6,5,27
3910,5,6,36
4665,6,6,28
4665,5,6,34
3352,5,25,61
3352,6,49,130
3339,5,7,34
3339,6,8,26
4231,6,10,34
4231,5,16,41
5398,6,12,65
5398,5,12,49
3893,5,9,35
3893,6,6,30
4227,5,17,40
4227,6,12,38
5090,6,6,32
5090,5,13,27
5420,6,2,74
5420,5,2,42
5037,5,11,34
5037,6,8,35
5325,5,13,37
5325,6,10,44
4383,5,14,35
4383,6,5,30
5018,5,19,41
5018,6,18,42
3843,6,5,32
3843,5,10,36
4403,5,23,39
4403,6,7,28
4073,6,19,43
4073,5,17,39
5221,6,14,37
5221,5,22,37
4351,5,23,35
4351,6,26,56
3955,5,8,24
3955,6,4,22
5047,6,9,30
5047,5,9,30
4839,6,12,31
4839,5,16,31
4656,5,14,35
4656,6,8,25
4710,5,23,45
4710,6,15,42
4973,6,7,34
4973,5,18,38
3615,5,5,32
3615,6,2,33
4145,5,8,36
4145,6,2,22
4615,6,3,21
4615,5,11,37
3963,5,15,35
3963,6,12,41
3788,6,3,19
3788,5,9,27
4718,5,18,31
4718,6,15,37
5079,6,6,32
5079,5,9,32
4889,5,7,29
4889,6,3,29
3637,6,4,24
3637,5,9,35
4049,5,20,40
4049,6,16,40
4244,6,2,20
4244,5,4,30
4199,5,20,41
4199,6,28,46
4856,5,26,47
4856,6,25,50
3838,5,9,32
3838,6,9,30
4025,5,14,27
4025,6,13,28
4919,5,10,23
4919,6,6,27
3286,5,7,21
3286,6,3,24
5237,6,5,29
5237,5,8,27
3988,6,14,47
3988,5,19,34
4301,5,15,33
4301,6,8,23
4120,5,21,40
4120,6,10,43
3627,6,9,36
3627,5,5,30
5333,5,12,34
5333,6,4,19
4439,5,7,37
4439,6,2,28
4071,6,5,21
4071,5,3,27
3489,6,14,45
3489,5,20,42
3973,5,13,36
3973,6,7,32
3814,5,12,39
3814,6,4,30
4730,5,10,29
4730,6,9,28
4706,5,22,48
4706,6,11,45
3961,6,21,34
3961,5,15,28
5180,5,4,14
5180,6,1,14
3692,5,6,24
3692,6,7,34
3832,6,3,20
3832,5,3,20
4002,5,18,37
4002,6,22,38
3960,5,18,36
3960,6,15,43
5257,6,16,41
5257,5,21,43
4574,5,14,35
4574,6,10,33
4798,6,14,38
4798,5,17,38
5133,5,13,34
5133,6,9,24
4771,6,16,38
4771,5,19,39
4610,6,8,39
4610,5,20,42
4359,6,12,36
4359,5,13,35
5352,6,9,38
5352,5,13,38
5130,5,10,37
5130,6,8,30
5157,5,9,37
5157,6,4,34
5364,6,3,75
5364,5,7,50
5058,6,26,44
5058,5,20,42
5289,5,21,36
5289,6,9,29
5082,5,17,37
5082,6,12,35
5328,6,4,25
5328,5,9,27
5142,6,16,35
5142,5,22,36
5338,5,14,46
5338,6,4,43
4980,6,20,46
4980,5,20,39
5345,5,2,41
5345,6,4,41
5232,5,11,29
5232,6,7,26
5093,5,11,38
5093,6,10,38
5385,6,2,65
5385,5,8,45
5337,6,17,68
5337,5,21,62
5216,5,16,31
5216,6,10,33
5206,5,6,24
5206,6,3,26
5246,6,13,32
5246,5,9,30
5332,5,6,29
5332,6,3,35
5150,6,17,32
5150,5,18,34
5112,5,24,36
5112,6,11,36
5136,6,14,40
5136,5,21,39
4150,6,5,35
4150,5,17,35
4633,6,9,36
4633,5,17,35
5242,5,11,37
5242,6,6,30
4440,6,3,24
4440,5,12,37
5211,6,5,23
5211,5,5,34
4893,5,15,31
4893,6,2,23
4901,6,6,21
4901,5,8,26
3652,5,5,29
3652,6,2,20
3748,6,4,25
3748,5,10,37
4726,5,2,11
4726,6,1,6
5390,6,2,72
5390,5,4,40
5320,5,3,26
5320,6,4,27
5346,6,2,51
5346,5,5,46
4758,5,10,18
4758,6,1,16
4414,5,4,28
4414,6,1,19
5391,6,2,59
5391,5,0,45
3778,5,2,26
3778,6,0,18
5370,6,0,51
5370,5,0,33
4590,6,19,40
4590,5,19,42
5357,5,0,34
5357,6,2,40
4924,5,14,40
4924,6,1,27
5387,6,1,63
5387,5,1,49
5360,5,4,32
5360,6,6,46
5283,6,0,23
5283,5,6,22
4882,6,2,20
4882,5,4,23
4501,5,14,43
4501,6,8,38
5155,6,14,31
5155,5,16,30
4878,5,6,23
4878,6,2,22
5231,6,6,30
5231,5,10,30
4373,6,17,41
4373,5,9,29
4746,5,11,23
4746,6,3,25
5100,6,4,27
5100,5,10,24
4137,5,17,39
4137,6,15,40
5212,6,8,29
5212,5,18,34
4630,6,13,43
4630,5,11,25
5134,6,15,33
5134,5,8,28
4298,5,16,39
4298,6,17,34
4497,5,16,32
4497,6,16,29
4064,5,21,35
4064,6,21,43
4527,5,2,31
4527,6,2,23
3711,5,26,49
3711,6,16,48
3550,6,7,33
3550,5,20,39
5200,5,0,17
5200,6,0,17
5310,5,9,30
5310,6,4,24
3878,5,10,33
3878,6,5,21
3430,5,11,37
3430,6,3,29
4449,6,5,24
4449,5,10,29
4193,6,10,43
4193,5,11,39
4457,5,11,32
4457,6,7,25
3224,5,9,36
3224,6,3,23
3974,6,3,21
3974,5,5,28
3556,5,18,37
3556,6,14,37
4543,6,20,38
4543,5,19,35
3523,5,11,31
3523,6,6,26
3812,6,5,30
3812,5,11,33
4245,5,6,33
4245,6,7,30
4664,5,5,27
4664,6,4,18
3441,6,7,28
3441,5,12,34
3933,5,18,33
3933,6,13,27
4034,5,9,42
4034,6,1,23
5278,5,25,40
5278,6,23,39
4584,5,19,33
4584,6,23,42
4852,5,26,43
4852,6,22,41
3655,6,8,35
3655,5,16,40
4016,5,10,32
4016,6,7,30
4339,5,6,37
4339,6,3,25
3984,5,23,40
3984,6,14,42
4672,6,6,25
4672,5,8,39
4259,5,17,41
4259,6,12,38
4209,6,11,32
4209,5,14,42
4589,6,5,26
4589,5,6,25
3918,5,15,31
3918,6,21,47
3176,5,5,19
3176,6,2,24
4487,5,11,38
4487,6,10,29
4246,5,8,33
4246,6,3,28
5305,6,0,21
5305,5,3,29
4268,5,6,26
4268,6,3,19
4407,5,13,34
4407,6,5,34
4697,6,6,30
4697,5,9,33
4369,6,10,44
4369,5,20,41
4808,5,28,46
4808,6,10,40
5302,6,3,28
5302,5,8,28
5197,6,13,31
5197,5,5,13
4910,6,16,35
4910,5,22,37
5301,5,10,28
5301,6,3,30
5074,5,15,33
5074,6,3,32
5318,5,5,34
5318,6,3,33
5102,5,12,33
5102,6,6,28
5070,5,6,28
5070,6,0,19
5081,6,9,30
5081,5,17,32
5098,5,10,38
5098,6,4,23
5114,5,16,41
5114,6,13,41
5073,6,13,34
5073,5,10,30
5229,6,11,40
5229,5,21,43
5076,5,13,31
5076,6,4,27
3708,6,6,31
3708,5,11,37
3866,6,2,25
3866,5,10,29
3981,6,5,32
3981,5,8,40
3445,6,11,30
3445,5,13,31
5208,5,7,31
5208,6,5,29
5170,5,11,33
5170,6,7,25
4957,6,5,30
4957,5,14,41
4380,5,7,31
4380,6,5,31
4815,5,9,25
4815,6,6,31
5236,6,10,41
5236,5,8,39
3834,6,4,25
3834,5,7,33
5128,5,11,25
5128,6,2,19
3990,5,11,40
3990,6,4,28
4535,6,21,41
4535,5,16,25
3517,5,17,30
3517,6,13,34
5308,6,3,23
5308,5,10,36
4581,6,11,43
4581,5,22,39
5023,6,15,30
5023,5,17,35
5016,5,16,30
5016,6,18,42
4861,5,15,38
4861,6,7,28
4587,6,11,38
4587,5,16,31
4680,6,14,29
4680,5,13,38
4947,5,13,33
4947,6,5,25
4546,5,16,27
4546,6,13,26
4275,5,2,23
4275,6,2,19
5287,5,8,31
5287,6,3,31
4791,6,11,37
4791,5,15,31
3580,5,8,33
3580,6,5,26
4065,6,8,27
4065,5,8,26
4482,6,12,34
4482,5,16,40
5248,5,10,32
5248,6,11,36
3302,6,4,23
3302,5,6,22
4987,6,2,28
4987,5,8,31
5213,6,6,36
5213,5,10,37
4738,5,13,41
4738,6,7,42
5053,5,7,30
5053,6,3,34
4022,5,7,27
4022,6,3,23
3546,5,7,29
3546,6,7,29
4563,5,9,37
4563,6,0,19
3519,5,6,30
3519,6,5,30
4626,5,15,36
4626,6,5,22
3070,5,10,21
3070,6,6,15
4272,6,6,27
4272,5,10,29
4236,5,30,41
4236,6,23,39
5160,5,18,37
5160,6,6,37
3850,5,13,38
3850,6,9,28
4057,6,8,41
4057,5,13,34
4361,5,19,30
4361,6,19,39
3977,6,6,32
3977,5,8,35
4695,5,10,36
4695,6,5,27
4175,5,14,30
4175,6,8,27
5126,6,16,39
5126,5,19,35
3907,6,8,38
3907,5,14,40
4273,5,13,38
4273,6,7,36
4540,5,7,28
4540,6,11,34
4061,6,21,46
4061,5,23,41
3385,6,13,32
3385,5,19,35
4962,5,15,33
4962,6,11,39
4152,5,8,30
4152,6,7,30
4156,5,16,38
4156,6,9,33
4196,6,3,29
4196,5,8,43
4258,6,8,30
4258,5,6,30
4472,6,19,35
4472,5,17,43
4331,5,12,40
4331,6,8,29
4526,6,9,31
4526,5,10,32
4159,5,19,44
4159,6,9,38
4702,5,18,29
4702,6,19,38
4171,6,23,46
4171,5,12,38
5300,6,3,29
5300,5,3,29
5139,5,22,37
5139,6,11,29
5089,6,12,30
5089,5,21,38
5282,5,15,31
5282,6,9,29
5256,5,21,38
5256,6,18,36
5319,5,13,26
5319,6,7,29
4865,5,4,17
4865,6,6,20
4779,6,7,27
4779,5,9,31
4085,6,10,25
4085,5,15,26
4397,5,27,45
4397,6,17,37
4413,6,21,45
4413,5,17,40
4675,5,14,31
4675,6,11,25
4485,5,15,39
4485,6,8,36
5207,6,4,25
5207,5,13,30
5054,6,14,30
5054,5,19,38
4384,5,25,38
4384,6,12,40
5382,6,8,55
5382,5,4,39
4393,6,4,31
4393,5,6,33
5007,5,12,38
5007,6,9,29
4967,6,22,40
4967,5,20,36
4598,5,15,34
4598,6,8,41
5022,5,8,39
5022,6,5,24
4401,6,9,32
4401,5,9,32
4875,5,12,30
4875,6,6,29
3872,6,13,45
3872,5,15,34
4256,5,22,39
4256,6,22,40
3940,6,18,43
3940,5,23,43
4792,6,3,29
4792,5,8,25
5103,5,11,29
5103,6,3,28
4458,6,6,34
4458,5,13,34
4898,6,10,32
4898,5,9,30
4097,5,10,30
4097,6,4,24
5279,6,8,25
5279,5,20,36
5252,6,11,30
5252,5,11,32
4552,5,13,30
4552,6,14,34
4754,5,19,33
4754,6,13,35
5245,6,7,23
5245,5,18,39
5183,5,18,35
5183,6,6,35
4908,6,19,38
4908,5,14,33
3548,6,13,40
3548,5,15,46
4084,6,15,46
4084,5,23,41
4995,5,8,37
4995,6,5,28
4797,6,17,36
4797,5,20,34
4420,5,23,48
4420,6,5,38
4181,6,4,25
4181,5,3,30
5113,5,3,19
5113,6,1,14
4694,5,9,32
4694,6,6,26
3474,6,5,29
3474,5,11,36
4183,6,6,38
4183,5,6,31
5182,5,14,33
5182,6,9,30
4984,6,16,32
4984,5,10,25
4845,5,13,24
4845,6,14,26
4164,5,6,28
4164,6,4,24
4374,6,7,27
4374,5,6,37
5048,5,10,33
5048,6,8,35
3635,6,13,48
3635,5,8,31
4000,6,20,47
4000,5,14,40
4821,5,17,44
4821,6,6,28
4909,6,6,35
4909,5,10,30
5285,5,2,28
5285,6,6,32
4464,5,18,36
4464,6,10,31
4058,5,20,38
4058,6,12,38
5129,6,11,37
5129,5,12,31
4499,6,6,23
4499,5,7,33
4274,5,10,29
4274,6,4,27
3901,5,5,21
3901,6,1,12
4623,6,5,33
4623,5,11,42
3362,5,14,33
3362,6,13,34
4611,6,11,34
4611,5,16,38
4396,5,11,36
4396,6,11,33
4796,6,13,44
4796,5,18,40
5028,6,12,37
5028,5,21,39
4884,5,7,21
4884,6,4,21
4851,6,18,37
4851,5,21,36
3716,5,17,39
3716,6,12,37
3783,5,23,43
3783,6,14,40
4528,6,22,38
4528,5,23,38
4932,5,22,39
4932,6,17,42
4445,6,8,43
4445,5,13,37
4024,6,20,44
4024,5,16,38
4503,5,28,41
4503,6,21,42
4573,5,17,33
4573,6,13,42
4350,6,18,38
4350,5,16,40
4682,5,18,44
4682,6,13,36
4320,6,20,30
4320,5,21,31
4324,5,24,47
4324,6,29,50
4586,6,14,36
4586,5,23,40
4831,5,15,33
4831,6,12,30
4290,6,14,38
4290,5,21,40
4739,5,15,38
4739,6,26,41
4337,6,19,45
4337,5,26,46
4719,6,16,42
4719,5,15,41
4444,5,17,37
4444,6,19,38
4459,6,13,42
4459,5,7,39
4362,5,16,30
4362,6,11,34
4686,5,23,38
4686,6,12,38
4166,6,20,45
4166,5,14,37
4428,6,10,35
4428,5,15,35
4202,5,9,34
4202,6,7,33
3563,5,12,33
3563,6,7,35
4423,6,5,31
4423,5,15,39
5091,5,11,22
5091,6,11,30
4753,6,3,22
4753,5,7,18
3566,5,9,37
3566,6,6,26
4382,5,10,38
4382,6,8,30
4348,6,14,41
4348,5,16,36
4959,5,25,43
4959,6,16,44
4044,5,10,34
4044,6,15,34
3892,6,3,27
3892,5,12,37
3690,5,11,37
3690,6,4,30
4557,6,8,35
4557,5,5,28
5075,5,27,42
5075,6,16,39
4012,5,17,36
4012,6,11,36
4263,6,2,33
4263,5,12,34
5386,5,4,40
5386,6,5,51
4177,6,5,29
4177,5,7,22
4054,5,13,35
4054,6,5,39
4182,6,4,35
4182,5,11,35
5234,5,23,37
5234,6,18,44
5271,6,4,29
5271,5,9,30
4112,5,14,37
4112,6,9,33
3986,5,10,27
3986,6,3,28
5008,6,5,26
5008,5,11,29
4229,5,7,29
4229,6,4,23
5187,6,5,16
5187,5,6,22
5205,5,17,39
5205,6,12,40
4381,6,5,35
4381,5,14,41
5013,5,13,38
5013,6,10,33
3930,5,7,34
3930,6,10,34
3761,6,4,31
3761,5,16,35
4809,5,9,27
4809,6,14,34
4473,6,7,31
4473,5,10,29
5026,5,21,41
5026,6,10,37
5292,6,1,24
5292,5,9,32
5307,5,12,37
5307,6,6,26
5378,6,3,71
5378,5,1,48
4093,5,6,41
4093,6,3,24
4100,6,5,27
4100,5,12,34
2878,5,14,35
2878,6,9,29
5190,6,4,23
5190,5,7,31
3432,6,7,29
3432,5,7,33
5004,5,12,37
5004,6,8,30
4330,6,8,37
4330,5,21,37
5253,5,2,16
5253,6,7,39
4424,6,17,44
4424,5,17,37
4311,6,25,45
4311,5,20,35
5029,5,15,35
5029,6,10,34
5135,6,7,42
5135,5,9,31
3915,5,19,42
3915,6,7,41
4624,5,22,44
4624,6,11,34
4081,6,5,30
4081,5,5,37
3869,6,3,22
3869,5,8,38
4752,5,13,37
4752,6,2,24
4232,5,15,40
4232,6,8,29
4715,6,15,35
4715,5,13,26
4068,6,8,30
4068,5,11,40
4900,5,11,33
4900,6,11,35
5369,6,1,40
5369,5,2,25
3882,5,16,42
3882,6,7,27
4789,5,15,35
4789,6,5,31
3567,6,1,21
3567,5,6,26
4051,5,21,35
4051,6,16,30
4010,6,3,18
4010,5,6,30
4603,5,13,34
4603,6,6,32
4677,6,13,32
4677,5,16,29
3582,6,14,38
3582,5,22,41
5065,5,11,27
5065,6,6,31
4237,6,18,38
4237,5,20,42
3587,5,10,37
3587,6,4,34
4950,5,19,39
4950,6,8,32
3293,6,7,27
3293,5,7,32
4155,6,15,34
4155,5,13,37
3578,5,8,28
3578,6,3,22
5298,5,24,33
5298,6,22,44
5158,6,13,34
5158,5,14,37
4736,5,24,42
4736,6,17,40
4134,6,15,37
4134,5,17,38
3568,6,2,26
3568,5,6,29
4836,5,9,31
4836,6,7,30
4364,6,18,38
4364,5,15,38
4416,5,10,35
4416,6,6,33
4545,6,23,45
4545,5,19,35
4370,6,17,40
4370,5,21,39
3797,5,6,34
3797,6,6,30
5020,5,9,25
5020,6,4,31
4532,6,19,37
4532,5,18,36
4558,5,9,38
4558,6,2,27
3401,5,14,33
3401,6,2,28
3641,6,14,37
3641,5,21,44
4288,5,27,44
4288,6,22,37
4991,6,12,35
4991,5,16,35
3875,5,7,35
3875,6,5,27
4102,6,16,39
4102,5,22,43
4826,5,20,37
4826,6,25,46
4450,6,12,39
4450,5,17,34
4500,5,23,39
4500,6,10,37
4418,6,21,42
4418,5,20,31
3941,5,25,41
3941,6,15,36
4502,5,20,32
4502,6,16,36
3415,6,16,37
3415,5,11,39
4205,6,14,34
4205,5,21,30
4468,5,20,43
4468,6,12,40
4371,6,13,35
4371,5,14,34
4238,5,16,21
4238,6,19,26
4391,5,23,40
4391,6,13,42
3719,6,19,44
3719,5,23,40
4537,6,21,41
4537,5,21,40
4504,5,15,37
4504,6,17,40
5121,6,16,40
5121,5,23,38
4030,5,23,49
4030,6,7,36
4848,6,15,40
4848,5,18,38
4013,6,16,45
4013,5,25,44
4895,6,9,25
4895,5,13,34
5092,5,18,32
5092,6,18,35
5000,5,9,35
5000,6,7,33
5002,5,15,36
5002,6,13,40
4960,5,27,42
4960,6,20,39
4570,6,20,41
4570,5,17,35
5006,5,5,34
5006,6,3,28
4385,6,4,18
4385,5,1,21
4394,6,13,30
4394,5,17,36
3107,5,3,24
3107,6,4,17
4864,6,2,26
4864,5,12,31
4486,6,12,33
4486,5,18,39
4952,5,2,30
4952,6,1,26
4681,5,6,26
4681,6,1,25
5217,6,16,42
5217,5,19,29
5239,5,13,37
5239,6,13,39
4561,5,14,38
4561,6,13,37
4089,5,25,36
4089,6,17,43
4375,6,18,42
4375,5,14,40
5188,5,17,39
5188,6,16,39
4376,6,10,46
4376,5,14,41
3528,5,4,25
3528,6,6,24
4406,6,5,32
4406,5,14,43
5359,5,7,30
5359,6,8,27
3161,6,16,27
3161,5,16,36
4234,5,7,32
4234,6,1,22
3590,6,18,39
3590,5,19,35
4039,5,15,38
4039,6,9,43
4083,5,33,49
4083,6,20,39
4124,5,14,30
4124,6,17,38
5262,5,11,30
5262,6,5,30
4241,5,17,38
4241,6,14,36
4409,5,21,38
4409,6,14,38
5178,5,10,44
5178,6,2,27
3701,6,5,24
3701,5,7,33
4060,6,5,31
4060,5,7,37
4319,6,10,38
4319,5,22,49
4887,5,11,35
4887,6,9,30
4074,6,16,36
4074,5,19,36
4027,5,10,31
4027,6,5,28
3532,5,13,23
3532,6,13,26
4529,6,11,36
4529,5,16,39
5104,5,12,29
5104,6,12,32
3825,6,2,27
3825,5,7,28
4625,5,7,32
4625,6,3,23
4262,6,15,41
4262,5,16,36
3942,6,13,34
3942,5,18,31
4524,5,20,45
4524,6,15,36
3897,5,12,34
3897,6,18,36
4208,5,29,42
4208,6,16,36
4494,5,17,34
4494,6,19,42
4344,6,16,33
4344,5,23,34
3516,5,3,25
3516,6,4,27
5381,6,5,49
5381,5,8,52
5353,6,4,55
5353,5,6,45
5011,5,5,30
5011,6,3,24
4631,5,15,36
4631,6,5,28
4283,5,7,28
4283,6,6,22
5138,6,2,15
5138,5,3,19
3809,5,12,35
3809,6,12,36
4474,6,7,29
4474,5,14,37
4349,5,7,34
4349,6,5,26
5358,6,3,28
5358,5,5,20
4133,5,14,32
4133,6,19,38
4560,5,15,39
4560,6,10,35
4289,5,11,38
4289,6,10,31
4410,6,8,26
4410,5,10,39
4215,5,24,36
4215,6,15,50
4210,5,18,36
4210,6,14,37
3268,5,6,35
3268,6,7,28
4180,6,7,31
4180,5,13,38
4059,6,11,37
4059,5,12,32
5152,5,6,29
5152,6,2,20
5046,5,10,34
5046,6,12,31
4943,6,4,22
4943,5,3,28
3319,6,9,32
3319,5,16,33
4750,5,8,32
4750,6,5,18
4508,6,17,32
4508,5,11,31
3905,6,19,40
3905,5,18,38
5286,5,11,35
5286,6,4,28
5220,5,18,35
5220,6,21,38
4095,6,20,36
4095,5,25,38
5268,5,5,27
5268,6,1,45
3054,6,8,36
3054,5,11,24
5179,6,3,28
5179,5,5,21
4305,5,23,29
4305,6,24,36
5078,6,3,29
5078,5,12,33
5019,5,8,27
5019,6,8,24
4958,6,14,44
4958,5,21,41
4785,5,10,32
4785,6,5,28
4366,6,17,44
4366,5,29,44
3535,5,9,33
3535,6,1,27
3439,5,14,34
3439,6,13,35
3717,6,9,35
3717,5,10,27
3284,5,13,36
3284,6,8,26
3855,6,0,2
3855,5,0,1
3081,5,7,21
3081,6,5,23
3541,6,15,41
3541,5,18,40
4944,5,10,33
4944,6,7,26
5120,5,7,23
5120,6,6,30
4819,5,14,33
4819,6,9,39
5350,6,9,31
5350,5,12,37
3577,5,5,27
3577,6,5,29
3841,6,15,41
3841,5,17,37
5418,6,0,88
5418,5,0,48
4028,5,14,36
4028,6,13,34
4683,5,4,21
4683,6,6,31
4139,6,5,28
4139,5,7,31
4608,5,12,33
4608,6,8,33
4419,6,5,24
4419,5,12,32
5196,6,16,37
5196,5,26,38
3233,5,6,30
3233,6,4,31
5035,5,15,42
5035,6,9,29
4325,5,10,29
4325,6,3,26
4191,6,10,32
4191,5,22,36
3837,5,16,30
3837,6,12,35
4966,6,5,38
4966,5,14,38
4436,5,24,37
4436,6,14,41
4769,5,22,41
4769,6,20,44
4997,5,4,19
4997,6,1,17
5389,6,7,91
5389,5,3,53
3232,5,9,29
3232,6,12,26
4642,5,23,35
4642,6,15,29
5365,6,3,64
5365,5,3,49
4927,6,14,38
4927,5,15,37
5265,6,1,30
5265,5,7,33
5148,6,5,24
5148,5,4,23
5140,5,5,33
5140,6,5,27
5184,6,0,9
5184,5,4,17
4347,6,13,37
4347,5,13,31
4462,5,10,37
4462,6,8,26
5061,6,2,27
5061,5,8,33
4216,6,7,35
4216,5,12,42
3572,6,7,36
3572,5,7,40
4184,6,18,33
4184,5,23,31
4902,5,19,39
4902,6,7,30
4760,5,29,47
4760,6,20,46
4641,5,10,32
4641,6,9,28
4154,5,12,30
4154,6,5,35
5402,6,2,89
5402,5,0,28
4580,5,19,35
4580,6,11,46
5394,6,15,90
5394,5,13,54
4713,5,24,42
4713,6,26,52
5377,6,12,54
5377,5,12,47
4743,5,23,47
4743,6,21,40
5247,6,6,27
5247,5,13,35
5269,6,12,30
5269,5,10,33
3696,5,14,37
3696,6,4,25
4161,6,13,36
4161,5,11,33
4261,6,22,48
4261,5,14,37
5042,6,14,35
5042,5,26,43
3997,6,15,38
3997,5,26,48
4286,5,13,42
4286,6,14,45
4505,6,13,33
4505,5,16,35
4078,5,0,2
4078,6,0,1
4163,6,3,44
4163,5,19,43
3471,5,11,31
3471,6,2,23
3478,5,14,37
3478,6,8,31
3713,6,11,38
3713,5,14,33
3820,6,4,27
3820,5,0,20
3737,5,21,36
3737,6,11,33
3730,5,10,41
3730,6,4,25
4969,5,11,33
4969,6,2,22
5251,6,0,19
5251,5,0,14
5306,5,3,36
5306,6,2,32
5057,6,7,29
5057,5,8,28
3581,5,14,41
3581,6,8,31
4006,6,7,25
4006,5,9,32
4708,5,9,30
4708,6,7,22
4521,5,16,37
4521,6,10,36
3906,6,8,31
3906,5,12,40
5172,5,16,32
5172,6,12,38
4069,6,18,37
4069,5,15,42
4823,5,16,37
4823,6,15,33
4733,5,7,29
4733,6,2,25
4400,6,6,27
4400,5,6,30
4843,6,6,23
4843,5,8,22
4469,5,21,36
4469,6,12,34
5277,6,6,31
5277,5,9,32
4506,6,15,34
4506,5,20,39
3605,5,6,34
3605,6,3,28
5400,6,2,72
5400,5,5,50
3811,6,14,50
3811,5,19,35
5411,5,1,47
5411,6,3,91
5396,6,2,69
5396,5,3,41
3967,6,5,28
3967,5,6,36
3497,5,5,29
3497,6,3,26
3966,6,23,46
3966,5,23,38
4648,5,11,31
4648,6,6,22
3507,5,9,29
3507,6,3,24
4308,6,20,35
4308,5,21,36
4314,5,13,36
4314,6,12,39
4063,5,28,47
4063,6,19,40
3105,5,13,32
3105,6,7,28
4176,5,9,30
4176,6,0,13
5273,6,1,27
5273,5,14,36
3800,6,3,28
3800,5,8,24
3591,6,3,18
3591,5,2,22
3956,5,13,33
3956,6,14,36
4604,6,19,40
4604,5,22,44
4614,5,20,40
4614,6,20,44
5374,6,7,56
5374,5,10,49
3613,6,10,41
3613,5,15,37
3949,6,4,32
3949,5,2,29
5086,5,8,35
5086,6,4,20
5379,6,5,47
5379,5,3,28
4553,5,21,40
4553,6,6,23
3769,6,11,30
3769,5,8,33
4158,6,8,30
4158,5,9,38
4219,5,9,42
4219,6,3,25
4639,5,7,37
4639,6,3,21
5107,5,7,26
5107,6,6,22
4433,5,21,39
4433,6,18,40
4692,5,11,33
4692,6,15,34
4019,6,19,42
4019,5,21,40
4725,6,7,29
4725,5,14,36
3950,5,5,31
3950,6,4,24
3502,5,15,35
3502,6,12,28
3945,5,4,32
3945,6,4,21
4652,5,14,30
4652,6,6,36
5010,5,15,39
5010,6,13,34
3589,6,2,24
3589,5,10,33
4982,6,5,24
4982,5,13,29
4883,5,16,32
4883,6,9,26
4233,6,18,39
4233,5,18,42
4568,6,13,36
4568,5,12,34
4106,5,8,30
4106,6,1,18
4151,6,13,37
4151,5,9,36
4727,5,6,35
4727,6,5,21
3685,5,21,35
3685,6,10,29
3948,6,2,33
3948,5,8,28
5323,5,11,27
5323,6,3,24
5261,5,5,31
5261,6,1,20
3602,5,13,36
3602,6,6,28
4387,5,18,40
4387,6,14,32
4764,5,10,29
4764,6,4,30
4422,6,6,26
4422,5,9,34
4607,6,13,43
4607,5,17,42
5275,6,13,32
5275,5,21,36
4735,6,4,28
4735,5,13,32
3621,6,12,31
3621,5,9,25
4248,5,13,34
4248,6,8,23
3623,5,23,29
3623,6,28,37
3604,6,4,26
3604,5,5,30
5067,5,14,35
5067,6,6,18
3470,5,11,28
3470,6,6,22
3681,6,5,24
3681,5,6,21
4173,6,11,28
4173,5,9,37
4377,6,20,40
4377,5,24,43
3300,6,18,42
3300,5,18,40
4389,6,3,28
4389,5,15,29
4894,5,9,38
4894,6,5,29
4567,5,4,28
4567,6,4,17
3873,6,10,38
3873,5,13,33
4266,6,14,37
4266,5,17,35
4619,5,18,39
4619,6,7,30
4990,5,1,14
4990,6,0,12
3505,6,4,33
3505,5,10,36
4928,6,12,34
4928,5,15,28
4225,6,12,32
4225,5,10,26
4017,5,17,36
4017,6,8,34
4345,5,12,31
4345,6,8,38
5313,6,9,46
5313,5,11,40
5164,6,0,11
5164,5,2,16
3661,5,11,36
3661,6,11,39
3868,5,8,38
3868,6,5,24
3499,6,12,39
3499,5,13,30
5299,5,14,37
5299,6,8,29
5171,5,2,6
5171,6,1,4
4379,6,15,39
4379,5,21,43
3987,6,11,33
3987,5,18,30
3851,5,0,19
3851,6,0,16
4421,5,5,27
4421,6,1,23
5115,5,8,27
5115,6,6,26
3630,5,2,21
3630,6,1,15
5371,6,2,49
5371,5,1,50
3436,5,16,32
3436,6,7,28
3614,6,5,28
3614,5,5,35
4094,6,7,29
4094,5,7,29
5296,6,1,26
5296,5,8,39
5117,5,6,22
5117,6,1,24
5297,6,1,26
5297,5,5,37
3175,5,7,30
3175,6,3,26
5069,6,1,20
5069,5,12,27
4891,5,10,33
4891,6,6,27
4243,6,11,37
4243,5,19,38
3947,5,13,36
3947,6,12,34
3721,6,14,37
3721,5,15,35
3957,5,13,42
3957,6,12,29
4489,5,15,38
4489,6,7,33
5414,6,1,27
5414,5,0,7
5254,5,7,30
5254,6,3,31
5186,6,5,22
5186,5,6,29
4479,6,2,15
4479,5,3,24
3647,6,2,28
3647,5,6,39
4099,5,9,30
4099,6,18,36
5110,6,13,33
5110,5,13,37
4281,6,5,24
4281,5,11,30
4090,6,13,37
4090,5,14,29
4179,5,19,39
4179,6,14,36
3475,6,8,28
3475,5,11,28
3543,6,6,20
3543,5,8,27
5209,5,2,15
5209,6,2,25
4911,5,10,30
4911,6,13,26
4550,5,12,35
4550,6,7,23
5393,5,1,41
5393,6,1,86
4737,5,23,34
4737,6,24,37
5162,6,1,14
5162,5,2,16
4781,5,5,12
4781,6,3,10
5050,6,12,33
5050,5,17,34
5227,6,0,6
5227,5,1,7
3289,5,0,22
3289,6,0,16
4534,5,5,25
4534,6,0,14
4471,6,21,41
4471,5,16,40
4847,5,13,31
4847,6,12,36
3388,6,13,32
3388,5,14,30
4539,5,14,37
4539,6,16,42
3854,6,17,36
3854,5,18,34
5194,6,2,30
5194,5,5,37
4077,6,6,33
4077,5,10,41
5372,5,0,39
5372,6,6,73
5027,5,15,35
5027,6,11,34
3839,6,6,29
3839,5,7,38
5036,5,11,37
5036,6,10,31
3458,5,7,31
3458,6,0,22
4427,6,11,30
4427,5,18,36
3508,5,9,32
3508,6,3,25
4131,5,15,32
4131,6,11,31
4965,6,1,22
4965,5,11,33
3932,5,5,27
3932,6,2,23
4689,5,9,33
4689,6,7,32
3377,6,7,24
3377,5,9,31
4731,5,10,32
4731,6,5,27
3912,5,13,35
3912,6,7,40
3303,6,5,40
3303,5,12,41
4023,5,10,32
4023,6,3,24
3664,5,9,33
3664,6,5,29
5366,6,0,65
5366,5,0,36
4003,5,10,30
4003,6,13,30
4659,6,18,39
4659,5,18,37
4832,5,20,38
4832,6,16,34
4566,5,20,38
4566,6,13,37
4495,6,6,22
4495,5,11,26
4390,6,4,26
4390,5,12,37
4138,5,12,35
4138,6,4,27
5376,5,13,37
5376,6,11,33
4052,5,19,41
4052,6,4,39
5156,5,22,34
5156,6,5,30
5416,6,9,78
5416,5,7,45
4548,6,0,19
4548,5,0,18
5191,5,24,45
5191,6,22,40
4203,5,4,31
4203,6,4,24
5095,6,15,29
5095,5,17,31
4300,6,6,30
4300,5,12,35
3660,5,4,33
3660,6,2,20
4571,6,11,41
4571,5,16,32
5284,5,7,25
5284,6,1,22
4119,5,11,37
4119,6,11,33
3871,5,5,28
3871,6,3,22
5109,5,13,39
5109,6,5,33
4318,5,16,35
4318,6,13,35
4438,5,13,39
4438,6,2,27
4129,6,3,26
4129,5,6,34
5167,5,9,33
5167,6,7,24
3859,5,6,28
3859,6,3,28
3898,5,20,35
3898,6,22,41
4523,6,11,31
4523,5,14,33
3616,5,14,30
3616,6,11,29
4357,5,32,39
4357,6,22,42
5105,5,11,36
5105,6,5,28
4195,5,9,35
4195,6,9,31
5219,5,7,25
5219,6,7,32
3645,6,4,16
3645,5,4,16
3813,5,21,34
3813,6,14,32
3596,5,6,26
3596,6,3,24
5181,5,11,32
5181,6,12,27
4104,5,9,28
4104,6,4,25
3514,6,11,42
3514,5,12,32
3944,6,16,37
3944,5,12,34
5258,5,9,31
5258,6,6,25
5127,6,8,22
5127,5,8,28
5290,6,1,28
5290,5,4,31
3340,5,9,39
3340,6,3,25
4162,5,9,18
4162,6,1,13
4654,6,12,37
4654,5,15,30
4857,5,20,31
4857,6,12,34
5266,5,9,29
5266,6,5,24
4650,5,8,17
4650,6,3,13
4086,6,8,37
4086,5,15,37
5270,5,13,31
5270,6,2,24
5395,6,6,64
5395,5,4,42
5083,6,8,30
5083,5,13,31
4549,5,15,31
4549,6,11,34
5339,6,10,33
5339,5,11,30
4941,5,9,32
4941,6,8,26
5407,6,4,80
5407,5,6,49
4098,6,8,24
4098,5,6,27
5329,6,10,35
5329,5,16,40
4388,5,22,42
4388,6,15,44
3895,5,5,18
3895,6,1,11
4186,6,2,20
4186,5,2,27
4575,5,18,33
4575,6,13,25
5214,5,6,32
5214,6,7,24
5274,5,8,28
5274,6,5,31
5409,6,3,84
5409,5,3,43
3297,5,8,27
3297,6,6,21
4892,6,5,27
4892,5,9,37
4167,6,3,33
4167,5,11,32
4601,6,14,38
4601,5,16,34
3246,6,0,13
3246,5,4,15
5005,5,20,33
5005,6,12,27
5031,5,7,32
5031,6,4,29
5137,6,8,38
5137,5,19,34
3306,5,4,28
3306,6,4,20
5341,6,4,51
5341,5,6,37
4230,5,13,31
4230,6,14,28
3747,6,13,29
3747,5,12,30
3842,6,3,24
3842,5,10,30
4461,6,4,27
4461,5,9,31
5255,6,16,38
5255,5,29,41
5072,6,0,10
5072,5,1,10
4168,6,12,34
4168,5,27,43
5355,6,1,37
5355,5,2,28
3885,5,10,32
3885,6,7,35
3777,6,14,40
3777,5,19,38
3631,6,1,15
3631,5,5,22
3564,5,8,40
3564,6,7,28
5210,6,5,30
5210,5,16,35
5267,5,22,39
5267,6,12,41
5235,6,1,13
5235,5,1,16
4514,5,17,34
4514,6,19,40
5049,5,19,32
5049,6,12,35
4096,6,18,34
4096,5,13,32
4395,6,4,35
4395,5,11,36
4148,6,19,41
4148,5,13,39
4172,6,14,38
4172,5,22,40
5185,5,16,28
5185,6,4,28
5342,6,1,48
5342,5,3,39
4854,6,5,19
4854,5,6,20
4128,6,6,32
4128,5,18,37
4169,5,4,29
4169,6,2,26
4846,6,1,28
4846,5,10,27
3687,5,9,29
3687,6,7,25
4794,6,14,26
4794,5,15,24
4888,5,11,34
4888,6,10,27
5118,6,11,27
5118,5,12,29
3346,5,3,14
3346,6,1,10
5201,6,3,21
5201,5,2,18
4897,6,0,26
4897,5,8,30
4372,6,7,23
4372,5,11,32
5122,6,5,20
5122,5,6,23
3544,6,2,21
3544,5,8,30
4488,6,12,42
4488,5,16,31
4041,6,3,18
4041,5,7,31
3159,5,17,22
3159,6,12,22
5176,5,1,16
5176,6,0,8
3361,5,4,29
3361,6,3,24
5354,5,7,42
5354,6,6,56
4685,6,24,40
4685,5,20,33
5147,5,1,20
5147,6,3,22
5368,5,8,36
5368,6,12,41
4492,6,3,8
4492,5,5,7
4572,5,14,31
4572,6,13,34
3994,6,4,22
3994,5,6,31
3726,5,8,23
3726,6,4,19
3857,5,8,34
3857,6,9,28
5124,6,1,19
5124,5,13,28
4287,6,18,38
4287,5,11,32
5052,5,2,16
5052,6,1,19
4660,5,10,26
4660,6,2,18
4885,6,5,15
4885,5,10,19
5108,6,2,15
5108,5,0,18
3896,5,10,23
3896,6,7,27
3419,5,0,12
3419,6,1,13
4729,6,2,20
4729,5,7,22
5111,6,5,25
5111,5,9,30
5228,5,13,25
5228,6,9,26
4818,6,3,24
4818,5,2,12
4964,5,15,29
4964,6,8,23
4313,6,6,24
4313,5,8,22
3353,5,2,18
3353,6,1,14
4724,5,4,19
4724,6,2,14
5426,6,3,66
5426,5,3,27
5429,6,0,56
5429,5,1,31
5443,6,0,59
5443,5,1,26
5439,6,4,73
5439,5,0,21
5444,6,2,72
5444,5,0,28
5175,5,4,17
5175,6,4,11
5425,6,0,59
5425,5,1,25
5430,6,1,60
5430,5,2,23
5077,6,2,15
5077,5,6,20
5427,6,11,82
5427,5,4,38
5433,6,2,66
5433,5,3,36
5441,6,19,69
5441,5,11,35
5434,6,12,63
5434,5,4,30
5431,6,0,63
5431,5,2,35
5421,6,1,48
5421,5,0,22
5440,6,3,73
5440,5,0,13
5438,6,0,67
5438,5,2,33
5428,6,0,65
5428,5,0,26
5437,6,3,56
5437,5,1,21
5435,6,0,58
5435,5,0,26
5442,6,2,60
5442,5,0,29
5422,6,0,55
5422,5,0,25
5432,6,8,58
5432,5,6,37
3904,5,8,21
3904,6,4,19
5424,6,1,57
5424,5,0,19
5436,6,0,73
5436,5,0,26
4569,5,13,27
4569,6,1,25
5423,6,0,51
5423,5,0,21
4954,6,13,37
4954,5,7,28
5204,6,3,13
5204,5,0,14
5174,6,2,11
5174,5,5,11
4998,6,2,8
4998,5,6,15
3943,5,0,7
3943,6,0,4
4663,6,5,9
4663,5,4,12
5462,6,1,22
5462,5,0,11
5451,6,1,13
5451,5,0,2
5466,6,1,22
5466,5,0,8
5454,6,1,23
5454,5,0,9
5455,6,1,20
5455,5,0,14
5465,6,0,18
5465,5,0,5
5467,6,3,23
5467,5,2,8
5450,6,0,25
5450,5,0,7
5456,6,0,30
5456,5,0,6
5470,6,0,14
5470,5,0,3
5457,6,0,22
5457,5,0,6
5458,6,0,24
5458,5,0,11
5464,6,0,17
5464,5,0,7
5446,6,0,16
5446,5,0,7
5460,6,3,32
5460,5,0,8
5469,6,0,22
5469,5,0,12
5471,6,0,30
5471,5,0,7
5445,6,0,16
5445,5,0,7
4690,6,1,4
4690,5,4,7
5452,6,0,18
5452,5,0,7
5453,6,3,24
5453,5,0,14
5447,6,0,22
5447,5,0,6
5472,6,0,18
5472,5,0,5
5461,6,0,17
5461,5,0,5
5449,6,2,22
5449,5,0,9
5448,6,0,23
5448,5,0,8
5463,6,0,21
5463,5,0,2
5468,6,0,23
5468,5,0,10
5459,6,0,14
5459,5,0,5
4340,6,1,5
4340,5,1,6
5056,5,1,2
5056,6,0,1
