regno,n6,r2,r3
4533,29,2,3
4788,27,2,5
4470,32,5,11
5161,38,5,6
3978,41,4,9
4933,32,3,8
4914,37,9,3
4278,29,8,4
4930,40,2,6
4075,40,5,4
4824,39,2,7
5417,90,3,8
3273,2,0,0
3715,21,2,3
4588,39,1,4
5348,70,10,5
4948,31,3,9
5309,31,0,1
4292,25,4,3
4253,23,0,1
4640,37,5,8
5335,44,2,1
4556,27,4,5
5264,42,2,7
4447,32,4,1
4123,34,3,6
5327,36,0,0
5340,57,4,4
4936,33,5,5
4456,29,3,9
4627,26,4,5
4190,15,2,3
3579,21,0,1
5412,100,1,2
5314,34,0,1
5084,33,6,9
5361,52,1,6
4632,24,1,3
3617,21,0,0
4551,42,5,10
4728,30,1,3
4451,30,3,6
4082,36,6,3
4121,42,1,8
3467,23,3,0
5397,120,0,2
5367,62,1,0
4596,39,4,12
3434,30,2,2
4251,40,1,7
4425,27,0,6
5066,29,3,9
4009,24,1,4
5315,45,0,0
5173,31,0,3
5106,26,1,5
4446,38,3,11
4055,23,1,2
3983,36,5,6
5071,29,0,3
3327,4,1,0
5165,33,2,5
3349,8,0,0
3333,30,3,9
4704,47,6,7
4979,26,1,7
5295,62,5,4
5311,28,3,3
3435,28,2,7
3684,31,1,4
3999,33,4,8
3804,29,3,3
5326,58,2,6
4515,45,2,11
4844,29,1,5
4224,34,6,4
5125,30,2,10
5375,83,4,7
5403,112,3,3
5166,37,1,12
5404,120,2,8
4346,39,2,5
4066,40,5,15
5014,26,1,1
5243,29,3,3
4079,37,4,6
4583,40,1,8
3891,25,1,2
3459,22,0,2
3455,33,3,3
3256,29,2,10
5380,83,0,0
5324,29,0,0
5153,28,4,5
4117,28,4,8
4661,26,1,3
5033,30,2,3
4247,27,2,3
4905,27,1,4
4483,32,3,4
4907,40,6,8
4269,28,2,6
3381,18,2,2
3848,40,4,6
4467,32,7,5
4863,28,0,6
3075,27,2,2
3406,33,3,8
5009,37,2,4
4638,28,3,5
4417,20,1,3
5169,19,1,1
5383,99,1,1
4740,30,0,2
5405,87,0,5
4252,33,0,4
5419,130,1,9
3911,32,0,5
4332,29,2,3
4122,37,3,8
4109,37,3,9
4918,31,1,7
3790,28,2,2
5085,26,0,8
4562,36,1,6
3874,36,7,4
5415,105,0,1
5347,62,0,1
3827,25,0,1
4678,20,0,3
5316,39,3,8
4293,43,1,7
4043,26,3,3
3538,18,2,3
3583,27,0,3
5154,29,3,5
5343,72,9,9
4786,38,5,6
5304,43,2,1
3569,28,0,4
5349,64,0,0
4643,29,2,8
4197,20,0,2
4578,33,2,4
4761,42,2,7
4441,39,2,12
4531,39,1,9
4825,24,7,4
5017,34,3,4
4787,36,6,7
4352,32,6,5
4931,39,6,11
4985,34,3,6
4477,35,6,8
4649,43,1,7
5226,22,2,5
3211,28,2,2
5312,30,0,3
4213,69,7,5
5330,34,3,9
3867,25,1,1
3953,23,0,0
3527,25,3,4
4978,37,4,4
3975,31,3,8
5272,28,1,4
5317,30,2,5
4530,30,6,7
5250,26,0,1
4773,33,1,5
5281,37,5,9
5406,139,0,3
4342,28,4,5
5413,111,1,2
3796,42,4,3
4323,34,0,11
4516,33,4,5
4817,33,4,4
4140,27,1,7
4547,35,3,9
4693,32,0,6
3315,24,2,3
5015,28,3,11
5373,37,0,3
5291,35,2,4
3611,34,4,9
5087,33,6,4
4335,37,8,10
4092,32,4,3
3355,9,0,0
4136,35,5,12
4443,29,1,8
4803,27,0,3
4963,32,4,5
4398,36,6,5
4408,17,1,0
4053,33,2,5
3334,30,1,4
5392,99,1,1
5408,59,0,4
3656,29,3,3
4200,31,2,6
4518,31,3,6
5401,104,3,6
4271,22,2,2
4711,31,3,6
4020,30,2,2
5096,38,2,6
4463,27,3,6
4949,30,2,5
5363,95,0,1
4842,38,3,4
4295,31,3,13
4700,32,3,10
4850,27,2,6
3742,22,1,2
3870,31,0,2
4435,30,1,5
3461,30,0,1
5032,30,2,6
4239,31,3,4
4934,38,2,5
4945,32,2,3
5336,23,0,0
4264,27,7,4
4329,29,0,3
3792,28,3,5
3282,20,0,4
4983,39,7,9
5293,50,1,1
4050,39,6,9
5294,26,1,0
5399,121,0,6
4047,27,0,1
5344,48,3,6
3752,31,1,3
4593,29,3,6
5238,38,3,2
4709,37,1,10
4974,33,2,6
4276,35,4,5
5045,34,0,11
5321,28,5,6
3576,25,3,11
3921,13,0,0
4442,30,1,6
3562,33,4,4
5410,115,2,2
4520,32,2,4
4976,22,2,3
4452,37,3,4
4306,27,1,1
5177,27,0,4
3686,37,6,9
3965,39,2,7
4432,31,3,2
4926,24,4,4
3712,26,3,5
4835,33,1,6
3888,38,5,6
4811,27,0,4
4757,35,4,5
4637,29,3,4
4703,29,2,5
4723,49,4,3
4062,35,0,2
4653,34,5,8
5044,34,2,4
5131,14,0,2
3718,30,0,3
5068,33,2,11
4431,32,0,0
4877,31,3,2
4466,30,3,3
4116,34,1,3
3929,27,2,4
3448,19,1,3
3745,23,3,3
4491,32,0,2
4110,24,1,5
3294,37,4,8
4067,31,6,7
3482,45,6,8
4076,38,2,5
3860,27,2,2
3412,47,10,13
4405,23,0,4
3251,39,3,13
5223,34,1,4
4872,28,1,3
4766,29,1,3
5145,35,3,3
5055,39,2,5
3908,45,2,9
4977,25,4,3
5064,35,1,8
3964,23,0,2
5351,36,1,6
4111,24,1,4
4879,41,3,5
3775,38,2,4
5249,34,3,3
5039,23,2,0
4538,47,3,4
3304,34,4,6
4226,30,2,3
4336,38,3,3
4536,31,2,5
4890,34,3,7
4005,2,0,0
4899,20,1,3
4951,32,1,4
4666,21,0,1
4775,25,0,2
3998,28,0,2
4720,28,0,5
3710,26,2,2
5362,53,0,3
4465,26,0,4
5222,30,4,3
4784,23,2,1
3853,33,1,5
3477,25,2,1
4564,27,0,3
3934,29,2,3
4876,39,1,5
4260,40,4,6
4691,22,1,3
3714,28,0,3
4105,33,2,6
4828,35,4,11
3833,30,6,6
3787,21,0,2
3771,25,1,6
4204,30,1,3
4368,32,1,2
5384,98,0,3
3910,27,1,4
3352,187,18,51
4231,33,1,8
5398,75,0,7
5090,31,1,4
5420,103,0,2
3843,31,0,3
4073,39,8,6
5221,43,3,10
5047,32,0,8
4615,21,0,2
4973,40,1,5
4522,35,2,4
3788,21,3,1
3392,30,1,4
4790,43,3,8
5079,35,1,4
4244,20,0,1
3202,32,3,2
4365,34,0,5
4688,43,3,8
5237,37,0,6
3988,39,2,9
3627,9,0,0
4113,27,3,3
4439,34,0,2
3973,36,2,7
3959,31,3,6
4415,48,7,4
5333,24,0,3
3961,29,6,9
3832,24,0,2
4618,31,1,8
5257,31,3,7
4574,33,3,6
5051,35,2,9
3653,22,1,5
4565,36,2,4
4798,34,3,7
4771,33,7,5
4610,43,2,3
4359,31,2,5
5352,41,2,5
5364,87,2,1
5328,20,0,4
5338,53,2,5
5385,84,3,2
5337,72,7,6
5246,35,5,6
5150,30,3,10
5136,41,5,10
5240,39,2,6
4440,24,1,3
5211,21,2,3
3643,27,0,2
4633,34,2,6
4989,42,2,8
3462,8,1,0
4956,10,0,0
4460,32,2,9
4940,15,1,1
3652,20,1,1
3305,24,1,0
3748,27,2,2
5390,90,1,2
5346,53,0,1
5003,17,0,1
5391,78,0,2
5370,64,0,0
4590,37,7,7
5387,88,0,1
5283,26,0,0
5155,32,4,9
5231,25,1,2
4373,37,3,10
5100,29,1,2
3740,37,5,5
5212,26,1,6
4228,41,5,10
5012,34,4,6
4630,40,5,5
4748,40,11,9
5134,36,6,8
5224,40,7,11
5141,22,3,5
4961,35,4,8
3744,19,1,0
4804,33,2,4
4294,34,3,6
4579,25,2,3
4296,19,4,3
5199,32,2,7
4118,42,4,11
3711,40,3,5
3629,21,1,7
3995,28,3,5
3158,30,3,4
3807,28,2,1
3928,24,0,2
5259,25,1,2
4813,27,0,5
4011,34,4,6
3618,37,3,4
5334,34,0,2
4776,39,2,15
4938,27,1,9
4449,26,3,1
4056,10,1,1
4193,30,2,4
3974,19,0,0
4793,40,7,4
4257,27,1,2
4880,29,2,10
4543,31,6,8
3757,17,2,1
3812,32,0,5
4511,32,1,3
3992,29,3,6
3523,30,3,5
3444,21,1,1
3654,22,3,2
4303,31,1,5
5388,78,5,13
5037,39,4,4
3655,25,0,4
4403,27,1,6
4672,30,3,3
4209,28,0,7
3615,27,0,1
4656,26,2,5
3963,34,1,7
3350,28,1,3
4589,22,2,1
4919,32,3,7
3539,14,0,0
4747,31,1,1
5132,33,7,7
3286,24,0,3
5192,37,0,4
4120,37,3,5
3838,32,3,5
5305,24,0,0
3801,16,2,1
4211,37,1,4
4407,34,1,5
4697,28,2,2
5180,12,1,0
4730,20,1,5
4369,39,3,4
5130,38,1,7
5302,25,0,2
5345,55,1,2
5206,26,0,2
5081,28,4,5
5073,33,1,12
5229,42,6,5
3826,24,1,6
3454,32,0,3
4031,33,2,3
5242,32,3,2
4496,32,10,3
4363,42,0,13
3620,21,0,2
4042,47,5,9
3981,39,1,4
3968,32,3,8
3993,20,0,6
3445,26,0,7
5331,41,3,3
4957,35,3,2
5236,47,0,10
3834,25,3,2
4535,41,8,11
5308,28,2,3
4581,38,3,4
5023,36,7,10
4587,33,4,4
4680,23,2,6
5357,62,1,1
5360,48,2,3
4791,39,3,7
4482,27,2,6
4987,28,0,3
5213,32,1,3
4343,23,0,2
3619,32,2,0
4512,38,3,11
4778,26,2,2
5200,21,0,0
4822,40,2,11
5356,39,5,8
3773,24,0,6
5088,41,7,6
4837,22,1,1
3430,25,1,1
5288,26,0,0
4636,27,0,4
3546,23,0,4
5303,30,2,9
4664,17,0,3
4896,28,0,4
4782,19,0,5
4635,26,1,5
4034,21,0,1
4272,27,2,4
4016,27,3,2
3893,31,1,4
4057,35,3,4
4718,32,3,7
4404,31,1,0
4732,28,1,6
3977,35,3,1
5126,39,5,10
3907,38,1,5
4061,45,3,11
3385,27,3,6
4925,33,1,6
4196,32,0,3
4258,31,2,5
4472,30,4,9
4526,24,1,4
4171,45,7,11
4487,27,1,7
3900,33,6,6
5300,29,1,2
3793,32,0,2
3918,44,7,12
3176,21,0,1
4889,28,3,1
4025,21,3,3
3976,25,0,0
3814,27,1,2
3692,32,0,7
5070,24,1,0
5318,38,2,0
5282,29,3,6
5114,46,2,12
5157,34,2,2
5216,32,2,7
4327,27,2,3
3463,18,1,3
4114,23,1,6
4779,25,3,4
4085,28,3,6
4413,34,4,8
5207,24,1,2
5054,27,3,7
5382,53,1,5
4393,31,0,4
4967,28,4,8
4675,26,5,3
4401,30,2,6
3872,36,4,4
3940,37,6,7
4792,22,0,2
4458,25,1,2
3990,28,1,2
5279,25,3,2
5252,31,2,7
5245,29,0,7
4908,29,5,6
3548,35,3,8
4797,35,6,8
4181,16,1,2
5320,23,2,2
3474,31,2,3
4183,39,1,4
4501,37,2,4
4984,39,7,8
4758,17,0,1
4299,21,1,2
4374,25,2,4
3635,45,1,7
4909,33,2,3
4464,30,3,5
5129,33,4,5
4499,22,1,4
4623,24,0,3
4611,33,2,5
4796,40,3,6
5028,31,4,4
4851,39,5,9
3783,32,4,8
4445,45,1,7
4024,33,1,10
4350,25,2,6
4320,23,2,12
4586,39,4,7
4290,37,3,8
4337,32,4,6
4444,35,2,13
4459,42,4,7
4166,43,2,15
5101,19,2,2
3411,19,0,1
3224,16,0,1
4457,29,5,2
4355,27,0,1
4513,34,0,7
3442,26,1,4
4626,26,1,4
4259,36,1,9
5325,43,1,7
5160,39,2,4
4428,35,7,4
4175,25,4,3
4423,35,2,5
4753,25,2,3
4695,30,0,4
4509,38,3,8
4273,39,2,4
4348,38,5,7
4962,31,2,6
3892,24,1,1
4557,37,0,5
4263,34,2,0
5386,65,2,5
4177,33,2,4
4182,32,0,3
5271,30,1,3
4112,30,2,7
5187,18,1,3
4381,27,1,1
3761,27,2,3
4473,30,4,3
5026,36,4,4
5319,28,1,5
5098,26,2,3
5332,34,0,2
5307,26,1,2
5139,22,4,3
5256,34,5,9
5093,34,5,2
5378,87,1,2
4100,27,0,4
5190,27,2,0
3432,27,2,5
4330,28,0,6
4424,42,4,11
4485,29,2,3
4093,21,1,1
4311,40,6,12
5135,42,5,1
4598,41,2,4
5170,26,2,5
4815,38,3,4
4081,33,1,2
4754,33,3,8
5128,24,1,1
5208,25,0,3
4552,42,2,8
4715,33,4,9
4068,28,2,4
5103,35,1,2
4878,18,1,1
4694,24,1,5
4947,27,2,5
5369,43,0,1
5063,34,0,4
3567,25,1,0
4010,18,0,2
4677,29,3,6
5065,36,5,0
3989,29,2,3
3293,27,2,3
4155,31,5,6
5158,37,6,6
4134,33,5,6
3808,24,1,1
3226,28,2,2
4836,35,3,4
3825,35,1,1
4545,43,6,11
5048,70,7,12
4532,24,4,3
3641,26,4,5
4288,33,3,12
4102,43,7,10
4450,32,3,6
4418,35,5,10
4886,38,6,11
4205,29,3,6
4371,29,2,6
4537,35,3,9
5121,35,8,4
4848,34,4,6
4013,43,11,4
3984,32,0,6
3339,26,4,3
4895,24,2,6
3690,33,2,3
5091,25,2,6
4202,32,1,4
4702,38,8,9
5075,40,5,10
5092,33,4,10
4152,25,2,2
4159,33,3,2
4570,34,4,12
5002,39,2,9
4385,14,0,1
4394,27,2,7
4486,30,3,7
3986,28,0,2
5217,42,6,9
3930,30,1,7
4375,38,2,12
5239,37,2,9
4376,45,5,2
5074,31,2,1
5082,38,7,5
4406,46,1,4
4875,26,2,1
3915,39,3,5
4234,23,0,1
3590,35,3,9
5007,31,3,4
5359,25,2,5
4865,21,1,5
5253,40,2,4
5029,33,6,4
5183,33,3,3
4380,31,1,3
4995,32,1,4
4861,39,1,7
4097,23,1,3
4232,29,2,4
4420,34,3,2
4752,26,1,1
4624,29,1,4
3778,16,0,0
5287,29,1,2
3580,25,1,2
5298,42,7,14
4051,26,5,6
3701,21,1,3
4060,33,0,3
4498,19,2,3
3578,18,0,2
4319,37,6,4
4074,30,5,5
3822,32,2,3
4529,34,2,7
4705,32,2,0
4416,36,0,3
3901,11,0,1
4884,18,1,2
3401,27,0,2
4558,28,1,2
4058,30,2,4
4396,29,0,8
4362,24,1,7
4262,38,4,9
4682,30,5,4
4503,33,3,7
3716,34,4,5
4504,33,5,8
3942,20,0,4
4238,10,0,3
4500,32,3,4
4831,29,1,7
4573,40,4,8
4344,27,1,8
5381,54,0,4
4035,27,1,3
5353,65,2,2
4772,33,5,5
4220,20,1,3
3831,26,1,0
4437,39,3,6
4351,47,6,11
3519,29,0,5
4383,28,2,3
5138,14,0,1
4474,24,1,2
5358,30,0,3
4004,21,2,2
4410,24,2,3
5000,31,2,5
4044,28,2,10
4540,35,1,9
4959,38,7,6
4960,32,6,8
3566,22,1,5
4361,30,6,4
4952,25,0,0
5006,28,0,1
4054,41,3,3
3528,19,0,3
5234,40,4,11
4809,29,2,8
4089,38,4,10
4994,32,5,8
5102,31,1,4
5289,34,5,4
4180,28,0,7
4059,35,5,4
4039,40,2,6
5004,34,1,7
4384,35,2,6
4397,25,5,2
5022,23,2,1
4083,26,3,6
5152,19,0,1
4906,31,3,7
5016,43,4,11
3517,12,2,2
4414,20,0,0
5182,29,1,5
4943,23,0,3
3319,30,1,6
4508,30,4,8
3905,39,4,10
5220,33,1,11
5268,60,0,4
5179,28,0,3
4750,18,1,3
5078,27,1,1
4958,42,1,12
4366,33,2,8
3699,32,0,8
3863,26,1,1
3717,35,2,5
3855,2,0,0
4002,24,1,13
3541,33,2,8
3587,39,1,3
4950,31,2,5
4736,38,6,6
4887,32,3,6
4241,33,4,9
4409,36,3,5
4789,33,3,2
5104,23,0,3
5285,33,1,4
4274,30,1,2
5020,31,0,4
4030,34,2,3
4502,32,3,7
4826,39,8,8
3897,30,3,8
4468,40,5,4
3941,29,2,7
4494,33,4,8
4686,36,1,9
4524,29,2,7
5350,37,2,8
3841,43,4,11
5418,122,0,0
4139,26,1,2
4419,21,1,3
5011,25,1,3
5053,39,1,3
5196,33,5,6
3922,19,0,1
4191,26,3,4
3516,25,1,3
4966,39,1,4
5389,114,2,5
5365,60,0,2
4927,33,4,6
5265,30,1,0
5148,26,2,2
5184,9,0,0
4347,32,2,9
5061,33,0,2
4216,41,2,6
4866,26,1,1
4560,37,2,7
4808,36,2,7
4681,27,0,1
3107,15,1,3
4270,28,3,2
4561,17,0,1
4210,30,3,6
4215,42,1,10
5013,28,2,4
5205,39,4,7
5402,117,1,1
5394,110,1,16
3828,28,1,2
5377,61,3,8
5280,34,2,11
5247,26,0,6
5269,30,1,9
4710,39,4,8
4161,33,4,7
4124,31,2,11
5042,26,2,5
4785,25,1,4
3741,22,0,1
4305,33,7,12
4505,32,3,10
5286,27,2,2
3518,23,3,0
3313,27,1,2
4484,29,3,2
4163,29,0,1
3713,33,0,6
3820,20,1,2
3081,21,0,3
3535,26,0,0
3737,30,3,7
4015,42,2,9
4944,34,4,5
4007,28,0,3
5263,30,0,2
4603,32,1,6
3882,25,2,4
5178,31,1,1
4969,21,0,0
5262,26,2,1
5120,20,2,1
4027,19,1,2
4821,33,4,1
5251,18,0,0
5057,23,2,0
4555,35,4,6
4006,22,0,5
4608,29,1,7
4325,29,0,4
3837,32,7,4
4992,33,0,2
3906,32,4,4
3233,28,0,4
4315,25,1,1
4069,36,8,9
5195,29,2,4
4853,20,0,1
5218,31,5,4
5277,30,1,4
4760,37,6,7
4506,29,5,6
4154,30,1,2
4156,30,1,7
4864,21,0,1
5400,108,1,4
5411,124,1,2
5396,97,0,2
3967,34,1,4
3966,41,5,15
4308,31,3,11
4103,28,0,2
4580,42,2,6
3852,30,3,5
4078,1,0,0
5273,26,0,0
4478,34,1,6
5019,22,5,2
3704,21,1,0
3889,25,0,2
4903,39,2,9
5041,35,3,3
3284,11,0,3
3800,27,1,2
3703,12,0,0
3730,22,0,4
3471,23,0,3
3591,15,0,1
4604,37,2,9
4297,30,1,6
5374,64,1,8
3613,34,3,4
5379,65,1,6
3769,23,1,7
4208,33,5,6
4739,30,4,13
4932,40,5,7
4324,17,2,3
4528,28,5,11
4158,31,3,2
5306,28,0,1
4144,32,2,10
3577,35,3,1
4819,38,2,5
5060,32,1,6
3982,23,0,0
4434,29,5,5
3584,25,2,6
4631,29,3,2
4769,40,2,14
4521,32,3,4
5244,18,0,1
5107,28,1,4
5035,29,0,5
4639,16,0,2
4765,24,1,2
4733,33,2,3
4014,33,2,6
5140,29,0,5
4283,22,1,5
4981,30,2,4
4289,31,2,7
4641,27,2,5
4902,28,2,4
3572,23,0,1
4133,38,6,9
4469,30,1,8
3605,25,0,2
4725,33,0,5
3950,26,3,1
3945,21,1,3
4040,43,3,6
3696,26,0,4
3589,26,1,0
4982,27,1,3
4233,36,3,13
4568,43,2,10
4367,25,1,3
4840,24,4,3
3277,25,1,3
3478,30,2,6
3772,27,1,4
4000,38,3,13
3797,27,0,3
4151,13,2,1
4727,22,0,4
3948,27,0,1
4106,14,0,1
4411,41,3,4
4614,39,3,11
3662,45,4,7
4219,24,1,2
5172,38,4,6
5241,32,2,4
3866,25,1,1
4607,40,2,7
4360,32,4,9
5278,41,12,6
4462,24,1,6
4349,25,1,3
5275,24,2,5
3503,27,0,1
5133,27,3,5
4314,34,2,5
4735,27,0,4
3621,25,2,5
4019,38,4,9
3105,29,0,7
4713,43,8,10
4286,36,3,4
3997,32,3,8
3054,27,1,5
4080,12,3,1
4142,25,1,3
4893,21,0,2
3604,27,0,2
4275,18,0,0
4679,35,1,3
4064,31,6,7
3422,21,2,4
3681,22,1,4
4173,25,6,1
4475,35,3,7
4377,42,5,12
3300,43,8,11
3685,30,2,6
5323,34,0,3
3602,27,1,3
4214,29,3,6
4389,31,3,1
4894,31,0,4
4592,21,0,2
3484,29,1,3
4436,36,0,8
4433,39,1,15
4997,16,0,0
3550,31,2,4
5123,31,0,2
3873,58,6,6
3708,26,0,3
4762,45,6,11
4430,36,7,8
4990,17,0,0
5371,61,1,1
4584,34,6,11
4904,35,3,5
3505,30,1,1
4928,29,2,6
4648,24,1,3
4692,46,6,7
4652,30,0,5
4254,24,1,5
5010,29,3,6
3776,28,0,0
4743,38,6,14
4665,27,2,3
4225,26,3,4
5313,45,4,5
3869,22,0,2
4137,37,5,6
4189,21,2,6
5164,9,0,0
3556,30,3,6
4651,27,1,3
4900,33,3,6
4317,25,0,2
3439,28,2,8
3606,29,0,4
4544,33,8,11
3956,26,3,5
3779,32,4,6
4812,26,5,7
3878,25,1,5
4708,20,0,4
4683,45,4,2
3679,25,2,5
4379,38,5,9
4519,15,1,1
3987,28,2,6
4942,36,1,4
4546,21,5,5
4268,20,1,1
4339,24,1,2
3951,27,0,3
3614,24,0,0
4094,25,1,4
4045,18,1,2
5296,33,0,2
5203,25,1,3
3868,28,1,4
3935,34,3,6
3784,26,0,4
4674,37,4,9
3949,27,0,2
5198,22,0,3
5297,24,0,1
5069,18,0,0
4525,17,0,2
5248,36,5,4
4243,38,6,5
4266,31,4,6
3156,13,0,1
3630,17,1,1
4402,33,2,7
3721,18,0,2
4391,36,3,5
4719,35,4,8
4645,41,5,10
3663,31,2,9
5414,30,0,1
5186,29,0,5
4734,30,1,6
3811,46,7,5
4479,16,0,1
4448,31,8,9
3659,24,1,4
3647,34,0,3
5110,34,3,8
3661,35,4,7
3551,18,0,1
5067,20,1,4
3470,26,1,5
4143,21,0,2
4281,23,0,4
4090,38,4,8
4033,36,4,11
3475,23,1,5
4145,21,0,1
3543,18,0,6
5393,120,0,1
5310,27,2,3
5162,14,0,1
4781,11,1,1
5050,30,3,8
5227,8,0,0
4669,20,1,2
4744,22,1,2
5117,23,1,0
4891,28,2,4
4714,22,0,4
5171,3,1,0
3441,15,1,2
4619,54,3,7
3851,18,0,0
4600,30,0,6
4471,39,5,12
3719,36,4,11
4489,29,1,3
3957,27,3,6
3436,22,0,3
5254,31,0,3
4731,25,2,3
5194,28,0,0
4331,22,1,3
3850,26,0,7
4240,31,4,2
4017,36,1,6
3952,31,4,8
5372,107,0,3
3839,34,1,4
4759,39,6,10
3876,28,3,4
4427,30,5,2
4953,35,4,6
4245,31,2,4
4965,24,0,0
3289,14,0,0
5193,35,3,9
4071,15,1,3
3377,22,2,3
4150,36,1,4
3642,19,0,1
3947,31,3,5
4146,33,3,6
4871,29,0,4
4847,36,5,8
4539,41,3,8
3303,36,1,0
4248,21,2,4
4429,27,0,1
4382,24,1,4
5027,33,2,5
4988,34,1,1
4179,32,2,10
3372,23,1,1
4910,30,3,7
5209,22,1,2
4563,20,0,0
3458,21,0,0
4737,32,9,11
5366,89,0,0
3508,26,0,2
3175,25,1,3
4689,33,1,5
3932,27,1,1
5151,28,1,1
5188,28,3,3
4534,12,0,0
3509,17,1,3
5146,22,2,2
5115,32,5,1
5034,34,3,6
4659,30,4,5
5058,36,3,14
4856,44,6,12
3912,34,1,4
4099,19,1,5
4644,26,2,10
4370,28,3,1
4939,39,10,8
3722,27,0,4
4852,37,4,15
4898,36,2,5
4358,23,0,1
3637,26,1,3
3489,37,2,5
4911,23,2,10
5036,32,1,6
3746,39,2,12
3664,29,2,1
2878,14,2,1
4550,19,0,4
4495,27,2,4
4131,32,4,5
4390,25,0,2
4063,30,4,5
5322,27,1,1
5416,98,7,4
4548,20,0,0
4625,29,3,2
4095,31,8,5
4832,34,3,10
4184,27,3,7
3736,1,0,0
4003,31,5,7
4012,18,0,5
5095,30,4,12
4764,29,0,3
4300,27,2,4
4138,28,3,2
5376,36,5,4
4052,37,1,3
4571,74,5,5
4839,28,4,6
5046,25,2,7
4422,29,2,4
4873,26,1,3
4023,30,1,1
4164,18,1,1
5144,27,1,3
4227,31,1,6
4049,20,1,3
3660,21,0,2
4028,26,2,7
4883,21,2,4
5191,37,6,11
4834,30,2,5
4119,21,1,6
4845,22,3,6
4642,26,2,8
5163,37,4,7
3880,28,1,6
4991,29,2,7
4129,22,1,0
4236,29,5,8
4364,29,6,4
3931,36,4,10
4203,25,2,3
5086,19,2,1
4676,22,2,4
4594,15,1,3
4318,38,2,11
5299,30,2,7
3875,23,2,2
5156,30,0,5
4400,30,1,4
4746,27,2,2
3645,17,1,2
4387,30,2,9
3898,35,7,8
4345,39,7,2
4438,28,0,1
4823,29,3,8
5109,35,1,3
5143,29,1,3
5219,30,3,2
4195,31,3,2
3212,10,0,1
3944,26,5,4
5127,23,0,7
5284,22,0,0
3232,24,1,7
5290,31,1,0
3596,25,0,3
5181,26,3,8
4207,35,3,5
3616,28,4,5
3370,21,2,1
5258,26,1,5
5261,21,0,1
4654,29,1,6
3813,24,3,5
4162,12,0,0
4086,34,1,5
5038,31,2,5
3859,28,1,2
5167,25,1,5
5395,76,2,3
5083,30,2,2
5339,31,3,4
4980,43,5,9
5407,101,2,4
4098,21,1,5
5043,41,7,7
5329,34,3,3
5266,27,1,3
5232,23,0,5
3845,8,0,3
5292,28,0,2
4186,19,0,2
4072,23,1,5
5409,114,0,3
5018,29,2,8
4892,31,2,3
4167,39,2,2
4567,15,1,3
4549,27,2,7
3680,27,0,2
4857,33,3,7
4298,27,4,7
5197,33,3,7
5089,26,5,3
4065,25,1,5
3340,27,1,2
3507,5,0,1
5341,65,2,3
5270,27,0,2
5214,29,1,4
3955,20,0,3
4277,28,1,1
4941,27,2,6
4176,12,0,0
4527,21,1,1
3306,24,2,1
4575,27,6,7
3747,27,5,7
5031,29,1,3
4388,38,3,7
3842,22,0,2
4461,29,1,4
5255,37,9,9
4706,35,4,2
3895,11,0,1
4084,42,6,5
4230,27,3,7
4421,25,0,2
4077,30,0,5
4684,30,2,6
5274,31,1,3
4108,28,4,5
5072,11,0,0
3557,42,4,7
4168,28,2,8
5355,52,0,2
5137,49,3,7
4650,13,1,2
3805,23,2,2
3631,16,0,1
4022,18,0,2
4256,37,8,8
5210,32,2,3
3581,23,2,1
5235,16,0,1
3388,21,2,4
4261,44,6,9
5230,31,0,3
4201,27,2,2
4096,25,0,11
4148,34,3,9
3499,24,2,5
4172,36,5,8
5342,52,0,1
4816,32,2,6
5267,37,3,6
4854,19,2,2
4128,33,0,5
5112,34,2,4
4846,30,0,2
3207,22,0,2
4738,39,1,6
5008,23,1,3
3302,19,3,1
5118,27,3,7
3497,25,0,2
5201,29,0,1
5276,25,1,5
3514,35,2,5
4566,29,1,7
5185,26,1,4
5076,32,1,6
4888,19,2,4
4897,28,0,0
4169,26,1,1
4301,7,0,1
4395,35,2,2
3564,21,1,1
4372,27,2,7
3960,29,3,2
5122,20,1,5
3544,24,2,0
4488,34,2,4
4104,25,1,2
3558,19,0,3
3346,11,0,2
4924,22,1,0
4041,15,0,3
3568,17,1,0
4601,35,2,7
5113,11,0,0
5142,25,0,8
5189,33,8,5
4882,22,0,2
3502,8,0,1
4917,27,1,2
4246,23,0,1
3414,5,0,1
5354,72,3,5
4510,13,0,0
5049,33,2,6
5176,16,0,0
3357,24,0,1
3361,28,0,3
5005,28,3,6
3777,38,3,7
3885,32,1,3
4357,24,3,7
4794,20,3,7
4036,40,4,12
4237,28,3,7
4726,7,0,1
4188,25,3,6
3854,24,1,6
4523,26,0,5
4901,16,0,3
3268,5,0,0
4229,20,0,4
3415,14,1,5
4685,35,4,11
5301,25,2,1
4497,26,4,8
4356,20,0,2
5147,23,1,2
5105,21,0,1
4514,27,3,7
4174,11,1,1
5368,52,3,8
4492,8,0,2
4572,35,7,7
3994,20,1,2
3857,62,6,6
3726,19,0,3
4553,20,1,3
5124,16,0,1
4287,36,6,10
3246,6,0,0
3743,6,0,0
3871,18,0,2
5052,18,0,1
3612,11,0,3
4885,14,2,2
4660,22,1,3
5108,14,1,1
3849,5,0,3
3731,13,2,2
2538,19,0,1
3896,24,2,5
4729,17,2,0
5111,26,2,2
3024,1,0,0
4843,20,2,1
3809,31,1,6
3563,11,1,0
4818,32,3,1
3946,4,2,0
5228,26,1,8
4964,22,2,3
3353,13,0,0
5426,87,2,3
5429,82,0,0
5443,86,1,0
5439,92,0,3
5444,98,1,1
5425,83,0,0
5430,84,2,1
5077,9,0,1
5175,13,0,3
5427,110,1,11
5433,80,1,2
5441,106,11,13
5434,88,5,8
5431,91,1,0
5421,66,1,0
5440,90,4,0
3419,15,0,1
5438,89,0,2
5428,86,0,0
4218,2,0,1
5437,77,2,2
5435,83,0,0
5442,92,1,1
4724,16,1,1
4313,24,0,6
5422,73,0,0
3297,1,0,0
5432,87,3,5
3909,7,2,0
3904,17,0,4
5424,70,0,0
5436,98,0,0
4569,27,1,2
5423,70,0,0
4954,41,5,5
3532,2,0,0
5174,10,1,0
3554,3,0,0
5204,12,0,3
4998,7,0,1
4302,1,0,0
3939,7,0,1
3943,9,0,0
4663,9,0,3
5462,31,0,1
5451,12,1,0
5466,33,1,0
5454,33,1,0
5455,36,0,1
5465,23,0,0
5467,31,0,5
5450,32,0,0
5456,36,0,0
5470,15,0,0
3687,1,0,0
5457,25,0,0
5458,35,0,0
5464,22,0,0
5446,19,0,0
5460,42,0,3
5469,34,0,0
5471,38,0,0
5445,24,0,0
4690,3,0,0
5452,25,0,0
5453,37,2,1
5447,28,0,0
5472,21,0,0
5461,25,0,0
5449,31,1,0
5448,29,0,0
5463,23,0,0
5468,31,0,0
5459,18,0,0
4340,6,1,0
5056,1,0,0
