date,race,combo,odds
2026-07-19,1,1-2-3,25.4
2026-07-19,1,1-2-4,51.7
2026-07-19,1,1-2-5,78.7
2026-07-19,1,1-2-6,276.2
2026-07-19,1,1-3-2,34.3
2026-07-19,1,1-3-4,47.6
2026-07-19,1,1-3-5,72.4
2026-07-19,1,1-3-6,224.4
2026-07-19,1,1-4-2,77.6
2026-07-19,1,1-4-3,85.2
2026-07-19,1,1-4-5,120.5
2026-07-19,1,1-4-6,363.0
2026-07-19,1,1-5-2,145.9
2026-07-19,1,1-5-3,136.6
2026-07-19,1,1-5-4,175.1
2026-07-19,1,1-5-6,513.0
2026-07-19,1,1-6-2,723.3
2026-07-19,1,1-6-3,837.9
2026-07-19,1,1-6-4,939.7
2026-07-19,1,1-6-5,966.8
2026-07-19,1,2-1-3,31.7
2026-07-19,1,2-1-4,44.2
2026-07-19,1,2-1-5,72.6
2026-07-19,1,2-1-6,256.5
2026-07-19,1,2-3-1,25.9
2026-07-19,1,2-3-4,7.5
2026-07-19,1,2-3-5,22.2
2026-07-19,1,2-3-6,76.5
2026-07-19,1,2-4-1,45.2
2026-07-19,1,2-4-3,13.7
2026-07-19,1,2-4-5,37.6
2026-07-19,1,2-4-6,120.2
2026-07-19,1,2-5-1,124.5
2026-07-19,1,2-5-3,55.1
2026-07-19,1,2-5-4,71.7
2026-07-19,1,2-5-6,264.6
2026-07-19,1,2-6-1,750.3
2026-07-19,1,2-6-3,388.2
2026-07-19,1,2-6-4,481.1
2026-07-19,1,2-6-5,594.9
2026-07-19,1,3-1-2,49.8
2026-07-19,1,3-1-4,58.9
2026-07-19,1,3-1-5,76.8
2026-07-19,1,3-1-6,248.2
2026-07-19,1,3-2-1,38.4
2026-07-19,1,3-2-4,13.2
2026-07-19,1,3-2-5,26.6
2026-07-19,1,3-2-6,76.0
2026-07-19,1,3-4-1,56.6
2026-07-19,1,3-4-2,21.0
2026-07-19,1,3-4-5,37.9
2026-07-19,1,3-4-6,108.3
2026-07-19,1,3-5-1,126.0
2026-07-19,1,3-5-2,62.3
2026-07-19,1,3-5-4,72.3
2026-07-19,1,3-5-6,252.6
2026-07-19,1,3-6-1,791.7
2026-07-19,1,3-6-2,420.7
2026-07-19,1,3-6-4,472.0
2026-07-19,1,3-6-5,648.7
2026-07-19,1,4-1-2,105.2
2026-07-19,1,4-1-3,115.0
2026-07-19,1,4-1-5,150.9
2026-07-19,1,4-1-6,429.7
2026-07-19,1,4-2-1,90.4
2026-07-19,1,4-2-3,31.2
2026-07-19,1,4-2-5,56.9
2026-07-19,1,4-2-6,143.0
2026-07-19,1,4-3-1,108.4
2026-07-19,1,4-3-2,34.7
2026-07-19,1,4-3-5,66.2
2026-07-19,1,4-3-6,147.4
2026-07-19,1,4-5-1,142.6
2026-07-19,1,4-5-2,76.3
2026-07-19,1,4-5-3,88.9
2026-07-19,1,4-5-6,171.8
2026-07-19,1,4-6-1,817.4
2026-07-19,1,4-6-2,373.7
2026-07-19,1,4-6-3,474.3
2026-07-19,1,4-6-5,352.8
2026-07-19,1,5-1-2,241.1
2026-07-19,1,5-1-3,202.7
2026-07-19,1,5-1-4,271.0
2026-07-19,1,5-1-6,652.9
2026-07-19,1,5-2-1,169.8
2026-07-19,1,5-2-3,92.9
2026-07-19,1,5-2-4,151.8
2026-07-19,1,5-2-6,418.9
2026-07-19,1,5-3-1,239.4
2026-07-19,1,5-3-2,135.5
2026-07-19,1,5-3-4,191.1
2026-07-19,1,5-3-6,485.7
2026-07-19,1,5-4-1,391.2
2026-07-19,1,5-4-2,195.2
2026-07-19,1,5-4-3,211.2
2026-07-19,1,5-4-6,444.9
2026-07-19,1,5-6-1,957.6
2026-07-19,1,5-6-2,866.8
2026-07-19,1,5-6-3,1092.0
2026-07-19,1,5-6-4,957.6
2026-07-19,1,6-1-2,1155.0
2026-07-19,1,6-1-3,2139.0
2026-07-19,1,6-1-4,1933.0
2026-07-19,1,6-1-5,3047.0
2026-07-19,1,6-2-1,1523.0
2026-07-19,1,6-2-3,1047.0
2026-07-19,1,6-2-4,1416.0
2026-07-19,1,6-2-5,1933.0
2026-07-19,1,6-3-1,2646.0
2026-07-19,1,6-3-2,1648.0
2026-07-19,1,6-3-4,1340.0
2026-07-19,1,6-3-5,2052.0
2026-07-19,1,6-4-1,2717.0
2026-07-19,1,6-4-2,1500.0
2026-07-19,1,6-4-3,1733.0
2026-07-19,1,6-4-5,1621.0
2026-07-19,1,6-5-1,2793.0
2026-07-19,1,6-5-2,1933.0
2026-07-19,1,6-5-3,2011.0
2026-07-19,1,6-5-4,1596.0
2026-07-19,2,1-2-3,14.3
2026-07-19,2,1-2-4,29.3
2026-07-19,2,1-2-5,37.1
2026-07-19,2,1-2-6,130.4
2026-07-19,2,1-3-2,8.5
2026-07-19,2,1-3-4,6.2
2026-07-19,2,1-3-5,6.8
2026-07-19,2,1-3-6,27.3
2026-07-19,2,1-4-2,35.3
2026-07-19,2,1-4-3,18.8
2026-07-19,2,1-4-5,35.4
2026-07-19,2,1-4-6,87.8
2026-07-19,2,1-5-2,70.5
2026-07-19,2,1-5-3,31.4
2026-07-19,2,1-5-4,60.9
2026-07-19,2,1-5-6,135.3
2026-07-19,2,1-6-2,456.5
2026-07-19,2,1-6-3,184.5
2026-07-19,2,1-6-4,305.9
2026-07-19,2,1-6-5,386.2
2026-07-19,2,2-1-3,108.8
2026-07-19,2,2-1-4,195.9
2026-07-19,2,2-1-5,247.6
2026-07-19,2,2-1-6,577.8
2026-07-19,2,2-3-1,146.8
2026-07-19,2,2-3-4,334.7
2026-07-19,2,2-3-5,289.5
2026-07-19,2,2-3-6,1086.0
2026-07-19,2,2-4-1,369.6
2026-07-19,2,2-4-3,566.6
2026-07-19,2,2-4-5,795.7
2026-07-19,2,2-4-6,1941.0
2026-07-19,2,2-5-1,589.5
2026-07-19,2,2-5-3,614.4
2026-07-19,2,2-5-4,915.8
2026-07-19,2,2-5-6,1994.0
2026-07-19,2,2-6-1,2051.0
2026-07-19,2,2-6-3,2240.0
2026-07-19,2,2-6-4,3551.0
2026-07-19,2,2-6-5,3033.0
2026-07-19,2,3-1-2,20.6
2026-07-19,2,3-1-4,11.6
2026-07-19,2,3-1-5,12.8
2026-07-19,2,3-1-6,36.6
2026-07-19,2,3-2-1,68.7
2026-07-19,2,3-2-4,119.1
2026-07-19,2,3-2-5,145.6
2026-07-19,2,3-2-6,341.8
2026-07-19,2,3-4-1,34.1
2026-07-19,2,3-4-2,90.5
2026-07-19,2,3-4-5,53.9
2026-07-19,2,3-4-6,105.2
2026-07-19,2,3-5-1,51.8
2026-07-19,2,3-5-2,154.9
2026-07-19,2,3-5-4,101.2
2026-07-19,2,3-5-6,197.0
2026-07-19,2,3-6-1,242.7
2026-07-19,2,3-6-2,791.4
2026-07-19,2,3-6-4,493.6
2026-07-19,2,3-6-5,474.3
2026-07-19,2,4-1-2,203.6
2026-07-19,2,4-1-3,112.3
2026-07-19,2,4-1-5,151.8
2026-07-19,2,4-1-6,337.8
2026-07-19,2,4-2-1,379.2
2026-07-19,2,4-2-3,457.9
2026-07-19,2,4-2-5,609.3
2026-07-19,2,4-2-6,1203.0
2026-07-19,2,4-3-1,132.3
2026-07-19,2,4-3-2,295.3
2026-07-19,2,4-3-5,208.6
2026-07-19,2,4-3-6,406.7
2026-07-19,2,4-5-1,267.6
2026-07-19,2,4-5-2,573.3
2026-07-19,2,4-5-3,402.2
2026-07-19,2,4-5-6,700.1
2026-07-19,2,4-6-1,1128.0
2026-07-19,2,4-6-2,2206.0
2026-07-19,2,4-6-3,1470.0
2026-07-19,2,4-6-5,1400.0
2026-07-19,2,5-1-2,543.3
2026-07-19,2,5-1-3,236.0
2026-07-19,2,5-1-4,471.2
2026-07-19,2,5-1-6,915.8
2026-07-19,2,5-2-1,921.6
2026-07-19,2,5-2-3,822.7
2026-07-19,2,5-2-4,1213.0
2026-07-19,2,5-2-6,2240.0
2026-07-19,2,5-3-1,288.9
2026-07-19,2,5-3-2,625.0
2026-07-19,2,5-3-4,594.3
2026-07-19,2,5-3-6,1111.0
2026-07-19,2,5-4-1,710.3
2026-07-19,2,5-4-2,1086.0
2026-07-19,2,5-4-3,762.4
2026-07-19,2,5-4-6,1843.0
2026-07-19,2,5-6-1,2275.0
2026-07-19,2,5-6-2,3832.0
2026-07-19,2,5-6-3,2912.0
2026-07-19,2,5-6-4,2855.0
2026-07-19,2,6-1-2,1733.0
2026-07-19,2,6-1-3,754.5
2026-07-19,2,6-1-4,1501.0
2026-07-19,2,6-1-5,2387.0
2026-07-19,2,6-2-1,2855.0
2026-07-19,2,6-2-3,3386.0
2026-07-19,2,6-2-4,5393.0
2026-07-19,2,6-2-5,4550.0
2026-07-19,2,6-3-1,915.8
2026-07-19,2,6-3-2,3309.0
2026-07-19,2,6-3-4,2206.0
2026-07-19,2,6-3-5,3551.0
2026-07-19,2,6-4-1,2747.0
2026-07-19,2,6-4-2,4550.0
2026-07-19,2,6-4-3,3309.0
2026-07-19,2,6-4-5,5601.0
2026-07-19,2,6-5-1,3467.0
2026-07-19,2,6-5-2,4160.0
2026-07-19,2,6-5-3,4283.0
2026-07-19,2,6-5-4,4160.0
2026-07-19,3,1-2-3,12.3
2026-07-19,3,1-2-4,30.7
2026-07-19,3,1-2-5,26.9
2026-07-19,3,1-2-6,16.6
2026-07-19,3,1-3-2,21.5
2026-07-19,3,1-3-4,47.2
2026-07-19,3,1-3-5,42.8
2026-07-19,3,1-3-6,25.3
2026-07-19,3,1-4-2,73.6
2026-07-19,3,1-4-3,104.7
2026-07-19,3,1-4-5,108.9
2026-07-19,3,1-4-6,58.3
2026-07-19,3,1-5-2,64.3
2026-07-19,3,1-5-3,95.6
2026-07-19,3,1-5-4,129.1
2026-07-19,3,1-5-6,50.6
2026-07-19,3,1-6-2,48.0
2026-07-19,3,1-6-3,76.3
2026-07-19,3,1-6-4,98.8
2026-07-19,3,1-6-5,72.6
2026-07-19,3,2-1-3,19.3
2026-07-19,3,2-1-4,43.3
2026-07-19,3,2-1-5,39.7
2026-07-19,3,2-1-6,29.2
2026-07-19,3,2-3-1,27.8
2026-07-19,3,2-3-4,30.6
2026-07-19,3,2-3-5,25.2
2026-07-19,3,2-3-6,21.2
2026-07-19,3,2-4-1,89.9
2026-07-19,3,2-4-3,61.2
2026-07-19,3,2-4-5,68.5
2026-07-19,3,2-4-6,70.9
2026-07-19,3,2-5-1,69.9
2026-07-19,3,2-5-3,56.7
2026-07-19,3,2-5-4,97.3
2026-07-19,3,2-5-6,49.5
2026-07-19,3,2-6-1,87.9
2026-07-19,3,2-6-3,67.8
2026-07-19,3,2-6-4,126.0
2026-07-19,3,2-6-5,105.0
2026-07-19,3,3-1-2,63.7
2026-07-19,3,3-1-4,133.4
2026-07-19,3,3-1-5,130.8
2026-07-19,3,3-1-6,93.9
2026-07-19,3,3-2-1,56.0
2026-07-19,3,3-2-4,56.7
2026-07-19,3,3-2-5,54.7
2026-07-19,3,3-2-6,49.5
2026-07-19,3,3-4-1,164.1
2026-07-19,3,3-4-2,103.2
2026-07-19,3,3-4-5,145.1
2026-07-19,3,3-4-6,136.0
2026-07-19,3,3-5-1,203.9
2026-07-19,3,3-5-2,123.0
2026-07-19,3,3-5-4,208.6
2026-07-19,3,3-5-6,122.3
2026-07-19,3,3-6-1,200.2
2026-07-19,3,3-6-2,161.2
2026-07-19,3,3-6-4,228.5
2026-07-19,3,3-6-5,197.7
2026-07-19,3,4-1-2,242.3
2026-07-19,3,4-1-3,335.6
2026-07-19,3,4-1-5,334.8
2026-07-19,3,4-1-6,241.5
2026-07-19,3,4-2-1,260.8
2026-07-19,3,4-2-3,219.1
2026-07-19,3,4-2-5,238.7
2026-07-19,3,4-2-6,206.5
2026-07-19,3,4-3-1,388.0
2026-07-19,3,4-3-2,257.5
2026-07-19,3,4-3-5,351.1
2026-07-19,3,4-3-6,315.0
2026-07-19,3,4-5-1,370.1
2026-07-19,3,4-5-2,286.8
2026-07-19,3,4-5-3,449.9
2026-07-19,3,4-5-6,175.1
2026-07-19,3,4-6-1,298.1
2026-07-19,3,4-6-2,287.3
2026-07-19,3,4-6-3,531.3
2026-07-19,3,4-6-5,246.1
2026-07-19,3,5-1-2,173.2
2026-07-19,3,5-1-3,273.2
2026-07-19,3,5-1-4,428.5
2026-07-19,3,5-1-6,160.8
2026-07-19,3,5-2-1,180.4
2026-07-19,3,5-2-3,159.2
2026-07-19,3,5-2-4,282.3
2026-07-19,3,5-2-6,142.9
2026-07-19,3,5-3-1,433.6
2026-07-19,3,5-3-2,239.5
2026-07-19,3,5-3-4,523.5
2026-07-19,3,5-3-6,258.0
2026-07-19,3,5-4-1,545.3
2026-07-19,3,5-4-2,405.5
2026-07-19,3,5-4-3,580.5
2026-07-19,3,5-4-6,240.3
2026-07-19,3,5-6-1,238.7
2026-07-19,3,5-6-2,204.8
2026-07-19,3,5-6-3,371.0
2026-07-19,3,5-6-4,342.0
2026-07-19,3,6-1-2,269.6
2026-07-19,3,6-1-3,470.5
2026-07-19,3,6-1-4,716.3
2026-07-19,3,6-1-5,545.3
2026-07-19,3,6-2-1,242.8
2026-07-19,3,6-2-3,258.9
2026-07-19,3,6-2-4,448.5
2026-07-19,3,6-2-5,353.7
2026-07-19,3,6-3-1,695.5
2026-07-19,3,6-3-2,356.3
2026-07-19,3,6-3-4,986.1
2026-07-19,3,6-3-5,808.9
2026-07-19,3,6-4-1,769.9
2026-07-19,3,6-4-2,539.2
2026-07-19,3,6-4-3,1189.0
2026-07-19,3,6-4-5,883.3
2026-07-19,3,6-5-1,702.3
2026-07-19,3,6-5-2,396.6
2026-07-19,3,6-5-3,934.9
2026-07-19,3,6-5-4,911.2
2026-07-19,4,1-2-3,10.0
2026-07-19,4,1-2-4,7.1
2026-07-19,4,1-2-5,17.2
2026-07-19,4,1-2-6,60.8
2026-07-19,4,1-3-2,24.3
2026-07-19,4,1-3-4,34.5
2026-07-19,4,1-3-5,73.1
2026-07-19,4,1-3-6,231.1
2026-07-19,4,1-4-2,13.9
2026-07-19,4,1-4-3,35.4
2026-07-19,4,1-4-5,40.7
2026-07-19,4,1-4-6,121.7
2026-07-19,4,1-5-2,39.7
2026-07-19,4,1-5-3,116.5
2026-07-19,4,1-5-4,66.2
2026-07-19,4,1-5-6,174.2
2026-07-19,4,1-6-2,253.2
2026-07-19,4,1-6-3,581.6
2026-07-19,4,1-6-4,350.8
2026-07-19,4,1-6-5,372.4
2026-07-19,4,2-1-3,17.5
2026-07-19,4,2-1-4,9.7
2026-07-19,4,2-1-5,25.1
2026-07-19,4,2-1-6,84.6
2026-07-19,4,2-3-1,51.7
2026-07-19,4,2-3-4,65.9
2026-07-19,4,2-3-5,124.7
2026-07-19,4,2-3-6,327.4
2026-07-19,4,2-4-1,24.1
2026-07-19,4,2-4-3,55.8
2026-07-19,4,2-4-5,52.3
2026-07-19,4,2-4-6,159.2
2026-07-19,4,2-5-1,85.0
2026-07-19,4,2-5-3,192.6
2026-07-19,4,2-5-4,118.3
2026-07-19,4,2-5-6,274.5
2026-07-19,4,2-6-1,395.5
2026-07-19,4,2-6-3,703.7
2026-07-19,4,2-6-4,445.3
2026-07-19,4,2-6-5,542.0
2026-07-19,4,3-1-2,143.2
2026-07-19,4,3-1-4,201.5
2026-07-19,4,3-1-5,345.1
2026-07-19,4,3-1-6,688.5
2026-07-19,4,3-2-1,172.1
2026-07-19,4,3-2-4,158.4
2026-07-19,4,3-2-5,310.6
2026-07-19,4,3-2-6,740.5
2026-07-19,4,3-4-1,246.3
2026-07-19,4,3-4-2,195.9
2026-07-19,4,3-4-5,489.9
2026-07-19,4,3-4-6,878.4
2026-07-19,4,3-5-1,719.6
2026-07-19,4,3-5-2,558.6
2026-07-19,4,3-5-4,890.7
2026-07-19,4,3-5-6,1721.0
2026-07-19,4,3-6-1,1819.0
2026-07-19,4,3-6-2,1592.0
2026-07-19,4,3-6-4,1633.0
2026-07-19,4,3-6-5,2894.0
2026-07-19,4,4-1-2,29.4
2026-07-19,4,4-1-3,118.8
2026-07-19,4,4-1-5,48.7
2026-07-19,4,4-1-6,119.9
2026-07-19,4,4-2-1,36.0
2026-07-19,4,4-2-3,102.3
2026-07-19,4,4-2-5,54.3
2026-07-19,4,4-2-6,120.6
2026-07-19,4,4-3-1,271.5
2026-07-19,4,4-3-2,213.7
2026-07-19,4,4-3-5,400.5
2026-07-19,4,4-3-6,719.6
2026-07-19,4,4-5-1,52.0
2026-07-19,4,4-5-2,50.4
2026-07-19,4,4-5-3,213.0
2026-07-19,4,4-5-6,92.0
2026-07-19,4,4-6-1,303.2
2026-07-19,4,4-6-2,240.7
2026-07-19,4,4-6-3,767.3
2026-07-19,4,4-6-5,251.7
2026-07-19,4,5-1-2,101.4
2026-07-19,4,5-1-3,339.6
2026-07-19,4,5-1-4,135.0
2026-07-19,4,5-1-6,290.1
2026-07-19,4,5-2-1,116.3
2026-07-19,4,5-2-3,339.6
2026-07-19,4,5-2-4,146.5
2026-07-19,4,5-2-6,287.5
2026-07-19,4,5-3-1,627.4
2026-07-19,4,5-3-2,573.7
2026-07-19,4,5-3-4,854.8
2026-07-19,4,5-3-6,1415.0
2026-07-19,4,5-4-1,136.2
2026-07-19,4,5-4-2,134.6
2026-07-19,4,5-4-3,495.6
2026-07-19,4,5-4-6,263.1
2026-07-19,4,5-6-1,522.0
2026-07-19,4,5-6-2,499.5
2026-07-19,4,5-6-3,1098.0
2026-07-19,4,5-6-4,573.7
2026-07-19,4,6-1-2,1313.0
2026-07-19,4,6-1-3,2274.0
2026-07-19,4,6-1-4,1901.0
2026-07-19,4,6-1-5,1873.0
2026-07-19,4,6-2-1,1190.0
2026-07-19,4,6-2-3,1698.0
2026-07-19,4,6-2-4,1384.0
2026-07-19,4,6-2-5,1698.0
2026-07-19,4,6-3-1,3746.0
2026-07-19,4,6-3-2,3538.0
2026-07-19,4,6-3-4,4108.0
2026-07-19,4,6-3-5,5538.0
2026-07-19,4,6-4-1,1959.0
2026-07-19,4,6-4-2,1399.0
2026-07-19,4,6-4-3,3184.0
2026-07-19,4,6-4-5,1612.0
2026-07-19,4,6-5-1,1721.0
2026-07-19,4,6-5-2,1929.0
2026-07-19,4,6-5-3,2653.0
2026-07-19,4,6-5-4,1481.0
2026-07-19,5,1-2-3,6.5
2026-07-19,5,1-2-4,34.6
2026-07-19,5,1-2-5,26.1
2026-07-19,5,1-2-6,7.0
2026-07-19,5,1-3-2,15.7
2026-07-19,5,1-3-4,69.2
2026-07-19,5,1-3-5,106.6
2026-07-19,5,1-3-6,22.8
2026-07-19,5,1-4-2,79.7
2026-07-19,5,1-4-3,125.3
2026-07-19,5,1-4-5,209.8
2026-07-19,5,1-4-6,98.7
2026-07-19,5,1-5-2,128.0
2026-07-19,5,1-5-3,198.7
2026-07-19,5,1-5-4,432.1
2026-07-19,5,1-5-6,188.7
2026-07-19,5,1-6-2,23.2
2026-07-19,5,1-6-3,34.3
2026-07-19,5,1-6-4,121.4
2026-07-19,5,1-6-5,145.0
2026-07-19,5,2-1-3,12.8
2026-07-19,5,2-1-4,53.4
2026-07-19,5,2-1-5,41.3
2026-07-19,5,2-1-6,10.1
2026-07-19,5,2-3-1,36.0
2026-07-19,5,2-3-4,100.6
2026-07-19,5,2-3-5,203.9
2026-07-19,5,2-3-6,42.1
2026-07-19,5,2-4-1,152.7
2026-07-19,5,2-4-3,177.2
2026-07-19,5,2-4-5,396.7
2026-07-19,5,2-4-6,135.0
2026-07-19,5,2-5-1,335.2
2026-07-19,5,2-5-3,447.4
2026-07-19,5,2-5-4,630.8
2026-07-19,5,2-5-6,377.5
2026-07-19,5,2-6-1,31.4
2026-07-19,5,2-6-3,41.0
2026-07-19,5,2-6-4,119.4
2026-07-19,5,2-6-5,204.3
2026-07-19,5,3-1-2,58.4
2026-07-19,5,3-1-4,177.2
2026-07-19,5,3-1-5,208.9
2026-07-19,5,3-1-6,74.1
2026-07-19,5,3-2-1,69.6
2026-07-19,5,3-2-4,179.7
2026-07-19,5,3-2-5,327.6
2026-07-19,5,3-2-6,82.3
2026-07-19,5,3-4-1,313.4
2026-07-19,5,3-4-2,219.3
2026-07-19,5,3-4-5,528.9
2026-07-19,5,3-4-6,278.2
2026-07-19,5,3-5-1,510.3
2026-07-19,5,3-5-2,663.8
2026-07-19,5,3-5-4,793.4
2026-07-19,5,3-5-6,730.6
2026-07-19,5,3-6-1,110.3
2026-07-19,5,3-6-2,109.3
2026-07-19,5,3-6-4,253.9
2026-07-19,5,3-6-5,380.3
2026-07-19,5,4-1-2,254.5
2026-07-19,5,4-1-3,364.0
2026-07-19,5,4-1-5,510.3
2026-07-19,5,4-1-6,252.6
2026-07-19,5,4-2-1,289.3
2026-07-19,5,4-2-3,377.5
2026-07-19,5,4-2-5,646.9
2026-07-19,5,4-2-6,253.2
2026-07-19,5,4-3-1,457.5
2026-07-19,5,4-3-2,417.9
2026-07-19,5,4-3-5,623.1
2026-07-19,5,4-3-6,447.4
2026-07-19,5,4-5-1,690.9
2026-07-19,5,4-5-2,793.4
2026-07-19,5,4-5-3,730.6
2026-07-19,5,4-5-6,634.7
2026-07-19,5,4-6-1,267.9
2026-07-19,5,4-6-2,252.6
2026-07-19,5,4-6-3,373.4
2026-07-19,5,4-6-5,485.9
2026-07-19,5,5-1-2,630.8
2026-07-19,5,5-1-3,677.1
2026-07-19,5,5-1-4,1092.0
2026-07-19,5,5-1-6,500.3
2026-07-19,5,5-2-1,597.4
2026-07-19,5,5-2-3,853.5
2026-07-19,5,5-2-4,1319.0
2026-07-19,5,5-2-6,638.7
2026-07-19,5,5-3-1,730.6
2026-07-19,5,5-3-2,1025.0
2026-07-19,5,5-3-4,1194.0
2026-07-19,5,5-3-6,967.3
2026-07-19,5,5-4-1,1319.0
2026-07-19,5,5-4-2,1562.0
2026-07-19,5,5-4-3,1154.0
2026-07-19,5,5-4-6,1057.0
2026-07-19,5,5-6-1,853.5
2026-07-19,5,5-6-2,1080.0
2026-07-19,5,5-6-3,1269.0
2026-07-19,5,5-6-4,1092.0
2026-07-19,5,6-1-2,47.1
2026-07-19,5,6-1-3,76.8
2026-07-19,5,6-1-4,185.0
2026-07-19,5,6-1-5,228.2
2026-07-19,5,6-2-1,56.7
2026-07-19,5,6-2-3,78.2
2026-07-19,5,6-2-4,178.8
2026-07-19,5,6-2-5,302.2
2026-07-19,5,6-3-1,134.1
2026-07-19,5,6-3-2,120.4
2026-07-19,5,6-3-4,314.4
2026-07-19,5,6-3-5,490.6
2026-07-19,5,6-4-1,430.3
2026-07-19,5,6-4-2,344.2
2026-07-19,5,6-4-3,479.0
2026-07-19,5,6-4-5,812.5
2026-07-19,5,6-5-1,597.4
2026-07-19,5,6-5-2,787.3
2026-07-19,5,6-5-3,906.8
2026-07-19,5,6-5-4,940.4
2026-07-19,6,1-2-3,9.9
2026-07-19,6,1-2-4,18.5
2026-07-19,6,1-2-5,19.4
2026-07-19,6,1-2-6,10.5
2026-07-19,6,1-3-2,18.3
2026-07-19,6,1-3-4,47.8
2026-07-19,6,1-3-5,40.5
2026-07-19,6,1-3-6,31.8
2026-07-19,6,1-4-2,51.2
2026-07-19,6,1-4-3,87.3
2026-07-19,6,1-4-5,107.6
2026-07-19,6,1-4-6,61.4
2026-07-19,6,1-5-2,52.1
2026-07-19,6,1-5-3,79.1
2026-07-19,6,1-5-4,129.2
2026-07-19,6,1-5-6,61.3
2026-07-19,6,1-6-2,31.1
2026-07-19,6,1-6-3,59.7
2026-07-19,6,1-6-4,85.1
2026-07-19,6,1-6-5,69.9
2026-07-19,6,2-1-3,20.6
2026-07-19,6,2-1-4,44.8
2026-07-19,6,2-1-5,34.2
2026-07-19,6,2-1-6,17.5
2026-07-19,6,2-3-1,42.2
2026-07-19,6,2-3-4,99.9
2026-07-19,6,2-3-5,62.2
2026-07-19,6,2-3-6,36.4
2026-07-19,6,2-4-1,108.7
2026-07-19,6,2-4-3,169.9
2026-07-19,6,2-4-5,165.0
2026-07-19,6,2-4-6,96.9
2026-07-19,6,2-5-1,90.5
2026-07-19,6,2-5-3,111.6
2026-07-19,6,2-5-4,202.5
2026-07-19,6,2-5-6,69.0
2026-07-19,6,2-6-1,40.1
2026-07-19,6,2-6-3,48.0
2026-07-19,6,2-6-4,128.0
2026-07-19,6,2-6-5,65.7
2026-07-19,6,3-1-2,69.8
2026-07-19,6,3-1-4,128.8
2026-07-19,6,3-1-5,82.3
2026-07-19,6,3-1-6,80.9
2026-07-19,6,3-2-1,76.6
2026-07-19,6,3-2-4,148.9
2026-07-19,6,3-2-5,103.9
2026-07-19,6,3-2-6,62.9
2026-07-19,6,3-4-1,269.4
2026-07-19,6,3-4-2,218.5
2026-07-19,6,3-4-5,269.4
2026-07-19,6,3-4-6,245.4
2026-07-19,6,3-5-1,194.2
2026-07-19,6,3-5-2,162.5
2026-07-19,6,3-5-4,349.6
2026-07-19,6,3-5-6,161.3
2026-07-19,6,3-6-1,172.7
2026-07-19,6,3-6-2,128.4
2026-07-19,6,3-6-4,363.0
2026-07-19,6,3-6-5,212.5
2026-07-19,6,4-1-2,190.3
2026-07-19,6,4-1-3,325.7
2026-07-19,6,4-1-5,217.9
2026-07-19,6,4-1-6,211.0
2026-07-19,6,4-2-1,227.2
2026-07-19,6,4-2-3,374.1
2026-07-19,6,4-2-5,338.6
2026-07-19,6,4-2-6,201.5
2026-07-19,6,4-3-1,415.8
2026-07-19,6,4-3-2,417.9
2026-07-19,6,4-3-5,391.1
2026-07-19,6,4-3-6,535.4
2026-07-19,6,4-5-1,285.5
2026-07-19,6,4-5-2,296.4
2026-07-19,6,4-5-3,382.4
2026-07-19,6,4-5-6,232.1
2026-07-19,6,4-6-1,279.0
2026-07-19,6,4-6-2,277.2
2026-07-19,6,4-6-3,590.8
2026-07-19,6,4-6-5,279.0
2026-07-19,6,5-1-2,207.9
2026-07-19,6,5-1-3,328.2
2026-07-19,6,5-1-4,489.5
2026-07-19,6,5-1-6,227.2
2026-07-19,6,5-2-1,199.2
2026-07-19,6,5-2-3,258.8
2026-07-19,6,5-2-4,495.2
2026-07-19,6,5-2-6,162.8
2026-07-19,6,5-3-1,424.1
2026-07-19,6,5-3-2,355.4
2026-07-19,6,5-3-4,639.3
2026-07-19,6,5-3-6,380.7
2026-07-19,6,5-4-1,556.3
2026-07-19,6,5-4-2,516.0
2026-07-19,6,5-4-3,785.9
2026-07-19,6,5-4-6,411.8
2026-07-19,6,5-6-1,259.6
2026-07-19,6,5-6-2,220.7
2026-07-19,6,5-6-3,389.4
2026-07-19,6,5-6-4,437.0
2026-07-19,6,6-1-2,108.1
2026-07-19,6,6-1-3,341.3
2026-07-19,6,6-1-4,578.8
2026-07-19,6,6-1-5,372.4
2026-07-19,6,6-2-1,119.6
2026-07-19,6,6-2-3,164.7
2026-07-19,6,6-2-4,407.9
2026-07-19,6,6-2-5,258.8
2026-07-19,6,6-3-1,402.2
2026-07-19,6,6-3-2,215.7
2026-07-19,6,6-3-4,690.8
2026-07-19,6,6-3-5,616.3
2026-07-19,6,6-4-1,690.8
2026-07-19,6,6-4-2,498.0
2026-07-19,6,6-4-3,1084.0
2026-07-19,6,6-4-5,778.8
2026-07-19,6,6-5-1,475.9
2026-07-19,6,6-5-2,339.9
2026-07-19,6,6-5-3,664.1
2026-07-19,6,6-5-4,758.1
2026-07-19,7,1-2-3,8.0
2026-07-19,7,1-2-4,13.3
2026-07-19,7,1-2-5,8.3
2026-07-19,7,1-2-6,172.6
2026-07-19,7,1-3-2,10.0
2026-07-19,7,1-3-4,13.5
2026-07-19,7,1-3-5,8.1
2026-07-19,7,1-3-6,245.9
2026-07-19,7,1-4-2,18.0
2026-07-19,7,1-4-3,22.2
2026-07-19,7,1-4-5,14.6
2026-07-19,7,1-4-6,220.8
2026-07-19,7,1-5-2,12.2
2026-07-19,7,1-5-3,12.8
2026-07-19,7,1-5-4,17.2
2026-07-19,7,1-5-6,187.0
2026-07-19,7,1-6-2,831.9
2026-07-19,7,1-6-3,877.5
2026-07-19,7,1-6-4,795.7
2026-07-19,7,1-6-5,753.6
2026-07-19,7,2-1-3,122.1
2026-07-19,7,2-1-4,144.6
2026-07-19,7,2-1-5,113.3
2026-07-19,7,2-1-6,908.6
2026-07-19,7,2-3-1,294.5
2026-07-19,7,2-3-4,637.3
2026-07-19,7,2-3-5,582.3
2026-07-19,7,2-3-6,2463.0
2026-07-19,7,2-4-1,328.5
2026-07-19,7,2-4-3,615.9
2026-07-19,7,2-4-5,613.0
2026-07-19,7,2-4-6,3285.0
2026-07-19,7,2-5-1,256.7
2026-07-19,7,2-5-3,577.1
2026-07-19,7,2-5-4,650.3
2026-07-19,7,2-5-6,2417.0
2026-07-19,7,2-6-1,2725.0
2026-07-19,7,2-6-3,2329.0
2026-07-19,7,2-6-4,3371.0
2026-07-19,7,2-6-5,4132.0
2026-07-19,7,3-1-2,137.3
2026-07-19,7,3-1-4,129.4
2026-07-19,7,3-1-5,78.3
2026-07-19,7,3-1-6,842.8
2026-07-19,7,3-2-1,284.7
2026-07-19,7,3-2-4,440.2
2026-07-19,7,3-2-5,459.2
2026-07-19,7,3-2-6,1407.0
2026-07-19,7,3-4-1,275.5
2026-07-19,7,3-4-2,415.9
2026-07-19,7,3-4-5,263.6
2026-07-19,7,3-4-6,1884.0
2026-07-19,7,3-5-1,178.1
2026-07-19,7,3-5-2,399.1
2026-07-19,7,3-5-4,399.1
2026-07-19,7,3-5-6,1708.0
2026-07-19,7,3-6-1,3462.0
2026-07-19,7,3-6-2,3371.0
2026-07-19,7,3-6-4,3882.0
2026-07-19,7,3-6-5,2979.0
2026-07-19,7,4-1-2,86.1
2026-07-19,7,4-1-3,134.7
2026-07-19,7,4-1-5,56.6
2026-07-19,7,4-1-6,481.6
2026-07-19,7,4-2-1,235.9
2026-07-19,7,4-2-3,424.2
2026-07-19,7,4-2-5,306.5
2026-07-19,7,4-2-6,1067.0
2026-07-19,7,4-3-1,289.2
2026-07-19,7,4-3-2,540.5
2026-07-19,7,4-3-5,337.1
2026-07-19,7,4-3-6,1755.0
2026-07-19,7,4-5-1,73.1
2026-07-19,7,4-5-2,168.3
2026-07-19,7,4-5-3,219.0
2026-07-19,7,4-5-6,441.7
2026-07-19,7,4-6-1,1455.0
2026-07-19,7,4-6-2,2562.0
2026-07-19,7,4-6-3,3371.0
2026-07-19,7,4-6-5,1008.0
2026-07-19,7,5-1-2,51.2
2026-07-19,7,5-1-3,55.2
2026-07-19,7,5-1-4,59.1
2026-07-19,7,5-1-6,381.3
2026-07-19,7,5-2-1,148.9
2026-07-19,7,5-2-3,259.3
2026-07-19,7,5-2-4,319.4
2026-07-19,7,5-2-6,1220.0
2026-07-19,7,5-3-1,146.4
2026-07-19,7,5-3-2,300.7
2026-07-19,7,5-3-4,350.0
2026-07-19,7,5-3-6,1392.0
2026-07-19,7,5-4-1,102.9
2026-07-19,7,5-4-2,239.0
2026-07-19,7,5-4-3,235.5
2026-07-19,7,5-4-6,577.1
2026-07-19,7,5-6-1,1348.0
2026-07-19,7,5-6-2,2329.0
2026-07-19,7,5-6-3,2372.0
2026-07-19,7,5-6-4,1472.0
2026-07-19,7,6-1-2,2785.0
2026-07-19,7,6-1-3,3462.0
2026-07-19,7,6-1-4,2847.0
2026-07-19,7,6-1-5,4003.0
2026-07-19,7,6-2-1,3768.0
2026-07-19,7,6-2-3,3768.0
2026-07-19,7,6-2-4,4927.0
2026-07-19,7,6-2-5,5823.0
2026-07-19,7,6-3-1,5338.0
2026-07-19,7,6-3-2,4927.0
2026-07-19,7,6-3-4,6100.0
2026-07-19,7,6-3-5,6100.0
2026-07-19,7,6-4-1,3558.0
2026-07-19,7,6-4-2,4927.0
2026-07-19,7,6-4-3,5823.0
2026-07-19,7,6-4-5,2417.0
2026-07-19,7,6-5-1,4927.0
2026-07-19,7,6-5-2,5823.0
2026-07-19,7,6-5-3,5570.0
2026-07-19,7,6-5-4,3202.0
2026-07-19,8,1-2-3,5.5
2026-07-19,8,1-2-4,11.7
2026-07-19,8,1-2-5,12.6
2026-07-19,8,1-2-6,48.1
2026-07-19,8,1-3-2,8.0
2026-07-19,8,1-3-4,11.2
2026-07-19,8,1-3-5,11.9
2026-07-19,8,1-3-6,51.9
2026-07-19,8,1-4-2,22.6
2026-07-19,8,1-4-3,23.5
2026-07-19,8,1-4-5,30.7
2026-07-19,8,1-4-6,74.7
2026-07-19,8,1-5-2,24.3
2026-07-19,8,1-5-3,25.6
2026-07-19,8,1-5-4,36.3
2026-07-19,8,1-5-6,71.3
2026-07-19,8,1-6-2,143.2
2026-07-19,8,1-6-3,157.4
2026-07-19,8,1-6-4,219.3
2026-07-19,8,1-6-5,225.1
2026-07-19,8,2-1-3,43.6
2026-07-19,8,2-1-4,72.5
2026-07-19,8,2-1-5,60.0
2026-07-19,8,2-1-6,196.4
2026-07-19,8,2-3-1,109.7
2026-07-19,8,2-3-4,172.7
2026-07-19,8,2-3-5,152.6
2026-07-19,8,2-3-6,369.6
2026-07-19,8,2-4-1,222.6
2026-07-19,8,2-4-3,292.3
2026-07-19,8,2-4-5,270.9
2026-07-19,8,2-4-6,584.7
2026-07-19,8,2-5-1,133.8
2026-07-19,8,2-5-3,213.4
2026-07-19,8,2-5-4,243.0
2026-07-19,8,2-5-6,416.8
2026-07-19,8,2-6-1,874.5
2026-07-19,8,2-6-3,1351.0
2026-07-19,8,2-6-4,1749.0
2026-07-19,8,2-6-5,1389.0
2026-07-19,8,3-1-2,75.5
2026-07-19,8,3-1-4,78.4
2026-07-19,8,3-1-5,65.9
2026-07-19,8,3-1-6,267.9
2026-07-19,8,3-2-1,132.5
2026-07-19,8,3-2-4,212.9
2026-07-19,8,3-2-5,177.2
2026-07-19,8,3-2-6,457.7
2026-07-19,8,3-4-1,169.3
2026-07-19,8,3-4-2,290.2
2026-07-19,8,3-4-5,257.4
2026-07-19,8,3-4-6,640.2
2026-07-19,8,3-5-1,130.7
2026-07-19,8,3-5-2,231.2
2026-07-19,8,3-5-4,248.6
2026-07-19,8,3-5-6,433.4
2026-07-19,8,3-6-1,1088.0
2026-07-19,8,3-6-2,1703.0
2026-07-19,8,3-6-4,1749.0
2026-07-19,8,3-6-5,1646.0
2026-07-19,8,4-1-2,175.6
2026-07-19,8,4-1-3,183.4
2026-07-19,8,4-1-5,148.7
2026-07-19,8,4-1-6,391.8
2026-07-19,8,4-2-1,313.9
2026-07-19,8,4-2-3,493.4
2026-07-19,8,4-2-5,397.3
2026-07-19,8,4-2-6,870.6
2026-07-19,8,4-3-1,282.2
2026-07-19,8,4-3-2,584.7
2026-07-19,8,4-3-5,530.8
2026-07-19,8,4-3-6,1180.0
2026-07-19,8,4-5-1,195.9
2026-07-19,8,4-5-2,329.8
2026-07-19,8,4-5-3,412.4
2026-07-19,8,4-5-6,464.2
2026-07-19,8,4-6-1,1009.0
2026-07-19,8,4-6-2,1865.0
2026-07-19,8,4-6-3,2226.0
2026-07-19,8,4-6-5,1341.0
2026-07-19,8,5-1-2,68.9
2026-07-19,8,5-1-3,90.2
2026-07-19,8,5-1-4,106.2
2026-07-19,8,5-1-6,168.4
2026-07-19,8,5-2-1,123.5
2026-07-19,8,5-2-3,235.1
2026-07-19,8,5-2-4,295.0
2026-07-19,8,5-2-6,376.7
2026-07-19,8,5-3-1,198.2
2026-07-19,8,5-3-2,302.3
2026-07-19,8,5-3-4,423.1
2026-07-19,8,5-3-6,564.5
2026-07-19,8,5-4-1,207.5
2026-07-19,8,5-4-2,314.4
2026-07-19,8,5-4-3,410.6
2026-07-19,8,5-4-6,420.3
2026-07-19,8,5-6-1,337.1
2026-07-19,8,5-6-2,424.9
2026-07-19,8,5-6-3,640.2
2026-07-19,8,5-6-4,621.9
2026-07-19,8,6-1-2,712.3
2026-07-19,8,6-1-3,848.0
2026-07-19,8,6-1-4,1209.0
2026-07-19,8,6-1-5,1216.0
2026-07-19,8,6-2-1,1323.0
2026-07-19,8,6-2-3,1901.0
2026-07-19,8,6-2-4,3159.0
2026-07-19,8,6-2-5,2511.0
2026-07-19,8,6-3-1,1530.0
2026-07-19,8,6-3-2,2389.0
2026-07-19,8,6-3-4,2612.0
2026-07-19,8,6-3-5,3377.0
2026-07-19,8,6-4-1,2448.0
2026-07-19,8,6-4-2,2923.0
2026-07-19,8,6-4-3,3060.0
2026-07-19,8,6-4-5,3060.0
2026-07-19,8,6-5-1,1360.0
2026-07-19,8,6-5-2,1920.0
2026-07-19,8,6-5-3,2612.0
2026-07-19,8,6-5-4,2106.0
2026-07-19,9,1-2-3,14.1
2026-07-19,9,1-2-4,13.0
2026-07-19,9,1-2-5,33.0
2026-07-19,9,1-2-6,29.5
2026-07-19,9,1-3-2,16.9
2026-07-19,9,1-3-4,10.8
2026-07-19,9,1-3-5,27.5
2026-07-19,9,1-3-6,22.4
2026-07-19,9,1-4-2,13.2
2026-07-19,9,1-4-3,12.5
2026-07-19,9,1-4-5,22.6
2026-07-19,9,1-4-6,14.0
2026-07-19,9,1-5-2,70.8
2026-07-19,9,1-5-3,68.5
2026-07-19,9,1-5-4,59.7
2026-07-19,9,1-5-6,75.8
2026-07-19,9,1-6-2,79.9
2026-07-19,9,1-6-3,74.9
2026-07-19,9,1-6-4,55.0
2026-07-19,9,1-6-5,115.5
2026-07-19,9,2-1-3,60.4
2026-07-19,9,2-1-4,53.2
2026-07-19,9,2-1-5,127.8
2026-07-19,9,2-1-6,109.6
2026-07-19,9,2-3-1,157.0
2026-07-19,9,2-3-4,216.1
2026-07-19,9,2-3-5,377.9
2026-07-19,9,2-3-6,345.1
2026-07-19,9,2-4-1,117.2
2026-07-19,9,2-4-3,206.2
2026-07-19,9,2-4-5,273.6
2026-07-19,9,2-4-6,246.6
2026-07-19,9,2-5-1,411.1
2026-07-19,9,2-5-3,627.8
2026-07-19,9,2-5-4,535.2
2026-07-19,9,2-5-6,601.4
2026-07-19,9,2-6-1,377.9
2026-07-19,9,2-6-3,646.2
2026-07-19,9,2-6-4,553.5
2026-07-19,9,2-6-5,570.4
2026-07-19,9,3-1-2,107.6
2026-07-19,9,3-1-4,51.3
2026-07-19,9,3-1-5,137.5
2026-07-19,9,3-1-6,93.4
2026-07-19,9,3-2-1,206.6
2026-07-19,9,3-2-4,237.0
2026-07-19,9,3-2-5,405.6
2026-07-19,9,3-2-6,327.9
2026-07-19,9,3-4-1,77.7
2026-07-19,9,3-4-2,181.6
2026-07-19,9,3-4-5,191.0
2026-07-19,9,3-4-6,113.2
2026-07-19,9,3-5-1,313.5
2026-07-19,9,3-5-2,556.0
2026-07-19,9,3-5-4,374.4
2026-07-19,9,3-5-6,414.6
2026-07-19,9,3-6-1,265.5
2026-07-19,9,3-6-2,529.3
2026-07-19,9,3-6-4,265.8
2026-07-19,9,3-6-5,477.3
2026-07-19,9,4-1-2,50.5
2026-07-19,9,4-1-3,44.2
2026-07-19,9,4-1-5,50.2
2026-07-19,9,4-1-6,33.9
2026-07-19,9,4-2-1,126.4
2026-07-19,9,4-2-3,214.8
2026-07-19,9,4-2-5,276.4
2026-07-19,9,4-2-6,210.7
2026-07-19,9,4-3-1,83.9
2026-07-19,9,4-3-2,214.6
2026-07-19,9,4-3-5,240.3
2026-07-19,9,4-3-6,134.9
2026-07-19,9,4-5-1,74.1
2026-07-19,9,4-5-2,155.6
2026-07-19,9,4-5-3,185.6
2026-07-19,9,4-5-6,77.0
2026-07-19,9,4-6-1,69.6
2026-07-19,9,4-6-2,159.7
2026-07-19,9,4-6-3,143.6
2026-07-19,9,4-6-5,102.9
2026-07-19,9,5-1-2,351.6
2026-07-19,9,5-1-3,338.9
2026-07-19,9,5-1-4,232.5
2026-07-19,9,5-1-6,278.3
2026-07-19,9,5-2-1,714.6
2026-07-19,9,5-2-3,1047.0
2026-07-19,9,5-2-4,979.8
2026-07-19,9,5-2-6,971.9
2026-07-19,9,5-3-1,678.7
2026-07-19,9,5-3-2,1146.0
2026-07-19,9,5-3-4,796.6
2026-07-19,9,5-3-6,1146.0
2026-07-19,9,5-4-1,222.9
2026-07-19,9,5-4-2,431.6
2026-07-19,9,5-4-3,497.9
2026-07-19,9,5-4-6,241.0
2026-07-19,9,5-6-1,460.2
2026-07-19,9,5-6-2,752.2
2026-07-19,9,5-6-3,1004.0
2026-07-19,9,5-6-4,398.3
2026-07-19,9,6-1-2,455.8
2026-07-19,9,6-1-3,456.7
2026-07-19,9,6-1-4,263.8
2026-07-19,9,6-1-5,764.1
2026-07-19,9,6-2-1,1020.0
2026-07-19,9,6-2-3,1246.0
2026-07-19,9,6-2-4,1146.0
2026-07-19,9,6-2-5,1928.0
2026-07-19,9,6-3-1,636.1
2026-07-19,9,6-3-2,1202.0
2026-07-19,9,6-3-4,577.1
2026-07-19,9,6-3-5,1840.0
2026-07-19,9,6-4-1,302.9
2026-07-19,9,6-4-2,702.2
2026-07-19,9,6-4-3,524.8
2026-07-19,9,6-4-5,543.6
2026-07-19,9,6-5-1,956.6
2026-07-19,9,6-5-2,1799.0
2026-07-19,9,6-5-3,1567.0
2026-07-19,9,6-5-4,632.7
2026-07-19,10,1-2-3,13.4
2026-07-19,10,1-2-4,17.7
2026-07-19,10,1-2-5,19.1
2026-07-19,10,1-2-6,26.6
2026-07-19,10,1-3-2,17.4
2026-07-19,10,1-3-4,27.0
2026-07-19,10,1-3-5,28.3
2026-07-19,10,1-3-6,26.5
2026-07-19,10,1-4-2,33.3
2026-07-19,10,1-4-3,45.7
2026-07-19,10,1-4-5,53.3
2026-07-19,10,1-4-6,63.3
2026-07-19,10,1-5-2,54.9
2026-07-19,10,1-5-3,73.6
2026-07-19,10,1-5-4,118.1
2026-07-19,10,1-5-6,113.1
2026-07-19,10,1-6-2,57.5
2026-07-19,10,1-6-3,60.2
2026-07-19,10,1-6-4,129.6
2026-07-19,10,1-6-5,98.4
2026-07-19,10,2-1-3,25.4
2026-07-19,10,2-1-4,35.9
2026-07-19,10,2-1-5,31.9
2026-07-19,10,2-1-6,47.2
2026-07-19,10,2-3-1,39.3
2026-07-19,10,2-3-4,45.1
2026-07-19,10,2-3-5,34.2
2026-07-19,10,2-3-6,41.3
2026-07-19,10,2-4-1,87.6
2026-07-19,10,2-4-3,76.0
2026-07-19,10,2-4-5,84.3
2026-07-19,10,2-4-6,80.9
2026-07-19,10,2-5-1,87.6
2026-07-19,10,2-5-3,68.2
2026-07-19,10,2-5-4,127.9
2026-07-19,10,2-5-6,112.1
2026-07-19,10,2-6-1,145.9
2026-07-19,10,2-6-3,88.7
2026-07-19,10,2-6-4,113.1
2026-07-19,10,2-6-5,142.0
2026-07-19,10,3-1-2,71.4
2026-07-19,10,3-1-4,109.6
2026-07-19,10,3-1-5,74.6
2026-07-19,10,3-1-6,76.2
2026-07-19,10,3-2-1,67.9
2026-07-19,10,3-2-4,96.0
2026-07-19,10,3-2-5,67.7
2026-07-19,10,3-2-6,66.7
2026-07-19,10,3-4-1,174.7
2026-07-19,10,3-4-2,145.7
2026-07-19,10,3-4-5,176.5
2026-07-19,10,3-4-6,154.0
2026-07-19,10,3-5-1,199.5
2026-07-19,10,3-5-2,178.1
2026-07-19,10,3-5-4,258.0
2026-07-19,10,3-5-6,266.2
2026-07-19,10,3-6-1,160.8
2026-07-19,10,3-6-2,153.2
2026-07-19,10,3-6-4,208.5
2026-07-19,10,3-6-5,223.2
2026-07-19,10,4-1-2,129.3
2026-07-19,10,4-1-3,150.0
2026-07-19,10,4-1-5,119.8
2026-07-19,10,4-1-6,106.1
2026-07-19,10,4-2-1,162.7
2026-07-19,10,4-2-3,208.0
2026-07-19,10,4-2-5,158.7
2026-07-19,10,4-2-6,136.5
2026-07-19,10,4-3-1,212.2
2026-07-19,10,4-3-2,259.9
2026-07-19,10,4-3-5,247.9
2026-07-19,10,4-3-6,222.4
2026-07-19,10,4-5-1,134.2
2026-07-19,10,4-5-2,141.9
2026-07-19,10,4-5-3,233.5
2026-07-19,10,4-5-6,122.4
2026-07-19,10,4-6-1,133.6
2026-07-19,10,4-6-2,150.4
2026-07-19,10,4-6-3,237.6
2026-07-19,10,4-6-5,137.6
2026-07-19,10,5-1-2,170.8
2026-07-19,10,5-1-3,290.7
2026-07-19,10,5-1-4,312.2
2026-07-19,10,5-1-6,328.4
2026-07-19,10,5-2-1,229.6
2026-07-19,10,5-2-3,243.5
2026-07-19,10,5-2-4,305.2
2026-07-19,10,5-2-6,347.8
2026-07-19,10,5-3-1,452.7
2026-07-19,10,5-3-2,333.4
2026-07-19,10,5-3-4,531.6
2026-07-19,10,5-3-6,804.7
2026-07-19,10,5-4-1,389.1
2026-07-19,10,5-4-2,324.2
2026-07-19,10,5-4-3,525.3
2026-07-19,10,5-4-6,365.7
2026-07-19,10,5-6-1,612.6
2026-07-19,10,5-6-2,526.9
2026-07-19,10,5-6-3,898.7
2026-07-19,10,5-6-4,584.3
2026-07-19,10,6-1-2,207.0
2026-07-19,10,6-1-3,200.5
2026-07-19,10,6-1-4,262.6
2026-07-19,10,6-1-5,243.1
2026-07-19,10,6-2-1,251.1
2026-07-19,10,6-2-3,365.0
2026-07-19,10,6-2-4,270.7
2026-07-19,10,6-2-5,294.5
2026-07-19,10,6-3-1,292.1
2026-07-19,10,6-3-2,423.5
2026-07-19,10,6-3-4,610.4
2026-07-19,10,6-3-5,449.3
2026-07-19,10,6-4-1,251.1
2026-07-19,10,6-4-2,310.6
2026-07-19,10,6-4-3,469.6
2026-07-19,10,6-4-5,297.5
2026-07-19,10,6-5-1,405.1
2026-07-19,10,6-5-2,614.7
2026-07-19,10,6-5-3,569.2
2026-07-19,10,6-5-4,680.9
2026-07-19,11,1-2-3,12.2
2026-07-19,11,1-2-4,20.5
2026-07-19,11,1-2-5,9.7
2026-07-19,11,1-2-6,14.8
2026-07-19,11,1-3-2,22.7
2026-07-19,11,1-3-4,48.6
2026-07-19,11,1-3-5,26.9
2026-07-19,11,1-3-6,40.0
2026-07-19,11,1-4-2,50.0
2026-07-19,11,1-4-3,82.9
2026-07-19,11,1-4-5,67.2
2026-07-19,11,1-4-6,74.0
2026-07-19,11,1-5-2,19.2
2026-07-19,11,1-5-3,31.5
2026-07-19,11,1-5-4,58.9
2026-07-19,11,1-5-6,29.0
2026-07-19,11,1-6-2,54.0
2026-07-19,11,1-6-3,95.5
2026-07-19,11,1-6-4,117.3
2026-07-19,11,1-6-5,66.0
2026-07-19,11,2-1-3,25.5
2026-07-19,11,2-1-4,33.4
2026-07-19,11,2-1-5,17.0
2026-07-19,11,2-1-6,17.7
2026-07-19,11,2-3-1,72.4
2026-07-19,11,2-3-4,169.8
2026-07-19,11,2-3-5,97.6
2026-07-19,11,2-3-6,100.2
2026-07-19,11,2-4-1,123.4
2026-07-19,11,2-4-3,310.9
2026-07-19,11,2-4-5,229.2
2026-07-19,11,2-4-6,167.5
2026-07-19,11,2-5-1,47.9
2026-07-19,11,2-5-3,99.8
2026-07-19,11,2-5-4,171.8
2026-07-19,11,2-5-6,60.5
2026-07-19,11,2-6-1,70.6
2026-07-19,11,2-6-3,137.6
2026-07-19,11,2-6-4,182.7
2026-07-19,11,2-6-5,95.3
2026-07-19,11,3-1-2,112.6
2026-07-19,11,3-1-4,200.4
2026-07-19,11,3-1-5,99.5
2026-07-19,11,3-1-6,161.6
2026-07-19,11,3-2-1,181.3
2026-07-19,11,3-2-4,277.9
2026-07-19,11,3-2-5,193.1
2026-07-19,11,3-2-6,259.2
2026-07-19,11,3-4-1,440.9
2026-07-19,11,3-4-2,402.9
2026-07-19,11,3-4-5,414.8
2026-07-19,11,3-4-6,559.0
2026-07-19,11,3-5-1,165.7
2026-07-19,11,3-5-2,200.8
2026-07-19,11,3-5-4,400.4
2026-07-19,11,3-5-6,226.8
2026-07-19,11,3-6-1,368.8
2026-07-19,11,3-6-2,414.8
2026-07-19,11,3-6-4,554.2
2026-07-19,11,3-6-5,390.8
2026-07-19,11,4-1-2,349.7
2026-07-19,11,4-1-3,582.2
2026-07-19,11,4-1-5,383.2
2026-07-19,11,4-1-6,375.9
2026-07-19,11,4-2-1,409.6
2026-07-19,11,4-2-3,716.1
2026-07-19,11,4-2-5,591.0
2026-07-19,11,4-2-6,533.2
2026-07-19,11,4-3-1,772.5
2026-07-19,11,4-3-2,860.6
2026-07-19,11,4-3-5,791.2
2026-07-19,11,4-3-6,1066.0
2026-07-19,11,4-5-1,436.0
2026-07-19,11,4-5-2,589.2
2026-07-19,11,4-5-3,891.9
2026-07-19,11,4-5-6,470.5
2026-07-19,11,4-6-1,509.6
2026-07-19,11,4-6-2,548.1
2026-07-19,11,4-6-3,778.6
2026-07-19,11,4-6-5,572.0
2026-07-19,11,5-1-2,41.7
2026-07-19,11,5-1-3,77.2
2026-07-19,11,5-1-4,137.6
2026-07-19,11,5-1-6,50.0
2026-07-19,11,5-2-1,62.6
2026-07-19,11,5-2-3,143.2
2026-07-19,11,5-2-4,254.1
2026-07-19,11,5-2-6,81.2
2026-07-19,11,5-3-1,171.8
2026-07-19,11,5-3-2,219.2
2026-07-19,11,5-3-4,392.4
2026-07-19,11,5-3-6,226.3
2026-07-19,11,5-4-1,345.4
2026-07-19,11,5-4-2,459.5
2026-07-19,11,5-4-3,557.4
2026-07-19,11,5-4-6,287.7
2026-07-19,11,5-6-1,81.0
2026-07-19,11,5-6-2,93.1
2026-07-19,11,5-6-3,196.6
2026-07-19,11,5-6-4,233.0
2026-07-19,11,6-1-2,189.4
2026-07-19,11,6-1-3,527.4
2026-07-19,11,6-1-4,718.7
2026-07-19,11,6-1-5,293.3
2026-07-19,11,6-2-1,232.2
2026-07-19,11,6-2-3,596.4
2026-07-19,11,6-2-4,845.7
2026-07-19,11,6-2-5,346.6
2026-07-19,11,6-3-1,721.4
2026-07-19,11,6-3-2,853.1
2026-07-19,11,6-3-4,1509.0
2026-07-19,11,6-3-5,778.6
2026-07-19,11,6-4-1,1274.0
2026-07-19,11,6-4-2,1241.0
2026-07-19,11,6-4-3,2002.0
2026-07-19,11,6-4-5,1521.0
2026-07-19,11,6-5-1,264.8
2026-07-19,11,6-5-2,303.2
2026-07-19,11,6-5-3,613.1
2026-07-19,11,6-5-4,842.1
2026-07-19,12,1-2-3,10.1
2026-07-19,12,1-2-4,19.9
2026-07-19,12,1-2-5,12.3
2026-07-19,12,1-2-6,28.4
2026-07-19,12,1-3-2,13.1
2026-07-19,12,1-3-4,20.0
2026-07-19,12,1-3-5,10.9
2026-07-19,12,1-3-6,31.0
2026-07-19,12,1-4-2,23.0
2026-07-19,12,1-4-3,21.7
2026-07-19,12,1-4-5,28.0
2026-07-19,12,1-4-6,56.7
2026-07-19,12,1-5-2,23.8
2026-07-19,12,1-5-3,19.4
2026-07-19,12,1-5-4,40.1
2026-07-19,12,1-5-6,35.0
2026-07-19,12,1-6-2,113.0
2026-07-19,12,1-6-3,116.7
2026-07-19,12,1-6-4,159.2
2026-07-19,12,1-6-5,105.6
2026-07-19,12,2-1-3,49.1
2026-07-19,12,2-1-4,108.1
2026-07-19,12,2-1-5,61.4
2026-07-19,12,2-1-6,94.7
2026-07-19,12,2-3-1,76.0
2026-07-19,12,2-3-4,191.8
2026-07-19,12,2-3-5,70.7
2026-07-19,12,2-3-6,97.6
2026-07-19,12,2-4-1,272.6
2026-07-19,12,2-4-3,391.7
2026-07-19,12,2-4-5,427.0
2026-07-19,12,2-4-6,343.9
2026-07-19,12,2-5-1,126.7
2026-07-19,12,2-5-3,117.3
2026-07-19,12,2-5-4,290.5
2026-07-19,12,2-5-6,137.2
2026-07-19,12,2-6-1,273.7
2026-07-19,12,2-6-3,284.9
2026-07-19,12,2-6-4,394.3
2026-07-19,12,2-6-5,291.7
2026-07-19,12,3-1-2,59.5
2026-07-19,12,3-1-4,89.5
2026-07-19,12,3-1-5,39.2
2026-07-19,12,3-1-6,71.6
2026-07-19,12,3-2-1,96.0
2026-07-19,12,3-2-4,214.5
2026-07-19,12,3-2-5,84.8
2026-07-19,12,3-2-6,115.2
2026-07-19,12,3-4-1,226.3
2026-07-19,12,3-4-2,330.2
2026-07-19,12,3-4-5,247.6
2026-07-19,12,3-4-6,350.9
2026-07-19,12,3-5-1,50.5
2026-07-19,12,3-5-2,81.2
2026-07-19,12,3-5-4,124.6
2026-07-19,12,3-5-6,62.9
2026-07-19,12,3-6-1,196.5
2026-07-19,12,3-6-2,265.4
2026-07-19,12,3-6-4,318.5
2026-07-19,12,3-6-5,146.9
2026-07-19,12,4-1-2,218.9
2026-07-19,12,4-1-3,231.1
2026-07-19,12,4-1-5,283.8
2026-07-19,12,4-1-6,464.9
2026-07-19,12,4-2-1,447.2
2026-07-19,12,4-2-3,642.9
2026-07-19,12,4-2-5,842.5
2026-07-19,12,4-2-6,928.2
2026-07-19,12,4-3-1,448.3
2026-07-19,12,4-3-2,764.5
2026-07-19,12,4-3-5,584.7
2026-07-19,12,4-3-6,978.5
2026-07-19,12,4-5-1,658.1
2026-07-19,12,4-5-2,1061.0
2026-07-19,12,4-5-3,810.0
2026-07-19,12,4-5-6,890.9
2026-07-19,12,4-6-1,1182.0
2026-07-19,12,4-6-2,1349.0
2026-07-19,12,4-6-3,1600.0
2026-07-19,12,4-6-5,1188.0
2026-07-19,12,5-1-2,106.7
2026-07-19,12,5-1-3,85.1
2026-07-19,12,5-1-4,175.9
2026-07-19,12,5-1-6,128.9
2026-07-19,12,5-2-1,176.2
2026-07-19,12,5-2-3,194.5
2026-07-19,12,5-2-4,407.3
2026-07-19,12,5-2-6,257.4
2026-07-19,12,5-3-1,93.5
2026-07-19,12,5-3-2,150.3
2026-07-19,12,5-3-4,208.6
2026-07-19,12,5-3-6,124.4
2026-07-19,12,5-4-1,404.8
2026-07-19,12,5-4-2,602.9
2026-07-19,12,5-4-3,468.6
2026-07-19,12,5-4-6,511.5
2026-07-19,12,5-6-1,270.4
2026-07-19,12,5-6-2,375.2
2026-07-19,12,5-6-3,288.1
2026-07-19,12,5-6-4,518.3
2026-07-19,12,6-1-2,864.1
2026-07-19,12,6-1-3,934.9
2026-07-19,12,6-1-4,1289.0
2026-07-19,12,6-1-5,959.2
2026-07-19,12,6-2-1,1124.0
2026-07-19,12,6-2-3,1395.0
2026-07-19,12,6-2-4,1654.0
2026-07-19,12,6-2-5,1405.0
2026-07-19,12,6-3-1,1034.0
2026-07-19,12,6-3-2,1418.0
2026-07-19,12,6-3-4,1633.0
2026-07-19,12,6-3-5,734.1
2026-07-19,12,6-4-1,1698.0
2026-07-19,12,6-4-2,1804.0
2026-07-19,12,6-4-3,2223.0
2026-07-19,12,6-4-5,1418.0
2026-07-19,12,6-5-1,1027.0
2026-07-19,12,6-5-2,1315.0
2026-07-19,12,6-5-3,706.7
2026-07-19,12,6-5-4,1080.0
