登番,名前,級,1コ進入,1コ負け,1コ負け時2着率,型,外進入(全国),外3着残し率(全国),丸亀外進入,丸亀外3着残し率,外採用値,6コ進入,6コ2着率,6コ3着率
4287,今井貴士,A2,53,20,0.6,残す,117,0.41,4,,0.41,43,0.186,0.256
3942,寺田祥,A1,60,24,0.5,中間,95,0.495,5,,0.495,18,,
5121,定松勇樹,A1,53,12,,,111,0.55,0,,0.55,32,,
4343,村岡賢,B1,28,20,,,94,0.287,0,,0.287,26,,
3953,志道吉和,B2,17,9,,,68,0.118,9,,0.118,23,,
3680,森林太,B1,33,27,,,107,0.262,9,,0.262,35,,
4293,鈴木智啓,B1,43,26,0.5,中間,115,0.27,5,,0.27,42,0.024,0.143
5141,大澤風葵,A1,50,19,,,96,0.583,6,,0.583,26,,
3619,長谷川充,B1,32,21,,,101,0.277,0,,0.277,30,,
3681,山谷央,B1,25,13,,,74,0.243,4,,0.243,25,,
4435,服部達哉,A2,33,11,,,103,0.427,5,,0.427,35,,
4615,板倉敦史,B1,22,14,,,88,0.273,0,,0.273,22,,
5079,大石真央,B1,28,15,,,103,0.301,5,,0.301,36,,
5032,谷口知優,A2,35,18,,,115,0.339,31,0.226,0.226,32,,
3233,小畑実成,B1,27,18,,,95,0.2,4,,0.2,25,,
5341,山道諄也,B1,9,6,,,108,0.139,0,,0.139,49,0.041,0.061
4967,中村魁生,A1,49,15,,,109,0.578,7,,0.578,30,,
4286,平田さやか,A2,59,34,0.676,残す,132,0.402,0,,0.402,36,,
4511,中岡健人,B1,27,17,,,99,0.343,16,,0.343,29,,
4045,佐々木裕美,B1,31,19,,,90,0.233,3,,0.233,21,,
3615,横田茂,B1,32,20,,,102,0.186,5,,0.186,27,,
3787,天野誠,B1,19,13,,,66,0.121,4,,0.121,18,,
5442,池田美優,B2,0,0,,,127,0.031,0,,0.031,127,0.008,0.024
5453,久保翔耶,B2,0,0,,,69,0.072,17,,0.072,69,0.029,0.029
3690,河合三弘,B1,36,26,,,112,0.286,5,,0.286,40,0.075,0.125
3959,坪井康晴,A1,53,18,,,112,0.527,0,,0.527,26,,
4766,石井孝之,B1,17,12,,,81,0.383,0,,0.383,27,,
4438,森作雄大,B1,42,24,0.375,飛ぶ,119,0.345,0,,0.345,29,,
4672,守屋大地,B1,28,25,,,106,0.302,6,,0.302,25,,
4952,吉武真也,B1,22,12,,,92,0.109,0,,0.109,24,,
4300,加藤綾,B1,37,19,,,104,0.327,6,,0.327,28,,
4909,薮内瑞希,B1,32,17,,,96,0.26,5,,0.26,32,,
5430,鳥本智史,B2,0,0,,,116,0.043,0,,0.043,116,0.017,0.017
4733,赤井睦,B1,23,9,,,85,0.353,8,,0.353,27,,
5022,伊藤尚汰,B1,19,15,,,92,0.217,0,,0.217,22,,
4530,小野生奈,A1,59,15,,,101,0.564,9,,0.564,29,,
4184,渡邊雄一郎,A1,52,13,,,103,0.699,0,,0.699,26,,
3714,梶原正,B1,25,14,,,100,0.27,0,,0.27,27,,
4207,松下一也,A1,48,20,0.4,飛ぶ,101,0.426,4,,0.426,35,,
4664,東口晃,B1,20,16,,,81,0.222,0,,0.222,19,,
4416,三宅健太,B1,34,23,,,108,0.343,9,,0.343,34,,
4688,永井彪也,A1,52,12,,,117,0.479,9,,0.479,35,,
3430,角浜修,B1,29,15,,,105,0.219,4,,0.219,22,,
4359,横川聖志,A2,40,23,0.391,飛ぶ,93,0.43,2,,0.43,32,,
3448,高山秀雄,B1,21,14,,,66,0.258,0,,0.258,19,,
4408,仁科さやか,B1,20,8,,,82,0.134,1,,0.134,18,,
4773,中川りな,A2,54,20,0.4,飛ぶ,115,0.452,3,,0.452,34,,
3514,山一鉄也,A2,54,19,,,125,0.352,0,,0.352,41,0.073,0.122
4035,杉江浩明,B1,28,19,,,110,0.227,0,,0.227,30,,
3748,小黒竜吾,B1,21,15,,,92,0.185,3,,0.185,28,,
5096,上原崚,A2,40,16,,,123,0.431,0,,0.431,38,,
4458,抹香雄三,B1,29,18,,,105,0.41,5,,0.41,27,,
5355,萩原丈太朗,B1,13,12,,,109,0.101,0,,0.101,46,0.0,0.043
5342,原村百那,B2,7,5,,,134,0.067,5,,0.067,50,0.02,0.02
5423,高橋嗣穏,B2,0,0,,,110,0.0,0,,0.0,109,0.0,0.0
5334,樫葉新心,B1,21,18,,,106,0.132,0,,0.132,34,,
5125,高井雄基,A2,46,15,,,110,0.373,8,,0.373,40,0.05,0.25
4564,山本景士郎,B1,34,25,,,111,0.279,4,,0.279,31,,
4241,大串重幸,A2,41,17,,,118,0.432,0,,0.432,35,,
5203,神里琴音,B1,28,16,,,96,0.292,11,,0.292,28,,
5158,宮脇遼太,A1,58,17,,,126,0.532,4,,0.532,46,0.217,0.196
5053,山口広樹,B1,25,12,,,98,0.214,0,,0.214,35,,
3627,井上恵一,A2,39,21,,,85,0.282,6,,0.282,7,,
5375,庄島潤成,B1,1,0,,,185,0.13,0,,0.13,85,0.047,0.094
4137,君島秀三,A1,60,15,,,114,0.553,6,,0.553,36,,
4172,森定晃史,A2,55,26,0.615,残す,126,0.524,4,,0.524,39,,
3811,石田章央,A1,55,20,0.55,残す,119,0.437,5,,0.437,44,0.136,0.114
3435,寺田千恵,A2,55,17,,,109,0.422,7,,0.422,30,,
4200,早川尚人,B1,30,20,,,104,0.26,5,,0.26,30,,
4997,濱崎寿里矢,B2,12,10,,,60,0.15,0,,0.15,15,,
3773,津留浩一郎,B1,28,18,,,94,0.191,7,,0.191,23,,
4866,橋本英一,B1,20,12,,,86,0.267,0,,0.267,27,,
4953,尾上雅也,A1,53,11,,,119,0.571,0,,0.571,36,,
4907,小池修平,A1,52,15,,,112,0.518,5,,0.518,33,,
5468,山口隼人,B2,0,0,,,61,0.0,0,,0.0,61,0.0,0.0
4448,青木玄太,A1,49,11,,,123,0.577,4,,0.577,38,,
4776,竹田和哉,A1,68,14,,,123,0.528,16,,0.528,38,,
4011,堀之内紀代子,A2,37,12,,,104,0.471,10,,0.471,34,,
5221,竹間隆晟,A1,64,23,0.391,飛ぶ,127,0.528,12,,0.528,39,,
4804,高田ひかる,A1,54,17,,,117,0.453,0,,0.453,36,,
4225,土屋千明,A2,37,15,,,80,0.388,0,,0.388,22,,
4337,平本真之,A1,58,17,,,118,0.568,4,,0.568,28,,
5101,表健太,B1,16,16,,,83,0.229,4,,0.229,21,,
4900,中田夕貴,B1,38,13,,,101,0.356,8,,0.356,33,,
3896,上田洋平,B1,27,13,,,94,0.394,4,,0.394,24,,
4346,前田健太郎,B1,32,16,,,110,0.282,7,,0.282,41,0.049,0.171
4477,篠崎仁志,A1,53,10,,,111,0.514,0,,0.514,32,,
4175,川尻泰輔,A2,39,8,,,101,0.455,0,,0.455,26,,
3920,正木聖賢,B1,32,21,,,33,0.424,2,,0.424,0,,
4548,篠木亜衣花,B1,15,12,,,59,0.102,0,,0.102,21,,
4102,益田啓司,A1,51,8,,,134,0.515,0,,0.515,46,0.152,0.174
5100,栗原一馬,B1,21,15,,,76,0.224,0,,0.224,32,,
5067,山田真聖,B1,26,14,,,105,0.381,6,,0.381,25,,
4068,幸田智裕,B1,33,20,,,108,0.361,4,,0.361,28,,
5313,鈴木唯央,B1,20,16,,,103,0.262,0,,0.262,31,,
4418,茅原悠紀,A1,66,14,,,103,0.66,0,,0.66,28,,
5111,三村岳人,A2,35,13,,,109,0.385,0,,0.385,35,,
4042,丸岡正典,A2,57,19,,,119,0.521,5,,0.521,46,0.13,0.152
4635,峰重力也,A2,31,10,,,91,0.407,5,,0.407,31,,
4558,宮野仁,B1,21,12,,,86,0.244,6,,0.244,27,,
5170,佐藤太亮,B1,31,9,,,96,0.365,7,,0.365,30,,
5103,芝田京介,B2,20,14,,,81,0.21,4,,0.21,39,,
4998,中村かなえ,B2,14,7,,,63,0.365,0,,0.365,15,,
5366,塩嶋泰空,B2,7,6,,,115,0.017,0,,0.017,69,0.0,0.0
4886,入海馨,A2,35,12,,,116,0.534,10,,0.534,39,,
4523,中村辰也,A2,43,19,,,102,0.49,13,,0.49,30,,
4789,古賀智之,A2,37,17,,,104,0.375,12,,0.375,33,,
5087,佐藤航,A1,45,16,,,120,0.583,4,,0.583,28,,
4244,鈴木成美,B2,16,10,,,63,0.095,0,,0.095,20,,
3439,大平誉史明,A1,52,23,0.522,中間,110,0.464,0,,0.464,32,,
4120,柘植政浩,A2,53,16,,,136,0.404,10,,0.404,42,0.048,0.095
3977,山本兼士,B1,31,22,,,120,0.308,4,,0.308,34,,
3910,松下知幸,B1,26,18,,,94,0.202,16,,0.202,29,,
4991,宗行治哉,A1,42,13,,,97,0.443,0,,0.443,26,,
4570,前田聖文,A1,47,20,0.35,飛ぶ,110,0.536,5,,0.536,36,,
4166,吉田拡郎,A1,65,12,,,128,0.523,3,,0.523,41,0.098,0.293
4371,西山貴浩,A1,44,12,,,99,0.374,5,,0.374,27,,
5390,高橋涼夏,B2,0,0,,,133,0.105,8,,0.105,81,0.012,0.049
5279,石渡翔一郎,B1,34,15,,,92,0.435,0,,0.435,30,,
5151,山下奈緒,B1,22,16,,,88,0.136,0,,0.136,27,,
3294,野中義生,B1,28,23,,,88,0.386,4,,0.386,32,,
5391,出穂和鼓,B2,0,0,,,146,0.027,0,,0.027,72,0.014,0.0
5071,野見山拓己,B1,25,17,,,92,0.272,0,,0.272,26,,
3878,胡本悟志,B1,22,17,,,92,0.272,0,,0.272,29,,
4949,横田貴満,A2,55,20,0.4,飛ぶ,109,0.44,2,,0.44,32,,
4173,岡谷健吾,B1,32,14,,,111,0.333,0,,0.333,26,,
3482,金子猛志,B1,45,29,0.448,中間,124,0.347,0,,0.347,40,0.075,0.15
3538,菊池峰晴,B2,14,12,,,58,0.259,0,,0.259,15,,
5210,藤井公人,A2,33,11,,,116,0.414,0,,0.414,38,,
3842,星野太郎,B1,29,16,,,89,0.337,9,,0.337,22,,
5307,富永夏哉人,B1,25,14,,,106,0.283,5,,0.283,28,,
4625,渡邊裕貴,B1,26,8,,,95,0.316,4,,0.316,25,,
3543,福田雅一,B1,25,12,,,80,0.375,10,,0.375,21,,
4362,土屋智則,A1,53,22,0.5,中間,86,0.523,4,,0.523,20,,
4611,今井美亜,A1,45,10,,,111,0.405,5,,0.405,30,,
3642,大塚浩二,B1,19,12,,,80,0.212,0,,0.212,19,,
4431,石塚裕介,B1,22,9,,,87,0.241,8,,0.241,30,,
4513,河野真也,A2,51,15,,,115,0.443,9,,0.443,39,,
4593,小坂宗司,A2,46,21,0.524,中間,122,0.492,0,,0.492,36,,
3352,小川晃司,B1,0,0,,,200,0.42,9,,0.42,194,0.119,0.289
3885,久田武,A2,39,17,,,108,0.352,6,,0.352,37,,
4022,待鳥雄紀,B1,23,14,,,86,0.221,7,,0.221,22,,
3442,宮武英司,B1,23,14,,,90,0.311,10,,0.311,21,,
5007,近藤雄一郎,B1,28,16,,,93,0.323,5,,0.323,29,,
3831,安藤裕貴,B1,32,21,,,96,0.292,0,,0.292,26,,
4093,吉田宗弘,B1,29,19,,,85,0.2,5,,0.2,19,,
4264,長尾章平,A1,62,21,0.333,飛ぶ,120,0.567,5,,0.567,35,,
3268,森竜也,B1,34,16,,,81,0.235,0,,0.235,4,,
4122,安東幸治,A2,56,26,0.346,飛ぶ,129,0.45,4,,0.45,41,0.049,0.268
5115,香川颯太,B1,28,13,,,88,0.341,8,,0.341,32,,
4798,浜先真範,A1,61,17,,,130,0.469,9,,0.469,37,,
3943,三松直美,B2,6,6,,,33,0.0,0,,0.0,15,,
4865,立具敬司,B2,12,5,,,44,0.295,0,,0.295,17,,
4623,中北将史,B1,38,18,,,118,0.229,3,,0.229,27,,
4308,河村了,A1,61,15,,,109,0.642,4,,0.642,34,,
3746,岡瀬正人,A2,57,25,0.4,飛ぶ,129,0.419,7,,0.419,38,,
3978,齊藤仁,A2,44,16,,,111,0.414,0,,0.414,37,,
4117,廣中智紗衣,A2,46,28,0.429,中間,98,0.531,5,,0.531,27,,
5226,藤田俊祐,B1,32,7,,,76,0.408,0,,0.408,24,,
4365,盛本真輔,A2,49,24,0.375,飛ぶ,106,0.358,6,,0.358,35,,
4928,栗城匠,A1,45,17,,,103,0.553,4,,0.553,31,,
5401,谷海夏人,B2,0,0,,,78,0.141,0,,0.141,76,0.039,0.079
5132,中野希一,A1,68,27,0.37,飛ぶ,120,0.642,9,,0.642,36,,
3507,藤井徹,B1,25,17,,,72,0.167,4,,0.167,5,,
4772,石丸海渡,A1,48,11,,,107,0.495,19,,0.495,31,,
3415,松井繁,A1,51,13,,,96,0.396,3,,0.396,13,,
5305,伊藤栞,B1,12,10,,,69,0.087,4,,0.087,22,,
4678,水野望美,B1,29,13,,,93,0.258,5,,0.258,22,,
5175,島崎丈一朗,B1,20,11,,,77,0.338,5,,0.338,20,,
4220,深川和仁,B1,27,6,,,100,0.31,23,,0.31,23,,
4051,清水敦揮,A2,40,12,,,87,0.598,8,,0.598,29,,
4788,小池哲也,A2,50,24,0.417,中間,122,0.533,5,,0.533,27,,
5258,仲本舜,B1,24,12,,,91,0.253,6,,0.253,24,,
4219,本岡勝利,B1,19,15,,,102,0.245,0,,0.245,25,,
4918,川島拓郎,B1,26,11,,,100,0.33,0,,0.33,30,,
4885,大山千広,A2,44,11,,,73,0.562,0,,0.562,21,,
4758,富樫麗加,B2,8,2,,,25,0.44,0,,0.44,9,,
4853,前原哉,B1,28,18,,,90,0.156,5,,0.156,26,,
4094,中島真二,B1,29,14,,,101,0.248,7,,0.248,25,,
3851,,,7,7,,,32,0.0,0,,0.0,14,,
5254,羽田妃希,B1,15,9,,,81,0.21,0,,0.21,24,,
4024,井口佳典,A1,46,20,0.35,飛ぶ,124,0.468,0,,0.468,37,,
4251,川崎誠志,B1,26,16,,,113,0.301,0,,0.301,35,,
4748,渡邉雄朗,A1,51,18,,,106,0.575,0,,0.575,34,,
5147,田中勇輔,B1,19,14,,,77,0.221,4,,0.221,24,,
5169,堀本翔太,B2,14,12,,,63,0.238,0,,0.238,19,,
3412,鈴木博,A1,58,17,,,132,0.523,5,,0.523,40,0.2,0.25
4113,木村浩士,B1,35,22,,,107,0.383,0,,0.383,27,,
5295,田上凜,B1,14,8,,,115,0.322,20,,0.322,57,0.088,0.07
4878,西岡育未,B1,26,20,,,81,0.198,9,,0.198,21,,
4067,永井源,A2,48,23,0.522,中間,124,0.5,0,,0.5,32,,
4679,植田太一,A2,53,18,,,123,0.415,1,,0.415,36,,
4685,島村隆幸,A1,62,10,,,104,0.663,4,,0.663,37,,
4574,東潤樹,A2,36,18,,,105,0.4,4,,0.4,24,,
5399,長野未来,B2,0,0,,,141,0.05,0,,0.05,106,0.0,0.057
4411,沢田昭宏,A2,46,14,,,119,0.395,5,,0.395,40,0.05,0.1
4329,小松卓司,B1,29,18,,,108,0.324,0,,0.324,28,,
4076,杉田篤光,B1,46,24,0.542,中間,141,0.369,5,,0.369,36,,
4669,井上茂,B1,21,14,,,90,0.267,4,,0.267,22,,
4811,向井田佑紀,B1,30,18,,,116,0.336,0,,0.336,26,,
4467,渡邉俊介,A1,53,20,0.5,中間,127,0.551,5,,0.551,33,,
5073,上原健次郎,A2,40,17,,,107,0.336,0,,0.336,34,,
4988,牟田奨太,B1,25,8,,,102,0.216,5,,0.216,36,,
4144,石塚久也,A2,41,11,,,110,0.545,0,,0.545,29,,
3860,松本浩貴,B1,27,23,,,93,0.194,3,,0.194,30,,
4872,山下流心,B1,30,16,,,103,0.262,10,,0.262,24,,
5268,山本幸也,B1,18,15,,,98,0.153,3,,0.153,44,0.023,0.045
5257,西丸侑太朗,A1,67,22,0.409,中間,139,0.475,37,0.378,0.378,38,,
4601,森野正弘,A1,60,19,,,123,0.553,4,,0.553,39,,
4228,吉田慎二郎,A2,48,23,0.522,中間,119,0.487,13,,0.487,41,0.122,0.268
4143,浦田晃嗣,B1,20,13,,,96,0.229,11,,0.229,20,,
3350,藤本佳史,B1,34,13,,,94,0.33,0,,0.33,27,,
3718,伊達正利,B1,30,13,,,104,0.212,3,,0.212,34,,
3334,角ひとみ,A2,59,25,0.24,飛ぶ,116,0.371,3,,0.371,32,,
5357,田中瀬里奈,B2,16,16,,,103,0.019,0,,0.019,58,0.0,0.0
5304,井田涼介,B2,9,8,,,72,0.014,0,,0.014,32,,
3692,竹腰正樹,B1,42,23,0.435,中間,114,0.325,0,,0.325,39,,
4196,田中太一郎,B1,27,15,,,111,0.252,0,,0.252,27,,
3987,後藤正宗,A1,43,13,,,119,0.529,9,,0.529,39,,
4348,宮崎奨,A2,45,23,0.478,中間,119,0.471,30,0.5,0.5,36,,
4452,松尾祭,A2,50,27,0.63,残す,123,0.366,24,,0.366,39,,
3893,汐崎正則,B1,26,12,,,97,0.258,3,,0.258,29,,
3577,向所浩二,B1,27,19,,,87,0.23,0,,0.23,32,,
4771,下寺秀和,A1,64,13,,,114,0.509,3,,0.509,32,,
5189,藤原早菜,A2,47,28,0.321,飛ぶ,129,0.419,6,,0.419,39,,
3349,吉田一郎,A1,48,20,0.55,残す,86,0.372,5,,0.372,8,,
5227,川原愛未,B2,4,1,,,30,0.3,0,,0.3,14,,
4385,鈴木祐美子,B2,12,11,,,49,0.184,0,,0.184,10,,
4839,四宮与寛,A2,45,22,0.409,中間,110,0.464,5,,0.464,33,,
5368,宮崎心之介,B1,24,6,,,119,0.429,13,,0.429,43,0.093,0.163
4260,中越博紀,B1,41,18,,,117,0.393,13,,0.393,40,0.125,0.125
5458,田中大輝,B2,0,0,,,68,0.044,0,,0.044,67,0.0,0.015
4980,佐々木完太,A1,52,8,,,115,0.478,0,,0.478,42,0.095,0.214
5447,岡本亜子,B2,0,0,,,64,0.0,0,,0.0,64,0.0,0.0
5207,高山敬悟,B1,21,7,,,91,0.33,12,,0.33,26,,
4981,牧山敦也,B1,26,14,,,101,0.396,6,,0.396,28,,
4245,高橋直哉,B1,28,18,,,95,0.274,10,,0.274,33,,
4592,小林孝弘,B1,27,20,,,100,0.27,5,,0.27,22,,
5252,荒木颯斗,A2,47,22,0.455,中間,114,0.491,6,,0.491,37,,
3661,柳瀬興志,A2,46,26,0.423,中間,111,0.324,8,,0.324,36,,
5384,八戸琉楓,B2,2,2,,,145,0.055,0,,0.055,75,0.0,0.027
4571,菅章哉,A1,37,15,,,123,0.415,0,,0.415,68,0.044,0.059
4433,川野芽唯,A1,66,12,,,120,0.592,12,,0.592,45,0.044,0.378
3775,泉啓文,B1,28,22,,,111,0.207,5,,0.207,35,,
3744,徳増秀樹,A1,64,14,,,125,0.408,4,,0.408,13,,
5220,青木蓮,A2,61,17,,,122,0.582,5,,0.582,32,,
3832,下田哲也,B2,11,10,,,43,0.163,17,,0.163,20,,
4709,岡村将也,A2,42,25,0.44,中間,110,0.5,4,,0.5,38,,
3968,茶谷信次,A2,38,15,,,105,0.495,8,,0.495,39,,
5358,増本杏珠,B2,9,9,,,86,0.163,4,,0.163,38,,
4590,渡邉優美,A1,50,20,0.6,残す,111,0.432,9,,0.432,34,,
4383,竹田吉行,A2,42,25,0.6,残す,105,0.419,10,,0.419,32,,
3432,宮迫暢彦,B1,21,15,,,90,0.244,0,,0.244,26,,
4096,石橋道友,A1,53,9,,,104,0.519,10,,0.519,30,,
3567,吉岡誠,B1,20,15,,,70,0.114,2,,0.114,23,,
3908,重成一人,A1,61,21,0.286,飛ぶ,116,0.517,16,,0.517,40,0.125,0.25
4163,山崎裕司,A2,53,18,,,119,0.378,4,,0.378,28,,
4666,日笠勝弘,B1,18,9,,,78,0.295,0,,0.295,25,,
4736,高倉和士,A1,60,17,,,124,0.581,5,,0.581,41,0.171,0.244
5456,今村天次朗,B2,0,0,,,76,0.079,0,,0.079,75,0.027,0.053
4710,福田宗平,A2,49,19,,,118,0.475,5,,0.475,38,,
3630,黒田誠司,B1,20,18,,,71,0.197,0,,0.197,24,,
4236,松村敏,A1,74,17,,,114,0.737,5,,0.737,29,,
4388,是澤孝宏,A2,50,19,,,138,0.514,9,,0.514,42,0.071,0.119
4419,原加央理,A2,29,17,,,90,0.444,4,,0.444,24,,
5396,近藤来希,B2,0,0,,,143,0.07,6,,0.07,81,0.0,0.025
3422,服部幸男,A2,58,21,0.429,中間,119,0.454,0,,0.454,24,,
3966,作間章,A1,68,23,0.435,中間,126,0.556,5,,0.556,35,,
5285,若林麗,B1,23,16,,,94,0.213,1,,0.213,31,,
3463,乙津康志,B1,35,26,,,99,0.313,7,,0.313,20,,
5352,西岡蒼志,B1,27,14,,,104,0.337,14,,0.337,35,,
4043,桐本康臣,A2,49,24,0.458,中間,112,0.509,5,,0.509,32,,
4421,森作広大,B1,20,14,,,76,0.145,7,,0.145,28,,
4270,岸本雄貴,B1,29,10,,,94,0.33,5,,0.33,26,,
4446,和田兼輔,A1,57,7,,,126,0.532,0,,0.532,30,,
3643,米田隆弘,B1,34,14,,,98,0.296,10,,0.296,31,,
3717,立間充宏,A2,29,14,,,93,0.387,7,,0.387,37,,
4875,大塚康雅,B1,32,22,,,99,0.333,0,,0.333,28,,
5284,嘉手苅徹哉,B2,12,6,,,81,0.247,5,,0.247,22,,
3888,山本英志,A2,49,20,0.35,飛ぶ,118,0.39,0,,0.39,39,,
5038,金田智博,A2,44,13,,,102,0.461,0,,0.461,35,,
4422,永井亮次,B1,27,9,,,101,0.248,4,,0.248,28,,
3999,大瀧明日香,A2,61,21,0.476,中間,123,0.463,0,,0.463,37,,
4140,梶野学志,A2,40,8,,,90,0.411,0,,0.411,27,,
5255,藤原仙二,A1,50,15,,,134,0.552,14,,0.552,42,0.19,0.238
4586,磯部誠,A1,49,14,,,124,0.556,5,,0.556,39,,
3827,今泉徹,B1,28,22,,,100,0.18,5,,0.18,27,,
4025,山本隆幸,A1,39,12,,,86,0.535,0,,0.535,22,,
5420,吉原快誓,B2,0,0,,,150,0.053,10,,0.053,105,0.01,0.019
3604,武藤綾子,B1,29,14,,,88,0.205,7,,0.205,32,,
4437,中田元泰,A2,52,13,,,126,0.508,24,,0.508,40,0.05,0.225
3975,小野寺智洋,A2,38,12,,,109,0.376,17,,0.376,36,,
4691,水原慎,B1,19,10,,,63,0.286,0,,0.286,18,,
4734,安河内将,A1,60,19,,,115,0.557,10,,0.557,33,,
5235,岩田凌,B2,15,12,,,65,0.092,0,,0.092,20,,
3579,中里優子,B1,21,14,,,79,0.316,3,,0.316,21,,
3737,上平真二,A1,55,15,,,103,0.495,0,,0.495,30,,
4739,中村晃朋,A1,57,19,,,117,0.547,22,,0.547,35,,
3889,須藤隆雄,B1,27,18,,,90,0.178,5,,0.178,27,,
4444,桐生順平,A1,43,15,,,99,0.566,0,,0.566,29,,
5049,松井友汰,A2,29,10,,,96,0.448,0,,0.448,34,,
4495,森晋太郎,B2,22,7,,,77,0.325,0,,0.325,26,,
3653,品川賢次,B2,21,17,,,60,0.283,0,,0.283,23,,
5317,長尾萌加,B1,29,19,,,121,0.355,5,,0.355,31,,
3721,守田俊介,A1,55,13,,,102,0.392,0,,0.392,18,,
4028,田村隆信,A1,49,14,,,100,0.42,3,,0.42,25,,
5123,福山恵里奈,B1,30,15,,,100,0.18,8,,0.18,31,,
4808,松尾拓,A2,44,13,,,122,0.443,0,,0.443,37,,
3662,大庭元明,B1,39,21,,,112,0.321,0,,0.321,44,0.091,0.136
4158,木場雄二郎,B1,32,10,,,104,0.365,5,,0.365,35,,
4266,長田頼宗,A1,56,10,,,110,0.436,6,,0.436,30,,
5201,村上宗太郎,B2,19,11,,,71,0.31,4,,0.31,30,,
4352,下條雄太郎,A1,50,14,,,89,0.494,0,,0.494,29,,
5083,柳瀬幹太,B1,25,15,,,83,0.313,0,,0.313,27,,
5088,高憧四季,A1,72,24,0.417,中間,137,0.482,8,,0.482,42,0.167,0.119
3655,本橋克洋,B1,49,26,0.5,中間,112,0.348,0,,0.348,28,,
4039,村上功祐,B1,40,21,0.429,中間,108,0.389,0,,0.389,35,,
4347,魚谷香織,A2,46,17,,,97,0.443,4,,0.443,31,,
5303,土井歩夢,A2,35,16,,,106,0.491,0,,0.491,26,,
4596,葛原大陽,A2,45,18,,,113,0.451,5,,0.451,38,,
5460,早川理稀,B2,0,0,,,88,0.057,9,,0.057,88,0.011,0.034
5362,中嶋世奈,B2,11,8,,,100,0.07,0,,0.07,42,0.0,0.024
4177,萬正嗣,B1,26,10,,,79,0.266,6,,0.266,30,,
5222,津田陸翔,A1,50,16,,,118,0.483,10,,0.483,35,,
3960,菊地孝平,A1,53,18,,,113,0.434,0,,0.434,30,,
5010,宇留田翔平,A2,53,20,0.55,残す,130,0.362,6,,0.362,38,,
4409,坂元浩仁,A1,53,12,,,111,0.505,0,,0.505,36,,
3982,福田理,B1,29,21,,,91,0.264,8,,0.264,22,,
4423,坂口貴彦,B1,30,12,,,117,0.419,12,,0.419,37,,
4543,重木輝彦,A1,53,12,,,104,0.529,2,,0.529,27,,
4917,岩橋裕馬,B1,28,19,,,96,0.25,0,,0.25,31,,
3731,高濱芳久,B1,30,22,,,79,0.278,12,,0.278,13,,
3983,須藤博倫,A1,45,17,,,129,0.535,4,,0.535,37,,
4927,関野文,A2,53,25,0.32,飛ぶ,115,0.461,5,,0.461,34,,
5416,龍田真白,B1,0,0,,,167,0.204,0,,0.204,93,0.086,0.065
3353,前田光昭,B1,13,11,,,71,0.169,0,,0.169,22,,
4190,長嶋万記,B2,27,7,,,63,0.635,5,,0.635,16,,
5383,中村楓,B1,2,1,,,180,0.078,0,,0.078,85,0.0,0.035
4460,後藤翔之,A2,46,25,0.44,中間,115,0.47,0,,0.47,30,,
5120,山本稔太朗,B1,26,13,,,69,0.246,6,,0.246,22,,
4704,河野大,A1,54,17,,,135,0.511,8,,0.511,46,0.152,0.174
4626,伊藤紘章,B1,24,14,,,90,0.356,0,,0.356,26,,
3664,鈴木賢一,B1,30,18,,,93,0.301,0,,0.301,28,,
3401,上田隆章,B1,28,14,,,105,0.257,16,,0.257,30,,
5306,河内悠利杏,B1,18,16,,,82,0.098,0,,0.098,23,,
5142,常住蓮,A1,53,13,,,106,0.557,3,,0.557,29,,
3784,中島友和,B1,29,17,,,103,0.32,0,,0.32,33,,
3370,坪内実,B1,24,18,,,83,0.253,0,,0.253,22,,
4627,藤原菜希,A2,42,18,,,94,0.479,3,,0.479,29,,
4610,佐藤大佑,A1,47,14,,,123,0.463,7,,0.463,36,,
3613,角谷健吾,A2,55,19,,,126,0.468,4,,0.468,42,0.048,0.19
4743,木村仁紀,A1,65,21,0.571,残す,141,0.553,5,,0.553,44,0.159,0.318
4069,山本修一,A2,52,21,0.381,飛ぶ,123,0.496,6,,0.496,35,,
5277,井上未都,B1,31,16,,,110,0.364,0,,0.364,32,,
5318,河内一馬,B1,23,18,,,98,0.214,5,,0.214,31,,
4552,杉山勝匡,B1,30,15,,,109,0.376,4,,0.376,41,0.049,0.122
4488,小山勉,A1,52,17,,,108,0.5,0,,0.5,36,,
5374,木山大聖,B1,0,0,,,174,0.207,0,,0.207,67,0.015,0.119
4619,伏田裕隆,B1,23,13,,,141,0.447,4,,0.447,73,0.055,0.11
3473,石川真二,A1,102,49,0.388,飛ぶ,0,,0,,,0,,
4821,妻鳥晋也,B1,25,14,,,108,0.454,24,,0.454,27,,
3873,別府昌樹,B1,24,13,,,108,0.352,2,,0.352,55,0.091,0.109
4124,池田雄一,A2,47,16,,,106,0.519,0,,0.519,36,,
3711,江本真治,A2,59,29,0.483,中間,137,0.474,5,,0.474,48,0.083,0.146
4191,赤羽克也,A1,45,15,,,95,0.474,11,,0.474,26,,
5118,野田なづき,A2,24,12,,,62,0.419,3,,0.419,21,,
4084,杉山正樹,A1,63,20,0.5,中間,130,0.508,5,,0.508,43,0.14,0.163
3686,鳥居塚孝博,A2,46,18,,,116,0.457,0,,0.457,36,,
3777,樋口亮,A2,50,22,0.409,中間,121,0.388,4,,0.388,44,0.068,0.114
4618,乃村康友,B1,22,13,,,94,0.415,3,,0.415,26,,
5081,篠原飛翔,A2,41,17,,,96,0.458,7,,0.458,28,,
4015,前野竜一,A2,48,19,,,124,0.427,15,,0.427,42,0.119,0.214
5439,志賀美優,B2,0,0,,,150,0.04,0,,0.04,122,0.0,0.033
3582,吉川昭男,A2,53,20,0.45,中間,30,0.267,1,,0.267,0,,
4727,安部慎一,B1,23,13,,,93,0.28,0,,0.28,21,,
4361,柳生泰二,A1,55,13,,,102,0.598,8,,0.598,35,,
3952,中澤和志,A1,58,23,0.435,中間,119,0.538,5,,0.538,30,,
4715,村上遼,A1,44,18,,,105,0.562,11,,0.562,34,,
4498,宮本夏樹,B2,15,8,,,62,0.323,4,,0.323,20,,
4407,鹿島敏弘,B1,35,22,,,108,0.315,0,,0.315,34,,
5138,村本大成,B1,19,13,,,71,0.225,0,,0.225,19,,
4588,田中京介,A2,49,21,0.429,中間,139,0.381,10,,0.381,41,0.024,0.073
5394,福西広太郎,B1,4,1,,,178,0.219,3,,0.219,89,0.034,0.135
4272,大場広孝,B1,25,16,,,106,0.302,4,,0.302,34,,
5325,澁川夏,B1,31,15,,,112,0.366,15,,0.366,39,,
4232,笠雅雄,B1,30,16,,,105,0.438,4,,0.438,29,,
5387,戸田海咲音,B2,0,0,,,121,0.025,16,,0.025,68,0.0,0.029
4380,鈴木峻佑,B1,31,12,,,103,0.252,0,,0.252,31,,
5186,遠藤圭吾,B1,22,11,,,84,0.202,5,,0.202,30,,
4706,三浦洋次朗,A2,48,23,0.435,中間,122,0.418,3,,0.418,33,,
3866,木山誠一,B1,27,19,,,95,0.284,0,,0.284,27,,
3826,村田修次,A2,44,22,0.636,残す,105,0.486,4,,0.486,26,,
4358,松本庸平,B1,29,21,,,89,0.191,4,,0.191,22,,
4342,谷野錬志,A2,40,10,,,107,0.542,3,,0.542,31,,
4350,篠崎元志,A1,71,10,,,111,0.586,0,,0.586,28,,
5371,早川颯太,B2,0,0,,,148,0.041,0,,0.041,62,0.032,0.016
5137,川原涼,A2,35,14,,,108,0.454,0,,0.454,38,,
4568,廣瀬真也,B1,36,10,,,104,0.375,6,,0.375,41,0.049,0.146
3825,宮嵜隆太郎,B1,22,14,,,81,0.222,8,,0.222,32,,
4247,齊藤優,B1,29,18,,,99,0.374,0,,0.374,28,,
3973,崎利仁,B1,32,26,,,106,0.264,0,,0.264,32,,
5212,西川拓利,A2,36,12,,,117,0.496,0,,0.496,32,,
4009,小林一樹,A2,41,17,,,95,0.389,7,,0.389,22,,
4990,田中博子,B2,13,11,,,56,0.125,0,,0.125,19,,
5184,飯塚響,B2,9,6,,,47,0.17,0,,0.17,11,,
4233,亀山雅幸,A2,51,21,0.381,飛ぶ,115,0.409,6,,0.409,35,,
5446,長嶺真李愛,B2,0,0,,,50,0.0,0,,0.0,47,0.0,0.0
5291,三嶌こころ,B1,22,17,,,112,0.232,20,,0.232,40,0.1,0.15
5174,川井萌,B2,16,8,,,54,0.352,6,,0.352,14,,
3444,香月大介,B1,13,7,,,53,0.189,0,,0.189,17,,
3993,永井聖美,B1,34,20,,,92,0.457,0,,0.457,20,,
4398,船岡洋一郎,A1,59,9,,,134,0.44,11,,0.44,42,0.095,0.071
5282,中本大樹,B1,35,16,,,118,0.39,9,,0.39,30,,
4861,田中宏樹,A2,32,13,,,108,0.435,10,,0.435,34,,
4852,川原祐明,A1,67,14,,,125,0.616,15,,0.616,38,,
4930,佐藤悠,A2,39,16,,,121,0.438,0,,0.438,40,0.05,0.15
5084,末永和也,A1,44,9,,,92,0.457,4,,0.457,31,,
5350,網代良芽,B1,26,19,,,106,0.377,2,,0.377,35,,
4503,上野真之介,A1,65,11,,,128,0.602,6,,0.602,33,,
3992,関口智久,B1,29,13,,,92,0.38,0,,0.38,31,,
3434,松尾宣邦,B1,34,17,,,112,0.286,0,,0.286,38,,
4374,永田義紘,B1,26,16,,,101,0.257,5,,0.257,28,,
4171,榎幸司,A2,60,18,,,124,0.468,5,,0.468,46,0.13,0.261
5361,植竹玲奈,B1,10,10,,,120,0.133,0,,0.133,44,0.023,0.091
4189,川上剛,A1,63,24,0.25,飛ぶ,113,0.46,9,,0.46,23,,
4112,大久保信一郎,A2,31,12,,,107,0.43,5,,0.43,29,,
5438,星田夢結,B2,0,0,,,126,0.024,0,,0.024,113,0.009,0.018
5321,一色颯輝,B1,20,12,,,84,0.512,0,,0.512,31,,
3833,中辻博訓,A2,64,20,0.6,残す,115,0.452,3,,0.452,28,,
3251,平石和男,A2,54,30,0.4,飛ぶ,129,0.442,11,,0.442,35,,
5110,杉山喜一,B1,30,18,,,99,0.404,6,,0.404,35,,
3848,川上聡介,B1,34,19,,,115,0.322,11,,0.322,45,0.111,0.111
3769,佐竹恒彦,A2,39,20,,,96,0.281,5,,0.281,26,,
4533,峰重侑治,B1,23,12,,,89,0.337,9,,0.337,29,,
5058,前原大道,A1,50,4,,,120,0.575,6,,0.575,37,,
4661,中島昂章,A2,34,20,,,98,0.418,0,,0.418,26,,
5060,数原魁,A2,43,16,,,118,0.449,12,,0.449,38,,
4319,三宅潤,A2,44,20,0.45,中間,128,0.391,15,,0.391,39,,
4983,前田篤哉,A1,63,19,,,123,0.512,0,,0.512,40,0.175,0.225
5296,永田楽,B1,16,11,,,95,0.168,5,,0.168,32,,
5229,吉川晴人,A2,40,18,,,110,0.391,0,,0.391,41,0.073,0.171
4519,清水沙樹,B1,15,5,,,43,0.302,0,,0.302,12,,
4081,樋口範政,B1,34,21,,,118,0.263,0,,0.263,30,,
4142,平野和明,A2,45,26,0.538,中間,108,0.38,0,,0.38,31,,
5114,小林孝彰,B1,48,18,,,117,0.376,5,,0.376,44,0.023,0.227
3986,沖島広和,B1,18,8,,,50,0.3,5,,0.3,21,,
4429,豊田泰洋,B1,26,18,,,99,0.131,4,,0.131,31,,
3939,渡辺真至,B2,12,6,,,41,0.293,0,,0.293,12,,
4732,堀本和也,A2,61,14,,,122,0.525,7,,0.525,29,,
4000,松本博昭,A2,58,26,0.654,残す,135,0.467,4,,0.467,37,,
3956,横澤剛治,A2,38,14,,,99,0.444,0,,0.444,24,,
3911,鈴木猛,B1,43,23,0.348,飛ぶ,127,0.315,4,,0.315,31,,
5200,筒井美琴,B2,9,9,,,49,0.0,5,,0.0,19,,
5464,宮田栞,B2,0,0,,,65,0.0,10,,0.0,64,0.0,0.0
5199,垂水悠,B1,24,13,,,92,0.283,4,,0.283,29,,
4501,樋口由加里,B1,43,19,,,115,0.217,4,,0.217,35,,
4914,吉田裕平,A1,42,5,,,123,0.496,5,,0.496,33,,
4847,佐藤隆太郎,A1,45,13,,,99,0.424,5,,0.424,31,,
3871,池田紫乃,B1,18,11,,,71,0.183,3,,0.183,20,,
4097,貫地谷直人,B1,18,17,,,89,0.236,9,,0.236,27,,
3564,桑原啓,B1,30,21,,,126,0.278,14,,0.278,26,,
3930,岸本隆,A2,38,16,,,113,0.345,9,,0.345,30,,
5300,横田海人,B1,16,15,,,73,0.068,0,,0.068,20,,
4936,戸敷晃美,A2,39,14,,,104,0.519,4,,0.519,33,,
5275,松田淳平,A1,45,15,,,110,0.518,5,,0.518,29,,
5315,浅井翼,B2,18,16,,,90,0.111,8,,0.111,40,0.025,0.0
3849,中岡正彦,A1,48,11,,,36,0.583,4,,0.583,4,,
5286,坂井滉哉,B1,26,15,,,99,0.283,4,,0.283,27,,
3566,川添英正,B1,31,17,,,98,0.276,5,,0.276,22,,
4246,喜多那由夏,B1,32,25,,,98,0.204,5,,0.204,26,,
4835,橋本明,B1,33,17,,,117,0.316,5,,0.316,35,,
4906,鈴木雅希,A2,35,18,,,107,0.458,0,,0.458,30,,
3989,熊本英一,B1,21,13,,,92,0.207,0,,0.207,33,,
3246,星野政彦,B2,7,4,,,28,0.143,0,,0.143,5,,
5470,坂口諒宗,B2,0,0,,,56,0.036,0,,0.036,56,0.0,0.036
4047,吉永浩則,B1,27,13,,,87,0.161,0,,0.161,28,,
4100,松田隆司,B1,32,14,,,112,0.366,0,,0.366,30,,
5135,仲航太,B1,33,13,,,94,0.362,0,,0.362,39,,
5185,加藤優弥,B1,30,16,,,103,0.437,5,,0.437,33,,
3761,山本光雄,B1,29,13,,,98,0.327,0,,0.327,28,,
3868,尾形栄治,B1,28,17,,,102,0.284,0,,0.284,30,,
3623,深川真二,A1,77,27,0.519,中間,0,,0,,,0,,
4652,酒見峻介,B1,30,18,,,92,0.337,0,,0.337,26,,
4938,小芦るり華,A1,62,18,,,117,0.462,17,,0.462,34,,
4731,間野兼礼,B1,23,11,,,88,0.284,0,,0.284,23,,
4259,真庭明志,A2,55,21,0.571,残す,122,0.41,6,,0.41,35,,
5109,川崎智稔,B1,31,21,,,111,0.306,7,,0.306,38,,
3306,武田正紀,B1,31,27,,,91,0.231,0,,0.231,26,,
4459,片岡雅裕,A2,46,16,,,111,0.387,19,,0.387,39,,
4325,新出浩司,B1,26,18,,,87,0.287,5,,0.287,29,,
3605,中村守成,B1,28,16,,,95,0.147,5,,0.147,25,,
3523,寳田亮治,B1,22,14,,,85,0.306,4,,0.306,30,,
5240,高橋龍治,B1,28,17,,,99,0.253,0,,0.253,41,0.073,0.122
3282,池本輝明,B1,33,19,,,101,0.228,3,,0.228,26,,
4752,西尾亮輔,B1,23,17,,,94,0.277,3,,0.277,22,,
3419,栗原謙治,B2,11,10,,,49,0.041,0,,0.041,18,,
5035,櫻井優,A2,33,18,,,120,0.4,5,,0.4,34,,
3392,小森信雄,B1,34,24,,,90,0.189,0,,0.189,28,,
3527,中嶋誠一郎,B1,40,24,0.5,中間,110,0.336,0,,0.336,31,,
5173,谷口佳蓮,B1,30,9,,,103,0.233,34,0.206,0.206,32,,
4496,内堀学,A1,74,32,0.375,飛ぶ,99,0.556,0,,0.556,24,,
5230,石原凪紗,B1,28,13,,,100,0.28,4,,0.28,31,,
4899,占部一真,B1,26,14,,,82,0.256,0,,0.256,22,,
5148,松本怜,B1,16,6,,,71,0.282,5,,0.282,22,,
3161,古場輝義,B1,35,29,,,69,0.449,6,,0.449,1,,
5249,三木晴斗,B1,30,19,,,96,0.333,10,,0.333,35,,
5386,米玉利大悟,B1,24,18,,,110,0.127,14,,0.127,50,0.0,0.1
3901,松田憲幸,B2,20,5,,,75,0.28,0,,0.28,21,,
4725,佐竹太一,B1,30,16,,,104,0.346,5,,0.346,30,,
4274,長畑友輔,B1,24,16,,,90,0.322,0,,0.322,30,,
4884,勝浦真帆,B2,16,6,,,34,0.265,0,,0.265,10,,
4281,大澤大夢,B1,30,13,,,94,0.34,13,,0.34,22,,
5360,高木茉白,B1,12,7,,,107,0.121,0,,0.121,58,0.017,0.069
3572,安田政彦,B1,44,24,0.458,中間,113,0.265,11,,0.265,25,,
5232,樅山拓馬,B1,28,14,,,92,0.315,0,,0.315,26,,
4366,前沢丈史,A1,60,19,,,121,0.562,0,,0.562,33,,
5472,中川海虹,B2,0,0,,,55,0.0,0,,0.0,54,0.0,0.0
5057,上田紗奈,B1,30,7,,,96,0.292,0,,0.292,25,,
5136,濱野斗馬,A1,59,15,,,127,0.488,21,,0.488,42,0.119,0.214
5256,中山翔太,A1,49,9,,,106,0.472,0,,0.472,33,,
3708,岡部貴司,B1,34,19,,,103,0.282,0,,0.282,32,,
3616,中村真,B1,25,14,,,90,0.444,0,,0.444,29,,
4632,長尾京志郎,B1,22,15,,,87,0.345,0,,0.345,26,,
3696,白井友晴,B1,29,19,,,98,0.347,5,,0.347,28,,
3857,阿波勝哉,B1,27,18,,,140,0.364,5,,0.364,74,0.122,0.081
4436,渋谷明憲,A1,46,16,,,109,0.55,4,,0.55,36,,
4424,松尾昂明,A2,57,14,,,131,0.389,5,,0.389,42,0.119,0.238
5093,浦野海,B2,29,14,,,94,0.245,8,,0.245,32,,
4288,永田啓二,A1,70,19,,,121,0.669,8,,0.669,38,,
4463,三苫晃幸,A2,49,27,0.63,残す,118,0.466,0,,0.466,31,,
4931,木谷賢太,A1,63,13,,,133,0.594,22,,0.594,41,0.098,0.341
4903,吉田凌太朗,A1,51,10,,,112,0.554,3,,0.554,36,,
4871,菊池宏志,B1,25,14,,,85,0.259,0,,0.259,30,,
5450,藤本遼磨,B2,0,0,,,62,0.048,0,,0.048,62,0.0,0.032
4057,松井賢治,A2,49,19,,,129,0.357,2,,0.357,35,,
3477,近藤稔也,B1,28,22,,,96,0.25,8,,0.25,27,,
5395,日高龍之介,B1,4,3,,,124,0.161,25,0.2,0.2,55,0.055,0.055
4367,山口修路,B1,22,16,,,95,0.326,6,,0.326,26,,
3684,清水攻二,A2,36,20,,,97,0.443,4,,0.443,30,,
4146,柳橋宏紀,A2,42,20,0.7,残す,116,0.371,5,,0.371,41,0.098,0.146
4106,坂井康嗣,B1,18,16,,,85,0.224,0,,0.224,18,,
3656,伯母芳恒,B1,27,19,,,84,0.321,0,,0.321,27,,
4551,三川昂暁,A2,45,23,0.478,中間,119,0.445,0,,0.445,42,0.095,0.286
4085,荻野裕介,B1,18,10,,,84,0.405,0,,0.405,30,,
3302,谷川里江,B1,27,15,,,71,0.324,4,,0.324,22,,
4349,犬童千秋,B1,19,11,,,88,0.25,5,,0.25,22,,
4368,山口隆史,B1,23,16,,,88,0.148,6,,0.148,33,,
4534,坂咲友理,B1,21,15,,,64,0.203,6,,0.203,13,,
3284,渡邊伸太郎,B1,34,13,,,91,0.308,4,,0.308,15,,
5016,宮田龍馬,A1,51,9,,,112,0.545,0,,0.545,39,,
5465,直江健成,B2,0,0,,,53,0.0,0,,0.0,53,0.0,0.0
4607,鶴田勇雄,A2,53,25,0.4,飛ぶ,135,0.467,6,,0.467,44,0.045,0.182
4179,広次修,A2,43,19,,,117,0.462,0,,0.462,34,,
5440,薗頭心,B2,0,0,,,138,0.036,0,,0.036,135,0.03,0.0
4535,北山康介,A2,42,12,,,83,0.578,7,,0.578,34,,
4989,石原翼,A2,37,11,,,105,0.371,4,,0.371,38,,
3303,渡辺豊,B1,49,31,0.419,中間,128,0.258,5,,0.258,37,,
4528,黒井達矢,A1,41,11,,,108,0.546,4,,0.546,29,,
4014,片岡恵里,A2,49,17,,,105,0.324,0,,0.324,31,,
4648,木村亮太,B1,24,15,,,81,0.37,0,,0.37,25,,
5204,宇恵有香,B2,16,11,,,70,0.271,0,,0.271,21,,
4959,井上忠政,A1,54,12,,,119,0.546,5,,0.546,35,,
3804,中渡修作,B1,33,19,,,116,0.345,0,,0.345,32,,
4846,佐藤駿介,B1,26,14,,,99,0.253,0,,0.253,32,,
5377,鳥居塚嶺王,B1,8,3,,,132,0.341,0,,0.341,45,0.044,0.156
4832,権藤俊光,A1,58,16,,,124,0.581,4,,0.581,35,,
5029,中亮太,A1,54,13,,,120,0.55,0,,0.55,37,,
4506,稗田聖也,A1,48,19,,,107,0.57,0,,0.57,28,,
5086,本村大,B1,24,9,,,90,0.2,3,,0.2,23,,
4482,守屋美穂,A1,50,15,,,107,0.495,5,,0.495,24,,
4044,湯川浩司,A1,48,15,,,106,0.528,0,,0.528,26,,
4836,大谷健太,B1,25,12,,,90,0.356,6,,0.356,34,,
4540,相原利章,A2,41,21,0.286,飛ぶ,105,0.371,6,,0.371,38,,
4441,末永由楽,A2,55,22,0.545,残す,122,0.5,4,,0.5,39,,
4099,吉永則雄,A2,49,16,,,106,0.472,7,,0.472,28,,
5156,坂野さくら,B1,21,14,,,79,0.43,4,,0.43,25,,
4208,三浦永理,A1,64,15,,,121,0.661,3,,0.661,34,,
3876,中辻崇人,A1,51,15,,,83,0.554,4,,0.554,35,,
4819,蜂須瑞生,A2,38,17,,,100,0.34,0,,0.34,37,,
4890,石川諒,A2,36,16,,,104,0.529,3,,0.529,35,,
5238,笹木香吾,A2,40,21,0.524,中間,107,0.383,0,,0.383,39,,
4659,木下翔太,A1,65,18,,,122,0.549,4,,0.549,29,,
4753,森照夫,B2,16,7,,,58,0.241,0,,0.241,26,,
5092,篠原晟弥,A2,44,14,,,106,0.491,0,,0.491,35,,
3226,浦田信義,B1,34,22,,,91,0.374,0,,0.374,25,,
5308,藤森拓海,B1,20,17,,,109,0.239,10,,0.239,31,,
4945,上村宏太,B1,20,18,,,103,0.311,5,,0.311,27,,
4738,清埜翔子,A2,53,16,,,127,0.331,0,,0.331,42,0.024,0.119
3339,泉具巳,B1,30,22,,,92,0.293,5,,0.293,27,,
4439,近藤友宝,B1,23,14,,,83,0.169,3,,0.169,33,,
5216,長谷川晴哉,A1,59,22,0.364,飛ぶ,122,0.492,5,,0.492,36,,
5381,有山望,B1,10,5,,,124,0.153,19,,0.153,47,0.0,0.064
5187,小坂風太,B2,14,12,,,50,0.2,0,,0.2,15,,
4932,新開航,A1,58,11,,,119,0.588,0,,0.588,40,0.15,0.2
3535,渡修平,B1,26,15,,,89,0.18,4,,0.18,27,,
4278,藤岡俊介,A1,65,10,,,123,0.537,4,,0.537,36,,
3772,一柳和孝,B1,33,21,,,97,0.381,5,,0.381,30,,
4007,榮田将彦,B1,24,12,,,87,0.31,6,,0.31,32,,
3895,堀本裕也,B2,13,12,,,47,0.234,0,,0.234,12,,
5134,大原祥昌,A2,48,19,,,119,0.42,9,,0.42,42,0.167,0.214
3587,武田信一,B1,29,21,,,100,0.24,0,,0.24,34,,
4934,佐々木翔斗,A2,44,23,0.609,残す,113,0.398,12,,0.398,37,,
4224,大橋栄里佳,B1,35,17,,,108,0.407,0,,0.407,35,,
4525,真子奈津実,B1,23,12,,,77,0.26,0,,0.26,19,,
4064,原田篤志,A1,68,15,,,126,0.556,14,,0.556,38,,
3611,岩崎芳美,A2,46,19,,,112,0.42,13,,0.42,34,,
4594,谷川祐一,B1,39,13,,,101,0.485,0,,0.485,15,,
4372,原田佑実,A2,41,11,,,94,0.447,5,,0.447,28,,
4119,泥谷一毅,B1,38,19,,,106,0.396,0,,0.396,25,,
4369,丹下将,A2,50,23,0.435,中間,133,0.459,4,,0.459,38,,
5055,眞鳥章太,A2,42,15,,,111,0.405,4,,0.405,35,,
3659,藤生雄人,A2,32,12,,,99,0.465,5,,0.465,24,,
4933,板橋侑我,A2,43,9,,,103,0.456,2,,0.456,33,,
4071,古賀千晶,B1,20,11,,,73,0.178,0,,0.178,16,,
4395,下河雅史,B1,36,18,,,113,0.274,0,,0.274,31,,
5251,沼田七華,B2,12,12,,,47,0.043,4,,0.043,16,,
3563,堤昇,B1,44,25,0.44,中間,96,0.396,0,,0.396,15,,
4569,中澤宏奈,B1,24,15,,,88,0.318,6,,0.318,34,,
5155,内山七海,A2,38,19,,,108,0.5,4,,0.5,38,,
3778,安達美帆,B1,16,15,,,64,0.109,3,,0.109,15,,
4156,浜野孝志,A2,48,24,0.417,中間,122,0.402,4,,0.402,40,0.05,0.2
4077,品田直樹,A2,41,19,,,111,0.324,5,,0.324,38,,
3461,渡邊哲也,B1,14,9,,,64,0.031,3,,0.031,29,,
4785,木幡純也,B1,22,19,,,88,0.318,0,,0.318,25,,
5274,城間盛渚,B1,20,5,,,79,0.291,0,,0.291,26,,
4109,谷津幸宏,A2,51,16,,,121,0.463,4,,0.463,39,,
5206,梅原祥平,B1,19,14,,,77,0.273,2,,0.273,21,,
4201,佐竹友樹,B1,27,18,,,91,0.308,0,,0.308,24,,
4723,寺島吉彦,B1,24,18,,,101,0.317,0,,0.317,55,0.091,0.036
5180,藤本紗弥香,B2,13,11,,,61,0.279,0,,0.279,15,,
5178,成貞琳平,B1,30,18,,,111,0.252,6,,0.252,31,,
4985,井本昌也,A1,67,17,,,120,0.417,4,,0.417,32,,
3574,大神康司,A1,57,22,0.409,中間,6,,0,,,0,,
5412,久保田凪紗,B2,0,0,,,133,0.038,6,,0.038,77,0.0,0.026
4510,坂本奈央,B2,13,11,,,51,0.078,3,,0.078,13,,
3584,佐々木英樹,B1,31,23,,,98,0.408,0,,0.408,26,,
4956,齊藤大将,B1,12,7,,,41,0.268,3,,0.268,10,,
5417,小柳勝希,B1,0,0,,,142,0.225,8,,0.225,83,0.036,0.108
4357,田中和也,A1,63,24,0.583,残す,109,0.615,0,,0.615,30,,
5104,山田丈,A2,37,10,,,93,0.462,0,,0.462,23,,
4720,西澤日花里,B1,23,18,,,88,0.216,0,,0.216,27,,
3961,谷村一哉,A1,45,11,,,103,0.602,0,,0.602,36,,
4268,和合俊介,B1,9,7,,,46,0.152,6,,0.152,13,,
3590,濱野谷憲吾,A1,58,19,,,119,0.496,0,,0.496,37,,
5026,安河内健,A1,52,11,,,118,0.492,10,,0.492,33,,
4639,雑賀勇貴,B1,30,15,,,108,0.194,0,,0.194,22,,
4700,金子和之,A2,44,18,,,111,0.505,0,,0.505,34,,
5192,中尾優香,B1,21,10,,,79,0.278,13,,0.278,35,,
4382,高山智至,B1,27,19,,,111,0.315,0,,0.315,21,,
5019,柴田百恵,B1,22,16,,,63,0.317,4,,0.317,19,,
3548,室田泰史,A2,55,21,0.429,中間,130,0.354,0,,0.354,36,,
5335,森陽多,B1,16,13,,,96,0.125,12,,0.125,43,0.047,0.0
4148,枝尾賢,A2,49,21,0.571,残す,119,0.504,5,,0.504,28,,
3839,川合理司,B1,26,24,,,110,0.127,0,,0.127,39,,
3385,渡邉睦広,A2,40,21,0.286,飛ぶ,104,0.385,0,,0.385,30,,
5311,小林京平,B1,32,13,,,97,0.454,10,,0.454,25,,
4089,妹尾忠幸,A2,49,14,,,128,0.539,2,,0.539,45,0.067,0.333
5319,近藤颯斗,B1,17,10,,,60,0.35,0,,0.35,24,,
4645,上村純一,A1,53,13,,,114,0.465,0,,0.465,46,0.13,0.261
4376,藤田靖弘,A2,52,18,,,134,0.403,12,,0.403,48,0.083,0.167
4815,伏島祐介,B1,24,14,,,88,0.261,0,,0.261,40,0.05,0.125
5213,湯淺紀香,B1,38,17,,,113,0.319,8,,0.319,32,,
3741,松尾基成,B1,24,15,,,100,0.1,6,,0.1,20,,
5320,岩崎麗子,B1,20,16,,,90,0.144,0,,0.144,28,,
3872,岡田憲行,A2,57,26,0.154,飛ぶ,98,0.418,2,,0.418,33,,
3944,山口裕二,A1,41,13,,,106,0.462,9,,0.462,28,,
5157,市川健太,B1,29,14,,,104,0.26,9,,0.26,32,,
5214,田中宏典,B1,32,17,,,101,0.287,7,,0.287,36,,
3355,橋谷田佳織,B2,10,9,,,35,0.143,0,,0.143,8,,
4335,若林将,A1,61,17,,,107,0.533,0,,0.533,38,,
4603,谷川将太,B1,34,8,,,109,0.376,3,,0.376,36,,
3224,栗山繁洋,B1,27,17,,,94,0.202,8,,0.202,20,,
3747,國崎良春,A2,32,14,,,103,0.466,0,,0.466,36,,
4063,市橋卓士,A1,66,18,,,125,0.536,5,,0.536,28,,
4834,浜本裕己,A2,54,17,,,127,0.417,6,,0.417,34,,
4181,花本夏樹,B1,24,18,,,90,0.167,0,,0.167,11,,
4248,岡本大,B1,25,16,,,101,0.238,5,,0.238,21,,
4509,平見真彦,A2,43,21,0.524,中間,108,0.528,6,,0.528,36,,
3870,寺嶋雄,B1,27,19,,,102,0.294,0,,0.294,28,,
5463,出口飛龍,B2,0,0,,,62,0.0,0,,0.0,62,0.0,0.0
3256,三角哲男,A1,52,26,0.538,中間,108,0.593,0,,0.593,33,,
5098,大江純,B1,26,17,,,104,0.375,10,,0.375,27,,
3583,齋藤智裕,B1,21,17,,,83,0.181,10,,0.181,27,,
4633,森智也,A2,45,20,0.5,中間,110,0.427,5,,0.427,36,,
5354,渡邊雄斗,B1,13,7,,,154,0.221,6,,0.221,66,0.091,0.061
4167,片岡秀樹,B1,25,16,,,95,0.347,4,,0.347,36,,
5236,小宮涼雅,B1,26,19,,,111,0.234,0,,0.234,38,,
3156,金子良昭,B1,28,23,,,61,0.213,0,,0.213,15,,
3580,水口由紀,B1,30,23,,,97,0.186,5,,0.186,29,,
4532,秋元哲,A1,56,16,,,105,0.571,0,,0.571,28,,
3699,富永正人,B1,20,18,,,87,0.31,0,,0.31,33,,
3532,柴田光,B2,30,11,,,26,0.5,0,,0.5,4,,
5288,尾道佳諭,B1,22,17,,,88,0.261,5,,0.261,27,,
3776,横井健太,B1,22,22,,,102,0.127,0,,0.127,35,,
4410,井上大輔,B1,33,20,,,102,0.333,0,,0.333,26,,
4545,岡村慶太,A1,64,8,,,125,0.584,5,,0.584,43,0.14,0.326
4295,小坂尚哉,A1,68,13,,,124,0.613,8,,0.613,36,,
3436,柏野幸二,A2,36,15,,,89,0.393,0,,0.393,21,,
4651,佐藤大騎,B1,22,13,,,94,0.202,0,,0.202,24,,
4231,鈴木裕隆,B1,45,29,0.379,飛ぶ,117,0.376,0,,0.376,34,,
4396,大田直弥,B1,39,22,,,113,0.283,3,,0.283,34,,
4555,富永大一,B1,42,19,,,106,0.434,0,,0.434,38,,
3921,川村正輝,B2,9,5,,,29,0.103,2,,0.103,8,,
5183,中野孝二,B1,30,19,,,97,0.433,0,,0.433,31,,
5432,安藤瑠希,B1,0,0,,,161,0.149,7,,0.149,113,0.035,0.044
3805,高橋英之,B1,34,24,,,91,0.363,5,,0.363,29,,
4759,今泉友吾,A1,53,11,,,113,0.611,7,,0.611,43,0.186,0.302
5263,花田凱成,B1,24,17,,,101,0.287,5,,0.287,29,,
5051,松本純平,A1,48,12,,,113,0.513,0,,0.513,38,,
4283,石井裕美,B1,24,22,,,84,0.226,3,,0.226,24,,
5091,為本智也,B1,26,8,,,80,0.512,6,,0.512,24,,
4744,伊藤玲奈,B1,22,15,,,82,0.305,2,,0.305,24,,
5074,大澤誠也,B1,27,13,,,98,0.276,0,,0.276,32,,
5042,畑田汰一,A1,46,14,,,116,0.526,0,,0.526,27,,
5034,若林義人,A1,68,17,,,131,0.534,0,,0.534,37,,
4053,芦澤望,A2,45,19,,,112,0.402,5,,0.402,36,,
5340,樋江井舞,B1,12,11,,,136,0.265,8,,0.265,48,0.042,0.104
4640,山ノ内雅人,A2,55,22,0.636,残す,129,0.426,9,,0.426,40,0.075,0.25
4271,川崎公靖,B1,26,20,,,95,0.368,5,,0.368,18,,
4017,向井美鈴,B1,38,15,,,102,0.392,4,,0.392,34,,
3990,芹澤克彦,B1,26,15,,,102,0.245,6,,0.245,27,,
3509,池千夏,B1,21,16,,,74,0.176,13,,0.176,17,,
3918,深井利寿,A1,58,22,0.591,残す,127,0.614,4,,0.614,39,,
4432,黄金井力良,B1,40,23,0.522,中間,105,0.362,0,,0.362,28,,
4896,花本剛,B1,24,12,,,100,0.31,5,,0.31,29,,
4471,新田泰章,A1,67,9,,,132,0.538,4,,0.538,39,,
4944,田代達也,B1,21,18,,,105,0.314,10,,0.314,32,,
5297,南彩寧,B1,23,16,,,95,0.105,0,,0.105,21,,
5328,井上慧人,B1,20,14,,,86,0.314,9,,0.314,24,,
2538,高橋二朗,B1,24,22,,,88,0.102,0,,0.102,25,,
4082,濱崎誠,B1,33,16,,,111,0.396,0,,0.396,38,,
4856,豊田健士郎,A1,62,16,,,141,0.589,0,,0.589,43,0.163,0.256
4302,西野翔太,A1,61,12,,,81,0.543,6,,0.543,1,,
4447,深川麻奈美,B1,41,23,0.261,飛ぶ,118,0.441,5,,0.441,36,,
5448,福田柊人,B2,0,0,,,65,0.0,0,,0.0,64,0.0,0.0
4414,大澤真菜,B1,21,15,,,75,0.187,0,,0.187,18,,
3265,今村暢孝,A2,58,36,0.361,飛ぶ,0,,0,,,0,,
5309,森雄利,B1,15,10,,,78,0.128,6,,0.128,20,,
3813,佐藤大介,A1,52,17,,,99,0.515,0,,0.515,30,,
4817,渡邉翼,A1,43,10,,,84,0.5,5,,0.5,28,,
4002,古結宏,A1,56,19,,,106,0.557,9,,0.557,20,,
4553,坪口竜也,A2,36,11,,,105,0.495,14,,0.495,30,,
4450,平高奈菜,A2,46,18,,,109,0.56,24,,0.56,32,,
4824,松井洪弥,A2,52,16,,,122,0.41,0,,0.41,40,0.075,0.175
3713,伊藤誠二,A1,43,17,,,114,0.368,6,,0.368,39,,
3388,今垣光太郎,A1,42,12,,,82,0.561,0,,0.561,20,,
4567,上村慎太郎,B1,24,16,,,78,0.231,8,,0.231,20,,
4019,笠原亮,A1,55,19,,,116,0.5,5,,0.5,37,,
3621,天野晶夫,A2,23,14,,,64,0.422,4,,0.422,18,,
3445,加藤高史,B1,31,19,,,93,0.355,0,,0.355,25,,
5367,赤松咲香,B2,0,0,,,109,0.064,8,,0.064,53,0.019,0.0
4491,田中堅,B1,27,19,,,102,0.284,0,,0.284,30,,
5332,村松遥輝,B1,29,19,,,104,0.173,0,,0.173,34,,
5421,原田朱理,B2,0,0,,,120,0.033,6,,0.033,89,0.011,0.011
5397,寺田夢生,B2,0,0,,,151,0.033,0,,0.033,109,0.0,0.028
3934,鋤柄貴俊,B1,37,21,,,118,0.373,0,,0.373,29,,
3635,石田政吾,B1,34,17,,,102,0.275,4,,0.275,39,,
4428,有賀達也,A2,46,12,,,121,0.455,6,,0.455,35,,
4942,柴田朋哉,B1,38,21,,,98,0.449,6,,0.449,37,,
4864,小川日紀太,B1,25,15,,,85,0.282,0,,0.282,20,,
5372,上岡巧汰,B2,0,0,,,139,0.086,18,,0.086,105,0.0,0.038
4961,西橋奈未,A1,50,17,,,105,0.448,3,,0.448,31,,
4103,山崎善庸,B1,25,20,,,86,0.221,8,,0.221,27,,
4676,後藤隼之,A2,40,20,0.3,飛ぶ,99,0.414,0,,0.414,25,,
4794,和田拓也,A1,42,5,,,98,0.541,0,,0.541,30,,
5351,齊藤廉,B1,24,11,,,111,0.342,0,,0.342,38,,
5012,加倉侑征,B1,36,23,,,98,0.398,6,,0.398,40,0.1,0.2
4526,池田雄祐,A2,35,13,,,103,0.369,8,,0.369,28,,
4583,古田祐貴,B1,40,19,,,118,0.398,18,,0.398,44,0.045,0.25
5133,堀越雄貴,B1,25,14,,,83,0.373,0,,0.373,27,,
5348,小林甘寧,B1,4,3,,,157,0.478,11,,0.478,59,0.153,0.085
5276,大島隆乃介,B1,34,21,,,107,0.318,5,,0.318,30,,
4391,松田祐季,A1,56,15,,,116,0.457,8,,0.457,33,,
4059,入澤友治,B1,30,18,,,106,0.33,6,,0.33,35,,
5434,藤田康生,B1,0,0,,,157,0.217,0,,0.217,111,0.063,0.126
4689,豊田結,B1,37,23,,,96,0.302,0,,0.302,29,,
3176,,,13,11,,,35,0.229,0,,0.229,15,,
4536,喜井つかさ,A2,52,22,0.455,中間,122,0.484,5,,0.484,31,,
4478,櫻本あゆみ,A1,47,16,,,105,0.438,0,,0.438,34,,
4531,武富智亮,A2,54,17,,,129,0.473,0,,0.473,42,0.143,0.238
5244,黒田剛,B1,20,12,,,87,0.207,5,,0.207,27,,
5064,品川二千翔,A1,47,16,,,117,0.538,5,,0.538,39,,
4516,野口勝弘,A1,45,16,,,104,0.5,3,,0.5,25,,
4324,海野康志郎,A1,79,20,0.5,中間,93,0.505,6,,0.505,16,,
4842,山下昂大,A2,43,16,,,114,0.412,0,,0.412,41,0.073,0.146
5085,中村栄治,A2,38,24,,,109,0.339,0,,0.339,30,,
5050,木下雄介,A2,37,13,,,101,0.465,4,,0.465,30,,
3792,田中豪,A1,34,17,,,88,0.477,3,,0.477,29,,
4484,稲生夏季,B1,29,18,,,98,0.337,0,,0.337,29,,
4775,千葉真弥,A2,36,14,,,81,0.42,0,,0.42,26,,
5077,滝沢崚,B1,14,13,,,66,0.273,0,,0.273,13,,
4276,鈴木勝博,A2,42,17,,,105,0.486,3,,0.486,32,,
4111,奥田誠,A2,36,17,,,110,0.373,10,,0.373,29,,
4537,渡邉和将,A1,56,10,,,119,0.563,3,,0.563,36,,
3107,平岡重典,B1,22,15,,,67,0.209,4,,0.209,16,,
4356,長岡良也,A2,42,11,,,106,0.462,4,,0.462,28,,
3909,佐々木康幸,A1,56,11,,,102,0.559,3,,0.559,9,,
3159,江口晃生,A1,48,22,0.591,残す,0,,0,,,0,,
5027,重冨勇哉,B1,25,16,,,103,0.379,12,,0.379,28,,
3313,本吉正樹,B1,29,19,,,92,0.228,6,,0.228,28,,
5441,鈴木雄登,B1,0,0,,,158,0.272,10,,0.272,125,0.104,0.12
4299,中島浩哉,B1,22,16,,,91,0.319,0,,0.319,24,,
4128,川口貴久,B1,28,17,,,97,0.402,5,,0.402,33,,
4940,白石有美,B2,11,6,,,46,0.261,0,,0.261,16,,
3637,齋藤和政,B1,24,18,,,87,0.218,0,,0.218,28,,
4947,間庭菜摘,B1,27,16,,,96,0.323,6,,0.323,30,,
5243,三馬崇史,B1,43,23,0.478,中間,118,0.441,6,,0.441,34,,
3541,三嶌誠司,A2,52,23,0.391,飛ぶ,113,0.504,10,,0.504,35,,
4390,松本弓雄,B1,27,20,,,110,0.282,5,,0.282,27,,
4257,古川健,B1,26,14,,,96,0.354,0,,0.354,27,,
5365,石村日奈那,B1,6,4,,,128,0.094,0,,0.094,50,0.02,0.06
3941,池田浩二,A1,61,12,,,112,0.527,0,,0.527,32,,
5389,恵良琴美,B1,0,0,,,183,0.153,0,,0.153,83,0.036,0.084
4828,松山将吾,A1,46,21,0.476,中間,100,0.48,6,,0.48,39,,
5106,山崎祥,A2,37,19,,,101,0.436,4,,0.436,30,,
4891,寺島美里,B1,27,15,,,99,0.323,4,,0.323,29,,
3505,山田竜一,A2,44,17,,,108,0.287,0,,0.287,32,,
5408,,,0,0,,,46,0.087,7,,0.087,35,,
3935,岩津徹郎,B1,26,14,,,90,0.378,0,,0.378,34,,
5409,宮本琉正,B2,0,0,,,144,0.076,9,,0.076,108,0.019,0.037
3793,高橋真吾,B1,26,18,,,85,0.294,5,,0.294,34,,
3931,黒崎竜也,A2,37,13,,,104,0.5,0,,0.5,43,0.116,0.256
4863,三浦裕貴,B1,23,14,,,90,0.267,0,,0.267,38,,
4718,北川太一,A2,39,18,,,97,0.495,4,,0.495,32,,
3687,花田和明,B1,32,14,,,55,0.255,0,,0.255,2,,
5152,丸山祐也,B1,22,20,,,81,0.136,5,,0.136,23,,
4415,下出卓矢,A1,48,13,,,120,0.4,0,,0.4,44,0.136,0.045
5253,藤井太雅,B2,14,11,,,66,0.227,0,,0.227,24,,
5166,仲道大輔,A2,44,17,,,113,0.478,2,,0.478,33,,
4769,馬場剛,A1,52,18,,,119,0.521,0,,0.521,35,,
4711,前出達吉,A2,42,20,0.6,残す,122,0.508,0,,0.508,32,,
4762,藤原啓史朗,A1,60,13,,,110,0.527,5,,0.527,42,0.071,0.286
4451,松崎祐太郎,A2,60,23,0.565,残す,113,0.46,0,,0.46,28,,
4757,山田祐也,A1,61,18,,,117,0.573,8,,0.573,33,,
5090,生方靖亜,B1,24,12,,,88,0.386,0,,0.386,31,,
5392,安武一也,B2,0,0,,,169,0.024,17,,0.024,105,0.01,0.01
4164,岩永節也,B1,24,19,,,87,0.299,9,,0.299,19,,
4417,服部剛,B1,27,17,,,81,0.333,3,,0.333,23,,
3779,原田幸哉,A1,48,15,,,106,0.406,0,,0.406,29,,
5241,門田栞,B1,23,16,,,88,0.318,22,,0.318,30,,
3757,畑和宏,A2,37,20,,,102,0.422,0,,0.422,26,,
3834,細川明人,B1,24,15,,,97,0.227,4,,0.227,24,,
4840,鈴木秀茉,B1,29,22,,,111,0.315,0,,0.315,30,,
4901,出口舞有子,B1,30,13,,,97,0.392,0,,0.392,20,,
4016,西川新太郎,B1,32,19,,,111,0.342,0,,0.342,34,,
3907,村越篤,B1,44,13,,,117,0.368,20,,0.368,39,,
3814,金子貴志,B1,30,20,,,109,0.294,0,,0.294,29,,
5017,澤田尚也,A1,49,9,,,121,0.421,6,,0.421,37,,
5070,中島航,B1,20,13,,,77,0.338,4,,0.338,23,,
4049,荒川健太,A2,60,16,,,115,0.417,10,,0.417,21,,
4303,牧原崇,B1,29,15,,,90,0.356,3,,0.356,26,,
5346,中村紋夕梨,B1,11,10,,,129,0.124,6,,0.124,43,0.0,0.023
5271,杉山太陽,B1,20,13,,,101,0.208,4,,0.208,32,,
5015,高橋竜矢,A1,54,6,,,107,0.486,5,,0.486,31,,
4703,森永隆,A1,53,18,,,115,0.522,4,,0.522,25,,
3783,瓜生正義,A1,55,29,0.414,中間,119,0.42,0,,0.42,31,,
5052,赤井星璃菜,B1,16,11,,,66,0.167,5,,0.167,20,,
4950,高岡竜也,A1,48,11,,,121,0.479,5,,0.479,34,,
4520,高倉孝太,A2,39,20,,,107,0.439,4,,0.439,31,,
4240,今井裕梨,A2,42,19,,,96,0.417,5,,0.417,29,,
3467,森弘行,B1,28,23,,,88,0.284,3,,0.284,25,,
4636,赤池修平,B1,23,17,,,87,0.195,5,,0.195,27,,
4694,高田綾,B1,25,18,,,91,0.319,5,,0.319,24,,
4176,樋口喜彦,B2,16,15,,,67,0.179,5,,0.179,11,,
4237,大峯豊,A1,64,17,,,114,0.596,8,,0.596,28,,
3994,小野桜,B1,30,19,,,91,0.363,6,,0.363,20,,
4737,竹井貴史,A1,63,18,,,115,0.635,6,,0.635,38,,
3981,今坂晃広,B1,30,12,,,120,0.242,5,,0.242,35,,
4289,落合直子,A2,48,19,,,113,0.372,4,,0.372,31,,
4957,竹之内極,B1,30,13,,,113,0.389,0,,0.389,36,,
4425,大井清貴,B1,24,15,,,80,0.388,0,,0.388,26,,
4036,金田諭,A1,50,17,,,115,0.539,0,,0.539,36,,
5431,得山大輝,B2,0,0,,,109,0.028,6,,0.028,102,0.01,0.01
3974,深山祐二,B1,25,19,,,88,0.284,0,,0.284,22,,
5195,北村寧々,A2,33,9,,,94,0.319,4,,0.319,32,,
4680,後藤美翼,A2,43,27,0.407,中間,101,0.495,0,,0.495,27,,
4504,前田将太,A1,57,18,,,108,0.509,4,,0.509,34,,
4976,金山立樹,B1,33,22,,,104,0.394,0,,0.394,25,,
5378,鈴木結平太,B2,5,4,,,144,0.042,0,,0.042,76,0.013,0.013
4527,高野心吾,B1,24,14,,,92,0.217,0,,0.217,23,,
3372,加藤雅之,B2,19,14,,,68,0.074,4,,0.074,22,,
4895,門間雄大,A2,32,20,,,106,0.434,1,,0.434,29,,
4857,加藤翔馬,A1,45,10,,,102,0.598,0,,0.598,30,,
4020,川上清人,B1,25,15,,,105,0.2,18,,0.2,39,,
4116,川田正人,B1,29,17,,,105,0.362,9,,0.362,30,,
5082,一色凌雅,B1,27,11,,,114,0.465,3,,0.465,35,,
4954,内山峻輔,B1,6,4,,,89,0.337,0,,0.337,43,0.116,0.116
4420,津久井拓也,A2,52,27,0.444,中間,134,0.44,6,,0.44,38,,
3715,倉尾大介,A2,29,19,,,82,0.415,3,,0.415,24,,
5339,石井伸長,B1,22,16,,,96,0.385,18,,0.385,30,,
3631,田添康介,B2,9,9,,,42,0.095,6,,0.095,13,,
4508,野間大樹,A2,28,14,,,91,0.429,0,,0.429,30,,
4987,島倉都,B1,27,15,,,101,0.208,0,,0.208,30,,
5245,倉富大誠,B1,25,15,,,99,0.404,0,,0.404,34,,
4538,笠置博之,A1,33,19,,,109,0.56,7,,0.56,40,0.125,0.1
3207,田村美和,B1,24,21,,,67,0.149,0,,0.149,21,,
4294,古賀繁輝,A1,52,16,,,105,0.571,7,,0.571,33,,
5436,市川瑚幸,B2,0,0,,,148,0.014,0,,0.014,117,0.0,0.009
2878,富山弘幸,B1,40,27,0.296,飛ぶ,95,0.463,0,,0.463,18,,
4203,小倉康典,B1,28,18,,,92,0.272,4,,0.272,26,,
4778,堤啓輔,B1,32,16,,,71,0.38,0,,0.38,21,,
5267,石本裕武,A1,53,14,,,123,0.472,3,,0.472,41,0.098,0.122
4159,向後龍一,A2,55,23,0.609,残す,122,0.451,0,,0.451,35,,
3906,飯山晃三,B1,25,16,,,104,0.26,6,,0.26,31,,
4735,角山雄哉,B1,26,12,,,93,0.376,4,,0.376,24,,
3508,久富政弘,A2,35,13,,,101,0.366,0,,0.366,29,,
5140,吉田彩乃,B1,24,18,,,75,0.213,0,,0.213,28,,
4809,外崎悟,A1,37,15,,,100,0.49,12,,0.49,32,,
5298,水谷理人,A1,52,9,,,127,0.622,32,0.719,0.719,40,0.175,0.2
5299,西丸敦基,A2,37,12,,,124,0.468,22,,0.468,39,,
5033,藤原孝斗,B1,22,14,,,86,0.209,4,,0.209,26,,
4403,木下大將,A2,42,12,,,115,0.504,7,,0.504,31,,
4589,塩崎桐加,B1,28,11,,,91,0.363,0,,0.363,26,,
3081,岡本慎治,B1,14,10,,,46,0.261,6,,0.261,19,,
4150,山田雄太,A2,39,14,,,105,0.486,9,,0.486,33,,
3882,新田智彰,B1,30,16,,,108,0.333,7,,0.333,26,,
5154,村松栄太,B1,30,18,,,117,0.256,10,,0.256,33,,
5373,諏訪玲奈,B2,3,3,,,97,0.196,0,,0.196,34,,
3998,冨成謙児,B1,30,18,,,100,0.15,10,,0.15,27,,
3957,大谷直弘,B1,37,24,,,115,0.365,0,,0.365,28,,
5393,藤原駿,B2,0,0,,,152,0.013,10,,0.013,119,0.0,0.008
3660,長谷川親王,B1,24,18,,,87,0.172,18,,0.172,26,,
5400,高村諒,B2,8,5,,,143,0.063,4,,0.063,85,0.012,0.059
4790,柳内敬太,A1,50,12,,,119,0.521,0,,0.521,38,,
4837,酒井陽祐,B1,25,13,,,100,0.37,4,,0.37,26,,
3951,石川吉鎬,B1,37,21,,,104,0.346,5,,0.346,27,,
4405,南野利騰,B1,26,21,,,92,0.326,0,,0.326,25,,
4074,柳沢一,A1,54,19,,,120,0.542,11,,0.542,33,,
4123,細川裕子,A1,64,24,0.5,中間,121,0.562,8,,0.562,39,,
5112,砂長知輝,A1,58,15,,,121,0.562,8,,0.562,41,0.073,0.195
3441,土屋太朗,B1,31,22,,,110,0.336,0,,0.336,20,,
3812,山崎聖司,B1,30,21,,,100,0.33,0,,0.33,31,,
4746,大豆生田蒼,B1,27,9,,,81,0.444,4,,0.444,25,,
4110,小澤和也,B1,26,17,,,88,0.25,0,,0.25,21,,
3645,淺田千亜希,B2,11,7,,,43,0.349,1,,0.349,15,,
4397,西村拓也,A1,62,11,,,120,0.55,0,,0.55,26,,
3797,岩井繁,B1,29,24,,,108,0.194,0,,0.194,28,,
5411,木下虎之輔,B2,0,0,,,152,0.092,0,,0.092,112,0.018,0.009
4256,渡辺浩司,A1,47,17,,,107,0.664,4,,0.664,35,,
4791,黒澤めぐみ,B1,35,21,,,97,0.454,6,,0.454,36,,
4465,大西賢,B1,21,11,,,82,0.305,4,,0.305,23,,
4054,福嶋智之,B1,33,19,,,110,0.273,4,,0.273,44,0.068,0.045
4650,,,18,10,,,50,0.32,8,,0.32,15,,
4851,関浩哉,A1,44,11,,,110,0.536,4,,0.536,42,0.143,0.214
4314,青木幸太郎,A2,47,14,,,104,0.365,9,,0.365,34,,
3652,森下勇,B1,23,12,,,88,0.182,0,,0.182,21,,
3940,飯山泰,A1,65,25,0.76,残す,126,0.5,0,,0.5,38,,
4898,菊地敬介,B1,22,17,,,91,0.385,0,,0.385,38,,
5337,出畑孝成,B1,0,0,,,200,0.395,0,,0.395,76,0.118,0.105
4387,平山智加,A1,66,24,0.458,中間,123,0.537,16,,0.537,31,,
5356,長谷川暖,B1,23,12,,,82,0.329,0,,0.329,31,,
4813,宮内直哉,B1,26,21,,,82,0.305,5,,0.305,24,,
3800,牧宏次,A2,32,17,,,88,0.352,5,,0.352,32,,
4400,加藤奈月,B1,28,24,,,95,0.242,9,,0.242,29,,
5405,竹内来,B1,0,0,,,167,0.108,0,,0.108,78,0.0,0.038
5179,藤本元輝,B1,18,10,,,83,0.217,0,,0.217,26,,
3629,浅見昌克,A2,43,14,,,101,0.446,0,,0.446,23,,
4740,齋藤達希,B1,25,16,,,93,0.237,0,,0.237,27,,
4728,山口亮,B1,27,16,,,86,0.291,0,,0.291,28,,
4027,松江秀徳,A2,34,15,,,92,0.326,0,,0.326,22,,
4151,下河誉史,B1,36,19,,,97,0.33,1,,0.33,9,,
5044,渡邉健,B1,26,12,,,91,0.22,14,,0.22,29,,
3591,後藤孝義,B1,19,13,,,56,0.071,0,,0.071,15,,
5095,小原聡将,A2,37,12,,,90,0.5,0,,0.5,30,,
5445,一ノ木匠,B2,0,0,,,55,0.018,0,,0.018,55,0.0,0.018
4214,林祐介,B1,38,13,,,93,0.398,9,,0.398,27,,
4058,野末智一,A1,58,23,0.522,中間,122,0.475,4,,0.475,35,,
5424,熊倉幹太,B2,0,0,,,118,0.042,0,,0.042,89,0.0,0.0
4905,土井祥伍,B1,24,14,,,103,0.243,0,,0.243,30,,
5457,山田陽翔,B2,0,0,,,71,0.0,0,,0.0,67,0.0,0.0
3809,吉田光,B1,13,8,,,102,0.343,7,,0.343,37,,
3838,伊藤啓三,B1,28,18,,,93,0.333,4,,0.333,31,,
5105,富田恕生,B1,26,15,,,109,0.303,4,,0.303,28,,
4296,岡崎恭裕,A2,41,12,,,82,0.537,15,,0.537,21,,
5013,山下夏鈴,B1,37,13,,,113,0.381,5,,0.381,30,,
4848,仲谷颯仁,A1,55,13,,,111,0.505,4,,0.505,31,,
4229,市川美宏,B1,25,20,,,82,0.256,0,,0.256,25,,
4373,若狭奈美子,A1,65,24,0.583,残す,114,0.456,5,,0.456,38,,
3589,西村勝,B1,25,12,,,86,0.244,0,,0.244,27,,
4695,尾崎雄二,A2,36,15,,,109,0.367,5,,0.367,31,,
5078,山川波乙,B1,27,12,,,99,0.212,7,,0.212,30,,
5018,竹下大樹,A1,76,16,,,132,0.553,8,,0.553,33,,
3740,大澤普司,A1,59,26,0.615,残す,132,0.492,6,,0.492,44,0.091,0.205
5190,大月遊雅,B1,16,9,,,90,0.244,4,,0.244,25,,
3997,北村征嗣,A1,67,22,0.455,中間,129,0.512,2,,0.512,31,,
3158,島川光男,A2,53,19,,,116,0.457,0,,0.457,35,,
4050,田口節子,A1,57,13,,,108,0.565,5,,0.565,40,0.175,0.225
3946,赤岩善生,A1,66,19,,,40,0.45,5,,0.45,5,,
5398,鐘ヶ江真司,B1,12,7,,,152,0.197,9,,0.197,63,0.016,0.095
3455,谷本幸司,B1,36,18,,,107,0.355,0,,0.355,35,,
3202,三品隆浩,B1,33,24,,,91,0.286,5,,0.286,29,,
5278,田中駿兵,A1,62,11,,,119,0.622,6,,0.622,41,0.244,0.122
4876,梅木敬太,B1,32,9,,,118,0.356,0,,0.356,42,0.095,0.095
5280,廣瀬凜,A1,51,10,,,132,0.629,6,,0.629,39,,
3212,亀本勇樹,B1,32,21,,,79,0.316,5,,0.316,13,,
3232,山川美由紀,A2,36,13,,,81,0.481,14,,0.481,27,,
3852,澤大介,B1,29,14,,,93,0.301,9,,0.301,27,,
3054,北川幸典,B1,23,14,,,76,0.395,7,,0.395,26,,
5419,櫻井隼,B1,0,0,,,140,0.079,0,,0.079,102,0.01,0.059
4381,田路朋史,A2,51,21,0.476,中間,114,0.36,0,,0.36,27,,
5150,坂本雄紀,A1,44,20,0.55,残す,107,0.523,10,,0.523,32,,
4797,中山将,A1,31,8,,,109,0.514,4,,0.514,43,0.14,0.209
4427,秦英悟,A1,54,13,,,109,0.505,0,,0.505,30,,
4186,小川時光,B1,27,19,,,93,0.161,8,,0.161,20,,
4174,赤坂俊輔,A1,70,25,0.28,飛ぶ,111,0.495,13,,0.495,12,,
4925,森悠稀,A2,43,19,,,112,0.42,18,,0.42,32,,
3489,大場敏,A2,53,15,,,142,0.38,7,,0.38,42,0.024,0.167
4317,木村紗友希,B1,28,14,,,97,0.216,5,,0.216,25,,
4845,前田紗希,A1,38,14,,,83,0.566,4,,0.566,26,,
4218,吉川喜継,A1,49,13,,,91,0.571,0,,0.571,2,,
3568,木村光宏,B1,29,18,,,86,0.244,19,,0.244,13,,
4787,椎名豊,A1,56,12,,,109,0.596,9,,0.596,29,,
5177,松井貫太,B1,24,19,,,110,0.327,10,,0.327,26,,
4086,寺本重宣,A2,43,16,,,114,0.465,0,,0.465,35,,
5063,大塚雅治,B1,22,11,,,92,0.272,6,,0.272,34,,
3551,藤田美代,B1,20,16,,,79,0.152,9,,0.152,17,,
4138,中井俊祐,B1,30,20,,,100,0.31,6,,0.31,29,,
4598,加藤政彦,B1,43,20,0.6,残す,119,0.395,5,,0.395,38,,
5198,奥村明日香,B1,21,12,,,90,0.3,6,,0.3,24,,
5031,渡辺空依,B1,26,13,,,104,0.279,5,,0.279,31,,
4479,矢野真梨菜,B1,16,10,,,72,0.181,8,,0.181,16,,
4550,石岡将太,A2,36,23,,,103,0.388,10,,0.388,26,,
4939,宮之原輝紀,A1,55,10,,,107,0.598,0,,0.598,40,0.225,0.2
5259,野田昇吾,B2,15,14,,,66,0.152,0,,0.152,22,,
5466,成田華音,B2,0,0,,,57,0.053,0,,0.053,57,0.018,0.035
3497,後藤浩,B1,29,11,,,87,0.23,10,,0.23,26,,
4683,向井田直弥,B2,0,0,,,90,0.256,12,,0.256,46,0.087,0.043
3620,信濃由行,B1,26,18,,,90,0.189,5,,0.189,22,,
4152,深水慎一郎,A2,34,18,,,88,0.341,10,,0.341,23,,
3581,加木郁,B1,33,18,,,97,0.33,0,,0.33,24,,
4963,實森美祐,A1,41,11,,,103,0.359,10,,0.359,30,,
5467,野村羽玖,B2,0,0,,,64,0.188,0,,0.188,63,0.032,0.111
4581,吉村誠,A1,54,19,,,129,0.45,4,,0.45,41,0.122,0.195
4656,大崎翔,A2,31,17,,,102,0.402,4,,0.402,28,,
5113,黒明花夢,B2,10,7,,,32,0.094,0,,0.094,7,,
5188,武井莉里佳,A2,42,14,,,114,0.421,9,,0.421,29,,
4401,小林泰,A2,43,14,,,107,0.393,5,,0.393,33,,
4440,萩原知哉,B1,25,18,,,99,0.303,0,,0.303,28,,
4210,松村康太,A2,49,25,0.48,中間,118,0.551,9,,0.551,32,,
5370,日隈茜,B2,0,0,,,126,0.016,11,,0.016,61,0.0,0.0
3949,今出晋二,B1,24,23,,,88,0.193,5,,0.193,25,,
4697,國弘翔平,B1,28,20,,,102,0.225,5,,0.225,27,,
5345,牧村俊輝,B1,16,12,,,128,0.109,5,,0.109,52,0.019,0.038
4393,田中孝明,B1,23,13,,,89,0.18,4,,0.18,29,,
3685,荒井輝年,A2,30,15,,,95,0.432,0,,0.432,36,,
5127,沼田大都,B1,25,16,,,93,0.312,0,,0.312,33,,
4580,長谷川雅和,B1,36,15,,,111,0.423,4,,0.423,35,,
4062,後藤陽介,B1,26,17,,,84,0.238,0,,0.238,26,,
3963,原田秀弥,A2,43,20,0.4,飛ぶ,111,0.459,5,,0.459,32,,
4413,水摩敦,A2,56,25,0.28,飛ぶ,120,0.45,4,,0.45,38,,
3647,伊藤雄二,B1,29,22,,,115,0.174,5,,0.174,32,,
4277,金田大輔,B1,27,11,,,100,0.32,12,,0.32,30,,
5429,吉川颯汰,B2,0,0,,,122,0.008,17,,0.008,118,0.0,0.0
5324,畑田希咲,B1,19,15,,,83,0.048,0,,0.048,26,,
4204,柴田大輔,B1,28,17,,,98,0.296,4,,0.296,29,,
5036,福田翔吾,B1,36,21,,,123,0.439,0,,0.439,33,,
4747,山戸信二,B1,21,15,,,83,0.205,5,,0.205,26,,
5176,石倉拓美,B2,7,4,,,45,0.067,0,,0.067,16,,
3474,松瀬弘美,B1,33,22,,,107,0.29,4,,0.29,31,,
5237,永松良教,B2,15,9,,,75,0.347,5,,0.347,29,,
4692,酒井俊弘,B1,30,23,,,107,0.393,5,,0.393,44,0.114,0.136
4908,上田龍星,A1,49,4,,,103,0.515,3,,0.515,30,,
3105,内山文典,B1,32,19,,,89,0.371,2,,0.371,31,,
3558,山本浩次,B1,31,18,,,88,0.273,4,,0.273,20,,
4521,小池公生,B1,39,19,,,103,0.32,5,,0.32,30,,
4693,松下誉士,B1,29,25,,,110,0.3,5,,0.3,32,,
4641,磯村匠,B1,19,7,,,77,0.338,0,,0.338,22,,
4951,新田洋一,B1,33,18,,,94,0.351,0,,0.351,30,,
4254,川島圭司,A2,37,17,,,96,0.375,6,,0.375,28,,
4355,小川広大,B1,12,10,,,56,0.071,3,,0.071,23,,
3947,寺本昇平,B1,33,21,,,104,0.317,9,,0.317,29,,
4199,北川潤二,A1,66,16,,,70,0.429,5,,0.429,0,,
5193,米丸乃絵,A1,55,11,,,121,0.455,13,,0.455,38,,
5469,今泉博人,B2,0,0,,,67,0.015,9,,0.015,67,0.0,0.015
4004,山本浩輔,B1,35,17,,,112,0.375,0,,0.375,25,,
3904,森貴洋,B1,29,17,,,87,0.31,0,,0.31,26,,
4031,飯島誠,B1,28,18,,,97,0.299,0,,0.299,34,,
5102,原田雄次,B1,25,9,,,100,0.41,16,,0.41,31,,
5323,香川陽太,B2,20,11,,,85,0.282,0,,0.282,36,,
4584,村岡賢人,A1,54,17,,,113,0.566,0,,0.566,37,,
3703,鳥飼眞,A2,47,23,0.391,飛ぶ,79,0.418,5,,0.418,13,,
5385,鈴木柊介,B1,4,3,,,138,0.145,4,,0.145,69,0.029,0.058
4154,森安弘雅,B1,36,21,,,103,0.379,18,,0.379,29,,
4960,黒野元基,A1,57,7,,,123,0.667,0,,0.667,29,,
4879,山崎鉄平,B1,25,15,,,101,0.307,0,,0.307,35,,
5404,内田壮,B1,0,0,,,166,0.127,9,,0.127,118,0.025,0.093
4644,山田亮太,A1,45,15,,,118,0.551,4,,0.551,30,,
3606,川北浩貴,B1,44,30,0.633,残す,114,0.342,8,,0.342,33,,
4216,星栄爾,B1,40,19,,,116,0.31,11,,0.31,36,,
4765,野田部宏子,B1,27,16,,,88,0.182,4,,0.182,30,,
4473,藤堂里香,B1,28,14,,,89,0.382,5,,0.382,30,,
5066,鈴木孝明,A1,47,19,,,126,0.635,4,,0.635,32,,
5072,吉田杏美,B2,8,7,,,25,0.04,0,,0.04,9,,
3557,太田和美,A1,70,29,0.759,残す,151,0.523,6,,0.523,48,0.125,0.188
3357,福島陽子,B1,32,24,,,97,0.175,0,,0.175,25,,
5045,平川香織,A2,49,24,0.458,中間,126,0.571,5,,0.571,35,,
4384,鶴本崇文,A1,60,26,0.538,中間,114,0.465,0,,0.465,32,,
5128,坪井爽佑,B1,16,14,,,86,0.326,4,,0.326,31,,
4215,吉島祥之,A2,53,25,0.28,飛ぶ,128,0.477,6,,0.477,45,0.178,0.267
3853,岩崎正哉,A2,49,12,,,119,0.37,0,,0.37,31,,
3286,坂東満,B2,23,12,,,68,0.221,0,,0.221,26,,
4443,津田裕絵,B1,42,25,0.48,中間,120,0.425,9,,0.425,29,,
5364,金子怜央,B1,2,2,,,174,0.086,0,,0.086,84,0.024,0.012
5048,眞鳥康太,B1,21,11,,,128,0.344,6,,0.344,75,0.107,0.16
4966,田川大貴,B1,38,18,,,105,0.305,6,,0.305,35,,
3518,倉田郁美,B1,22,18,,,82,0.268,4,,0.268,23,,
5194,大久保佑香,B1,25,15,,,97,0.289,6,,0.289,26,,
3618,海野ゆかり,A1,62,24,0.458,中間,116,0.457,4,,0.457,38,,
4061,萩原秀人,A1,67,19,,,132,0.598,0,,0.598,43,0.186,0.163
4238,毒島誠,A1,60,9,,,74,0.662,0,,0.662,11,,
5181,森智哉,B1,24,13,,,89,0.36,5,,0.36,27,,
4877,鈴谷一平,A1,48,13,,,105,0.419,0,,0.419,28,,
4546,浜田亜理沙,B1,37,11,,,85,0.612,5,,0.612,27,,
5153,佐藤ほのか,B1,28,26,,,99,0.222,4,,0.222,29,,
4227,安達裕樹,A2,47,18,,,109,0.422,0,,0.422,33,,
4911,片岡大地,A2,32,17,,,93,0.387,5,,0.387,28,,
4690,高石梨菜,B2,7,3,,,30,0.367,0,,0.367,8,,
5369,岡崎凪汰,B1,20,16,,,97,0.124,12,,0.124,44,0.0,0.045
4892,柴田直哉,B1,28,14,,,105,0.343,0,,0.343,31,,
4675,井手良太,A2,31,17,,,89,0.506,2,,0.506,29,,
4518,大須賀友,A1,47,13,,,95,0.537,9,,0.537,28,,
4825,倉持莉々,A1,52,15,,,102,0.588,3,,0.588,27,,
3743,林美憲,A1,60,27,0.481,中間,77,0.468,0,,0.468,4,,
4579,中嶋健一郎,A2,50,14,,,114,0.43,0,,0.43,30,,
4604,岩瀬裕亮,A1,54,8,,,124,0.5,0,,0.5,35,,
5011,高木圭大,B1,24,15,,,101,0.178,4,,0.178,33,,
4522,古澤光紀,A2,51,11,,,104,0.385,0,,0.385,35,,
4600,井内将太郎,A1,47,14,,,98,0.52,0,,0.52,26,,
5248,本田愛,B1,23,17,,,102,0.353,0,,0.353,37,,
3300,川崎智幸,A2,52,20,0.35,飛ぶ,108,0.454,4,,0.454,36,,
4275,菅野はやか,B1,22,20,,,72,0.153,4,,0.153,19,,
4608,荒井翔伍,A2,49,22,0.591,残す,116,0.422,8,,0.422,32,,
5037,田頭虎親,B1,28,14,,,105,0.467,26,0.577,0.577,35,,
3822,平尾崇典,A1,48,17,,,97,0.495,0,,0.495,28,,
3562,山下和彦,A2,55,25,0.4,飛ぶ,118,0.525,0,,0.525,33,,
5359,佐藤世那,B1,22,13,,,84,0.345,17,,0.345,28,,
5061,中村駿平,B1,19,15,,,78,0.205,0,,0.205,28,,
4524,深谷知博,A1,49,12,,,111,0.387,0,,0.387,31,,
4812,西野雄貴,A1,53,10,,,98,0.643,5,,0.643,30,,
4470,平田健之佑,A2,49,16,,,100,0.52,0,,0.52,33,,
5242,高山弘斗,B1,19,15,,,86,0.267,0,,0.267,29,,
4677,片橋幸貴,A1,45,19,,,105,0.533,4,,0.533,29,,
4823,中村桃佳,A2,43,14,,,105,0.495,29,0.552,0.552,33,,
4984,森下愛梨,B1,27,17,,,91,0.385,9,,0.385,42,0.119,0.19
3654,武田光史,A2,52,16,,,110,0.527,0,,0.527,23,,
4012,中村有裕,A2,40,12,,,94,0.468,0,,0.468,16,,
5461,板頭里緒,B2,0,0,,,60,0.0,0,,0.0,60,0.0,0.0
5293,眞崎武蔵,B1,14,12,,,88,0.205,0,,0.205,40,0.025,0.05
4258,関根彰人,B1,30,19,,,98,0.245,5,,0.245,28,,
3333,丸尾義孝,A1,61,21,0.619,残す,131,0.489,4,,0.489,30,,
4781,西舘果里,B2,7,5,,,30,0.067,0,,0.067,7,,
5129,山口真喜子,A2,45,23,0.391,飛ぶ,105,0.448,8,,0.448,38,,
3788,一宮稔弘,B2,22,9,,,67,0.388,4,,0.388,18,,
3539,金子順一,B1,29,22,,,99,0.182,3,,0.182,16,,
5336,瀬川大地,B1,19,14,,,91,0.077,5,,0.077,33,,
4292,麻生慎介,A1,53,21,0.476,中間,113,0.575,5,,0.575,28,,
4893,渡邉真奈美,B1,29,15,,,89,0.337,0,,0.337,26,,
3948,大町利克,B1,20,16,,,84,0.131,2,,0.131,27,,
4370,山口達也,A1,63,20,0.3,飛ぶ,89,0.483,5,,0.483,25,,
4729,佐藤謙史朗,B1,25,18,,,88,0.273,7,,0.273,23,,
3617,竹田広樹,B1,25,14,,,87,0.218,4,,0.218,20,,
4003,表憲一,B1,29,18,,,99,0.465,0,,0.465,31,,
5402,塚越陸斗,B2,0,0,,,121,0.033,0,,0.033,105,0.01,0.01
5269,山口晃朋,A2,43,11,,,109,0.394,4,,0.394,30,,
4910,中村泰平,A1,53,9,,,109,0.477,7,,0.477,30,,
4389,伊藤喜智,A2,35,19,,,108,0.38,2,,0.38,33,,
3880,浅見宗孝,B1,32,23,,,97,0.34,5,,0.34,34,,
4442,松竹大輔,B1,31,9,,,102,0.422,5,,0.422,28,,
5418,堀内亜海,B2,0,0,,,149,0.0,19,,0.0,125,0.0,0.0
3922,菅沼佳昭,B1,30,21,,,102,0.265,4,,0.265,22,,
4180,上野秀和,A2,42,18,,,112,0.384,4,,0.384,31,,
4515,藤田浩人,A2,55,17,,,127,0.402,7,,0.402,43,0.023,0.209
5069,山崎小葉音,B1,26,17,,,81,0.272,5,,0.272,21,,
5076,石原光,B1,25,14,,,106,0.368,0,,0.368,37,,
4339,平瀬城啓,B1,30,22,,,92,0.25,0,,0.25,25,,
3722,西村秀樹,B1,20,18,,,87,0.161,5,,0.161,26,,
5139,大場恒季,A1,47,16,,,95,0.516,5,,0.516,25,,
5144,中尾彩香,B1,30,17,,,103,0.369,0,,0.369,27,,
4926,吉川貴仁,A1,43,8,,,81,0.716,2,,0.716,24,,
5028,原田才一郎,A1,57,13,,,110,0.464,3,,0.464,33,,
3843,上之晃弘,B1,31,17,,,103,0.243,4,,0.243,26,,
4263,武重雄介,B1,33,12,,,99,0.293,6,,0.293,36,,
3641,一瀬明,A1,48,15,,,132,0.462,6,,0.462,32,,
3710,吉永泰弘,B1,29,19,,,100,0.31,21,,0.31,26,,
4243,西村歩,B1,38,17,,,100,0.41,7,,0.41,34,,
4364,池永太,A1,52,15,,,108,0.435,4,,0.435,33,,
5250,嶋田有里,B1,25,14,,,95,0.305,4,,0.305,27,,
5327,西田和加,B2,17,17,,,80,0.025,4,,0.025,29,,
4344,新田雄史,A1,47,15,,,100,0.6,3,,0.6,30,,
3517,高橋勲,B1,28,14,,,88,0.466,3,,0.466,11,,
5471,田中結,B2,0,0,,,82,0.012,10,,0.012,82,0.0,0.012
3745,橋本年光,B1,26,12,,,85,0.424,0,,0.424,21,,
4803,飯田庄吾,B1,25,20,,,86,0.256,5,,0.256,27,,
4073,大橋純一郎,A1,55,15,,,123,0.504,4,,0.504,38,,
4213,重富伸也,B1,15,13,,,122,0.295,15,,0.295,60,0.083,0.05
4894,原村拓也,B1,30,14,,,116,0.328,17,,0.328,29,,
4575,戸塚邦好,A2,38,8,,,105,0.514,6,,0.514,28,,
5462,山浦槙,B2,0,0,,,57,0.018,0,,0.018,57,0.0,0.018
4578,藤山雅弘,A2,45,15,,,103,0.388,0,,0.388,33,,
5224,西岡顕心,A1,62,18,,,121,0.554,24,,0.554,43,0.163,0.279
5065,伊久間陽優,A2,26,9,,,93,0.344,0,,0.344,35,,
3928,林恵祐,B1,25,12,,,104,0.144,0,,0.144,32,,
4924,中北涼,B1,28,20,,,105,0.267,14,,0.267,24,,
5145,島川海輝,A2,61,17,,,127,0.449,4,,0.449,40,0.1,0.15
4360,庄司孝輔,A2,37,17,,,112,0.455,5,,0.455,36,,
5322,根岸真優,B1,24,18,,,93,0.151,0,,0.151,26,,
3663,木山和幸,B1,43,20,0.7,残す,115,0.4,4,,0.4,33,,
5265,大廣咲季,B1,27,17,,,111,0.252,25,0.08,0.08,34,,
4351,里岡右貴,A1,77,26,0.423,中間,121,0.57,2,,0.57,46,0.13,0.261
4040,廣瀬将亨,A2,51,16,,,127,0.417,0,,0.417,46,0.065,0.13
4995,田邉亮蔵,B1,24,16,,,96,0.26,0,,0.26,28,,
4193,郷原章平,A2,52,19,,,123,0.35,6,,0.35,34,,
3304,烏野賢太,A1,60,21,0.476,中間,127,0.425,11,,0.425,38,,
4793,金子萌,A2,46,16,,,121,0.504,0,,0.504,40,0.125,0.125
3984,坂口周,A1,63,18,,,131,0.405,0,,0.405,35,,
3315,広瀬聖仁,B1,24,19,,,80,0.3,2,,0.3,23,,
3900,香川素子,A2,44,18,,,103,0.485,11,,0.485,30,,
3828,明石正之,B1,29,18,,,101,0.337,0,,0.337,28,,
5131,江藤敦宏,B1,20,17,,,92,0.217,4,,0.217,19,,
5182,宮崎安奈,B1,30,19,,,86,0.337,4,,0.337,28,,
4462,夏山亮平,B1,25,9,,,92,0.272,11,,0.272,22,,
4108,吉村正明,A1,42,11,,,113,0.442,0,,0.442,31,,
4500,山田康二,A1,55,9,,,110,0.545,4,,0.545,35,,
5301,岩下巧斗,B1,31,11,,,93,0.258,0,,0.258,31,,
4682,大上卓人,A1,49,9,,,124,0.444,9,,0.444,31,,
5068,前田滉,A1,60,10,,,104,0.625,4,,0.625,28,,
5039,倉田茂将,B1,28,16,,,96,0.281,4,,0.281,25,,
3546,中里昌志,B1,31,24,,,93,0.312,7,,0.312,20,,
3362,間嶋仁志,B1,39,24,,,31,0.355,2,,0.355,0,,
4402,乙藤智史,A2,48,16,,,104,0.423,0,,0.423,34,,
5163,清水愛海,A1,44,12,,,113,0.522,10,,0.522,41,0.122,0.195
3820,樫葉次郎,B1,11,10,,,46,0.087,5,,0.087,12,,
3340,池田雷太,B1,33,21,,,105,0.229,0,,0.229,30,,
4404,岸蔭亮,B1,21,16,,,87,0.172,5,,0.172,26,,
4340,土性雅也,B2,6,3,,,41,0.22,0,,0.22,13,,
4572,渡部悟,B1,42,18,,,113,0.416,6,,0.416,40,0.15,0.225
5292,佐藤右京,B1,24,19,,,94,0.287,3,,0.287,26,,
4474,渡辺崇,B1,31,12,,,106,0.396,5,,0.396,27,,
5006,久保原秀人,B1,20,18,,,94,0.128,0,,0.128,20,,
3995,重野哲之,A2,43,10,,,94,0.532,0,,0.532,28,,
3576,白水勝也,A1,56,25,0.64,残す,107,0.626,3,,0.626,28,,
5270,小玉啓太,B1,23,17,,,100,0.31,0,,0.31,33,,
3988,古川誠之,A2,53,17,,,128,0.461,8,,0.461,40,0.05,0.3
4472,尾嶋一広,A1,52,14,,,134,0.515,6,,0.515,31,,
4131,原豊土,B1,30,10,,,91,0.451,8,,0.451,28,,
5046,松山裕基,B1,23,16,,,93,0.258,6,,0.258,26,,
5426,甲斐貴大,B2,0,0,,,142,0.085,17,,0.085,118,0.017,0.042
5191,飛田江己,A1,53,8,,,134,0.53,4,,0.53,40,0.125,0.25
5427,港理樹,B1,0,0,,,178,0.169,0,,0.169,134,0.03,0.104
4719,上條暢嵩,A1,60,8,,,117,0.444,4,,0.444,35,,
4430,永田秀二,A2,54,30,0.467,中間,120,0.458,0,,0.458,37,,
5054,佐々木大河,A1,37,5,,,94,0.532,6,,0.532,26,,
3892,草場康幸,B1,30,14,,,100,0.26,8,,0.26,27,,
5117,冨名腰桃奈,B1,17,11,,,69,0.319,0,,0.319,20,,
5231,寺田空詩,B1,28,10,,,80,0.35,6,,0.35,25,,
5266,石田勇斗,B1,29,17,,,103,0.282,0,,0.282,29,,
4843,深尾巴恵,B1,21,9,,,82,0.329,4,,0.329,27,,
4826,井上一輝,A1,63,12,,,122,0.516,9,,0.516,40,0.175,0.2
5449,堀井涼平,B2,0,0,,,45,0.044,0,,0.044,45,0.022,0.0
4822,百武翔,A2,47,15,,,111,0.468,4,,0.468,35,,
4133,高橋正男,A2,47,20,0.45,中間,108,0.519,4,,0.519,38,,
4301,関裕也,B1,25,15,,,75,0.293,2,,0.293,8,,
4010,越智照浩,B1,22,11,,,86,0.291,8,,0.291,21,,
3319,山崎義明,A2,41,23,0.304,飛ぶ,116,0.431,5,,0.431,32,,
5005,石田貴洋,A1,38,19,,,105,0.581,0,,0.581,29,,
5014,梶山涼斗,B1,24,17,,,91,0.341,6,,0.341,27,,
4379,桑島和宏,A2,51,23,0.435,中間,119,0.412,0,,0.412,36,,
3556,田中信一郎,A1,70,15,,,110,0.564,0,,0.564,33,,
3867,松浦勝,B1,22,19,,,99,0.162,4,,0.162,27,,
4544,松田大志郎,A1,72,15,,,117,0.675,6,,0.675,34,,
4090,中村尊,B2,35,14,,,96,0.469,5,,0.469,35,,
3361,岡部浩,B1,28,21,,,86,0.209,6,,0.209,31,,
4818,伏見俊介,B2,4,3,,,68,0.221,0,,0.221,38,,
4969,町田洸希,B1,24,8,,,91,0.286,5,,0.286,24,,
4973,栗原直也,B1,35,16,,,102,0.333,0,,0.333,37,,
5281,井上遥妃,A1,44,12,,,110,0.464,8,,0.464,36,,
4904,松本一毅,B1,44,27,0.519,中間,127,0.409,0,,0.409,39,,
4034,西原明生,B1,24,17,,,98,0.143,18,,0.143,24,,
4919,吉田翔悟,B1,16,11,,,77,0.338,0,,0.338,29,,
4654,篠田優也,A1,47,16,,,106,0.528,10,,0.528,30,,
3955,眞田英二,B2,18,13,,,72,0.278,0,,0.278,20,,
4642,松尾夏海,A2,58,13,,,116,0.595,27,0.63,0.63,28,,
4136,江夏満,A1,45,12,,,95,0.537,0,,0.537,34,,
3502,渡邉英児,A2,40,21,0.524,中間,101,0.515,0,,0.515,10,,
5437,中澤里桜,B2,0,0,,,107,0.037,25,0.08,0.08,103,0.019,0.019
3516,吉原聖人,B1,32,25,,,88,0.193,9,,0.193,27,,
4730,土屋実沙希,B1,31,18,,,93,0.312,10,,0.312,23,,
4209,藤田竜弘,A2,45,20,0.35,飛ぶ,109,0.44,5,,0.44,28,,
3845,中谷朋子,A2,30,13,,,72,0.431,4,,0.431,10,,
4065,金田幸子,B1,30,17,,,92,0.359,4,,0.359,26,,
5451,知念伶奈,B2,0,0,,,46,0.022,0,,0.022,45,0.022,0.0
4638,小林遼太,B1,32,16,,,106,0.33,0,,0.33,32,,
4320,峰竜太,A1,52,7,,,78,0.679,3,,0.679,22,,
5316,村松将平,B1,25,11,,,102,0.451,0,,0.451,35,,
4750,井上尚悟,B1,27,16,,,103,0.32,0,,0.32,22,,
4475,末永祐輝,A1,57,24,0.625,残す,116,0.491,4,,0.491,37,,
4313,西村美智子,A2,35,13,,,98,0.327,25,0.44,0.44,40,0.05,0.225
4118,宇佐見淳,A2,56,21,0.619,残す,135,0.459,0,,0.459,40,0.05,0.2
4095,福来剛,A1,61,18,,,131,0.634,5,,0.634,37,,
5089,前田翔,A1,59,14,,,101,0.614,6,,0.614,31,,
4486,野村誠,A2,30,14,,,108,0.435,4,,0.435,29,,
4965,福岡泉水,B1,22,17,,,95,0.242,5,,0.242,25,,
3929,杢野誓良,B1,31,20,,,105,0.257,0,,0.257,32,,
5330,安河内鈴之介,A2,45,12,,,115,0.548,5,,0.548,35,,
4943,八木治樹,B1,22,12,,,85,0.212,0,,0.212,20,,
3719,辻栄蔵,A1,46,14,,,117,0.504,0,,0.504,36,,
4529,嶋義信,A1,45,11,,,108,0.444,16,,0.444,33,,
4702,三浦敬太,A1,47,13,,,106,0.519,0,,0.519,37,,
4539,金子賢志,A1,49,8,,,127,0.417,5,,0.417,43,0.07,0.186
5452,上馬場風依,B2,0,0,,,54,0.0,9,,0.0,54,0.0,0.0
4252,松下哲也,B1,27,19,,,106,0.377,0,,0.377,32,,
3470,新田芳美,B1,26,18,,,81,0.358,5,,0.358,27,,
3891,谷口健一,B1,27,18,,,107,0.103,0,,0.103,26,,
5272,松田真実,B1,32,13,,,104,0.26,10,,0.26,26,,
5143,常盤海心,B1,25,19,,,112,0.348,15,,0.348,29,,
4315,山崎昂介,B1,26,15,,,100,0.33,11,,0.33,25,,
3716,石渡鉄兵,A1,52,21,0.381,飛ぶ,120,0.458,0,,0.458,36,,
4487,三原司,B1,24,13,,,92,0.272,14,,0.272,24,,
4556,竹井奈美,A1,52,13,,,91,0.527,5,,0.527,25,,
4262,馬場貴也,A1,68,17,,,123,0.48,5,,0.48,38,,
4565,西村豪洋,B1,30,20,,,106,0.236,0,,0.236,30,,
4557,松尾光広,B1,28,20,,,99,0.242,5,,0.242,38,,
4023,柴田友和,B1,22,15,,,96,0.188,0,,0.188,26,,
5161,登玉隼百,A2,37,11,,,111,0.477,5,,0.477,38,,
4083,福島勇樹,A1,57,12,,,109,0.633,6,,0.633,23,,
3875,廣中良一,B1,30,13,,,111,0.243,5,,0.243,25,,
5164,森田梨湖,B2,14,12,,,48,0.062,4,,0.062,12,,
4445,宮地元輝,A1,47,9,,,120,0.358,6,,0.358,39,,
4649,和田操拓,B1,45,21,0.476,中間,133,0.361,0,,0.361,43,0.047,0.163
4079,出畑孝典,A2,55,20,0.4,飛ぶ,122,0.361,8,,0.361,41,0.098,0.098
5247,大森翼,B1,26,20,,,104,0.365,5,,0.365,36,,
4406,幸野史明,B1,26,10,,,120,0.208,0,,0.208,44,0.023,0.068
4298,宮下元胤,A2,53,26,0.5,中間,111,0.459,12,,0.459,28,,
3471,赤峰和也,B1,26,21,,,92,0.228,0,,0.228,23,,
4145,小澤学,B1,27,25,,,101,0.248,8,,0.248,24,,
4784,向井田真紀,B1,20,12,,,67,0.269,5,,0.269,22,,
3807,岡部哲,B1,34,23,,,106,0.255,3,,0.255,30,,
5122,相馬翔,B1,17,10,,,72,0.236,0,,0.236,20,,
4760,山崎郡,A1,71,12,,,136,0.574,0,,0.574,34,,
5314,中曽瑠華,B1,22,17,,,87,0.138,0,,0.138,28,,
4006,小野勇作,B1,30,19,,,105,0.324,0,,0.324,28,,
5433,米本圭佑,B2,0,0,,,138,0.051,0,,0.051,95,0.011,0.021
3801,五反田忍,B1,23,13,,,70,0.314,0,,0.314,18,,
5218,山田理央,A1,44,16,,,118,0.466,25,0.56,0.56,34,,
3967,鈴木茂高,B1,24,13,,,99,0.222,0,,0.222,30,,
5205,刑部亜里紗,A2,38,16,,,117,0.436,9,,0.436,39,,
4982,中村将隆,B1,24,11,,,88,0.398,0,,0.398,29,,
5023,久永祥平,A2,32,13,,,102,0.49,0,,0.49,36,,
4994,山本梨菜,A2,49,22,0.5,中間,110,0.427,14,,0.427,38,,
5294,豊田祥生,B1,26,16,,,100,0.14,0,,0.14,31,,
5126,山下大輝,A1,49,13,,,113,0.593,0,,0.593,36,,
4547,中田竜太,A1,50,26,0.462,中間,117,0.547,0,,0.547,32,,
5443,西村仁吾,B2,0,0,,,120,0.025,9,,0.025,120,0.017,0.008
5287,滝沢織寧,B1,21,19,,,93,0.237,5,,0.237,29,,
4197,渥美卓郎,B1,30,20,,,98,0.143,5,,0.143,22,,
4563,齋藤真之,B1,21,7,,,86,0.198,3,,0.198,23,,
4977,馬野耀,A2,40,14,,,101,0.525,5,,0.525,28,,
4499,滝川真由子,B1,21,13,,,81,0.37,4,,0.37,22,,
4211,村田敦,B1,35,24,,,105,0.229,0,,0.229,43,0.023,0.14
4456,鎌倉涼,A1,46,10,,,89,0.382,4,,0.382,26,,
4468,大池佑来,A1,43,8,,,118,0.458,8,,0.458,45,0.089,0.2
4072,森永淳,A1,48,9,,,94,0.564,7,,0.564,20,,
4796,春園功太,A1,53,11,,,116,0.431,3,,0.431,38,,
4754,松尾充,A2,43,12,,,109,0.495,7,,0.495,27,,
4831,羽野直也,A1,42,12,,,102,0.52,0,,0.52,30,,
4139,丹下健,B1,28,15,,,103,0.282,5,,0.282,28,,
4782,浜崎準也,B1,20,11,,,81,0.198,6,,0.198,24,,
4502,遠藤エミ,A1,63,19,,,120,0.575,5,,0.575,37,,
4512,高野哲史,A1,68,10,,,136,0.456,0,,0.456,35,,
3596,河上年昭,B1,20,11,,,78,0.244,8,,0.244,24,,
3905,天野友和,A2,52,23,0.652,残す,125,0.52,0,,0.52,39,,
5302,秋末秦悟,B1,21,12,,,82,0.207,4,,0.207,26,,
5349,宮崎奏磨,B2,8,8,,,123,0.016,0,,0.016,50,0.0,0.0
3478,嶋田貴支,B1,33,12,,,106,0.387,20,,0.387,28,,
5000,岡本翔太郎,B1,23,11,,,96,0.302,5,,0.302,28,,
5124,上瀧絢也,B1,17,12,,,87,0.287,5,,0.287,19,,
5376,吉田一心,B1,26,9,,,115,0.391,0,,0.391,41,0.171,0.073
4483,北野輝季,A1,54,13,,,116,0.552,9,,0.552,32,,
4573,佐藤翼,A1,41,12,,,111,0.468,0,,0.468,39,,
4497,桑原悠,A1,56,11,,,100,0.54,4,,0.54,30,,
4761,山田晃大,A2,52,16,,,128,0.359,10,,0.359,45,0.067,0.156
4273,佐藤旭,B1,31,15,,,106,0.34,3,,0.34,34,,
3550,都築正治,B1,43,22,0.5,中間,113,0.345,9,,0.345,33,,
3503,堂原洋史,B1,26,21,,,96,0.198,0,,0.198,28,,
5380,野田亜湖,B2,0,0,,,172,0.0,0,,0.0,90,0.0,0.0
4060,島田一生,B1,30,17,,,99,0.293,10,,0.293,35,,
4092,岡部大輔,B1,27,9,,,82,0.305,4,,0.305,30,,
4974,安井瑞紀,A2,41,23,0.304,飛ぶ,108,0.389,4,,0.389,34,,
5425,西山育,B2,0,0,,,127,0.016,0,,0.016,107,0.0,0.0
4964,土屋南,A2,39,15,,,107,0.514,0,,0.514,32,,
5343,小林礼央,B1,9,7,,,159,0.321,4,,0.321,52,0.115,0.115
5020,宮村勇哉,B1,22,11,,,97,0.32,0,,0.32,38,,
4958,溝口海義也,A1,57,23,0.391,飛ぶ,136,0.529,0,,0.529,42,0.071,0.262
3458,東健介,B1,23,17,,,78,0.103,3,,0.103,27,,
3475,橋本久和,B1,39,19,,,81,0.37,3,,0.37,23,,
5344,谷口丞,B1,19,8,,,117,0.41,6,,0.41,43,0.047,0.256
4297,山田哲也,A1,49,15,,,113,0.522,6,,0.522,32,,
5223,森清友翔,B1,33,19,,,122,0.344,0,,0.344,41,0.073,0.146
3484,芝田浩治,A2,52,19,,,108,0.398,10,,0.398,31,,
5130,上野拓馬,B1,29,20,,,104,0.317,0,,0.317,34,,
3454,井川大作,B1,37,26,,,93,0.333,10,,0.333,35,,
5172,田村慶,B1,30,14,,,101,0.376,8,,0.376,36,,
5428,古園井綾南,B2,0,0,,,119,0.0,0,,0.0,115,0.0,0.0
5041,荒牧凪沙,B1,22,12,,,85,0.282,0,,0.282,32,,
4466,南佑典,A2,42,18,,,105,0.39,0,,0.39,32,,
4948,木場悠介,B1,28,14,,,95,0.326,5,,0.326,27,,
3499,市川哲也,A1,47,15,,,93,0.43,0,,0.43,24,,
3854,吉川元浩,A1,54,21,0.19,飛ぶ,102,0.578,7,,0.578,25,,
5406,小畑楓夏,B2,0,0,,,164,0.024,19,,0.024,130,0.0,0.023
5211,高井駿弥,B1,19,16,,,86,0.244,5,,0.244,24,,
3211,北川敏弘,B1,29,22,,,93,0.215,0,,0.215,29,,
3837,秋山広一,A2,45,10,,,112,0.446,22,,0.446,36,,
4168,石野貴之,A1,55,15,,,94,0.415,0,,0.415,23,,
5289,佃來紀,A2,35,16,,,113,0.451,9,,0.451,35,,
4714,喜多須杏奈,B1,26,17,,,96,0.375,9,,0.375,27,,
4653,小野達哉,A1,42,6,,,72,0.514,5,,0.514,24,,
3790,佐口達也,B1,29,21,,,98,0.265,0,,0.265,31,,
3726,桂林寛,B1,24,21,,,73,0.274,0,,0.274,23,,
4630,岩永雅人,A2,40,20,0.5,中間,100,0.43,11,,0.43,33,,
5333,山下智己,B2,12,6,,,67,0.254,5,,0.254,15,,
4234,野相弘司,B1,22,10,,,91,0.264,0,,0.264,26,,
4663,籾山佳岳,B2,15,6,,,45,0.467,0,,0.467,15,,
5009,大賀龍之介,A2,35,16,,,112,0.375,0,,0.375,40,0.075,0.1
4844,村上奈穂,B1,33,20,,,112,0.179,0,,0.179,29,,
5219,森口和紀,B1,24,8,,,102,0.353,8,,0.353,34,,
3277,齋藤勇,B1,33,24,,,91,0.253,4,,0.253,24,,
3377,塚田修二,B1,29,28,,,87,0.253,0,,0.253,26,,
3072,西田靖,B1,44,31,0.258,飛ぶ,1,,0,,,0,,
4566,塩田北斗,A1,44,12,,,114,0.43,4,,0.43,33,,
4494,河合佑樹,A1,39,13,,,97,0.485,0,,0.485,30,,
4779,伊倉光,B1,29,15,,,92,0.402,6,,0.402,23,,
3614,谷勝幸,B1,30,24,,,110,0.227,5,,0.227,24,,
4614,石倉洋行,A1,55,18,,,113,0.593,0,,0.593,37,,
3024,西島義則,B2,72,41,0.341,飛ぶ,2,,0,,,1,,
4169,多田有佑,B1,27,22,,,95,0.2,11,,0.2,26,,
5326,三嶌さらら,B1,36,22,,,126,0.302,29,0.31,0.31,38,,
4850,野中一平,A2,52,11,,,124,0.46,0,,0.46,27,,
4013,中島孝平,A1,58,11,,,124,0.476,0,,0.476,41,0.146,0.098
5262,鈴木章司,B1,24,21,,,84,0.226,9,,0.226,22,,
4114,深澤達徳,B1,22,13,,,88,0.307,0,,0.307,24,,
4708,半田尚也,B1,23,15,,,92,0.261,0,,0.261,18,,
3874,山本寛久,A2,51,15,,,113,0.54,0,,0.54,35,,
5388,佐野優都,B1,0,0,,,164,0.348,0,,0.348,97,0.072,0.144
4134,杉山貴博,A2,44,20,0.45,中間,116,0.491,11,,0.491,34,,
3679,飯島昌弘,A2,47,12,,,125,0.52,4,,0.52,32,,
4066,東本勝利,A2,47,17,,,117,0.504,6,,0.504,36,,
5228,若林樹蘭,A2,39,12,,,103,0.437,0,,0.437,35,,
3701,大西隆洋,B1,19,14,,,89,0.225,17,,0.225,24,,
4549,小林文彦,A2,38,20,,,106,0.472,11,,0.472,29,,
5407,中岡駿,B1,5,4,,,139,0.137,34,0.176,0.176,77,0.013,0.052
3897,白井英治,A1,48,13,,,104,0.471,4,,0.471,25,,
3554,仲口博崇,A1,77,28,0.607,残す,95,0.547,5,,0.547,4,,
3932,池田浩美,B1,23,10,,,77,0.299,4,,0.299,26,,
5197,中野仁照,B2,15,5,,,57,0.474,0,,0.474,24,,
3965,北中元樹,A1,50,21,0.476,中間,126,0.516,0,,0.516,44,0.091,0.25
4434,田中辰彦,A2,52,15,,,106,0.443,5,,0.443,27,,
5290,坂本一真,B1,25,21,,,91,0.242,4,,0.242,28,,
5239,上野俊樹,B1,28,20,,,94,0.415,0,,0.415,34,,
3459,中野和裕,B1,19,18,,,93,0.129,7,,0.129,26,,
3945,橋口真樹,B1,21,16,,,85,0.306,1,,0.306,25,,
4457,神田達也,B1,22,14,,,90,0.344,0,,0.344,31,,
5379,廣部大明,B1,15,12,,,90,0.156,7,,0.156,42,0.024,0.071
3381,滝沢芳行,B1,33,21,,,99,0.434,4,,0.434,19,,
5165,小林愛実,B1,33,21,,,104,0.356,0,,0.356,32,,
4161,黒柳浩孝,B1,41,20,0.5,中間,109,0.413,0,,0.413,33,,
4897,深見亜由美,B1,27,20,,,97,0.155,6,,0.155,31,,
4269,杉山裕也,A2,60,24,0.625,残す,120,0.592,0,,0.592,32,,
5146,野田彩加,A2,30,11,,,95,0.326,15,,0.326,25,,
4052,興津藍,A2,46,13,,,116,0.353,5,,0.353,40,0.025,0.075
4121,富永修一,A2,49,19,,,111,0.432,9,,0.432,42,0.024,0.214
4631,新井英孝,B1,27,14,,,96,0.323,9,,0.323,27,,
4979,中野夢斗,B1,40,17,,,111,0.342,0,,0.342,35,,
4469,土山卓也,A2,44,13,,,110,0.418,0,,0.418,31,,
4880,澤崎雄哉,B1,24,18,,,93,0.376,0,,0.376,26,,
5167,小川竜太朗,B1,30,20,,,88,0.341,0,,0.341,24,,
5338,香月大輝,B1,15,7,,,141,0.248,0,,0.248,47,0.043,0.149
4261,岡祐臣,A2,60,19,,,126,0.476,0,,0.476,45,0.156,0.178
4155,長野壮志郎,A2,51,21,0.476,中間,108,0.481,2,,0.481,32,,
4336,松田竜馬,B1,32,11,,,105,0.267,4,,0.267,36,,
5217,藤原碧生,A1,38,13,,,109,0.44,0,,0.44,44,0.068,0.182
4375,照屋厚仁,A2,55,21,0.619,残す,130,0.415,0,,0.415,38,,
4075,中野次郎,A1,49,17,,,123,0.463,9,,0.463,39,,
3075,中村裕将,B1,30,20,,,91,0.33,0,,0.33,26,,
5246,楠将太郎,A2,33,17,,,103,0.369,0,,0.369,39,,
3544,豊田訓靖,B1,28,23,,,94,0.277,0,,0.277,28,,
4330,奈須啓太,A2,54,16,,,118,0.466,5,,0.466,30,,
4129,宇野博之,B1,29,25,,,99,0.212,5,,0.212,26,,
4888,金児隆太,B1,33,18,,,95,0.368,0,,0.368,21,,
3730,塩崎優司,B1,30,16,,,104,0.25,0,,0.25,28,,
3771,折下寛法,B1,36,15,,,108,0.38,7,,0.38,25,,
5422,真田聖也,B2,0,0,,,96,0.01,0,,0.01,84,0.0,0.0
5283,植木美帆,B2,9,7,,,59,0.102,0,,0.102,21,,
4674,池田剛規,B1,45,16,,,119,0.437,0,,0.437,40,0.125,0.25
4306,畔柳俊吾,B1,34,27,,,94,0.309,6,,0.309,24,,
3850,小川知行,B1,34,13,,,112,0.304,0,,0.304,29,,
5329,金子龍斗,B1,22,12,,,100,0.38,15,,0.38,30,,
5312,川辺郭人,B1,21,14,,,97,0.144,0,,0.144,29,,
4105,松下直也,B1,39,29,,,113,0.381,5,,0.381,32,,
5273,山下拓巳,B1,29,18,,,105,0.21,4,,0.21,28,,
3841,佐々木和伸,A2,52,22,0.636,残す,112,0.455,0,,0.455,40,0.075,0.275
5002,上田健太,A2,47,17,,,113,0.381,5,,0.381,39,,
4562,阪本勇介,B1,30,23,,,121,0.314,3,,0.314,30,,
4873,蒲原健太,B1,46,25,0.44,中間,110,0.3,7,,0.3,30,,
3406,中里英夫,B1,43,21,0.571,残す,118,0.39,0,,0.39,30,,
4786,佐藤博亮,A1,62,22,0.636,残す,131,0.618,5,,0.618,43,0.256,0.116
4489,岩川仁士,B1,36,18,,,123,0.407,4,,0.407,34,,
4055,吉田俊彦,A2,52,18,,,129,0.488,5,,0.488,22,,
4724,吉田祐貴,B1,18,14,,,81,0.123,3,,0.123,23,,
4902,山川雄大,B1,33,20,,,115,0.374,0,,0.374,31,,
4363,大野芳顕,A2,49,19,,,128,0.453,8,,0.453,39,,
4098,赤澤文香,B1,25,17,,,79,0.203,0,,0.203,21,,
3289,高橋淳美,B2,15,13,,,42,0.19,0,,0.19,10,,
4377,濱本優一,A1,51,16,,,126,0.524,5,,0.524,43,0.116,0.326
5459,田中きら,B2,0,0,,,57,0.0,0,,0.0,56,0.0,0.0
4643,近江翔吾,A2,45,8,,,104,0.49,13,,0.49,29,,
4992,廣瀬篤哉,B1,27,11,,,106,0.236,0,,0.236,37,,
4195,前川守嗣,B1,32,21,,,97,0.351,0,,0.351,29,,
4239,竹田辰也,A1,62,18,,,116,0.405,5,,0.405,32,,
3752,宇土泰就,B1,27,20,,,98,0.235,0,,0.235,31,,
4561,藤山翔大,A2,37,15,,,88,0.386,0,,0.386,26,,
5331,佐藤永梧,B1,26,12,,,89,0.36,4,,0.36,30,,
5008,羽野諒,B1,23,14,,,94,0.319,4,,0.319,29,,
4104,木下陽介,B1,27,16,,,97,0.309,0,,0.309,26,,
4624,高田明,A1,45,14,,,117,0.393,3,,0.393,35,,
3704,本部めぐみ,B1,15,12,,,58,0.155,5,,0.155,15,,
3964,宮地博士,B1,24,19,,,102,0.206,0,,0.206,25,,
3602,奥平拓也,B1,26,21,,,100,0.34,0,,0.34,29,,
4854,大橋由珠,B2,14,12,,,55,0.291,5,,0.291,18,,
4514,上條嘉嗣,A1,63,15,,,107,0.551,8,,0.551,32,,
3976,内田圭,B1,26,17,,,98,0.204,0,,0.204,27,,
4311,岡村仁,A1,64,15,,,123,0.463,0,,0.463,40,0.2,0.2
5003,来田衣織,B1,29,16,,,106,0.387,13,,0.387,14,,
3742,宮地秀祈,B1,26,15,,,84,0.274,8,,0.274,20,,
4464,山下友貴,A1,35,15,,,98,0.5,0,,0.5,27,,
4705,吉川勇作,B1,24,12,,,97,0.134,9,,0.134,34,,
3175,渡辺千草,B1,25,23,,,97,0.289,4,,0.289,26,,
5234,塚越海斗,A1,65,22,0.545,残す,128,0.57,7,,0.57,39,,
4587,木田峰由季,A1,49,16,,,111,0.432,4,,0.432,35,,
5454,谷島咲希,B2,0,0,,,70,0.014,0,,0.014,70,0.014,0.0
4188,久田敏之,A1,54,13,,,111,0.667,9,,0.667,30,,
5047,國分将太郎,B1,28,16,,,95,0.358,3,,0.358,35,,
3569,増田進,B1,31,26,,,91,0.242,0,,0.242,29,,
4686,丸野一樹,A1,45,9,,,107,0.486,0,,0.486,32,,
4345,西舘健,A2,45,23,0.565,残す,116,0.362,6,,0.362,42,0.238,0.048
4889,後藤盛也,B1,23,10,,,69,0.232,0,,0.232,25,,
5264,登みひ果,B1,28,24,,,115,0.33,9,,0.33,43,0.0,0.163
4449,中嶋達也,B1,23,15,,,96,0.312,0,,0.312,29,,
3528,笠野友紀恵,B1,30,24,,,83,0.229,0,,0.229,22,,
4323,山田佑樹,B1,30,12,,,102,0.471,11,,0.471,29,,
4461,安田吉宏,B1,33,24,,,105,0.295,0,,0.295,34,,
4684,楠原翔太,B1,42,15,,,105,0.343,0,,0.343,39,,
3578,塩田雄一,B1,19,15,,,66,0.197,12,,0.197,18,,
5196,鰐部太空海,A1,43,15,,,114,0.526,0,,0.526,34,,
3898,平田忠則,A1,63,12,,,109,0.642,9,,0.642,31,,
4681,太田潮,B1,17,11,,,58,0.172,0,,0.172,20,,
5347,井澤聖奈,B2,3,3,,,139,0.036,0,,0.036,59,0.0,0.017
4030,森高一真,A1,50,19,,,128,0.438,12,,0.438,36,,
4202,浮田圭浩,B1,29,14,,,97,0.268,4,,0.268,34,,
5209,小野京平,B1,13,11,,,81,0.235,0,,0.235,26,,
5435,中西月輝,B2,0,0,,,119,0.017,0,,0.017,117,0.0,0.017
4505,島田賢人,A1,46,9,,,104,0.5,0,,0.5,30,,
5413,宮城那菜,B2,0,0,,,148,0.095,15,,0.095,109,0.018,0.037
3859,多羅尾達之,B1,29,20,,,87,0.172,6,,0.172,26,,
3305,小野信樹,B1,32,18,,,93,0.183,9,,0.183,27,,
5043,中村日向,A1,55,17,,,129,0.527,17,,0.527,42,0.167,0.238
4887,富澤祐作,B1,28,12,,,87,0.31,0,,0.31,29,,
3297,藤丸光一,B1,33,25,,,46,0.196,4,,0.196,2,,
4792,杉村賢也,B1,21,14,,,70,0.286,0,,0.286,20,,
5108,柴田愛梨,B2,13,10,,,48,0.104,0,,0.104,15,,
4162,竹本太樹,B1,12,9,,,42,0.214,0,,0.214,9,,
3863,海老澤泰行,B1,29,19,,,97,0.33,5,,0.33,25,,
3808,秋田健太郎,B1,24,17,,,83,0.157,3,,0.157,23,,
4331,三好勇人,A2,47,14,,,110,0.355,27,0.296,0.296,22,,
3950,石川哲秀,B1,23,22,,,80,0.275,0,,0.275,22,,
4816,村松修二,A2,42,15,,,116,0.414,5,,0.414,33,,
4882,瀧川千依,B2,13,8,,,58,0.172,0,,0.172,23,,
4205,山口剛,A1,51,11,,,102,0.569,0,,0.569,34,,
4978,山田和佐,B1,33,14,,,108,0.333,4,,0.333,35,,
5382,山下心一,B1,0,0,,,154,0.078,10,,0.078,69,0.029,0.029
5261,岡暢祐,B1,24,14,,,90,0.267,9,,0.267,26,,
4713,白神優,A1,58,14,,,134,0.545,0,,0.545,41,0.122,0.293
4230,濱崎直矢,A2,29,8,,,81,0.531,5,,0.531,26,,
4305,金子拓矢,A1,57,13,,,112,0.607,4,,0.607,38,,
3519,冨田秀幸,B1,25,20,,,94,0.266,0,,0.266,30,,
4962,畑竜生,A2,50,16,,,123,0.407,0,,0.407,33,,
5208,屋良龍紀,B1,24,16,,,92,0.304,3,,0.304,24,,
3912,川原正明,B1,45,10,,,121,0.355,0,,0.355,35,,
4485,楠原正剛,B1,39,23,,,107,0.383,6,,0.383,28,,
3327,野長瀬正孝,A2,51,19,,,83,0.542,7,,0.542,5,,
3411,池上隆行,B1,23,18,,,89,0.169,4,,0.169,19,,
4226,村田浩司,B1,32,16,,,104,0.279,0,,0.279,28,,
4394,永嶋裕一,A2,44,21,0.476,中間,111,0.541,6,,0.541,32,,
5160,藤森陸斗,A2,50,16,,,129,0.341,0,,0.341,48,0.062,0.062
4560,庄司樹良々,A2,38,17,,,105,0.486,6,,0.486,35,,
4290,稲田浩二,A1,57,20,0.45,中間,114,0.5,0,,0.5,39,,
4764,小池礼乃,B1,30,12,,,92,0.25,0,,0.25,27,,
4883,岡部大輝,A2,34,12,,,104,0.51,11,,0.51,24,,
5403,藤山湧太,B2,0,0,,,146,0.103,17,,0.103,95,0.021,0.042
3796,長野道臣,B1,28,16,,,101,0.307,0,,0.307,40,0.075,0.1
3869,井芹大志,B1,20,11,,,82,0.195,5,,0.195,19,,
4318,桑原将光,A2,39,19,,,108,0.426,9,,0.426,36,,
5004,河野主樹,A2,37,15,,,119,0.387,0,,0.387,41,0.098,0.22
4183,宇野弥生,B1,30,6,,,93,0.247,5,,0.247,31,,
4182,吉田和仁,B1,39,24,,,117,0.291,7,,0.291,31,,
5353,草川壮良,B1,8,6,,,111,0.135,4,,0.135,53,0.038,0.057
5415,阿部未侑,B2,0,0,,,117,0.026,0,,0.026,89,0.0,0.022
4332,村上彰一,B1,22,17,,,91,0.242,5,,0.242,28,,
3612,馬袋義則,A1,74,31,0.645,残す,103,0.534,7,,0.534,11,,
5410,今泉澪,B2,0,0,,,124,0.056,0,,0.056,113,0.018,0.027
5075,中島秀治,A2,44,27,0.37,飛ぶ,119,0.521,0,,0.521,40,0.025,0.275
5444,林風音,B2,0,0,,,129,0.016,0,,0.016,125,0.008,0.008
4041,小林基樹,B1,22,18,,,85,0.271,12,,0.271,17,,
3712,淺香文武,B1,31,13,,,91,0.275,0,,0.275,26,,
4327,加藤翔,B1,29,20,,,104,0.25,4,,0.25,27,,
3293,宮内由紀英,B1,28,26,,,89,0.27,0,,0.27,27,,
5310,土屋蘭,B1,18,12,,,77,0.299,9,,0.299,31,,
3915,繁野谷圭介,A2,48,18,,,116,0.431,10,,0.431,34,,
4253,西川真人,B1,29,16,,,111,0.243,0,,0.243,23,,
4665,加藤啓太,B1,23,19,,,105,0.286,0,,0.286,28,,
5107,松本真広,B1,17,10,,,81,0.309,0,,0.309,25,,
4660,宇田川信一,B1,21,15,,,87,0.276,0,,0.276,26,,
5363,山本凱立,B2,0,0,,,76,0.026,16,,0.026,72,0.0,0.014
4941,孫崎百世,B1,28,20,,,103,0.243,0,,0.243,33,,
5455,澁澤周羽,B2,0,0,,,76,0.039,0,,0.039,76,0.0,0.039
4033,伊藤将吉,A2,50,12,,,116,0.509,0,,0.509,39,,
4637,中田友也,A2,31,12,,,90,0.367,0,,0.367,27,,
