登番,名前,級,1コ進入,1コ負け,1コ負け時2着率,型,外進入(全国),外3着残し率(全国),丸亀外進入,丸亀外3着残し率,外採用値,6コ進入,6コ2着率,6コ3着率
3224,栗山繁洋,B1,24,18,,,96,0.229,5,,0.229,17,,
4413,水摩敦,A2,57,24,0.292,飛ぶ,121,0.421,4,,0.421,39,,
4826,井上一輝,A1,63,12,,,122,0.557,10,,0.557,40,0.2,0.2
4031,飯島誠,B1,28,17,,,97,0.309,0,,0.309,34,,
4200,早川尚人,B1,32,20,,,111,0.243,5,,0.243,31,,
4422,永井亮次,B1,26,10,,,95,0.284,4,,0.284,29,,
3655,本橋克洋,B1,50,25,0.48,中間,109,0.339,0,,0.339,24,,
4764,小池礼乃,B1,37,14,,,96,0.271,5,,0.271,32,,
4332,村上彰一,B1,24,18,,,91,0.253,5,,0.253,30,,
4494,河合佑樹,A1,42,15,,,107,0.495,0,,0.495,33,,
4928,栗城匠,A1,47,19,,,101,0.554,4,,0.554,30,,
3833,中辻博訓,A2,73,20,0.55,残す,127,0.48,4,,0.48,31,,
5337,出畑孝成,B1,0,0,,,195,0.333,0,,0.333,78,0.103,0.064
4114,深澤達徳,B1,22,13,,,77,0.325,0,,0.325,23,,
4102,益田啓司,A1,48,10,,,134,0.515,6,,0.515,44,0.159,0.227
5324,畑田希咲,B1,18,14,,,77,0.026,0,,0.026,28,,
5058,前原大道,A1,53,5,,,131,0.557,6,,0.557,36,,
4218,吉川喜継,A1,58,13,,,99,0.566,2,,0.566,2,,
4189,川上剛,A1,53,16,,,113,0.451,5,,0.451,22,,
4319,三宅潤,A2,45,18,,,125,0.424,9,,0.424,37,,
5005,石田貴洋,A1,35,18,,,97,0.567,3,,0.567,28,,
4144,石塚久也,A2,41,13,,,113,0.549,0,,0.549,32,,
4233,亀山雅幸,A2,49,23,0.348,飛ぶ,125,0.472,6,,0.472,37,,
4682,大上卓人,A1,51,10,,,125,0.44,9,,0.44,30,,
4697,國弘翔平,B1,29,18,,,97,0.237,5,,0.237,27,,
4140,梶野学志,A2,45,12,,,96,0.417,4,,0.417,27,,
3435,寺田千恵,A2,55,17,,,112,0.455,11,,0.455,28,,
5445,一ノ木匠,B2,0,0,,,27,0.0,0,,0.0,27,,
5238,笹木香吾,A2,45,21,0.619,残す,113,0.398,0,,0.398,38,,
5279,石渡翔一郎,B1,33,15,,,92,0.413,3,,0.413,28,,
4936,戸敷晃美,A2,38,12,,,100,0.49,4,,0.49,32,,
5196,鰐部太空海,A1,50,16,,,122,0.598,0,,0.598,38,,
4092,岡部大輔,B1,29,12,,,84,0.333,4,,0.333,31,,
4489,岩川仁士,B1,35,18,,,114,0.395,0,,0.395,30,,
4403,木下大將,A2,36,10,,,106,0.481,7,,0.481,26,,
3711,江本真治,A2,66,33,0.545,中間,131,0.496,5,,0.496,41,0.098,0.122
4061,萩原秀人,A1,57,15,,,134,0.537,4,,0.537,45,0.067,0.244
4081,樋口範政,B1,33,23,,,112,0.214,0,,0.214,34,,
4645,上村純一,A1,52,12,,,114,0.43,0,,0.43,44,0.114,0.25
4446,和田兼輔,A1,59,10,,,128,0.562,0,,0.562,38,,
3211,北川敏弘,B1,27,21,,,88,0.17,3,,0.17,28,,
4123,細川裕子,A1,62,23,0.565,残す,116,0.569,11,,0.569,32,,
5011,高木圭大,B1,22,14,,,96,0.156,4,,0.156,26,,
5226,藤田俊祐,B1,28,7,,,70,0.386,4,,0.386,21,,
5185,加藤優弥,B1,28,17,,,100,0.42,5,,0.42,32,,
4424,松尾昂明,A2,56,13,,,131,0.427,0,,0.427,42,0.095,0.262
5234,塚越海斗,A1,57,22,0.545,中間,126,0.563,7,,0.563,41,0.098,0.268
5382,山下心一,B1,0,0,,,153,0.137,9,,0.137,69,0.029,0.072
3282,池本輝明,B1,29,16,,,92,0.228,3,,0.228,20,,
4967,中村魁生,A1,50,14,,,115,0.591,7,,0.591,29,,
5450,藤本遼磨,B2,0,0,,,32,0.0,0,,0.0,32,,
4781,西舘果里,B2,9,6,,,35,0.314,0,,0.314,11,,
3942,寺田祥,A1,66,25,0.52,中間,100,0.55,5,,0.55,20,,
4207,松下一也,A1,49,19,,,104,0.423,4,,0.423,37,,
4071,古賀千晶,B1,21,14,,,76,0.184,0,,0.184,16,,
5334,樫葉新心,B1,23,19,,,108,0.111,5,,0.111,35,,
3246,星野政彦,B2,10,7,,,38,0.184,3,,0.184,6,,
4531,武富智亮,A2,47,12,,,117,0.479,0,,0.479,40,0.025,0.275
5055,眞鳥章太,A2,43,17,,,118,0.398,4,,0.398,38,,
3357,福島陽子,B1,30,23,,,93,0.161,0,,0.161,24,,
4949,横田貴満,A2,56,19,,,110,0.436,2,,0.436,30,,
5247,大森翼,B1,28,21,,,108,0.389,5,,0.389,29,,
5038,金田智博,A2,44,13,,,98,0.459,0,,0.459,33,,
5197,中野仁照,B2,17,8,,,72,0.458,0,,0.458,38,,
4752,西尾亮輔,B1,25,19,,,104,0.298,3,,0.298,26,,
4411,沢田昭宏,A2,47,17,,,121,0.388,5,,0.388,42,0.071,0.119
4415,下出卓矢,A1,46,13,,,120,0.4,0,,0.4,47,0.128,0.085
4813,宮内直哉,B1,27,20,,,89,0.247,5,,0.247,28,,
3834,細川明人,B1,26,16,,,90,0.256,7,,0.256,24,,
4238,毒島誠,A1,48,8,,,57,0.632,0,,0.632,10,,
4981,牧山敦也,B1,27,15,,,102,0.382,9,,0.382,30,,
3340,池田雷太,B1,32,23,,,101,0.228,0,,0.228,27,,
5068,前田滉,A1,54,12,,,110,0.618,4,,0.618,32,,
4342,谷野錬志,A2,37,7,,,103,0.563,3,,0.563,29,,
4485,楠原正剛,B1,38,25,,,115,0.383,10,,0.383,30,,
5418,堀内亜海,B2,0,0,,,146,0.0,9,,0.0,125,0.0,0.0
3161,古場輝義,B1,41,31,0.387,中間,71,0.437,3,,0.437,0,,
5266,石田勇斗,B1,29,16,,,99,0.253,0,,0.253,30,,
5199,垂水悠,B1,25,14,,,96,0.323,4,,0.323,31,,
4276,鈴木勝博,A2,47,17,,,116,0.457,3,,0.457,36,,
4693,松下誉士,B1,27,21,,,104,0.25,5,,0.25,31,,
4498,宮本夏樹,B2,16,8,,,64,0.406,5,,0.406,20,,
3563,堤昇,B1,38,22,,,84,0.369,0,,0.369,11,,
5409,宮本琉正,B2,0,0,,,143,0.049,9,,0.049,118,0.0,0.034
4991,宗行治哉,A1,45,14,,,105,0.467,0,,0.467,29,,
3842,星野太郎,B1,26,11,,,79,0.291,9,,0.291,22,,
4406,幸野史明,B1,27,13,,,126,0.238,0,,0.238,49,0.02,0.082
5146,野田彩加,A2,28,14,,,91,0.374,10,,0.374,23,,
4429,豊田泰洋,B1,25,16,,,97,0.165,4,,0.165,28,,
5264,登みひ果,B1,30,25,,,114,0.36,9,,0.36,41,0.049,0.171
4472,尾嶋一広,A1,52,13,,,133,0.541,6,,0.541,31,,
3771,折下寛法,B1,36,14,,,104,0.423,9,,0.423,24,,
4248,岡本大,B1,23,14,,,92,0.315,5,,0.315,21,,
4669,井上茂,B1,22,15,,,94,0.255,0,,0.255,24,,
5230,石原凪紗,B1,23,13,,,91,0.242,9,,0.242,32,,
4726,島田なぎさ,B2,9,7,,,28,0.25,0,,0.25,7,,
5139,大場恒季,A1,43,14,,,106,0.5,5,,0.5,27,,
5049,松井友汰,A2,29,11,,,98,0.49,0,,0.49,33,,
4361,柳生泰二,A1,54,8,,,104,0.615,4,,0.615,31,,
3105,内山文典,B1,30,19,,,89,0.337,2,,0.337,31,,
4911,片岡大地,A2,29,15,,,93,0.387,5,,0.387,24,,
4529,嶋義信,A1,39,14,,,110,0.436,17,,0.436,35,,
4551,三川昂暁,A2,46,26,0.462,中間,121,0.455,0,,0.455,42,0.119,0.238
3977,山本兼士,B1,32,21,,,118,0.288,0,,0.288,35,,
4900,中田夕貴,B1,42,13,,,101,0.356,12,,0.356,34,,
4661,中島昂章,A2,28,16,,,97,0.392,4,,0.392,25,,
4109,谷津幸宏,A2,55,18,,,132,0.447,8,,0.447,40,0.075,0.25
5057,上田紗奈,B1,30,11,,,99,0.293,3,,0.293,24,,
4931,木谷賢太,A1,58,15,,,126,0.611,29,0.69,0.69,39,,
3931,黒崎竜也,A2,32,13,,,92,0.457,0,,0.457,38,,
4648,木村亮太,B1,25,16,,,84,0.333,0,,0.333,25,,
3852,澤大介,B1,29,14,,,95,0.316,5,,0.316,30,,
5113,黒明花夢,B2,14,11,,,50,0.1,0,,0.1,11,,
4549,小林文彦,A2,39,18,,,109,0.459,9,,0.459,29,,
4423,坂口貴彦,B1,32,13,,,127,0.425,12,,0.425,39,,
4303,牧原崇,B1,36,19,,,101,0.337,5,,0.337,31,,
3869,井芹大志,B1,24,14,,,95,0.211,0,,0.211,23,,
3442,宮武英司,B1,23,16,,,94,0.309,17,,0.309,26,,
5327,西田和加,B2,12,12,,,103,0.019,11,,0.019,35,,
4111,奥田誠,A2,30,14,,,99,0.333,13,,0.333,26,,
3959,坪井康晴,A1,53,18,,,112,0.536,0,,0.536,31,,
4389,伊藤喜智,A2,31,18,,,95,0.4,6,,0.4,31,,
5385,鈴木柊介,B1,0,0,,,157,0.127,0,,0.127,85,0.035,0.035
4366,前沢丈史,A1,68,23,0.522,中間,136,0.559,0,,0.559,34,,
4851,関浩哉,A1,46,11,,,110,0.555,4,,0.555,40,0.125,0.225
4357,田中和也,A1,60,25,0.56,残す,103,0.65,0,,0.65,25,,
3489,大場敏,A2,55,19,,,131,0.397,7,,0.397,37,,
3455,谷本幸司,B1,36,18,,,109,0.358,0,,0.358,34,,
5263,花田凱成,B1,25,18,,,105,0.276,5,,0.276,31,,
4119,泥谷一毅,B1,41,19,,,113,0.389,0,,0.389,23,,
3477,近藤稔也,B1,27,22,,,94,0.234,8,,0.234,28,,
5355,萩原丈太朗,B1,7,7,,,103,0.087,0,,0.087,53,0.0,0.038
4236,松村敏,A1,79,16,,,125,0.696,5,,0.696,29,,
3441,土屋太朗,B1,30,23,,,105,0.362,0,,0.362,16,,
3656,伯母芳恒,B1,32,21,,,95,0.389,0,,0.389,28,,
4387,平山智加,A1,64,22,0.455,中間,120,0.517,20,,0.517,31,,
4584,村岡賢人,A1,52,22,0.636,残す,110,0.582,0,,0.582,36,,
5232,樅山拓馬,B1,24,14,,,87,0.333,0,,0.333,24,,
3613,角谷健吾,A2,51,19,,,123,0.463,8,,0.463,36,,
5454,谷島咲希,B2,0,0,,,33,0.03,0,,0.03,33,,
5162,松尾怜実,B2,11,9,,,42,0.143,3,,0.143,14,,
3868,尾形栄治,B1,28,19,,,109,0.294,0,,0.294,29,,
4202,浮田圭浩,B1,30,18,,,103,0.282,4,,0.282,33,,
4491,田中堅,B1,27,18,,,100,0.25,0,,0.25,32,,
3516,吉原聖人,B1,30,25,,,81,0.21,12,,0.21,25,,
3612,馬袋義則,A1,73,30,0.567,残す,103,0.505,13,,0.505,12,,
5375,庄島潤成,B1,0,0,,,160,0.113,0,,0.113,84,0.048,0.083
5163,清水愛海,A1,45,14,,,106,0.472,13,,0.472,37,,
3631,田添康介,B2,13,12,,,59,0.153,6,,0.153,17,,
5280,廣瀬凜,A1,45,8,,,117,0.598,6,,0.598,34,,
5457,山田陽翔,B2,0,0,,,27,0.0,0,,0.0,26,,
4790,柳内敬太,A1,55,12,,,126,0.484,6,,0.484,42,0.071,0.19
5423,高橋嗣穏,B2,0,0,,,73,0.0,0,,0.0,72,0.0,0.0
3538,菊池峰晴,B2,15,13,,,59,0.271,0,,0.271,15,,
5252,荒木颯斗,A2,41,18,,,106,0.5,6,,0.5,34,,
3988,古川誠之,A2,49,17,,,122,0.434,5,,0.434,39,,
5051,松本純平,A1,52,9,,,115,0.487,0,,0.487,35,,
4256,渡辺浩司,A1,51,15,,,112,0.643,4,,0.643,38,,
5348,小林甘寧,B1,3,3,,,144,0.424,9,,0.424,67,0.149,0.06
4593,小坂宗司,A2,45,18,,,115,0.487,0,,0.487,31,,
3251,平石和男,A2,56,32,0.438,中間,130,0.477,11,,0.477,39,,
4521,小池公生,B1,39,20,,,105,0.381,0,,0.381,34,,
5245,倉富大誠,B1,23,14,,,99,0.404,2,,0.404,31,,
3828,明石正之,B1,31,17,,,109,0.349,0,,0.349,29,,
4148,枝尾賢,A2,45,21,0.524,中間,122,0.426,5,,0.426,34,,
4065,金田幸子,B1,27,16,,,88,0.352,4,,0.352,25,,
3893,汐崎正則,B1,29,16,,,101,0.267,3,,0.267,31,,
4336,松田竜馬,B1,37,13,,,112,0.268,4,,0.268,39,,
3484,芝田浩治,A2,53,23,0.478,中間,115,0.383,11,,0.383,30,,
4747,山戸信二,B1,23,14,,,87,0.218,5,,0.218,32,,
4034,西原明生,B1,25,14,,,104,0.202,19,,0.202,24,,
3743,林美憲,A1,63,31,0.516,中間,78,0.487,4,,0.487,6,,
3444,香月大介,B1,15,9,,,65,0.169,2,,0.169,21,,
4879,山崎鉄平,B1,28,20,,,106,0.321,0,,0.321,41,0.098,0.122
4311,岡村仁,A1,69,17,,,123,0.577,0,,0.577,40,0.15,0.3
4448,青木玄太,A1,46,11,,,113,0.593,8,,0.593,31,,
4240,今井裕梨,A2,41,17,,,94,0.394,5,,0.394,34,,
3508,久富政弘,A2,29,11,,,98,0.378,4,,0.378,27,,
3590,濱野谷憲吾,A1,60,19,,,121,0.529,0,,0.529,36,,
5046,松山裕基,B1,26,16,,,101,0.307,6,,0.307,28,,
4195,前川守嗣,B1,38,25,,,105,0.333,0,,0.333,32,,
4449,中嶋達也,B1,24,15,,,96,0.333,0,,0.333,25,,
4161,黒柳浩孝,B1,45,22,0.5,中間,105,0.39,0,,0.39,34,,
5160,藤森陸斗,A2,42,17,,,125,0.384,0,,0.384,41,0.049,0.098
4271,川崎公靖,B1,28,22,,,104,0.356,5,,0.356,22,,
4051,清水敦揮,A2,49,15,,,104,0.606,12,,0.606,30,,
4372,原田佑実,A2,33,11,,,88,0.432,10,,0.432,28,,
4056,,,8,4,,,31,0.419,0,,0.419,9,,
3617,竹田広樹,B1,24,14,,,88,0.193,4,,0.193,20,,
4496,内堀学,A1,76,29,0.379,飛ぶ,111,0.568,5,,0.568,31,,
5424,熊倉幹太,B2,0,0,,,81,0.012,0,,0.012,71,0.0,0.0
3690,河合三弘,B1,32,21,,,110,0.282,5,,0.282,36,,
3761,山本光雄,B1,34,11,,,107,0.336,0,,0.336,30,,
4043,桐本康臣,A2,49,21,0.476,中間,109,0.459,0,,0.459,26,,
5198,奥村明日香,B1,18,12,,,90,0.278,9,,0.278,22,,
3436,柏野幸二,A2,36,13,,,88,0.409,0,,0.409,23,,
5136,濱野斗馬,A1,55,17,,,119,0.471,20,,0.471,42,0.119,0.262
5448,福田柊人,B2,0,0,,,31,0.0,0,,0.0,31,,
5330,安河内鈴之介,A2,39,7,,,110,0.536,5,,0.536,35,,
4863,三浦裕貴,B1,18,10,,,67,0.313,0,,0.313,27,,
4349,犬童千秋,B1,21,15,,,95,0.274,5,,0.274,25,,
5320,岩崎麗子,B1,23,21,,,85,0.118,0,,0.118,24,,
4068,幸田智裕,B1,34,22,,,113,0.327,0,,0.327,29,,
4466,南佑典,A2,40,14,,,103,0.408,3,,0.408,30,,
5420,吉原快誓,B2,0,0,,,141,0.043,10,,0.043,112,0.0,0.018
4665,加藤啓太,B1,24,20,,,109,0.266,0,,0.266,27,,
4155,長野壮志郎,A2,48,19,,,106,0.5,2,,0.5,35,,
5339,石井伸長,B1,17,14,,,115,0.409,26,0.423,0.423,40,0.075,0.1
5132,中野希一,A1,68,28,0.286,飛ぶ,115,0.661,9,,0.661,33,,
4203,小倉康典,B1,27,18,,,84,0.25,4,,0.25,27,,
3202,三品隆浩,B1,35,25,,,97,0.227,5,,0.227,32,,
5140,吉田彩乃,B1,26,18,,,91,0.209,5,,0.209,29,,
4377,濱本優一,A1,55,18,,,126,0.579,10,,0.579,45,0.111,0.333
5183,中野孝二,B1,30,17,,,101,0.396,0,,0.396,34,,
5300,横田海人,B1,18,16,,,94,0.085,0,,0.085,30,,
5289,佃來紀,A2,30,11,,,106,0.472,6,,0.472,35,,
3976,内田圭,B1,27,17,,,100,0.19,0,,0.19,27,,
5435,中西月輝,B2,0,0,,,86,0.0,0,,0.0,84,0.0,0.0
4866,橋本英一,B1,17,12,,,83,0.301,0,,0.301,28,,
5158,宮脇遼太,A1,52,15,,,119,0.487,4,,0.487,39,,
4069,山本修一,A2,53,21,0.476,中間,125,0.52,3,,0.52,37,,
3757,畑和宏,A2,27,16,,,90,0.422,2,,0.422,19,,
4792,杉村賢也,B1,24,15,,,68,0.279,0,,0.279,23,,
4293,鈴木智啓,B1,47,26,0.538,中間,116,0.284,5,,0.284,44,0.023,0.159
3692,竹腰正樹,B1,31,21,,,87,0.264,0,,0.264,32,,
3831,安藤裕貴,B1,29,17,,,92,0.25,0,,0.25,27,,
3679,飯島昌弘,A2,47,11,,,125,0.488,0,,0.488,26,,
4343,村岡賢,B1,27,19,,,92,0.25,0,,0.25,23,,
3804,中渡修作,B1,29,19,,,107,0.318,3,,0.318,29,,
3471,赤峰和也,B1,27,20,,,90,0.244,0,,0.244,24,,
3502,渡邉英児,A2,38,20,,,100,0.5,3,,0.5,9,,
5148,松本怜,B1,19,9,,,77,0.312,10,,0.312,27,,
4953,尾上雅也,A1,46,8,,,117,0.581,0,,0.581,36,,
3577,向所浩二,B1,28,18,,,89,0.258,0,,0.258,36,,
3054,北川幸典,B1,27,15,,,86,0.372,7,,0.372,28,,
4842,山下昂大,A2,38,16,,,107,0.439,3,,0.439,38,,
5179,藤本元輝,B1,19,8,,,81,0.235,0,,0.235,28,,
4179,広次修,A2,43,19,,,117,0.462,0,,0.462,34,,
4982,中村将隆,B1,24,12,,,84,0.393,4,,0.393,27,,
4877,鈴谷一平,A1,55,18,,,112,0.411,0,,0.411,30,,
4778,堤啓輔,B1,35,19,,,82,0.354,4,,0.354,26,,
3581,加木郁,B1,35,21,,,108,0.333,0,,0.333,24,,
3458,東健介,B1,23,16,,,78,0.128,3,,0.128,23,,
3473,石川真二,A1,107,56,0.357,飛ぶ,0,,0,,,0,,
5253,藤井太雅,B2,11,10,,,70,0.2,0,,0.2,40,0.05,0.1
3406,中里英夫,B1,45,21,0.667,残す,113,0.336,4,,0.336,32,,
4733,赤井睦,B1,24,12,,,88,0.307,13,,0.307,33,,
5353,草川壮良,B1,4,3,,,128,0.125,0,,0.125,67,0.03,0.03
4263,武重雄介,B1,39,13,,,108,0.278,6,,0.278,38,,
5458,田中大輝,B2,0,0,,,35,0.0,0,,0.0,35,,
4543,重木輝彦,A1,55,18,,,108,0.556,2,,0.556,30,,
4350,篠崎元志,A1,61,10,,,115,0.487,0,,0.487,27,,
5432,安藤瑠希,B1,0,0,,,112,0.134,0,,0.134,90,0.033,0.056
3896,上田洋平,B1,25,12,,,87,0.356,4,,0.356,24,,
4561,藤山翔大,A2,44,19,,,93,0.473,0,,0.473,18,,
5311,小林京平,B1,27,12,,,104,0.385,6,,0.385,28,,
3300,川崎智幸,A2,55,16,,,116,0.44,4,,0.44,44,0.182,0.25
5175,島崎丈一朗,B1,15,6,,,55,0.345,0,,0.345,14,,
3509,池千夏,B1,21,17,,,68,0.176,13,,0.176,17,,
5410,今泉澪,B2,0,0,,,120,0.042,0,,0.042,115,0.017,0.017
4177,萬正嗣,B1,28,11,,,89,0.348,12,,0.348,34,,
4758,富樫麗加,B2,16,5,,,51,0.431,0,,0.431,17,,
5275,松田淳平,A1,47,16,,,114,0.579,5,,0.579,25,,
3966,作間章,A1,65,22,0.364,飛ぶ,125,0.608,5,,0.608,42,0.119,0.357
4159,向後龍一,A2,56,23,0.696,残す,125,0.384,0,,0.384,34,,
4804,高田ひかる,A1,50,17,,,110,0.464,0,,0.464,34,,
4117,廣中智紗衣,A2,48,30,0.5,中間,103,0.495,11,,0.495,27,,
3541,三嶌誠司,A2,56,23,0.435,中間,116,0.474,15,,0.474,34,,
3726,桂林寛,B1,21,19,,,66,0.288,0,,0.288,20,,
4963,實森美祐,A1,48,12,,,115,0.409,5,,0.409,33,,
4108,吉村正明,A1,37,8,,,110,0.4,1,,0.4,28,,
4656,大崎翔,A2,26,14,,,95,0.4,7,,0.4,25,,
4666,日笠勝弘,B1,12,7,,,58,0.224,0,,0.224,22,,
4067,永井源,A2,52,21,0.476,中間,123,0.512,0,,0.512,31,,
4471,新田泰章,A1,66,9,,,129,0.535,0,,0.535,39,,
4383,竹田吉行,A2,45,24,0.75,残す,108,0.435,10,,0.435,29,,
3439,大平誉史明,A1,46,19,,,105,0.457,0,,0.457,31,,
5301,岩下巧斗,B1,33,14,,,91,0.286,0,,0.286,27,,
4633,森智也,A2,40,18,,,104,0.423,0,,0.423,33,,
3475,橋本久和,B1,42,22,0.364,飛ぶ,88,0.364,3,,0.364,25,,
3778,安達美帆,B1,18,15,,,70,0.114,3,,0.114,18,,
3935,岩津徹郎,B1,22,14,,,88,0.375,3,,0.375,35,,
4182,吉田和仁,B1,39,25,,,118,0.254,3,,0.254,33,,
4044,湯川浩司,A1,50,16,,,105,0.467,0,,0.467,28,,
3712,淺香文武,B1,32,13,,,91,0.297,0,,0.297,26,,
4962,畑竜生,A2,47,16,,,111,0.423,0,,0.423,31,,
3226,浦田信義,B1,36,22,,,97,0.351,0,,0.351,29,,
4846,佐藤駿介,B1,27,16,,,94,0.223,0,,0.223,32,,
5091,為本智也,B1,24,5,,,73,0.507,6,,0.507,27,,
4888,金児隆太,B1,32,18,,,96,0.365,0,,0.365,21,,
5415,阿部未侑,B2,0,0,,,117,0.009,0,,0.009,102,0.0,0.01
4840,鈴木秀茉,B1,29,19,,,109,0.367,0,,0.367,27,,
4294,古賀繁輝,A1,50,17,,,122,0.549,7,,0.549,34,,
4266,長田頼宗,A1,60,13,,,108,0.435,6,,0.435,32,,
3286,坂東満,B2,22,13,,,64,0.25,0,,0.25,25,,
5274,城間盛渚,B1,24,7,,,96,0.292,0,,0.292,31,,
5388,佐野優都,B1,0,0,,,154,0.351,0,,0.351,81,0.062,0.16
3777,樋口亮,A2,50,20,0.45,中間,116,0.44,10,,0.44,39,,
5096,上原崚,A2,45,14,,,125,0.432,0,,0.432,39,,
4552,杉山勝匡,B1,33,13,,,118,0.441,4,,0.441,47,0.043,0.191
5045,平川香織,A2,45,23,0.609,残す,129,0.55,5,,0.55,34,,
5466,成田華音,B2,0,0,,,33,0.03,0,,0.03,33,,
4532,秋元哲,A1,56,17,,,98,0.551,0,,0.551,24,,
4571,菅章哉,A1,35,15,,,121,0.413,0,,0.413,76,0.066,0.066
4689,豊田結,B1,41,22,0.455,中間,102,0.324,0,,0.324,33,,
4619,伏田裕隆,B1,25,13,,,130,0.438,4,,0.438,60,0.05,0.117
4525,真子奈津実,B1,24,14,,,78,0.269,0,,0.269,17,,
5305,伊藤栞,B1,16,14,,,80,0.087,4,,0.087,24,,
5087,佐藤航,A1,49,15,,,121,0.554,4,,0.554,32,,
5354,渡邊雄斗,B1,4,3,,,144,0.153,0,,0.153,72,0.042,0.069
4965,福岡泉水,B1,22,13,,,88,0.273,5,,0.273,24,,
4273,佐藤旭,B1,34,18,,,111,0.315,3,,0.315,40,0.05,0.1
3207,田村美和,B1,27,24,,,75,0.147,0,,0.147,22,,
3514,山一鉄也,A2,48,16,,,115,0.322,4,,0.322,38,,
5085,中村栄治,A2,33,20,,,104,0.423,0,,0.423,26,,
5155,内山七海,A2,33,18,,,102,0.48,8,,0.48,33,,
4020,川上清人,B1,25,15,,,103,0.223,19,,0.223,31,,
4643,近江翔吾,A2,45,8,,,102,0.5,13,,0.5,30,,
4964,土屋南,A2,24,10,,,81,0.481,0,,0.481,22,,
4871,菊池宏志,B1,29,17,,,91,0.308,0,,0.308,30,,
4211,村田敦,B1,29,22,,,95,0.221,4,,0.221,36,,
4146,柳橋宏紀,A2,37,17,,,112,0.384,5,,0.384,33,,
5029,中亮太,A1,50,12,,,118,0.475,6,,0.475,33,,
5411,木下虎之輔,B2,0,0,,,145,0.034,0,,0.034,125,0.008,0.016
4719,上條暢嵩,A1,63,10,,,124,0.452,4,,0.452,35,,
3305,小野信樹,B1,29,17,,,83,0.181,7,,0.181,24,,
4184,渡邊雄一郎,A1,48,15,,,104,0.683,0,,0.683,28,,
4713,白神優,A1,62,16,,,133,0.586,0,,0.586,44,0.182,0.25
4098,赤澤文香,B1,30,18,,,81,0.235,3,,0.235,22,,
3715,倉尾大介,A2,27,17,,,79,0.43,3,,0.43,20,,
3611,岩崎芳美,A2,45,22,0.455,中間,105,0.419,8,,0.419,32,,
4534,坂咲友理,B1,18,15,,,64,0.188,4,,0.188,12,,
3554,仲口博崇,A1,79,25,0.6,残す,91,0.549,8,,0.549,3,,
4463,三苫晃幸,A2,45,26,0.654,残す,108,0.481,0,,0.481,28,,
3582,吉川昭男,A2,49,20,0.4,中間,31,0.323,1,,0.323,0,,
4323,山田佑樹,B1,28,13,,,104,0.394,11,,0.394,33,,
4969,町田洸希,B1,23,11,,,84,0.286,5,,0.286,21,,
5332,村松遥輝,B1,25,16,,,108,0.167,0,,0.167,35,,
5115,香川颯太,B1,27,11,,,84,0.286,5,,0.286,32,,
4191,赤羽克也,A1,43,14,,,106,0.519,5,,0.519,26,,
5053,山口広樹,B1,26,13,,,97,0.216,0,,0.216,40,0.025,0.075
3156,金子良昭,B1,28,23,,,54,0.204,0,,0.204,13,,
4816,村松修二,A2,39,15,,,107,0.383,5,,0.383,33,,
5290,坂本一真,B1,27,22,,,101,0.188,4,,0.188,33,,
4302,西野翔太,A1,63,15,,,77,0.519,2,,0.519,1,,
5134,大原祥昌,A2,44,16,,,104,0.413,9,,0.413,38,,
4396,大田直弥,B1,40,24,0.458,中間,112,0.384,3,,0.384,30,,
5016,宮田龍馬,A1,57,14,,,111,0.55,0,,0.55,46,0.087,0.283
4260,中越博紀,B1,44,16,,,126,0.452,5,,0.452,41,0.146,0.146
3984,坂口周,A1,63,18,,,121,0.446,0,,0.446,34,,
3578,塩田雄一,B1,21,18,,,78,0.231,21,,0.231,20,,
4162,竹本太樹,B1,18,13,,,57,0.263,0,,0.263,12,,
4873,蒲原健太,B1,47,25,0.32,飛ぶ,113,0.327,4,,0.327,28,,
3904,森貴洋,B1,20,12,,,64,0.297,0,,0.297,18,,
5035,櫻井優,A2,29,17,,,112,0.393,5,,0.393,32,,
5405,竹内来,B1,0,0,,,146,0.089,0,,0.089,84,0.0,0.06
3579,中里優子,B1,21,11,,,76,0.289,3,,0.289,20,,
4142,平野和明,A2,41,22,0.545,中間,105,0.343,0,,0.343,25,,
5400,高村諒,B2,3,2,,,155,0.045,4,,0.045,110,0.009,0.036
4706,三浦洋次朗,A2,53,24,0.417,中間,130,0.408,3,,0.408,38,,
3880,浅見宗孝,B1,31,22,,,97,0.392,5,,0.392,29,,
5009,大賀龍之介,A2,38,18,,,108,0.361,0,,0.361,37,,
5201,村上宗太郎,B2,13,8,,,61,0.279,4,,0.279,32,,
4514,上條嘉嗣,A1,64,17,,,107,0.542,4,,0.542,28,,
4427,秦英悟,A1,49,10,,,109,0.495,0,,0.495,31,,
3660,長谷川親王,B1,22,18,,,83,0.133,17,,0.133,23,,
4244,鈴木成美,B2,18,10,,,70,0.129,0,,0.129,20,,
5393,藤原駿,B2,0,0,,,148,0.014,10,,0.014,127,0.0,0.008
5121,定松勇樹,A1,49,12,,,115,0.504,0,,0.504,37,,
4028,田村隆信,A1,52,13,,,107,0.421,7,,0.421,27,,
4247,齊藤優,B1,31,21,,,104,0.337,7,,0.337,27,,
4164,岩永節也,B1,26,22,,,83,0.265,5,,0.265,18,,
4724,吉田祐貴,B1,13,10,,,61,0.131,3,,0.131,18,,
4049,荒川健太,A2,59,16,,,119,0.454,10,,0.454,21,,
4299,中島浩哉,B1,18,12,,,90,0.3,0,,0.3,23,,
4660,宇田川信一,B1,18,14,,,75,0.24,0,,0.24,22,,
5110,杉山喜一,B1,38,23,,,107,0.402,6,,0.402,36,,
3841,佐々木和伸,A2,51,23,0.609,残す,118,0.475,6,,0.475,44,0.091,0.25
4084,杉山正樹,A1,60,19,,,131,0.489,5,,0.489,43,0.14,0.116
4891,寺島美里,B1,26,14,,,91,0.264,4,,0.264,28,,
4418,茅原悠紀,A1,61,13,,,110,0.618,0,,0.618,36,,
3714,梶原正,B1,28,13,,,101,0.248,2,,0.248,28,,
4882,瀧川千依,B2,13,10,,,59,0.22,0,,0.22,22,,
4497,桑原悠,A1,49,13,,,89,0.494,4,,0.494,27,,
5439,志賀美優,B2,0,0,,,107,0.037,0,,0.037,99,0.0,0.03
5443,西村仁吾,B2,0,0,,,90,0.011,2,,0.011,90,0.011,0.0
4765,野田部宏子,B1,26,15,,,94,0.266,5,,0.266,26,,
3293,宮内由紀英,B1,28,25,,,92,0.283,0,,0.283,29,,
4358,松本庸平,B1,26,19,,,82,0.146,4,,0.146,23,,
3769,佐竹恒彦,A2,40,19,,,83,0.325,5,,0.325,23,,
5003,来田衣織,B1,26,15,,,105,0.324,13,,0.324,17,,
4388,是澤孝宏,A2,51,21,0.476,中間,135,0.526,9,,0.526,40,0.075,0.175
3459,中野和裕,B1,19,19,,,87,0.138,4,,0.138,21,,
4382,高山智至,B1,26,19,,,112,0.339,0,,0.339,25,,
3596,河上年昭,B1,23,12,,,78,0.192,4,,0.192,26,,
5363,山本凱立,B2,0,0,,,96,0.021,19,,0.021,91,0.0,0.011
3107,平岡重典,B1,19,15,,,67,0.194,4,,0.194,16,,
3975,小野寺智洋,A2,33,15,,,106,0.396,12,,0.396,31,,
4880,澤崎雄哉,B1,23,16,,,94,0.457,0,,0.457,29,,
4204,柴田大輔,B1,29,18,,,96,0.292,5,,0.292,29,,
4360,庄司孝輔,A2,37,20,,,109,0.431,5,,0.431,32,,
4337,平本真之,A1,62,16,,,129,0.55,0,,0.55,32,,
3866,木山誠一,B1,26,19,,,89,0.27,0,,0.27,26,,
5444,林風音,B2,0,0,,,104,0.019,0,,0.019,101,0.01,0.01
4398,船岡洋一郎,A1,66,14,,,133,0.526,16,,0.526,39,,
3652,森下勇,B1,22,13,,,84,0.167,0,,0.167,19,,
4883,岡部大輝,A2,29,9,,,94,0.468,11,,0.468,23,,
4640,山ノ内雅人,A2,57,26,0.692,残す,134,0.485,9,,0.485,37,,
5387,戸田海咲音,B2,0,0,,,134,0.015,9,,0.015,89,0.0,0.011
3905,天野友和,A2,53,19,,,129,0.535,4,,0.535,41,0.122,0.244
5314,中曽瑠華,B1,15,11,,,103,0.107,0,,0.107,34,,
5246,楠将太郎,A2,32,17,,,98,0.408,0,,0.408,38,,
4296,岡崎恭裕,A2,38,11,,,79,0.544,10,,0.544,19,,
4077,品田直樹,A2,35,20,,,113,0.327,5,,0.327,33,,
4445,宮地元輝,A1,44,9,,,122,0.344,6,,0.344,45,0.022,0.156
4604,岩瀬裕亮,A1,60,7,,,132,0.53,0,,0.53,37,,
5396,近藤来希,B2,0,0,,,141,0.064,6,,0.064,100,0.0,0.02
4903,吉田凌太朗,A1,56,15,,,129,0.543,5,,0.543,40,0.05,0.225
4919,吉田翔悟,B1,17,12,,,83,0.422,0,,0.422,32,,
3081,岡本慎治,B1,20,14,,,61,0.295,6,,0.295,22,,
4176,樋口喜彦,B2,15,13,,,72,0.208,5,,0.208,12,,
4694,高田綾,B1,27,18,,,91,0.33,8,,0.33,24,,
3793,高橋真吾,B1,23,15,,,87,0.218,5,,0.218,33,,
4885,大山千広,A2,25,9,,,54,0.574,0,,0.574,14,,
4274,長畑友輔,B1,28,17,,,100,0.33,0,,0.33,34,,
4515,藤田浩人,A2,54,14,,,125,0.416,4,,0.416,44,0.045,0.25
4914,吉田裕平,A1,41,4,,,127,0.488,5,,0.488,36,,
3618,海野ゆかり,A1,57,21,0.381,飛ぶ,114,0.43,4,,0.43,36,,
4760,山崎郡,A1,72,14,,,141,0.56,0,,0.56,38,,
3776,横井健太,B1,22,21,,,99,0.131,3,,0.131,32,,
3313,本吉正樹,B1,25,16,,,90,0.222,6,,0.222,27,,
4239,竹田辰也,A1,58,17,,,109,0.413,5,,0.413,30,,
5307,富永夏哉人,B1,29,13,,,103,0.282,5,,0.282,29,,
4434,田中辰彦,A2,55,18,,,113,0.504,10,,0.504,31,,
5074,大澤誠也,B1,28,15,,,100,0.26,0,,0.26,32,,
4487,三原司,B1,26,15,,,104,0.288,10,,0.288,27,,
4064,原田篤志,A1,65,12,,,113,0.575,9,,0.575,34,,
4100,松田隆司,B1,30,12,,,109,0.413,0,,0.413,28,,
3719,辻栄蔵,A1,47,17,,,121,0.537,0,,0.537,36,,
4997,濱崎寿里矢,B2,15,12,,,62,0.177,5,,0.177,16,,
4757,山田祐也,A1,58,15,,,117,0.538,6,,0.538,35,,
4252,松下哲也,B1,27,18,,,112,0.304,0,,0.304,32,,
5336,瀬川大地,B1,14,10,,,76,0.092,5,,0.092,26,,
4431,石塚裕介,B1,24,11,,,87,0.23,8,,0.23,31,,
5019,柴田百恵,B1,28,19,,,80,0.35,4,,0.35,22,,
3024,西島義則,B2,96,50,0.36,飛ぶ,3,,0,,,1,,
3568,木村光宏,B1,30,17,,,86,0.267,20,,0.267,18,,
3994,小野桜,B1,27,17,,,84,0.357,6,,0.357,20,,
3361,岡部浩,B1,25,20,,,79,0.177,6,,0.177,31,,
4686,丸野一樹,A1,49,11,,,110,0.482,0,,0.482,36,,
3999,大瀧明日香,A2,60,20,0.65,残す,125,0.44,2,,0.44,33,,
4680,後藤美翼,A2,37,25,,,101,0.465,0,,0.465,23,,
4151,下河誉史,B1,40,19,,,100,0.3,1,,0.3,13,,
3874,山本寛久,A2,52,17,,,113,0.566,0,,0.566,35,,
5002,上田健太,A2,50,20,0.45,中間,114,0.421,5,,0.421,41,0.049,0.244
4003,表憲一,B1,29,17,,,94,0.457,0,,0.457,33,,
5255,藤原仙二,A1,47,14,,,125,0.576,14,,0.576,40,0.225,0.25
3507,藤井徹,B1,27,18,,,76,0.171,7,,0.171,6,,
3859,多羅尾達之,B1,29,21,,,87,0.218,6,,0.218,29,,
4459,片岡雅裕,A2,52,19,,,120,0.342,23,,0.342,44,0.091,0.205
4183,宇野弥生,B1,40,9,,,109,0.284,5,,0.284,39,,
5318,河内一馬,B1,20,15,,,109,0.174,5,,0.174,42,0.048,0.024
4376,藤田靖弘,A2,54,18,,,133,0.406,12,,0.406,47,0.128,0.064
5408,,,0,0,,,73,0.055,7,,0.055,62,0.0,0.065
5414,中澤英里,B2,0,0,,,34,0.029,0,,0.029,34,,
3333,丸尾義孝,A1,59,22,0.636,残す,129,0.488,4,,0.488,32,,
5361,植竹玲奈,B1,3,3,,,122,0.148,9,,0.148,51,0.02,0.118
3930,岸本隆,A2,41,20,0.45,中間,114,0.316,5,,0.316,33,,
4435,服部達哉,A2,29,15,,,91,0.418,1,,0.418,30,,
4082,濱崎誠,B1,30,16,,,119,0.42,0,,0.42,35,,
5349,宮崎奏磨,B2,4,4,,,141,0.014,0,,0.014,61,0.0,0.0
3659,藤生雄人,A2,31,15,,,88,0.443,5,,0.443,24,,
4370,山口達也,A1,67,24,0.333,飛ぶ,102,0.48,5,,0.48,31,,
4002,古結宏,A1,58,21,0.524,中間,110,0.545,9,,0.545,25,,
4224,大橋栄里佳,B1,35,17,,,112,0.411,0,,0.411,34,,
4288,永田啓二,A1,74,21,0.571,残す,125,0.632,8,,0.632,37,,
3302,谷川里江,B1,22,14,,,67,0.284,4,,0.284,19,,
3940,飯山泰,A1,68,29,0.69,残す,131,0.527,0,,0.527,40,0.15,0.2
4788,小池哲也,A2,53,20,0.35,飛ぶ,115,0.504,1,,0.504,27,,
4120,柘植政浩,A2,54,15,,,129,0.45,10,,0.45,36,,
5271,杉山太陽,B1,19,14,,,92,0.217,4,,0.217,31,,
3848,川上聡介,B1,33,20,,,116,0.353,11,,0.353,39,,
4010,越智照浩,B1,22,12,,,91,0.253,13,,0.253,19,,
4369,丹下将,A2,51,22,0.409,中間,129,0.45,4,,0.45,38,,
4889,後藤盛也,B1,27,12,,,82,0.22,0,,0.22,29,,
3589,西村勝,B1,25,13,,,87,0.241,0,,0.241,26,,
4933,板橋侑我,A2,41,8,,,98,0.51,2,,0.51,30,,
4090,中村尊,B2,37,13,,,95,0.463,5,,0.463,38,,
4651,佐藤大騎,B1,19,14,,,95,0.179,0,,0.179,28,,
3878,胡本悟志,B1,21,14,,,87,0.264,5,,0.264,25,,
4987,島倉都,B1,25,15,,,92,0.239,0,,0.239,29,,
3643,米田隆弘,B1,35,16,,,96,0.333,5,,0.333,28,,
3572,安田政彦,B1,45,27,0.444,中間,116,0.293,16,,0.293,24,,
3997,北村征嗣,A1,71,22,0.545,中間,135,0.519,8,,0.519,32,,
4817,渡邉翼,A1,43,12,,,93,0.484,5,,0.484,32,,
3953,志道吉和,B2,18,11,,,69,0.101,5,,0.101,22,,
4436,渋谷明憲,A1,47,15,,,112,0.536,4,,0.536,37,,
3973,崎利仁,B1,33,25,,,113,0.257,0,,0.257,36,,
4750,井上尚悟,B1,24,14,,,94,0.319,0,,0.319,19,,
4384,鶴本崇文,A1,61,22,0.636,残す,116,0.517,0,,0.517,36,,
5461,板頭里緒,B2,0,0,,,31,0.0,0,,0.0,31,,
5335,森陽多,B1,10,7,,,102,0.118,15,,0.118,44,0.045,0.023
4258,関根彰人,B1,30,18,,,101,0.267,5,,0.267,31,,
3663,木山和幸,B1,44,21,0.619,残す,111,0.396,8,,0.396,33,,
4456,鎌倉涼,A1,57,12,,,104,0.462,7,,0.462,28,,
4259,真庭明志,A2,51,18,,,117,0.385,6,,0.385,36,,
4892,柴田直哉,B1,26,15,,,105,0.333,0,,0.333,33,,
4143,浦田晃嗣,B1,19,13,,,92,0.25,11,,0.25,21,,
5189,藤原早菜,A2,39,22,,,112,0.446,0,,0.446,33,,
5389,恵良琴美,B1,0,0,,,182,0.082,9,,0.082,118,0.017,0.042
4951,新田洋一,B1,38,19,,,102,0.382,4,,0.382,32,,
4574,東潤樹,A2,35,17,,,111,0.396,4,,0.396,32,,
4779,伊倉光,B1,27,15,,,97,0.361,6,,0.361,25,,
5219,森口和紀,B1,21,11,,,92,0.326,8,,0.326,33,,
4925,森悠稀,A2,41,19,,,110,0.391,12,,0.391,35,,
4373,若狭奈美子,A1,61,27,0.519,中間,111,0.468,5,,0.468,37,,
5370,日隈茜,B2,0,0,,,110,0.009,8,,0.009,66,0.0,0.0
3535,渡修平,B1,27,14,,,96,0.208,8,,0.208,28,,
4214,林祐介,B1,44,16,,,101,0.416,6,,0.416,31,,
5346,中村紋夕梨,B1,5,5,,,136,0.11,0,,0.11,54,0.0,0.019
4854,大橋由珠,B2,17,13,,,61,0.311,5,,0.311,19,,
4057,松井賢治,A2,48,19,,,127,0.386,2,,0.386,36,,
5086,本村大,B1,23,10,,,89,0.225,3,,0.225,21,,
5412,久保田凪紗,B2,0,0,,,158,0.032,6,,0.032,110,0.009,0.018
3910,松下知幸,B1,29,19,,,96,0.219,17,,0.219,28,,
4097,貫地谷直人,B1,17,16,,,87,0.253,9,,0.253,23,,
4523,中村辰也,A2,40,19,,,97,0.423,7,,0.423,27,,
5070,中島航,B1,21,14,,,72,0.208,4,,0.208,24,,
4054,福嶋智之,B1,34,18,,,111,0.261,4,,0.261,43,0.07,0.07
4158,木場雄二郎,B1,30,9,,,106,0.311,5,,0.311,35,,
5075,中島秀治,A2,50,29,0.31,飛ぶ,134,0.552,0,,0.552,44,0.114,0.25
4776,竹田和哉,A1,66,13,,,131,0.511,19,,0.511,39,,
4590,渡邉優美,A1,62,22,0.545,中間,119,0.521,9,,0.521,37,,
4886,入海馨,A2,42,12,,,111,0.541,4,,0.541,39,,
4503,上野真之介,A1,65,10,,,130,0.631,6,,0.631,34,,
3566,川添英正,B1,30,16,,,99,0.313,5,,0.313,24,,
5464,宮田栞,B2,0,0,,,28,0.0,0,,0.0,27,,
5303,土井歩夢,A2,32,15,,,110,0.464,0,,0.464,32,,
5027,重冨勇哉,B1,27,18,,,109,0.339,10,,0.339,35,,
4401,小林泰,A2,42,14,,,104,0.365,5,,0.365,32,,
5151,山下奈緒,B1,22,17,,,92,0.152,0,,0.152,30,,
4186,小川時光,B1,22,17,,,77,0.143,1,,0.143,19,,
3641,一瀬明,A1,49,21,0.476,中間,129,0.465,9,,0.465,29,,
4348,宮崎奨,A2,47,24,0.458,中間,123,0.463,34,0.529,0.529,40,0.125,0.2
4457,神田達也,B1,24,16,,,94,0.33,0,,0.33,30,,
5013,山下夏鈴,B1,38,15,,,113,0.407,5,,0.407,30,,
4509,平見真彦,A2,44,20,0.4,中間,115,0.47,6,,0.47,39,,
4530,小野生奈,A1,57,12,,,102,0.529,12,,0.529,30,,
4659,木下翔太,A1,60,12,,,121,0.537,7,,0.537,32,,
4475,末永祐輝,A1,55,20,0.55,残す,114,0.482,9,,0.482,36,,
4055,吉田俊彦,A2,57,18,,,131,0.519,5,,0.519,23,,
4994,山本梨菜,A2,53,19,,,109,0.477,9,,0.477,33,,
3857,阿波勝哉,B1,18,12,,,122,0.361,2,,0.361,65,0.092,0.092
3289,高橋淳美,B2,22,20,,,56,0.143,0,,0.143,14,,
4234,野相弘司,B1,23,12,,,87,0.253,0,,0.253,24,,
4828,松山将吾,A1,48,19,,,104,0.548,7,,0.548,35,,
5392,安武一也,B2,0,0,,,155,0.026,10,,0.026,107,0.009,0.009
5180,藤本紗弥香,B2,8,7,,,45,0.267,0,,0.267,12,,
3992,関口智久,B1,30,16,,,89,0.382,2,,0.382,32,,
5157,市川健太,B1,35,18,,,110,0.227,9,,0.227,35,,
3974,深山祐二,B1,20,15,,,75,0.213,0,,0.213,19,,
4943,八木治樹,B1,22,13,,,80,0.225,0,,0.225,23,,
4823,中村桃佳,A2,44,13,,,103,0.524,25,0.64,0.64,34,,
5103,芝田京介,B2,16,12,,,79,0.228,4,,0.228,36,,
4623,中北将史,B1,34,16,,,113,0.265,3,,0.265,25,,
3722,西村秀樹,B1,21,20,,,89,0.146,5,,0.146,29,,
5161,登玉隼百,A2,39,10,,,112,0.482,5,,0.482,38,,
3964,宮地博士,B1,24,17,,,90,0.2,5,,0.2,25,,
5249,三木晴斗,B1,32,21,,,102,0.343,10,,0.343,36,,
5182,宮崎安奈,B1,29,20,,,85,0.341,4,,0.341,31,,
4615,板倉敦史,B1,21,14,,,91,0.297,5,,0.297,20,,
5297,南彩寧,B1,20,15,,,107,0.103,0,,0.103,26,,
3686,鳥居塚孝博,A2,50,16,,,126,0.468,0,,0.468,38,,
3912,川原正明,B1,45,10,,,116,0.345,5,,0.345,35,,
4607,鶴田勇雄,A2,52,24,0.458,中間,133,0.451,6,,0.451,42,0.048,0.19
4512,高野哲史,A1,66,9,,,137,0.489,0,,0.489,38,,
5340,樋江井舞,B1,7,6,,,159,0.252,15,,0.252,60,0.067,0.067
3892,草場康幸,B1,31,12,,,98,0.296,4,,0.296,25,,
5386,米玉利大悟,B1,16,13,,,131,0.13,14,,0.13,66,0.03,0.076
4470,平田健之佑,A2,46,15,,,97,0.577,4,,0.577,33,,
5028,原田才一郎,A1,57,12,,,113,0.478,3,,0.478,32,,
3661,柳瀬興志,A2,47,27,0.37,飛ぶ,110,0.327,4,,0.327,37,,
5147,田中勇輔,B1,20,15,,,71,0.197,4,,0.197,24,,
4208,三浦永理,A1,62,19,,,120,0.608,8,,0.608,34,,
3717,立間充宏,A2,30,12,,,92,0.38,7,,0.38,37,,
3517,高橋勲,B1,32,16,,,93,0.484,3,,0.484,13,,
4083,福島勇樹,A1,57,10,,,118,0.627,2,,0.627,27,,
4558,宮野仁,B1,23,13,,,96,0.219,6,,0.219,29,,
5243,三馬崇史,B1,38,20,,,114,0.412,6,,0.412,29,,
5079,大石真央,B1,28,16,,,103,0.291,5,,0.291,34,,
3499,市川哲也,A1,52,12,,,100,0.44,4,,0.44,26,,
3415,松井繁,A1,56,17,,,99,0.414,3,,0.414,14,,
3615,横田茂,B1,32,20,,,101,0.178,5,,0.178,27,,
4317,木村紗友希,B1,27,14,,,96,0.177,5,,0.177,25,,
4393,田中孝明,B1,24,13,,,100,0.21,0,,0.21,32,,
4502,遠藤エミ,A1,59,19,,,110,0.6,5,,0.6,34,,
3432,宮迫暢彦,B1,28,21,,,100,0.27,3,,0.27,27,,
3306,武田正紀,B1,29,24,,,88,0.227,0,,0.227,24,,
5295,田上凜,B1,17,10,,,128,0.312,25,0.4,0.4,60,0.083,0.067
4526,池田雄祐,A2,33,13,,,96,0.365,4,,0.365,27,,
4243,西村歩,B1,44,21,0.524,中間,112,0.411,7,,0.411,40,0.15,0.15
4983,前田篤哉,A1,66,19,,,118,0.534,0,,0.534,38,,
4006,小野勇作,B1,27,17,,,98,0.337,0,,0.337,22,,
3159,江口晃生,A1,57,27,0.519,中間,0,,0,,,0,,
3621,天野晶夫,A2,30,18,,,84,0.381,4,,0.381,25,,
5106,山崎祥,A2,31,17,,,97,0.454,4,,0.454,28,,
4635,峰重力也,A2,28,13,,,82,0.341,7,,0.341,27,,
4893,渡邉真奈美,B1,27,17,,,83,0.361,5,,0.361,23,,
4225,土屋千明,A2,43,17,,,81,0.407,0,,0.407,27,,
5368,宮崎心之介,B1,14,4,,,120,0.358,13,,0.358,56,0.054,0.179
4528,黒井達矢,A1,46,9,,,111,0.568,0,,0.568,30,,
4009,小林一樹,A2,45,17,,,101,0.396,4,,0.396,23,,
3944,山口裕二,A1,47,17,,,118,0.466,5,,0.466,29,,
5073,上原健次郎,A2,36,20,,,98,0.408,0,,0.408,33,,
5082,一色凌雅,B1,30,16,,,118,0.466,3,,0.466,39,,
4335,若林将,A1,59,12,,,109,0.569,0,,0.569,36,,
5333,山下智己,B2,13,4,,,78,0.282,0,,0.282,24,,
5143,常盤海心,B1,21,19,,,105,0.305,15,,0.305,29,,
3853,岩崎正哉,A2,46,12,,,113,0.292,6,,0.292,33,,
4563,齋藤真之,B1,20,7,,,88,0.17,3,,0.17,22,,
4344,新田雄史,A1,53,15,,,106,0.632,3,,0.632,27,,
4163,山崎裕司,A2,59,21,0.429,中間,125,0.36,4,,0.36,33,,
4121,富永修一,A2,42,19,,,103,0.447,9,,0.447,42,0.024,0.214
4297,山田哲也,A1,45,12,,,118,0.475,6,,0.475,30,,
4096,石橋道友,A1,48,12,,,99,0.505,6,,0.505,29,,
5191,飛田江己,A1,58,12,,,137,0.555,4,,0.555,39,,
4718,北川太一,A2,48,21,0.333,飛ぶ,104,0.51,6,,0.51,34,,
4735,角山雄哉,B1,28,16,,,99,0.364,4,,0.364,28,,
3787,天野誠,B1,22,16,,,81,0.123,6,,0.123,22,,
3583,齋藤智裕,B1,22,20,,,83,0.169,6,,0.169,27,,
5359,佐藤世那,B1,24,16,,,92,0.304,10,,0.304,30,,
4150,山田雄太,A2,41,16,,,111,0.396,4,,0.396,37,,
4957,竹之内極,B1,30,13,,,113,0.363,0,,0.363,34,,
5186,遠藤圭吾,B1,23,13,,,83,0.253,5,,0.253,30,,
4467,渡邉俊介,A1,53,20,0.55,残す,131,0.542,0,,0.542,32,,
5067,山田真聖,B1,21,8,,,98,0.337,3,,0.337,22,,
4112,大久保信一郎,A2,33,12,,,114,0.447,5,,0.447,32,,
5338,香月大輝,B1,11,6,,,152,0.224,0,,0.224,54,0.037,0.111
4533,峰重侑治,B1,18,9,,,69,0.391,6,,0.391,23,,
4545,岡村慶太,A1,58,8,,,119,0.546,0,,0.546,45,0.133,0.267
3072,西田靖,B1,44,28,0.357,飛ぶ,0,,0,,,0,,
4714,喜多須杏奈,B1,26,15,,,95,0.411,11,,0.411,22,,
4631,新井英孝,B1,28,11,,,103,0.359,5,,0.359,29,,
5211,高井駿弥,B1,21,18,,,95,0.242,5,,0.242,23,,
4709,岡村将也,A2,43,24,0.417,中間,111,0.505,0,,0.505,38,,
4103,山崎善庸,B1,28,21,,,87,0.184,5,,0.184,30,,
5446,長嶺真李愛,B2,0,0,,,27,0.0,0,,0.0,27,,
5120,山本稔太朗,B1,31,13,,,76,0.276,6,,0.276,20,,
4346,前田健太郎,B1,31,17,,,113,0.265,7,,0.265,38,,
3548,室田泰史,A2,55,23,0.391,中間,135,0.385,0,,0.385,37,,
3982,福田理,B1,28,20,,,92,0.228,8,,0.228,24,,
4611,今井美亜,A1,48,10,,,114,0.412,5,,0.412,34,,
4811,向井田佑紀,B1,30,19,,,114,0.36,0,,0.36,25,,
3932,池田浩美,B1,24,14,,,76,0.197,4,,0.197,28,,
4409,坂元浩仁,A1,53,12,,,112,0.536,4,,0.536,36,,
4110,小澤和也,B1,27,18,,,89,0.27,4,,0.27,23,,
4237,大峯豊,A1,59,19,,,119,0.538,5,,0.538,29,,
4675,井手良太,A2,25,13,,,84,0.476,5,,0.476,26,,
5321,一色颯輝,B1,20,12,,,79,0.468,0,,0.468,30,,
5078,山川波乙,B1,27,11,,,98,0.265,7,,0.265,28,,
3885,久田武,A2,38,15,,,107,0.374,2,,0.374,32,,
4359,横川聖志,A2,36,20,,,98,0.408,2,,0.408,33,,
5000,岡本翔太郎,B1,25,13,,,99,0.242,5,,0.242,32,,
3503,堂原洋史,B1,26,19,,,95,0.179,0,,0.179,27,,
5018,竹下大樹,A1,72,14,,,135,0.511,8,,0.511,32,,
5209,小野京平,B1,10,8,,,66,0.167,0,,0.167,26,,
4313,西村美智子,A2,26,9,,,72,0.375,22,,0.375,27,,
4809,外崎悟,A1,37,17,,,98,0.429,7,,0.429,30,,
4287,今井貴士,A2,45,16,,,104,0.423,4,,0.423,39,,
4600,井内将太郎,A1,45,13,,,107,0.523,0,,0.523,31,,
5042,畑田汰一,A1,52,17,,,121,0.537,0,,0.537,27,,
5283,植木美帆,B2,11,8,,,66,0.091,0,,0.091,25,,
3740,大澤普司,A1,54,21,0.714,残す,123,0.512,9,,0.512,38,,
3807,岡部哲,B1,29,19,,,104,0.231,3,,0.231,30,,
5421,原田朱理,B2,0,0,,,78,0.026,6,,0.026,66,0.015,0.0
3948,大町利克,B1,22,15,,,89,0.169,0,,0.169,31,,
5237,永松良教,B2,19,12,,,84,0.298,5,,0.298,37,,
4447,深川麻奈美,B1,40,24,0.333,飛ぶ,115,0.391,5,,0.391,35,,
5276,大島隆乃介,B1,31,19,,,103,0.311,8,,0.311,28,,
4283,石井裕美,B1,26,23,,,83,0.301,3,,0.301,24,,
5270,小玉啓太,B1,24,19,,,102,0.314,0,,0.314,31,,
4773,中川りな,A2,56,23,0.391,中間,122,0.443,5,,0.443,33,,
4985,井本昌也,A1,67,17,,,116,0.466,4,,0.466,33,,
5328,井上慧人,B1,15,11,,,91,0.231,9,,0.231,26,,
3642,大塚浩二,B1,19,12,,,82,0.207,0,,0.207,21,,
5367,赤松咲香,B2,0,0,,,117,0.06,8,,0.06,60,0.017,0.0
5220,青木蓮,A2,55,18,,,127,0.583,5,,0.583,36,,
4573,佐藤翼,A1,45,12,,,121,0.471,0,,0.471,40,0.1,0.2
4908,上田龍星,A1,55,7,,,106,0.509,0,,0.509,29,,
4079,出畑孝典,A2,50,20,0.45,中間,121,0.405,5,,0.405,37,,
4754,松尾充,A2,46,13,,,113,0.496,0,,0.496,33,,
4229,市川美宏,B1,23,16,,,77,0.26,0,,0.26,22,,
4014,片岡恵里,A2,47,18,,,108,0.324,4,,0.324,33,,
4246,喜多那由夏,B1,30,24,,,97,0.227,5,,0.227,25,,
5352,西岡蒼志,B1,22,13,,,132,0.318,19,,0.318,46,0.043,0.109
4017,向井美鈴,B1,40,16,,,108,0.389,4,,0.389,37,,
4024,井口佳典,A1,47,20,0.45,中間,121,0.471,5,,0.471,33,,
3708,岡部貴司,B1,34,19,,,104,0.269,0,,0.269,29,,
3882,新田智彰,B1,30,19,,,110,0.336,11,,0.336,27,,
5344,谷口丞,B1,13,7,,,120,0.342,6,,0.342,49,0.061,0.143
5452,上馬場風依,B2,0,0,,,26,0.0,1,,0.0,26,,
5117,冨名腰桃奈,B1,16,12,,,72,0.222,5,,0.222,24,,
5278,田中駿兵,A1,65,9,,,129,0.597,10,,0.597,43,0.302,0.14
5440,薗頭心,B2,0,0,,,94,0.043,0,,0.043,93,0.043,0.0
4131,原豊土,B1,35,12,,,97,0.505,4,,0.505,32,,
4433,川野芽唯,A1,66,15,,,121,0.587,12,,0.587,43,0.047,0.372
3820,樫葉次郎,B1,17,16,,,61,0.082,5,,0.082,20,,
4950,高岡竜也,A1,44,8,,,109,0.45,5,,0.45,32,,
4960,黒野元基,A1,60,11,,,125,0.656,0,,0.656,33,,
5356,長谷川暖,B1,18,9,,,101,0.426,0,,0.426,42,0.119,0.19
3801,五反田忍,B1,20,10,,,62,0.371,0,,0.371,17,,
4902,山川雄大,B1,32,19,,,115,0.4,0,,0.4,28,,
4663,籾山佳岳,B2,11,3,,,33,0.424,0,,0.424,11,,
5129,山口真喜子,A2,34,17,,,104,0.442,8,,0.442,33,,
5192,中尾優香,B1,29,15,,,97,0.33,13,,0.33,38,,
5437,中澤里桜,B2,0,0,,,81,0.049,25,0.08,0.08,80,0.025,0.025
3158,島川光男,A2,50,20,0.55,残す,110,0.473,0,,0.473,31,,
5156,坂野さくら,B1,27,18,,,99,0.404,4,,0.404,30,,
3551,藤田美代,B1,21,16,,,79,0.152,4,,0.152,19,,
5181,森智哉,B1,24,11,,,90,0.378,5,,0.378,26,,
4261,岡祐臣,A2,56,19,,,124,0.476,0,,0.476,44,0.136,0.205
4330,奈須啓太,A2,47,16,,,109,0.459,5,,0.459,29,,
5167,小川竜太朗,B1,29,20,,,91,0.33,0,,0.33,25,,
4022,待鳥雄紀,B1,23,14,,,86,0.233,7,,0.233,20,,
4688,永井彪也,A1,54,16,,,121,0.479,9,,0.479,42,0.071,0.167
3811,石田章央,A1,56,20,0.65,残す,124,0.452,5,,0.452,47,0.149,0.106
3346,,,10,9,,,35,0.229,0,,0.229,11,,
5460,早川理稀,B2,0,0,,,43,0.07,9,,0.07,43,0.0,0.07
4174,赤坂俊輔,A1,70,22,0.227,飛ぶ,114,0.5,15,,0.5,11,,
4482,守屋美穂,A1,55,16,,,115,0.452,5,,0.452,29,,
4864,小川日紀太,B1,28,17,,,87,0.276,5,,0.276,21,,
5164,森田梨湖,B2,10,8,,,40,0.05,0,,0.05,9,,
4300,加藤綾,B1,33,20,,,102,0.324,4,,0.324,27,,
5394,福西広太郎,B1,0,0,,,184,0.201,0,,0.201,114,0.026,0.14
4000,松本博昭,A2,64,23,0.652,残す,134,0.418,4,,0.418,40,0.075,0.325
3744,徳増秀樹,A1,65,17,,,129,0.434,4,,0.434,18,,
5302,秋末秦悟,B1,21,12,,,83,0.205,4,,0.205,25,,
4890,石川諒,A2,35,14,,,110,0.491,3,,0.491,33,,
3422,服部幸男,A2,59,20,0.4,中間,120,0.517,0,,0.517,23,,
4834,浜本裕己,A2,51,15,,,126,0.389,6,,0.389,30,,
5296,永田楽,B1,18,12,,,104,0.173,5,,0.173,33,,
5223,森清友翔,B1,28,17,,,114,0.333,0,,0.333,34,,
4803,飯田庄吾,B1,21,16,,,83,0.241,5,,0.241,25,,
4918,川島拓郎,B1,26,9,,,106,0.358,0,,0.358,30,,
4063,市橋卓士,A1,66,19,,,121,0.496,5,,0.496,32,,
5317,長尾萌加,B1,31,22,,,116,0.345,9,,0.345,30,,
4129,宇野博之,B1,28,24,,,97,0.196,5,,0.196,24,,
4784,向井田真紀,B1,17,11,,,67,0.179,5,,0.179,21,,
4624,高田明,A1,45,10,,,115,0.496,3,,0.496,30,,
5102,原田雄次,B1,29,13,,,103,0.32,11,,0.32,32,,
4124,池田雄一,A2,51,21,0.286,飛ぶ,106,0.519,0,,0.519,32,,
4958,溝口海義也,A1,50,17,,,136,0.478,0,,0.478,42,0.024,0.286
5438,星田夢結,B2,0,0,,,100,0.02,0,,0.02,94,0.0,0.021
5369,岡崎凪汰,B1,16,14,,,97,0.103,6,,0.103,48,0.0,0.062
4901,出口舞有子,B1,22,11,,,76,0.303,0,,0.303,16,,
3558,山本浩次,B1,31,15,,,89,0.236,6,,0.236,22,,
5048,眞鳥康太,B1,20,11,,,127,0.354,6,,0.354,72,0.097,0.167
5141,大澤風葵,A1,50,19,,,95,0.537,6,,0.537,25,,
4085,荻野裕介,B1,18,12,,,78,0.462,0,,0.462,29,,
5428,古園井綾南,B2,0,0,,,95,0.0,0,,0.0,91,0.0,0.0
4199,北川潤二,A1,67,18,,,74,0.432,5,,0.432,0,,
5433,米本圭佑,B2,0,0,,,108,0.046,0,,0.046,83,0.012,0.024
4012,中村有裕,A2,43,16,,,102,0.48,5,,0.48,19,,
4362,土屋智則,A1,46,23,0.478,中間,91,0.462,4,,0.462,24,,
5262,鈴木章司,B1,25,21,,,93,0.226,4,,0.226,26,,
5292,佐藤右京,B1,24,18,,,96,0.208,3,,0.208,32,,
4650,,,16,7,,,47,0.468,8,,0.468,14,,
4443,津田裕絵,B1,43,22,0.5,中間,117,0.444,9,,0.444,29,,
4748,渡邉雄朗,A1,56,17,,,116,0.543,0,,0.543,39,,
4904,松本一毅,B1,40,23,0.522,中間,124,0.371,0,,0.371,35,,
4036,金田諭,A1,56,18,,,115,0.539,6,,0.539,42,0.095,0.31
3352,小川晃司,B1,0,0,,,201,0.393,9,,0.393,195,0.092,0.287
5205,刑部亜里紗,A2,45,16,,,126,0.468,9,,0.468,41,0.098,0.195
5402,塚越陸斗,B2,0,0,,,131,0.015,0,,0.015,123,0.008,0.008
5050,木下雄介,A2,38,16,,,105,0.486,4,,0.486,31,,
3550,都築正治,B1,41,18,,,109,0.385,5,,0.385,32,,
3606,川北浩貴,B1,45,30,0.567,残す,108,0.324,8,,0.324,30,,
3863,海老澤泰行,B1,30,22,,,92,0.261,5,,0.261,26,,
4708,半田尚也,B1,23,17,,,91,0.286,0,,0.286,20,,
3746,岡瀬正人,A2,57,24,0.375,飛ぶ,130,0.423,13,,0.423,40,0.05,0.3
4196,田中太一郎,B1,27,19,,,116,0.25,0,,0.25,33,,
4268,和合俊介,B1,13,11,,,69,0.203,6,,0.203,20,,
5398,鐘ヶ江真司,B1,11,7,,,163,0.209,9,,0.209,81,0.0,0.099
4033,伊藤将吉,A2,51,12,,,112,0.518,0,,0.518,38,,
4416,三宅健太,B1,33,24,,,114,0.351,6,,0.351,37,,
4973,栗原直也,B1,39,18,,,107,0.355,3,,0.355,39,,
4269,杉山裕也,A2,60,20,0.55,残す,113,0.54,0,,0.54,28,,
5342,原村百那,B2,1,1,,,132,0.045,0,,0.045,55,0.0,0.018
4614,石倉洋行,A1,64,18,,,127,0.559,4,,0.559,39,,
3370,坪内実,B1,21,13,,,81,0.198,0,,0.198,21,,
4681,太田潮,B1,22,15,,,79,0.19,0,,0.19,27,,
4391,松田祐季,A1,57,15,,,115,0.461,3,,0.461,36,,
3796,長野道臣,B1,28,19,,,103,0.33,0,,0.33,40,0.1,0.075
3895,堀本裕也,B2,13,11,,,48,0.229,0,,0.229,11,,
3334,角ひとみ,A2,54,25,0.28,飛ぶ,115,0.348,3,,0.348,30,,
4678,水野望美,B1,26,9,,,79,0.278,9,,0.278,20,,
4040,廣瀬将亨,A2,49,17,,,118,0.432,5,,0.432,43,0.07,0.14
4730,土屋実沙希,B1,27,16,,,80,0.338,5,,0.338,19,,
5365,石村日奈那,B1,2,2,,,149,0.074,9,,0.074,62,0.0,0.032
4734,安河内将,A1,54,16,,,114,0.57,10,,0.57,32,,
5130,上野拓馬,B1,33,21,,,108,0.315,0,,0.315,38,,
5098,大江純,B1,25,16,,,105,0.371,5,,0.371,26,,
5350,網代良芽,B1,24,20,,,118,0.347,2,,0.347,38,,
3822,平尾崇典,A1,59,18,,,109,0.514,5,,0.514,33,,
4105,松下直也,B1,44,29,0.31,飛ぶ,116,0.405,7,,0.405,32,,
4499,滝川真由子,B1,24,10,,,84,0.345,4,,0.345,23,,
4278,藤岡俊介,A1,67,12,,,124,0.5,4,,0.5,32,,
4974,安井瑞紀,A2,38,20,,,102,0.451,4,,0.451,32,,
4910,中村泰平,A1,63,11,,,113,0.558,7,,0.558,32,,
5379,廣部大明,B1,11,9,,,102,0.157,7,,0.157,68,0.015,0.088
4984,森下愛梨,B1,27,15,,,88,0.443,9,,0.443,42,0.167,0.214
5447,岡本亜子,B2,0,0,,,28,0.0,0,,0.0,28,,
4262,馬場貴也,A1,65,15,,,113,0.496,5,,0.496,38,,
4219,本岡勝利,B1,22,16,,,108,0.204,0,,0.204,25,,
3176,,,20,13,,,57,0.281,0,,0.281,21,,
4520,高倉孝太,A2,32,16,,,107,0.402,0,,0.402,31,,
4560,庄司樹良々,A2,39,15,,,113,0.442,3,,0.442,38,,
4041,小林基樹,B1,22,16,,,76,0.276,8,,0.276,15,,
4703,森永隆,A1,51,20,0.4,中間,109,0.495,0,,0.495,28,,
4277,金田大輔,B1,27,13,,,102,0.343,13,,0.343,30,,
4819,蜂須瑞生,A2,40,16,,,106,0.377,0,,0.377,38,,
3947,寺本昇平,B1,37,25,,,101,0.366,9,,0.366,32,,
5083,柳瀬幹太,B1,26,14,,,89,0.36,0,,0.36,31,,
5065,伊久間陽優,A2,24,12,,,98,0.367,5,,0.367,37,,
4941,孫崎百世,B1,25,17,,,97,0.268,3,,0.268,29,,
3372,加藤雅之,B2,20,17,,,75,0.107,6,,0.107,23,,
4905,土井祥伍,B1,21,13,,,92,0.239,4,,0.239,26,,
4966,田川大貴,B1,43,19,,,120,0.325,6,,0.325,41,0.024,0.098
3620,信濃由行,B1,26,16,,,84,0.25,5,,0.25,20,,
4289,落合直子,A2,44,13,,,110,0.382,8,,0.382,31,,
3256,三角哲男,A1,41,18,,,99,0.495,0,,0.495,29,,
3827,今泉徹,B1,28,24,,,97,0.206,5,,0.206,25,,
4702,三浦敬太,A1,47,16,,,105,0.571,0,,0.571,39,,
5417,小柳勝希,B1,0,0,,,142,0.197,8,,0.197,92,0.033,0.098
4516,野口勝弘,A1,57,21,0.524,中間,130,0.508,0,,0.508,32,,
3832,下田哲也,B2,15,14,,,57,0.193,18,,0.193,24,,
3990,芹澤克彦,B1,27,16,,,106,0.226,6,,0.226,29,,
3497,後藤浩,B1,31,11,,,90,0.244,10,,0.244,25,,
4465,大西賢,B1,21,12,,,79,0.278,4,,0.278,25,,
4856,豊田健士郎,A1,63,17,,,142,0.528,0,,0.528,45,0.133,0.267
5178,成貞琳平,B1,29,18,,,117,0.179,6,,0.179,32,,
5076,石原光,B1,23,11,,,96,0.375,0,,0.375,33,,
5041,荒牧凪沙,B1,24,13,,,91,0.308,3,,0.308,36,,
4136,江夏満,A1,48,16,,,94,0.543,0,,0.543,35,,
5312,川辺郭人,B1,21,14,,,101,0.129,4,,0.129,32,,
5272,松田真実,B1,27,13,,,93,0.226,10,,0.226,27,,
5153,佐藤ほのか,B1,27,24,,,95,0.295,9,,0.295,29,,
5123,福山恵里奈,B1,34,18,,,103,0.165,8,,0.165,31,,
5077,滝沢崚,B1,14,13,,,59,0.271,0,,0.271,12,,
4047,吉永浩則,B1,27,12,,,91,0.198,4,,0.198,28,,
3478,嶋田貴支,B1,29,13,,,102,0.373,15,,0.373,32,,
3934,鋤柄貴俊,B1,36,23,,,118,0.415,4,,0.415,29,,
5014,梶山涼斗,B1,23,14,,,94,0.362,11,,0.362,26,,
3630,黒田誠司,B1,16,14,,,55,0.2,0,,0.2,18,,
4581,吉村誠,A1,56,19,,,128,0.422,4,,0.422,39,,
4775,千葉真弥,A2,34,9,,,78,0.436,0,,0.436,25,,
3327,野長瀬正孝,A2,50,20,0.35,飛ぶ,79,0.557,3,,0.557,4,,
4684,楠原翔太,B1,39,14,,,102,0.373,0,,0.373,35,,
4089,妹尾忠幸,A2,52,16,,,123,0.528,5,,0.528,40,0.1,0.25
5228,若林樹蘭,A2,30,8,,,83,0.434,0,,0.434,27,,
3461,渡邊哲也,B1,12,8,,,64,0.047,5,,0.047,29,,
4172,森定晃史,A2,57,24,0.583,残す,125,0.528,4,,0.528,37,,
4695,尾崎雄二,A2,29,15,,,105,0.333,5,,0.333,30,,
5174,川井萌,B2,14,8,,,41,0.366,6,,0.366,10,,
5169,堀本翔太,B2,13,12,,,57,0.175,0,,0.175,18,,
4421,森作広大,B1,19,16,,,76,0.145,7,,0.145,25,,
5430,鳥本智史,B2,0,0,,,85,0.035,0,,0.035,85,0.024,0.012
3703,鳥飼眞,A2,48,23,0.435,中間,81,0.444,0,,0.444,12,,
4039,村上功祐,B1,43,24,0.5,中間,116,0.362,0,,0.362,42,0.048,0.167
4414,大澤真菜,B1,22,15,,,78,0.179,0,,0.179,20,,
3800,牧宏次,A2,31,18,,,87,0.299,0,,0.299,28,,
3908,重成一人,A1,65,21,0.333,飛ぶ,120,0.517,16,,0.517,46,0.043,0.196
5463,出口飛龍,B2,0,0,,,30,0.0,0,,0.0,30,,
3684,清水攻二,A2,40,19,,,106,0.415,0,,0.415,30,,
5033,藤原孝斗,B1,22,15,,,90,0.189,4,,0.189,28,,
4483,北野輝季,A1,52,12,,,113,0.531,9,,0.531,33,,
4664,東口晃,B1,18,15,,,74,0.23,2,,0.23,18,,
4897,深見亜由美,B1,26,20,,,90,0.144,6,,0.144,28,,
3584,佐々木英樹,B1,33,25,,,101,0.426,0,,0.426,26,,
3627,井上恵一,A2,40,22,0.636,残す,89,0.36,6,,0.36,8,,
4488,小山勉,A1,53,15,,,107,0.495,0,,0.495,36,,
5006,久保原秀人,B1,19,15,,,97,0.165,0,,0.165,28,,
4793,金子萌,A2,46,15,,,121,0.479,0,,0.479,40,0.175,0.125
3699,富永正人,B1,19,17,,,81,0.321,4,,0.321,32,,
4452,松尾祭,A2,50,25,0.6,残す,118,0.364,19,,0.364,37,,
4924,中北涼,B1,29,23,,,104,0.25,10,,0.25,24,,
5203,神里琴音,B1,25,12,,,92,0.293,11,,0.293,25,,
5390,高橋涼夏,B2,0,0,,,131,0.061,8,,0.061,89,0.011,0.022
4654,篠田優也,A1,48,16,,,111,0.495,7,,0.495,31,,
5313,鈴木唯央,B1,17,13,,,125,0.232,10,,0.232,46,0.087,0.109
3742,宮地秀祈,B1,27,17,,,87,0.253,10,,0.253,21,,
4797,中山将,A1,35,8,,,108,0.583,4,,0.583,38,,
4188,久田敏之,A1,54,10,,,105,0.667,9,,0.667,25,,
4402,乙藤智史,A2,43,13,,,102,0.451,0,,0.451,36,,
5261,岡暢祐,B1,23,14,,,91,0.253,4,,0.253,25,,
4227,安達裕樹,A2,47,13,,,116,0.405,0,,0.405,31,,
5214,田中宏典,B1,27,16,,,93,0.323,7,,0.323,31,,
5118,野田なづき,A2,28,14,,,86,0.43,3,,0.43,28,,
5391,出穂和鼓,B2,0,0,,,139,0.043,0,,0.043,81,0.012,0.025
5031,渡辺空依,B1,22,12,,,96,0.24,8,,0.24,29,,
5066,鈴木孝明,A1,40,16,,,114,0.632,4,,0.632,29,,
4546,浜田亜理沙,B1,41,13,,,84,0.56,5,,0.56,22,,
4947,間庭菜摘,B1,23,14,,,93,0.29,6,,0.29,29,,
3637,齋藤和政,B1,26,18,,,93,0.29,0,,0.29,29,,
3870,寺嶋雄,B1,29,19,,,106,0.311,2,,0.311,31,,
4118,宇佐見淳,A2,59,25,0.64,残す,135,0.526,0,,0.526,45,0.089,0.267
3527,中嶋誠一郎,B1,37,23,,,104,0.356,0,,0.356,27,,
5184,飯塚響,B2,7,4,,,44,0.182,3,,0.182,11,,
5008,羽野諒,B1,23,16,,,88,0.33,4,,0.33,25,,
5072,吉田杏美,B2,9,8,,,32,0.062,0,,0.062,11,,
4557,松尾光広,B1,31,19,,,98,0.265,5,,0.265,38,,
3900,香川素子,A2,48,17,,,112,0.554,5,,0.554,33,,
5004,河野主樹,A2,31,13,,,109,0.349,0,,0.349,34,,
3741,松尾基成,B1,22,14,,,96,0.115,6,,0.115,22,,
3891,谷口健一,B1,29,20,,,107,0.131,0,,0.131,24,,
5291,三嶌こころ,B1,24,19,,,113,0.186,26,0.231,0.231,39,,
4988,牟田奨太,B1,25,12,,,100,0.18,5,,0.18,35,,
4610,佐藤大佑,A1,46,16,,,131,0.435,7,,0.435,41,0.049,0.073
2538,高橋二朗,B1,25,23,,,80,0.15,0,,0.15,21,,
4210,松村康太,A2,51,30,0.5,中間,116,0.491,9,,0.491,32,,
3401,上田隆章,B1,28,15,,,103,0.262,17,,0.262,31,,
5126,山下大輝,A1,53,17,,,120,0.608,0,,0.608,40,0.15,0.25
5125,高井雄基,A2,47,15,,,104,0.375,8,,0.375,37,,
5426,甲斐貴大,B2,0,0,,,113,0.053,9,,0.053,98,0.02,0.031
4857,加藤翔馬,A1,39,9,,,95,0.579,0,,0.579,33,,
4676,後藤隼之,A2,36,20,,,100,0.4,0,,0.4,23,,
4822,百武翔,A2,50,18,,,121,0.438,4,,0.438,42,0.048,0.286
4548,篠木亜衣花,B1,14,11,,,53,0.057,0,,0.057,20,,
5235,岩田凌,B2,10,9,,,50,0.1,0,,0.1,17,,
4566,塩田北斗,A1,45,10,,,113,0.425,4,,0.425,30,,
4945,上村宏太,B1,21,20,,,118,0.297,5,,0.297,31,,
4679,植田太一,A2,53,16,,,120,0.392,1,,0.392,35,,
4601,森野正弘,A1,55,22,0.636,残す,122,0.525,4,,0.525,37,,
3989,熊本英一,B1,24,15,,,97,0.227,0,,0.227,31,,
4408,仁科さやか,B1,18,9,,,78,0.154,1,,0.154,16,,
4547,中田竜太,A1,49,25,0.44,中間,120,0.525,0,,0.525,34,,
3957,大谷直弘,B1,34,23,,,110,0.355,0,,0.355,28,,
4365,盛本真輔,A2,39,19,,,106,0.358,6,,0.358,34,,
4555,富永大一,B1,43,17,,,103,0.369,0,,0.369,37,,
3956,横澤剛治,A2,43,17,,,106,0.472,0,,0.472,26,,
5061,中村駿平,B1,22,16,,,97,0.227,0,,0.227,34,,
4505,島田賢人,A1,40,9,,,112,0.509,0,,0.509,32,,
4220,深川和仁,B1,28,8,,,90,0.244,13,,0.244,21,,
4553,坪口竜也,A2,36,8,,,104,0.433,12,,0.433,24,,
5104,山田丈,A2,33,13,,,87,0.425,0,,0.425,23,,
3339,泉具巳,B1,30,23,,,93,0.323,0,,0.323,28,,
4743,木村仁紀,A1,57,19,,,137,0.547,0,,0.547,38,,
3860,松本浩貴,B1,27,23,,,87,0.172,3,,0.172,28,,
3849,中岡正彦,A1,59,11,,,55,0.6,14,,0.6,5,,
3350,藤本佳史,B1,36,14,,,101,0.327,0,,0.327,29,,
3983,須藤博倫,A1,44,15,,,126,0.468,4,,0.468,36,,
4166,吉田拡郎,A1,68,15,,,128,0.508,3,,0.508,44,0.068,0.341
5114,小林孝彰,B1,57,23,0.522,中間,130,0.392,5,,0.392,51,0.039,0.255
3591,後藤孝義,B1,22,17,,,65,0.092,0,,0.092,17,,
5170,佐藤太亮,B1,26,10,,,90,0.322,4,,0.322,29,,
4723,寺島吉彦,B1,21,14,,,97,0.33,0,,0.33,50,0.08,0.04
4725,佐竹太一,B1,31,17,,,104,0.356,5,,0.356,34,,
3518,倉田郁美,B1,19,17,,,78,0.269,4,,0.269,23,,
4133,高橋正男,A2,49,23,0.522,中間,112,0.518,3,,0.518,40,0.15,0.275
5259,野田昇吾,B2,16,12,,,73,0.178,0,,0.178,24,,
5397,寺田夢生,B2,0,0,,,152,0.013,0,,0.013,123,0.0,0.016
4938,小芦るり華,A1,54,15,,,106,0.481,13,,0.481,28,,
3915,繁野谷圭介,A2,51,17,,,123,0.398,6,,0.398,39,,
4381,田路朋史,A2,50,21,0.476,中間,111,0.351,6,,0.351,28,,
4872,山下流心,B1,36,18,,,118,0.314,10,,0.314,27,,
5188,武井莉里佳,A2,44,17,,,115,0.417,9,,0.417,29,,
4837,酒井陽祐,B1,27,17,,,91,0.385,4,,0.385,23,,
4306,畔柳俊吾,B1,31,23,,,89,0.371,6,,0.371,28,,
4899,占部一真,B1,23,11,,,88,0.261,5,,0.261,22,,
5217,藤原碧生,A1,40,15,,,107,0.523,0,,0.523,43,0.14,0.209
4128,川口貴久,B1,28,17,,,91,0.374,5,,0.374,33,,
4281,大澤大夢,B1,30,11,,,87,0.333,7,,0.333,23,,
4397,西村拓也,A1,59,13,,,119,0.546,0,,0.546,25,,
5152,丸山祐也,B1,20,17,,,82,0.134,8,,0.134,20,,
3949,今出晋二,B1,26,25,,,93,0.161,5,,0.161,29,,
4113,木村浩士,B1,37,19,,,103,0.388,0,,0.388,27,,
5131,江藤敦宏,B1,20,17,,,93,0.226,4,,0.226,16,,
5378,鈴木結平太,B2,0,0,,,151,0.046,0,,0.046,88,0.011,0.023
4632,長尾京志郎,B1,19,12,,,80,0.362,0,,0.362,23,,
3664,鈴木賢一,B1,31,19,,,91,0.286,0,,0.286,29,,
3681,山谷央,B1,26,15,,,75,0.28,4,,0.28,22,,
4831,羽野直也,A1,39,11,,,96,0.521,0,,0.521,29,,
4019,笠原亮,A1,57,15,,,123,0.537,0,,0.537,39,,
4825,倉持莉々,A1,45,14,,,97,0.567,3,,0.567,23,,
4592,小林孝弘,B1,26,20,,,96,0.281,3,,0.281,23,,
5376,吉田一心,B1,18,8,,,109,0.385,0,,0.385,39,,
4441,末永由楽,A2,51,21,0.524,中間,117,0.487,4,,0.487,38,,
4630,岩永雅人,A2,42,20,0.45,中間,101,0.416,5,,0.416,39,,
3616,中村真,B1,27,15,,,90,0.478,5,,0.478,28,,
5281,井上遥妃,A1,43,11,,,110,0.491,12,,0.491,37,,
4154,森安弘雅,B1,37,21,,,99,0.333,17,,0.333,30,,
5429,吉川颯汰,B2,0,0,,,90,0.011,9,,0.011,86,0.0,0.0
5372,上岡巧汰,B2,0,0,,,130,0.054,11,,0.054,113,0.0,0.035
3605,中村守成,B1,29,17,,,93,0.183,5,,0.183,26,,
3867,松浦勝,B1,23,16,,,97,0.175,4,,0.175,24,,
5364,金子怜央,B1,0,0,,,164,0.085,0,,0.085,89,0.022,0.011
4007,榮田将彦,B1,24,13,,,88,0.318,6,,0.318,30,,
5343,小林礼央,B1,4,2,,,171,0.292,4,,0.292,71,0.127,0.099
4295,小坂尚哉,A1,64,14,,,120,0.592,9,,0.592,34,,
4478,櫻本あゆみ,A1,48,19,,,107,0.411,0,,0.411,36,,
3434,松尾宣邦,B1,31,15,,,105,0.305,4,,0.305,30,,
3872,岡田憲行,A2,57,22,0.182,飛ぶ,108,0.407,0,,0.407,36,,
4042,丸岡正典,A2,58,23,0.478,中間,131,0.466,10,,0.466,48,0.104,0.188
4704,河野大,A1,56,17,,,128,0.516,8,,0.516,46,0.13,0.152
4404,岸蔭亮,B1,23,16,,,99,0.162,5,,0.162,31,,
4739,中村晃朋,A1,55,20,0.6,残す,114,0.526,22,,0.526,30,,
3784,中島友和,B1,28,18,,,92,0.348,4,,0.348,28,,
5395,日高龍之介,B1,0,0,,,139,0.101,25,0.2,0.2,82,0.024,0.037
5206,梅原祥平,B1,21,16,,,78,0.256,0,,0.256,27,,
4385,鈴木祐美子,B2,16,13,,,61,0.148,0,,0.148,15,,
5224,西岡顕心,A1,61,15,,,115,0.548,24,,0.548,41,0.171,0.317
3233,小畑実成,B1,31,20,,,102,0.255,0,,0.255,29,,
3963,原田秀弥,A2,45,23,0.304,飛ぶ,103,0.379,5,,0.379,35,,
4729,佐藤謙史朗,B1,18,13,,,65,0.262,5,,0.262,17,,
5108,柴田愛梨,B2,10,8,,,50,0.1,0,,0.1,14,,
3557,太田和美,A1,76,28,0.714,残す,147,0.51,6,,0.51,42,0.095,0.167
5401,谷海夏人,B2,0,0,,,106,0.104,0,,0.104,104,0.029,0.058
3528,笠野友紀恵,B1,29,23,,,84,0.274,3,,0.274,21,,
4419,原加央理,A2,29,15,,,91,0.451,4,,0.451,22,,
5403,藤山湧太,B2,0,0,,,147,0.082,9,,0.082,110,0.027,0.027
5322,根岸真優,B1,20,17,,,89,0.112,0,,0.112,27,,
4653,小野達哉,A1,54,10,,,100,0.55,10,,0.55,32,,
4169,多田有佑,B1,25,17,,,88,0.182,7,,0.182,26,,
4887,富澤祐作,B1,35,14,,,106,0.34,0,,0.34,33,,
4209,藤田竜弘,A2,45,25,0.32,飛ぶ,109,0.431,5,,0.431,29,,
4400,加藤奈月,B1,26,22,,,91,0.242,9,,0.242,30,,
4167,片岡秀樹,B1,26,19,,,105,0.305,4,,0.305,40,0.05,0.05
4940,白石有美,B2,10,7,,,40,0.2,0,,0.2,15,,
4738,清埜翔子,A2,56,14,,,128,0.328,0,,0.328,40,0.025,0.15
3718,伊達正利,B1,31,11,,,108,0.213,7,,0.213,31,,
4468,大池佑来,A1,48,5,,,114,0.439,3,,0.439,42,0.119,0.119
3297,藤丸光一,B1,30,24,,,39,0.231,4,,0.231,1,,
4173,岡谷健吾,B1,33,14,,,111,0.333,0,,0.333,27,,
3792,田中豪,A1,37,17,,,93,0.505,3,,0.505,26,,
5081,篠原飛翔,A2,49,24,0.375,飛ぶ,105,0.514,7,,0.514,29,,
3532,柴田光,B2,40,15,,,27,0.63,0,,0.63,2,,
4759,今泉友吾,A1,48,10,,,110,0.582,7,,0.582,41,0.146,0.268
5036,福田翔吾,B1,29,15,,,114,0.377,0,,0.377,33,,
4638,小林遼太,B1,30,18,,,101,0.366,0,,0.366,29,,
4564,山本景士郎,B1,29,22,,,100,0.3,4,,0.3,26,,
5137,川原涼,A2,24,10,,,108,0.417,0,,0.417,52,0.077,0.135
4080,山崎哲司,B2,15,1,,,37,0.459,0,,0.459,13,,
5360,高木茉白,B1,9,5,,,108,0.13,0,,0.13,48,0.042,0.062
4583,古田祐貴,B1,48,21,0.524,中間,119,0.361,17,,0.361,41,0.024,0.22
5244,黒田剛,B1,19,12,,,83,0.181,4,,0.181,24,,
3543,福田雅一,B1,24,13,,,78,0.346,6,,0.346,18,,
4407,鹿島敏弘,B1,34,20,,,109,0.349,0,,0.349,32,,
4052,興津藍,A2,50,12,,,120,0.342,5,,0.342,38,,
4998,中村かなえ,B2,8,4,,,39,0.333,0,,0.333,8,,
4598,加藤政彦,B1,44,20,0.55,残す,117,0.376,5,,0.376,42,0.048,0.095
4737,竹井貴史,A1,62,18,,,109,0.688,6,,0.688,34,,
4171,榎幸司,A2,61,17,,,124,0.427,5,,0.427,46,0.174,0.239
4772,石丸海渡,A1,51,15,,,107,0.542,20,,0.542,34,,
4761,山田晃大,A2,51,18,,,118,0.314,10,,0.314,40,0.05,0.175
4527,高野心吾,B1,25,15,,,94,0.181,0,,0.181,23,,
4959,井上忠政,A1,55,11,,,128,0.539,5,,0.539,38,,
4540,相原利章,A2,39,20,,,98,0.367,6,,0.367,37,,
4251,川崎誠志,B1,27,18,,,113,0.274,0,,0.274,40,0.025,0.175
5471,田中結,B2,0,0,,,39,0.0,0,,0.0,39,,
3212,亀本勇樹,B1,30,19,,,72,0.306,5,,0.306,12,,
5251,沼田七華,B2,13,13,,,48,0.0,4,,0.0,18,,
4175,川尻泰輔,A2,35,10,,,94,0.436,0,,0.436,26,,
3319,山崎義明,A2,36,23,,,111,0.468,10,,0.468,30,,
5052,赤井星璃菜,B1,13,9,,,53,0.17,5,,0.17,18,,
5325,澁川夏,B1,26,14,,,132,0.311,15,,0.311,46,0.022,0.174
4589,塩崎桐加,B1,23,10,,,79,0.278,0,,0.278,21,,
5248,本田愛,B1,21,19,,,100,0.31,0,,0.31,36,,
3995,重野哲之,A2,47,10,,,94,0.543,0,,0.543,29,,
4711,前出達吉,A2,40,21,0.571,残す,115,0.47,0,,0.47,31,,
4315,山崎昂介,B1,26,15,,,102,0.324,7,,0.324,27,,
5176,石倉拓美,B2,7,6,,,46,0.022,5,,0.022,18,,
4519,清水沙樹,B1,24,10,,,65,0.369,0,,0.369,15,,
4956,齊藤大将,B1,12,7,,,41,0.268,3,,0.268,10,,
4093,吉田宗弘,B1,32,22,,,98,0.184,5,,0.184,22,,
3897,白井英治,A1,44,15,,,104,0.462,4,,0.462,30,,
5054,佐々木大河,A1,37,8,,,111,0.532,6,,0.532,27,,
5165,小林愛実,B1,26,18,,,99,0.313,5,,0.313,32,,
4672,守屋大地,B1,26,24,,,107,0.28,6,,0.28,29,,
4506,稗田聖也,A1,44,15,,,111,0.532,0,,0.532,31,,
4835,橋本明,B1,30,16,,,110,0.364,5,,0.364,33,,
5107,松本真広,B1,17,8,,,86,0.326,0,,0.326,29,,
5166,仲道大輔,A2,49,19,,,111,0.505,2,,0.505,36,,
4440,萩原知哉,B1,25,17,,,99,0.283,0,,0.283,24,,
4461,安田吉宏,B1,29,21,,,96,0.312,0,,0.312,29,,
4771,下寺秀和,A1,66,14,,,120,0.533,0,,0.533,32,,
3737,上平真二,A1,55,16,,,104,0.5,4,,0.5,30,,
4500,山田康二,A1,56,9,,,112,0.5,4,,0.5,34,,
3993,永井聖美,B1,32,22,,,91,0.374,0,,0.374,19,,
4264,長尾章平,A1,64,19,,,123,0.602,5,,0.602,30,,
4538,笠置博之,A1,35,19,,,127,0.512,7,,0.512,46,0.087,0.087
4948,木場悠介,B1,32,15,,,98,0.357,5,,0.357,29,,
3304,烏野賢太,A1,54,20,0.45,中間,124,0.395,11,,0.395,35,,
4992,廣瀬篤哉,B1,29,11,,,111,0.234,0,,0.234,35,,
4642,松尾夏海,A2,54,9,,,106,0.566,26,0.538,0.538,27,,
4241,大串重幸,A2,43,18,,,111,0.441,0,,0.441,33,,
4245,高橋直哉,B1,28,19,,,93,0.258,10,,0.258,32,,
4720,西澤日花里,B1,23,15,,,87,0.241,0,,0.241,28,,
3430,角浜修,B1,29,16,,,106,0.217,9,,0.217,25,,
4727,安部慎一,B1,23,14,,,95,0.295,0,,0.295,23,,
3362,間嶋仁志,B1,43,23,0.348,飛ぶ,36,0.333,4,,0.333,0,,
5422,真田聖也,B2,0,0,,,87,0.011,0,,0.011,75,0.0,0.0
3576,白水勝也,A1,54,23,0.565,残す,99,0.677,3,,0.677,26,,
5112,砂長知輝,A1,52,13,,,115,0.522,8,,0.522,36,,
3614,谷勝幸,B1,29,24,,,107,0.215,0,,0.215,25,,
3837,秋山広一,A2,45,10,,,107,0.458,22,,0.458,35,,
5329,金子龍斗,B1,17,11,,,114,0.351,10,,0.351,36,,
4331,三好勇人,A2,41,10,,,110,0.355,20,,0.355,22,,
3454,井川大作,B1,35,23,,,94,0.351,10,,0.351,33,,
5374,木山大聖,B1,0,0,,,160,0.15,0,,0.15,69,0.014,0.116
3901,松田憲幸,B2,15,5,,,66,0.318,3,,0.318,12,,
4116,川田正人,B1,37,24,,,124,0.363,9,,0.363,34,,
4746,大豆生田蒼,B1,27,10,,,76,0.447,4,,0.447,27,,
3381,滝沢芳行,B1,29,19,,,97,0.433,9,,0.433,17,,
5455,澁澤周羽,B2,0,0,,,36,0.028,0,,0.028,36,,
5316,村松将平,B1,18,7,,,121,0.421,0,,0.421,39,,
5207,高山敬悟,B1,21,8,,,94,0.34,6,,0.34,29,,
4794,和田拓也,A1,36,6,,,84,0.595,0,,0.595,20,,
5218,山田理央,A1,49,13,,,126,0.524,32,0.562,0.562,36,,
3523,寳田亮治,B1,21,16,,,86,0.267,2,,0.267,31,,
5222,津田陸翔,A1,50,16,,,108,0.491,10,,0.491,32,,
4789,古賀智之,A2,37,14,,,108,0.389,7,,0.389,33,,
2878,富山弘幸,B1,39,22,,,92,0.435,0,,0.435,14,,
5404,内田壮,B1,0,0,,,150,0.087,9,,0.087,130,0.015,0.069
4808,松尾拓,A2,43,10,,,124,0.46,5,,0.46,36,,
4325,新出浩司,B1,31,22,,,87,0.299,5,,0.299,29,,
3961,谷村一哉,A1,39,10,,,84,0.631,0,,0.631,30,,
3918,深井利寿,A1,52,20,0.5,中間,124,0.556,4,,0.556,45,0.156,0.267
5256,中山翔太,A1,57,12,,,123,0.537,0,,0.537,35,,
4030,森高一真,A1,47,20,0.45,中間,133,0.459,12,,0.459,34,,
5284,嘉手苅徹哉,B2,9,6,,,80,0.212,5,,0.212,22,,
4257,古川健,B1,27,15,,,91,0.352,0,,0.352,28,,
3539,金子順一,B1,31,22,,,99,0.172,3,,0.172,16,,
4894,原村拓也,B1,32,17,,,121,0.314,24,,0.314,32,,
4786,佐藤博亮,A1,63,18,,,129,0.55,5,,0.55,39,,
4484,稲生夏季,B1,27,16,,,90,0.356,0,,0.356,30,,
5022,伊藤尚汰,B1,20,15,,,93,0.258,0,,0.258,24,,
3448,高山秀雄,B1,24,14,,,72,0.25,0,,0.25,18,,
4636,赤池修平,B1,24,18,,,85,0.2,5,,0.2,28,,
4861,田中宏樹,A2,29,11,,,107,0.364,6,,0.364,40,0.025,0.175
3946,赤岩善生,A1,68,24,0.542,中間,40,0.45,5,,0.45,4,,
3928,林恵祐,B1,27,14,,,99,0.172,0,,0.172,27,,
4906,鈴木雅希,A2,35,21,,,110,0.409,0,,0.409,32,,
3653,品川賢次,B2,21,14,,,59,0.373,0,,0.373,20,,
5419,櫻井隼,B1,0,0,,,141,0.078,0,,0.078,125,0.008,0.072
3752,宇土泰就,B1,27,19,,,100,0.21,0,,0.21,32,,
3978,齊藤仁,A2,50,15,,,125,0.424,0,,0.424,41,0.098,0.195
5015,高橋竜矢,A1,50,5,,,98,0.52,9,,0.52,29,,
3075,中村裕将,B1,31,21,,,97,0.402,0,,0.402,28,,
4301,関裕也,B1,24,17,,,77,0.377,2,,0.377,8,,
5236,小宮涼雅,B1,20,15,,,148,0.257,0,,0.257,53,0.0,0.189
4015,前野竜一,A2,52,23,0.304,飛ぶ,125,0.408,10,,0.408,44,0.068,0.205
4637,中田友也,A2,30,12,,,95,0.442,0,,0.442,27,,
5399,長野未来,B2,0,0,,,141,0.05,0,,0.05,120,0.0,0.05
4508,野間大樹,A2,29,16,,,102,0.422,0,,0.422,31,,
3716,石渡鉄兵,A1,52,21,0.381,飛ぶ,122,0.426,0,,0.426,38,,
4134,杉山貴博,A2,47,22,0.5,中間,114,0.474,7,,0.474,35,,
4798,浜先真範,A1,53,13,,,115,0.443,9,,0.443,32,,
5216,長谷川晴哉,A1,59,22,0.364,飛ぶ,124,0.452,5,,0.452,35,,
4367,山口修路,B1,22,14,,,91,0.264,10,,0.264,27,,
4710,福田宗平,A2,57,17,,,120,0.483,5,,0.483,40,0.1,0.225
3998,冨成謙児,B1,28,17,,,96,0.229,6,,0.229,27,,
4432,黄金井力良,B1,44,23,0.435,中間,116,0.353,0,,0.353,31,,
4228,吉田慎二郎,A2,53,25,0.44,中間,127,0.472,13,,0.472,41,0.122,0.244
5173,谷口佳蓮,B1,30,8,,,105,0.286,39,0.231,0.231,31,,
3482,金子猛志,B1,48,28,0.464,中間,134,0.366,3,,0.366,47,0.128,0.17
3505,山田竜一,A2,45,23,0.478,中間,107,0.318,0,,0.318,33,,
5138,村本大成,B1,14,9,,,57,0.211,0,,0.211,17,,
3623,深川真二,A1,76,20,0.55,残す,0,,0,,,0,,
3986,沖島広和,B1,27,12,,,77,0.312,5,,0.312,28,,
3783,瓜生正義,A1,56,29,0.448,中間,115,0.478,0,,0.478,32,,
4843,深尾巴恵,B1,17,7,,,64,0.375,7,,0.375,21,,
5128,坪井爽佑,B1,17,14,,,77,0.377,4,,0.377,24,,
5229,吉川晴人,A2,45,20,0.1,飛ぶ,125,0.4,0,,0.4,43,0.14,0.14
4439,近藤友宝,B1,25,18,,,93,0.161,3,,0.161,33,,
3355,橋谷田佳織,B2,11,11,,,36,0.139,0,,0.139,8,,
3965,北中元樹,A1,48,20,0.55,残す,122,0.5,0,,0.5,40,0.075,0.2
4351,里岡右貴,A1,78,27,0.37,飛ぶ,126,0.579,2,,0.579,48,0.125,0.25
3889,須藤隆雄,B1,25,17,,,89,0.236,5,,0.236,27,,
4821,妻鳥晋也,B1,28,19,,,111,0.432,20,,0.432,34,,
3960,菊地孝平,A1,56,18,,,122,0.451,0,,0.451,29,,
4575,戸塚邦好,A2,35,9,,,98,0.561,6,,0.561,28,,
4980,佐々木完太,A1,54,11,,,123,0.528,0,,0.528,43,0.116,0.209
5288,尾道佳諭,B1,23,17,,,89,0.247,5,,0.247,26,,
3941,池田浩二,A1,63,10,,,114,0.526,0,,0.526,30,,
4853,前原哉,B1,19,13,,,62,0.177,6,,0.177,20,,
4442,松竹大輔,B1,31,11,,,105,0.381,5,,0.381,30,,
5190,大月遊雅,B1,22,15,,,96,0.24,4,,0.24,32,,
4371,西山貴浩,A1,48,10,,,103,0.35,5,,0.35,29,,
3845,中谷朋子,A2,26,13,,,62,0.355,4,,0.355,9,,
3687,花田和明,B1,30,11,,,53,0.283,3,,0.283,1,,
4375,照屋厚仁,A2,52,21,0.619,残す,124,0.403,0,,0.403,40,0.05,0.325
4641,磯村匠,B1,23,12,,,96,0.375,0,,0.375,27,,
4073,大橋純一郎,A1,53,18,,,127,0.496,4,,0.496,38,,
4932,新開航,A1,55,14,,,124,0.556,0,,0.556,41,0.122,0.171
4168,石野貴之,A1,50,16,,,99,0.434,0,,0.434,30,,
5254,羽田妃希,B1,11,7,,,94,0.181,0,,0.181,32,,
5195,北村寧々,A2,29,10,,,96,0.344,9,,0.344,33,,
4368,山口隆史,B1,20,12,,,88,0.193,8,,0.193,32,,
4815,伏島祐介,B1,23,12,,,79,0.304,0,,0.304,38,,
5304,井田涼介,B2,11,10,,,89,0.034,0,,0.034,38,,
3701,大西隆洋,B1,19,15,,,97,0.268,17,,0.268,23,,
4537,渡邉和将,A1,52,9,,,120,0.533,1,,0.533,35,,
3838,伊藤啓三,B1,29,18,,,92,0.337,4,,0.337,31,,
3951,石川吉鎬,B1,41,24,0.333,飛ぶ,116,0.353,5,,0.353,27,,
5037,田頭虎親,B1,27,17,,,97,0.412,22,,0.412,38,,
5431,得山大輝,B2,0,0,,,106,0.028,6,,0.028,99,0.01,0.01
4570,前田聖文,A1,52,22,0.318,飛ぶ,114,0.57,0,,0.57,34,,
5315,浅井翼,B2,19,17,,,101,0.109,12,,0.109,45,0.022,0.0
3411,池上隆行,B1,27,20,,,98,0.153,4,,0.153,19,,
3929,杢野誓良,B1,31,21,,,102,0.275,0,,0.275,27,,
3805,高橋英之,B1,31,18,,,90,0.411,5,,0.411,23,,
4952,吉武真也,B1,22,12,,,90,0.144,0,,0.144,25,,
4562,阪本勇介,B1,31,23,,,115,0.278,3,,0.278,36,,
3843,上之晃弘,B1,35,19,,,108,0.259,4,,0.259,31,,
4272,大場広孝,B1,25,16,,,94,0.351,0,,0.351,30,,
4086,寺本重宣,A2,41,21,0.333,飛ぶ,113,0.434,0,,0.434,35,,
4796,春園功太,A1,52,13,,,113,0.46,3,,0.46,40,0.075,0.15
3731,高濱芳久,B1,36,23,,,78,0.346,8,,0.346,14,,
4444,桐生順平,A1,46,15,,,110,0.527,0,,0.527,35,,
4939,宮之原輝紀,A1,50,9,,,104,0.587,0,,0.587,39,,
5310,土屋蘭,B1,19,13,,,82,0.256,5,,0.256,28,,
5436,市川瑚幸,B2,0,0,,,100,0.0,0,,0.0,98,0.0,0.0
5299,西丸敦基,A2,31,11,,,116,0.405,22,,0.405,31,,
4076,杉田篤光,B1,46,22,0.545,中間,131,0.359,5,,0.359,39,,
3556,田中信一郎,A1,68,17,,,111,0.523,5,,0.523,31,,
4603,谷川将太,B1,35,12,,,114,0.36,0,,0.36,33,,
5221,竹間隆晟,A1,65,19,,,131,0.511,12,,0.511,46,0.065,0.217
4847,佐藤隆太郎,A1,44,14,,,100,0.41,9,,0.41,37,,
4477,篠崎仁志,A1,52,11,,,110,0.564,0,,0.564,36,,
3871,池田紫乃,B1,20,13,,,80,0.163,3,,0.163,19,,
4437,中田元泰,A2,54,12,,,125,0.456,24,,0.456,41,0.073,0.146
3921,川村正輝,B2,12,8,,,44,0.136,6,,0.136,12,,
5239,上野俊樹,B1,35,23,,,101,0.356,0,,0.356,38,,
5407,中岡駿,B1,1,1,,,152,0.105,43,0.093,0.093,103,0.019,0.039
3911,鈴木猛,B1,44,23,0.435,中間,131,0.313,4,,0.313,32,,
4627,藤原菜希,A2,36,17,,,86,0.488,11,,0.488,24,,
3564,桑原啓,B1,26,19,,,115,0.304,14,,0.304,23,,
3629,浅見昌克,A2,43,13,,,101,0.465,5,,0.465,20,,
3567,吉岡誠,B1,21,14,,,74,0.149,6,,0.149,25,,
5427,港理樹,B1,0,0,,,133,0.128,0,,0.128,114,0.009,0.105
3635,石田政吾,B1,35,20,,,114,0.307,10,,0.307,46,0.022,0.174
3987,後藤正宗,A1,36,13,,,109,0.56,9,,0.56,31,,
4305,金子拓矢,A1,52,10,,,97,0.691,4,,0.691,34,,
4190,長嶋万記,B2,29,7,,,58,0.552,5,,0.552,14,,
4011,堀之内紀代子,A2,35,12,,,98,0.449,10,,0.449,33,,
3825,宮嵜隆太郎,B1,23,14,,,91,0.176,10,,0.176,37,,
4394,永嶋裕一,A2,39,17,,,108,0.565,5,,0.565,28,,
4074,柳沢一,A1,54,19,,,122,0.582,11,,0.582,32,,
3967,鈴木茂高,B1,26,12,,,109,0.229,4,,0.229,35,,
5453,久保翔耶,B2,0,0,,,44,0.068,10,,0.068,44,0.045,0.023
4145,小澤学,B1,25,23,,,98,0.245,8,,0.245,22,,
4318,桑原将光,A2,42,24,0.292,飛ぶ,117,0.453,9,,0.453,40,0.05,0.3
4677,片橋幸貴,A1,40,19,,,94,0.5,4,,0.5,30,,
4674,池田剛規,B1,51,20,0.4,中間,126,0.413,0,,0.413,37,,
4094,中島真二,B1,27,13,,,96,0.26,7,,0.26,26,,
4753,森照夫,B2,18,10,,,61,0.246,0,,0.246,25,,
4329,小松卓司,B1,28,18,,,109,0.303,0,,0.303,29,,
4230,濱崎直矢,A2,35,9,,,87,0.529,5,,0.529,27,,
4215,吉島祥之,A2,54,23,0.304,飛ぶ,133,0.436,6,,0.436,43,0.047,0.233
4700,金子和之,A2,39,16,,,102,0.461,2,,0.461,32,,
4286,平田さやか,A2,55,29,0.655,残す,134,0.366,0,,0.366,36,,
4824,松井洪弥,A2,49,20,0.45,中間,122,0.426,0,,0.426,38,,
5456,今村天次朗,B2,0,0,,,43,0.047,0,,0.047,42,0.0,0.048
5273,山下拓巳,B1,32,19,,,109,0.22,4,,0.22,27,,
4942,柴田朋哉,B1,39,20,,,105,0.41,6,,0.41,38,,
4769,馬場剛,A1,56,21,0.524,中間,129,0.527,0,,0.527,41,0.049,0.341
5127,沼田大都,B1,24,14,,,93,0.344,3,,0.344,28,,
3463,乙津康志,B1,32,25,,,97,0.32,7,,0.32,19,,
5441,鈴木雄登,B1,0,0,,,124,0.274,10,,0.274,109,0.101,0.119
4356,長岡良也,A2,42,14,,,107,0.458,4,,0.458,22,,
5092,篠原晟弥,A2,42,13,,,112,0.545,0,,0.545,34,,
4138,中井俊祐,B1,29,16,,,101,0.327,12,,0.327,28,,
3470,新田芳美,B1,30,20,,,78,0.372,5,,0.372,27,,
3873,別府昌樹,B1,27,14,,,110,0.3,0,,0.3,58,0.103,0.103
4791,黒澤めぐみ,B1,36,24,,,101,0.406,6,,0.406,39,,
3906,飯山晃三,B1,28,16,,,113,0.257,11,,0.257,33,,
4705,吉川勇作,B1,25,12,,,98,0.163,9,,0.163,35,,
4095,福来剛,A1,65,21,0.429,中間,116,0.603,0,,0.603,31,,
5194,大久保佑香,B1,28,14,,,100,0.19,6,,0.19,28,,
4878,西岡育未,B1,24,18,,,72,0.236,5,,0.236,18,,
5319,近藤颯斗,B1,27,14,,,85,0.4,0,,0.4,33,,
5380,野田亜湖,B2,0,0,,,140,0.0,8,,0.0,84,0.0,0.0
3569,増田進,B1,33,26,,,97,0.196,3,,0.196,26,,
4380,鈴木峻佑,B1,31,13,,,97,0.247,0,,0.247,31,,
4099,吉永則雄,A2,51,15,,,94,0.468,7,,0.468,19,,
4766,石井孝之,B1,17,12,,,79,0.278,0,,0.278,28,,
5269,山口晃朋,A2,37,9,,,103,0.369,4,,0.369,32,,
4568,廣瀬真也,B1,38,15,,,108,0.389,6,,0.389,45,0.044,0.222
3779,原田幸哉,A1,58,17,,,111,0.405,4,,0.405,33,,
5326,三嶌さらら,B1,28,18,,,153,0.242,52,0.212,0.212,58,0.034,0.103
5212,西川拓利,A2,33,12,,,108,0.435,0,,0.435,29,,
3294,野中義生,B1,27,21,,,86,0.372,4,,0.372,35,,
4976,金山立樹,B1,26,18,,,80,0.4,0,,0.4,18,,
3788,一宮稔弘,B2,22,11,,,73,0.397,4,,0.397,20,,
3519,冨田秀幸,B1,25,19,,,95,0.253,0,,0.253,31,,
4782,浜崎準也,B1,18,12,,,71,0.239,7,,0.239,20,,
5213,湯淺紀香,B1,35,14,,,114,0.289,8,,0.289,33,,
3654,武田光史,A2,50,17,,,103,0.505,2,,0.505,21,,
5469,今泉博人,B2,0,0,,,34,0.0,0,,0.0,34,,
4685,島村隆幸,A1,60,13,,,108,0.685,4,,0.685,35,,
5406,小畑楓夏,B2,0,0,,,163,0.018,19,,0.018,144,0.0,0.021
4586,磯部誠,A1,47,13,,,123,0.52,5,,0.52,39,,
4428,有賀達也,A2,44,11,,,106,0.415,6,,0.415,36,,
5154,村松栄太,B1,26,15,,,105,0.314,10,,0.314,32,,
4379,桑島和宏,A2,52,20,0.5,中間,122,0.451,4,,0.451,39,,
4363,大野芳顕,A2,52,23,0.565,残す,131,0.443,8,,0.443,41,0.0,0.317
4479,矢野真梨菜,B1,18,14,,,72,0.208,4,,0.208,16,,
3353,前田光昭,B1,11,9,,,58,0.19,0,,0.19,14,,
5462,山浦槙,B2,0,0,,,33,0.03,0,,0.03,33,,
5204,宇恵有香,B2,9,7,,,43,0.233,0,,0.233,12,,
4732,堀本和也,A2,57,16,,,124,0.492,7,,0.492,28,,
4058,野末智一,A1,59,26,0.5,中間,124,0.492,4,,0.492,33,,
4035,杉江浩明,B1,29,21,,,113,0.221,0,,0.221,28,,
5442,池田美優,B2,0,0,,,94,0.021,0,,0.021,94,0.011,0.011
3952,中澤和志,A1,57,25,0.52,中間,113,0.558,5,,0.558,34,,
4023,柴田友和,B1,24,17,,,91,0.209,0,,0.209,31,,
4535,北山康介,A2,48,16,,,97,0.588,7,,0.588,42,0.167,0.286
4731,間野兼礼,B1,23,11,,,91,0.297,0,,0.297,25,,
4927,関野文,A2,52,25,0.32,飛ぶ,119,0.429,9,,0.429,36,,
3851,,,13,12,,,51,0.039,0,,0.039,19,,
4016,西川新太郎,B1,28,20,,,100,0.36,0,,0.36,29,,
5071,野見山拓己,B1,28,17,,,99,0.283,0,,0.283,28,,
4270,岸本雄貴,B1,28,13,,,94,0.309,0,,0.309,28,,
3775,泉啓文,B1,30,23,,,114,0.167,0,,0.167,40,0.05,0.075
5089,前田翔,A1,61,17,,,110,0.609,10,,0.609,30,,
4787,椎名豊,A1,59,14,,,115,0.557,9,,0.557,36,,
3898,平田忠則,A1,53,14,,,107,0.579,4,,0.579,36,,
4954,内山峻輔,B1,5,4,,,82,0.341,0,,0.341,42,0.119,0.119
4339,平瀬城啓,B1,30,21,,,95,0.263,0,,0.263,26,,
5323,香川陽太,B2,18,9,,,85,0.282,0,,0.282,36,,
5413,宮城那菜,B2,0,0,,,146,0.062,15,,0.062,116,0.009,0.017
3544,豊田訓靖,B1,24,23,,,88,0.273,0,,0.273,25,,
4137,君島秀三,A1,58,17,,,118,0.551,6,,0.551,38,,
4652,酒見峻介,B1,33,20,,,99,0.374,0,,0.374,30,,
4314,青木幸太郎,A2,47,12,,,112,0.402,10,,0.402,37,,
5187,小坂風太,B2,20,16,,,67,0.284,0,,0.284,20,,
3662,大庭元明,B1,43,22,0.682,残す,118,0.381,0,,0.381,49,0.082,0.163
3704,本部めぐみ,B1,21,16,,,74,0.135,5,,0.135,21,,
4884,勝浦真帆,B2,29,11,,,64,0.312,0,,0.312,18,,
4518,大須賀友,A1,50,15,,,105,0.533,15,,0.533,31,,
4464,山下友貴,A1,34,15,,,106,0.519,0,,0.519,30,,
4618,乃村康友,B1,25,15,,,100,0.44,3,,0.44,30,,
3070,山室展弘,B1,21,10,,,29,0.517,0,,0.517,1,,
3546,中里昌志,B1,30,24,,,98,0.316,3,,0.316,23,,
3839,川合理司,B1,31,25,,,117,0.197,0,,0.197,35,,
4510,坂本奈央,B2,14,12,,,54,0.093,0,,0.093,14,,
4469,土山卓也,A2,45,13,,,114,0.43,0,,0.43,31,,
5241,門田栞,B1,25,17,,,92,0.304,27,0.296,0.296,36,,
3619,長谷川充,B1,37,24,,,102,0.245,2,,0.245,31,,
5208,屋良龍紀,B1,28,19,,,99,0.263,3,,0.263,29,,
5144,中尾彩香,B1,29,17,,,105,0.362,5,,0.362,28,,
4865,立具敬司,B2,16,7,,,51,0.314,0,,0.314,21,,
3645,淺田千亜希,B2,13,9,,,52,0.385,1,,0.385,18,,
5135,仲航太,B1,41,18,,,105,0.333,0,,0.333,43,0.116,0.023
5017,澤田尚也,A1,48,9,,,112,0.446,2,,0.446,34,,
5383,中村楓,B1,0,0,,,168,0.048,0,,0.048,97,0.01,0.01
4596,葛原大陽,A2,54,23,0.478,中間,121,0.496,5,,0.496,39,,
4438,森作雄大,B1,41,25,0.36,飛ぶ,117,0.368,0,,0.368,30,,
5449,堀井涼平,B2,0,0,,,31,0.065,0,,0.065,31,,
5240,高橋龍治,B1,25,12,,,90,0.278,0,,0.278,38,,
4425,大井清貴,B1,25,13,,,85,0.424,0,,0.424,27,,
3580,水口由紀,B1,32,22,,,98,0.245,5,,0.245,25,,
5425,西山育,B2,0,0,,,95,0.011,0,,0.011,85,0.0,0.0
3745,橋本年光,B1,24,14,,,69,0.42,0,,0.42,21,,
3696,白井友晴,B1,27,20,,,96,0.344,5,,0.344,26,,
3647,伊藤雄二,B1,29,25,,,106,0.189,5,,0.189,34,,
5044,渡邉健,B1,32,12,,,101,0.327,10,,0.327,32,,
4275,菅野はやか,B1,21,18,,,62,0.145,4,,0.145,19,,
5063,大塚雅治,B1,21,11,,,102,0.275,6,,0.275,34,,
5358,増本杏珠,B2,9,8,,,77,0.169,4,,0.169,33,,
4025,山本隆幸,A1,39,10,,,81,0.58,5,,0.58,22,,
4692,酒井俊弘,B1,36,25,,,113,0.425,5,,0.425,48,0.125,0.146
4458,抹香雄三,B1,29,17,,,105,0.305,5,,0.305,27,,
4536,喜井つかさ,A2,47,18,,,118,0.483,0,,0.483,31,,
3680,森林太,B1,30,26,,,105,0.276,9,,0.276,30,,
5210,藤井公人,A2,26,11,,,106,0.387,0,,0.387,32,,
5007,近藤雄一郎,B1,28,15,,,102,0.353,5,,0.353,33,,
5231,寺田空詩,B1,30,11,,,84,0.345,0,,0.345,24,,
5258,仲本舜,B1,25,12,,,100,0.25,6,,0.25,28,,
4059,入澤友治,B1,35,20,,,111,0.378,6,,0.378,36,,
5331,佐藤永梧,B1,27,15,,,89,0.303,0,,0.303,40,0.075,0.075
3950,石川哲秀,B1,24,21,,,81,0.235,0,,0.235,26,,
4320,峰竜太,A1,48,8,,,85,0.671,3,,0.671,23,,
4691,水原慎,B1,23,12,,,79,0.278,3,,0.278,21,,
4513,河野真也,A2,47,15,,,102,0.402,4,,0.402,34,,
5090,生方靖亜,B1,28,13,,,96,0.333,0,,0.333,34,,
4556,竹井奈美,A1,48,12,,,92,0.576,5,,0.576,26,,
4027,松江秀徳,A2,39,17,,,102,0.333,0,,0.333,21,,
4205,山口剛,A1,52,12,,,99,0.545,0,,0.545,29,,
4495,森晋太郎,B2,24,8,,,85,0.412,0,,0.412,27,,
5023,久永祥平,A2,31,9,,,102,0.51,0,,0.51,37,,
4405,南野利騰,B1,26,20,,,90,0.3,0,,0.3,22,,
4180,上野秀和,A2,36,15,,,107,0.346,0,,0.346,29,,
4347,魚谷香織,A2,45,17,,,103,0.398,8,,0.398,32,,
5095,小原聡将,A2,39,13,,,86,0.547,4,,0.547,30,,
4728,山口亮,B1,27,13,,,89,0.247,5,,0.247,29,,
3888,山本英志,A2,45,19,,,125,0.416,0,,0.416,38,,
3392,小森信雄,B1,32,21,,,85,0.165,5,,0.165,29,,
4876,梅木敬太,B1,30,12,,,108,0.324,0,,0.324,38,,
5069,山崎小葉音,B1,23,14,,,73,0.288,5,,0.288,18,,
5150,坂本雄紀,A1,47,19,,,115,0.565,10,,0.565,35,,
5032,谷口知優,A2,32,16,,,98,0.408,23,,0.408,29,,
4292,麻生慎介,A1,54,21,0.429,中間,110,0.536,8,,0.536,25,,
3809,吉田光,B1,16,12,,,104,0.327,12,,0.327,33,,
3907,村越篤,B1,44,16,,,119,0.37,20,,0.37,39,,
3474,松瀬弘美,B1,32,23,,,100,0.26,4,,0.26,32,,
4907,小池修平,A1,59,16,,,114,0.605,5,,0.605,39,,
5093,浦野海,B2,39,17,,,98,0.296,7,,0.296,35,,
4395,下河雅史,B1,40,21,0.381,飛ぶ,117,0.291,0,,0.291,36,,
4578,藤山雅弘,A2,44,11,,,104,0.394,0,,0.394,33,,
4539,金子賢志,A1,47,10,,,117,0.427,5,,0.427,41,0.073,0.195
4524,深谷知博,A1,53,12,,,125,0.44,0,,0.44,29,,
3922,菅沼佳昭,B1,29,21,,,108,0.222,5,,0.222,20,,
3730,塩崎優司,B1,30,14,,,106,0.236,5,,0.236,25,,
4644,山田亮太,A1,40,15,,,109,0.55,4,,0.55,26,,
3385,渡邉睦広,A2,40,19,,,104,0.433,0,,0.433,29,,
4450,平高奈菜,A2,41,20,0.45,中間,107,0.477,23,,0.477,35,,
4587,木田峰由季,A1,50,20,0.65,残す,106,0.434,0,,0.434,33,,
5377,鳥居塚嶺王,B1,4,2,,,152,0.296,0,,0.296,65,0.046,0.138
4197,渥美卓郎,B1,29,21,,,88,0.148,5,,0.148,19,,
5362,中嶋世奈,B2,6,5,,,117,0.06,0,,0.06,53,0.0,0.057
4226,村田浩司,B1,32,17,,,97,0.299,0,,0.299,30,,
3604,武藤綾子,B1,29,16,,,86,0.209,7,,0.209,30,,
4511,中岡健人,B1,28,17,,,103,0.33,16,,0.33,31,,
5268,山本幸也,B1,15,12,,,107,0.112,3,,0.112,64,0.0,0.062
3284,渡邊伸太郎,B1,30,12,,,84,0.31,4,,0.31,12,,
4417,服部剛,B1,28,16,,,88,0.33,3,,0.33,22,,
3713,伊藤誠二,A1,35,16,,,105,0.41,10,,0.41,36,,
5277,井上未都,B1,29,16,,,100,0.36,0,,0.36,30,,
5242,高山弘斗,B1,22,17,,,94,0.255,0,,0.255,32,,
4486,野村誠,A2,34,16,,,115,0.452,4,,0.452,32,,
5265,大廣咲季,B1,22,15,,,107,0.215,31,0.129,0.129,32,,
3909,佐々木康幸,A1,54,12,,,106,0.557,3,,0.557,7,,
5039,倉田茂将,B1,33,16,,,107,0.336,0,,0.336,23,,
4567,上村慎太郎,B1,24,17,,,73,0.247,5,,0.247,15,,
4430,永田秀二,A2,49,25,0.44,中間,124,0.427,0,,0.427,37,,
4364,池永太,A1,55,16,,,115,0.513,4,,0.513,32,,
5357,田中瀬里奈,B2,11,11,,,110,0.036,0,,0.036,62,0.016,0.016
5267,石本裕武,A1,52,14,,,120,0.525,3,,0.525,40,0.125,0.15
4522,古澤光紀,A2,50,10,,,102,0.333,0,,0.333,35,,
3955,眞田英二,B2,20,12,,,74,0.338,0,,0.338,21,,
3388,今垣光太郎,A1,40,13,,,95,0.516,0,,0.516,21,,
4896,花本剛,B1,26,15,,,95,0.274,7,,0.274,30,,
4352,下條雄太郎,A1,46,12,,,91,0.505,0,,0.505,33,,
4254,川島圭司,A2,32,11,,,87,0.368,6,,0.368,26,,
3875,廣中良一,B1,29,11,,,111,0.261,5,,0.261,27,,
3945,橋口真樹,B1,19,15,,,83,0.265,1,,0.265,22,,
4812,西野雄貴,A1,48,8,,,102,0.588,5,,0.588,28,,
5373,諏訪玲奈,B2,0,0,,,103,0.146,2,,0.146,36,,
3467,森弘行,B1,25,21,,,79,0.241,3,,0.241,23,,
3797,岩井繁,B1,29,24,,,111,0.225,0,,0.225,29,,
5177,松井貫太,B1,25,19,,,104,0.298,0,,0.298,28,,
3773,津留浩一郎,B1,28,18,,,92,0.25,3,,0.25,25,,
5285,若林麗,B1,28,21,,,100,0.17,0,,0.17,38,,
4683,向井田直弥,B2,0,0,,,92,0.272,8,,0.272,49,0.082,0.041
4308,河村了,A1,57,15,,,107,0.636,0,,0.636,32,,
5345,牧村俊輝,B1,12,10,,,133,0.068,5,,0.068,59,0.017,0.034
5257,西丸侑太朗,A1,61,22,0.273,飛ぶ,123,0.463,36,0.361,0.361,35,,
4451,松崎祐太郎,A2,64,23,0.565,残す,117,0.479,0,,0.479,31,,
4639,雑賀勇貴,B1,30,15,,,105,0.219,0,,0.219,18,,
4232,笠雅雄,B1,27,19,,,101,0.386,4,,0.386,30,,
5282,中本大樹,B1,31,16,,,109,0.394,9,,0.394,34,,
4106,坂井康嗣,B1,18,14,,,80,0.2,4,,0.2,14,,
5145,島川海輝,A2,53,13,,,117,0.453,10,,0.453,37,,
5043,中村日向,A1,50,16,,,132,0.53,20,,0.53,43,0.186,0.186
3562,山下和彦,A2,54,24,0.292,飛ぶ,120,0.458,0,,0.458,32,,
4995,田邉亮蔵,B1,29,15,,,106,0.236,5,,0.236,33,,
4930,佐藤悠,A2,37,16,,,124,0.444,0,,0.444,39,,
3920,正木聖賢,B1,31,20,,,38,0.474,2,,0.474,0,,
4410,井上大輔,B1,31,18,,,103,0.311,0,,0.311,26,,
4839,四宮与寛,A2,41,19,,,97,0.443,5,,0.443,28,,
4004,山本浩輔,B1,30,16,,,104,0.394,0,,0.394,23,,
4139,丹下健,B1,28,18,,,101,0.257,5,,0.257,28,,
5347,井澤聖奈,B2,0,0,,,141,0.028,0,,0.028,64,0.0,0.016
5020,宮村勇哉,B1,21,12,,,92,0.272,0,,0.272,31,,
3268,森竜也,B1,31,15,,,83,0.205,0,,0.205,5,,
4715,村上遼,A1,37,15,,,92,0.478,5,,0.478,34,,
4898,菊地敬介,B1,22,18,,,93,0.376,0,,0.376,36,,
4075,中野次郎,A1,49,20,0.65,残す,119,0.437,7,,0.437,40,0.125,0.125
5084,末永和也,A1,48,9,,,103,0.495,4,,0.495,32,,
4836,大谷健太,B1,28,14,,,93,0.312,6,,0.312,37,,
4785,木幡純也,B1,25,22,,,91,0.286,0,,0.286,25,,
4572,渡部悟,B1,40,16,,,97,0.423,6,,0.423,36,,
5060,数原魁,A2,36,15,,,102,0.412,6,,0.412,32,,
5064,品川二千翔,A1,43,16,,,117,0.504,5,,0.504,35,,
4850,野中一平,A2,48,11,,,120,0.483,1,,0.483,28,,
4909,薮内瑞希,B1,30,15,,,92,0.283,5,,0.283,34,,
4544,松田大志郎,A1,80,20,0.45,中間,124,0.75,6,,0.75,35,,
3587,武田信一,B1,34,23,,,114,0.228,0,,0.228,40,0.025,0.075
5133,堀越雄貴,B1,30,15,,,96,0.375,0,,0.375,28,,
3772,一柳和孝,B1,28,17,,,88,0.375,1,,0.375,27,,
5287,滝沢織寧,B1,19,17,,,93,0.204,5,,0.204,31,,
5193,米丸乃絵,A1,56,17,,,113,0.442,8,,0.442,35,,
3602,奥平拓也,B1,26,21,,,98,0.286,0,,0.286,29,,
5467,野村羽玖,B2,0,0,,,31,0.161,0,,0.161,31,,
5341,山道諄也,B1,5,4,,,128,0.102,0,,0.102,67,0.03,0.045
4875,大塚康雅,B1,33,22,,,99,0.333,0,,0.333,29,,
4934,佐々木翔斗,A2,48,23,0.565,残す,114,0.386,8,,0.386,39,,
3826,村田修次,A2,47,18,,,101,0.475,8,,0.475,25,,
4917,岩橋裕馬,B1,25,17,,,90,0.211,0,,0.211,27,,
3812,山崎聖司,B1,33,23,,,101,0.366,2,,0.366,31,,
5298,水谷理人,A1,50,9,,,128,0.656,31,0.677,0.677,44,0.159,0.318
5366,塩嶋泰空,B2,3,3,,,127,0.016,0,,0.016,90,0.0,0.0
5351,齊藤廉,B1,21,9,,,120,0.283,0,,0.283,41,0.024,0.146
4961,西橋奈未,A1,56,18,,,114,0.474,3,,0.474,36,,
5109,川崎智稔,B1,30,19,,,111,0.306,7,,0.306,36,,
5416,龍田真白,B1,0,0,,,143,0.147,0,,0.147,100,0.07,0.05
4072,森永淳,A1,54,10,,,104,0.548,6,,0.548,24,,
4152,深水慎一郎,A2,32,19,,,86,0.384,4,,0.384,25,,
5111,三村岳人,A2,23,10,,,84,0.381,0,,0.381,26,,
4736,高倉和士,A1,56,15,,,129,0.574,5,,0.574,39,,
4216,星栄爾,B1,46,18,,,126,0.325,11,,0.325,41,0.049,0.146
3814,金子貴志,B1,30,20,,,103,0.272,0,,0.272,28,,
3710,吉永泰弘,B1,31,19,,,110,0.345,21,,0.345,27,,
4504,前田将太,A1,54,19,,,113,0.442,4,,0.442,35,,
4852,川原祐明,A1,71,16,,,129,0.612,17,,0.612,40,0.1,0.4
4926,吉川貴仁,A1,45,8,,,82,0.72,2,,0.72,24,,
5047,國分将太郎,B1,30,16,,,97,0.351,8,,0.351,33,,
3315,広瀬聖仁,B1,21,16,,,74,0.27,0,,0.27,27,,
5381,有山望,B1,7,4,,,145,0.138,15,,0.138,56,0.0,0.071
5142,常住蓮,A1,61,13,,,110,0.618,0,,0.618,27,,
5308,藤森拓海,B1,21,18,,,104,0.279,10,,0.279,28,,
3175,渡辺千草,B1,24,22,,,90,0.278,4,,0.278,25,,
4977,馬野耀,A2,37,16,,,96,0.479,5,,0.479,25,,
5384,八戸琉楓,B2,1,1,,,152,0.053,0,,0.053,102,0.0,0.029
5200,筒井美琴,B2,9,9,,,55,0.0,5,,0.0,22,,
4104,木下陽介,B1,27,17,,,94,0.319,0,,0.319,26,,
3790,佐口達也,B1,27,20,,,90,0.278,0,,0.278,27,,
4355,小川広大,B1,17,13,,,74,0.108,4,,0.108,27,,
4462,夏山亮平,B1,28,12,,,102,0.333,11,,0.333,26,,
4818,伏見俊介,B2,3,2,,,54,0.241,0,,0.241,32,,
4832,権藤俊光,A1,54,18,,,118,0.568,5,,0.568,34,,
4594,谷川祐一,B1,44,13,,,110,0.509,3,,0.509,15,,
5468,山口隼人,B2,0,0,,,33,0.0,0,,0.0,33,,
4324,海野康志郎,A1,82,20,0.4,中間,105,0.457,11,,0.457,17,,
5124,上瀧絢也,B1,17,11,,,78,0.321,11,,0.321,17,,
4345,西舘健,A2,46,22,0.591,残す,110,0.355,6,,0.355,39,,
4845,前田紗希,A1,41,13,,,89,0.629,4,,0.629,23,,
3876,中辻崇人,A1,42,11,,,76,0.592,9,,0.592,29,,
4979,中野夢斗,B1,35,13,,,104,0.404,0,,0.404,26,,
4895,門間雄大,A2,28,16,,,96,0.438,1,,0.438,26,,
3808,秋田健太郎,B1,28,19,,,92,0.174,3,,0.174,26,,
5101,表健太,B1,16,14,,,79,0.253,0,,0.253,19,,
5294,豊田祥生,B1,26,16,,,97,0.134,0,,0.134,27,,
4990,田中博子,B2,9,7,,,44,0.091,0,,0.091,17,,
3850,小川知行,B1,29,12,,,115,0.365,0,,0.365,28,,
5293,眞崎武蔵,B1,8,7,,,86,0.093,0,,0.093,50,0.02,0.02
5309,森雄利,B1,13,9,,,101,0.079,6,,0.079,35,,
3981,今坂晃広,B1,32,14,,,125,0.24,9,,0.24,41,0.024,0.098
4253,西川真人,B1,30,19,,,110,0.245,3,,0.245,22,,
4625,渡邊裕貴,B1,25,10,,,96,0.292,4,,0.292,31,,
3412,鈴木博,A1,58,17,,,137,0.562,11,,0.562,45,0.178,0.267
3232,山川美由紀,A2,34,13,,,83,0.446,17,,0.446,24,,
4062,後藤陽介,B1,36,21,,,112,0.241,0,,0.241,33,,
4474,渡辺崇,B1,33,15,,,107,0.374,8,,0.374,24,,
4460,後藤翔之,A2,50,23,0.348,飛ぶ,112,0.464,0,,0.464,31,,
3303,渡辺豊,B1,48,29,0.379,飛ぶ,128,0.273,5,,0.273,38,,
4420,津久井拓也,A2,47,25,0.32,飛ぶ,136,0.404,6,,0.404,34,,
4122,安東幸治,A2,53,24,0.375,飛ぶ,124,0.411,0,,0.411,36,,
5026,安河内健,A1,55,9,,,121,0.438,6,,0.438,37,,
4473,藤堂里香,B1,32,16,,,97,0.392,5,,0.392,31,,
5100,栗原一馬,B1,22,15,,,75,0.267,0,,0.267,28,,
4231,鈴木裕隆,B1,44,27,0.407,中間,123,0.382,0,,0.382,33,,
3377,塚田修二,B1,26,25,,,83,0.277,0,,0.277,22,,
4156,浜野孝志,A2,49,26,0.385,中間,119,0.387,4,,0.387,32,,
3721,守田俊介,A1,46,10,,,101,0.396,0,,0.396,18,,
4181,花本夏樹,B1,22,15,,,89,0.157,4,,0.157,16,,
4740,齋藤達希,B1,24,14,,,101,0.248,4,,0.248,29,,
4013,中島孝平,A1,59,11,,,128,0.508,0,,0.508,44,0.25,0.091
5034,若林義人,A1,71,21,0.571,残す,122,0.5,0,,0.5,37,,
3968,茶谷信次,A2,39,18,,,105,0.438,3,,0.438,32,,
3813,佐藤大介,A1,53,14,,,95,0.547,0,,0.547,26,,
4608,荒井翔伍,A2,46,20,0.6,残す,105,0.381,8,,0.381,33,,
4193,郷原章平,A2,51,17,,,125,0.368,0,,0.368,33,,
5172,田村慶,B1,38,14,,,112,0.402,8,,0.402,40,0.1,0.175
5012,加倉侑征,B1,39,22,,,98,0.408,10,,0.408,40,0.1,0.2
4844,村上奈穂,B1,32,22,,,109,0.202,4,,0.202,30,,
4298,宮下元胤,A2,55,25,0.56,残す,117,0.504,6,,0.504,29,,
4374,永田義紘,B1,27,15,,,101,0.317,5,,0.317,25,,
3747,國崎良春,A2,30,13,,,96,0.417,0,,0.417,30,,
4501,樋口由加里,B1,47,20,0.3,飛ぶ,123,0.301,4,,0.301,37,,
5286,坂井滉哉,B1,26,16,,,100,0.27,4,,0.27,31,,
4390,松本弓雄,B1,27,21,,,100,0.29,5,,0.29,25,,
4580,長谷川雅和,B1,42,14,,,119,0.395,2,,0.395,43,0.047,0.14
3349,吉田一郎,A1,53,25,0.52,中間,90,0.422,5,,0.422,7,,
3445,加藤高史,B1,31,19,,,94,0.362,0,,0.362,26,,
4327,加藤翔,B1,30,21,,,108,0.241,0,,0.241,27,,
5010,宇留田翔平,A2,52,17,,,123,0.398,0,,0.398,30,,
4588,田中京介,A2,46,20,0.5,中間,135,0.363,10,,0.363,37,,
3277,齋藤勇,B1,33,23,,,95,0.274,7,,0.274,25,,
4045,佐々木裕美,B1,30,18,,,81,0.235,3,,0.235,19,,
4053,芦澤望,A2,39,17,,,101,0.396,0,,0.396,32,,
4565,西村豪洋,B1,28,18,,,107,0.28,0,,0.28,36,,
4744,伊藤玲奈,B1,19,13,,,71,0.352,2,,0.352,23,,
4626,伊藤紘章,B1,25,14,,,91,0.33,0,,0.33,26,,
5371,早川颯太,B2,0,0,,,146,0.027,0,,0.027,61,0.016,0.016
4978,山田和佐,B1,35,19,,,116,0.345,8,,0.345,36,,
5434,藤田康生,B1,0,0,,,114,0.184,0,,0.184,90,0.056,0.1
4848,仲谷颯仁,A1,49,13,,,116,0.457,4,,0.457,35,,
3265,今村暢孝,A2,64,37,0.432,中間,0,,0,,,0,,
4060,島田一生,B1,31,18,,,103,0.301,10,,0.301,34,,
3854,吉川元浩,A1,54,20,0.15,飛ぶ,109,0.532,3,,0.532,24,,
4649,和田操拓,B1,45,23,0.478,中間,124,0.339,0,,0.339,41,0.024,0.171
5105,富田恕生,B1,24,12,,,103,0.301,4,,0.301,22,,
5122,相馬翔,B1,20,12,,,70,0.257,0,,0.257,20,,
4762,藤原啓史朗,A1,64,13,,,114,0.553,5,,0.553,47,0.128,0.234
4944,田代達也,B1,18,15,,,100,0.31,5,,0.31,34,,
4201,佐竹友樹,B1,23,15,,,86,0.267,0,,0.267,27,,
4550,石岡将太,A2,32,18,,,95,0.389,10,,0.389,19,,
4579,中嶋健一郎,A2,52,16,,,107,0.411,0,,0.411,24,,
5250,嶋田有里,B1,22,14,,,89,0.236,0,,0.236,26,,
3748,小黒竜吾,B1,23,19,,,98,0.214,3,,0.214,28,,
4213,重富伸也,B1,17,12,,,129,0.31,15,,0.31,67,0.104,0.045
4290,稲田浩二,A1,54,18,,,116,0.491,0,,0.491,37,,
5306,河内悠利杏,B1,25,23,,,101,0.089,0,,0.089,28,,
4066,東本勝利,A2,45,16,,,121,0.554,6,,0.554,38,,
3419,栗原謙治,B2,10,9,,,39,0.026,0,,0.026,15,,
5088,高憧四季,A1,77,23,0.522,中間,138,0.507,6,,0.507,42,0.167,0.143
4989,石原翼,A2,43,13,,,116,0.405,4,,0.405,42,0.048,0.167
3685,荒井輝年,A2,30,17,,,104,0.51,0,,0.51,31,,
4569,中澤宏奈,B1,22,13,,,80,0.287,6,,0.287,28,,
4050,田口節子,A1,60,12,,,106,0.566,5,,0.566,40,0.15,0.225
