登番,名前,級,全国3/4進入,全国まくり率,丸亀3/4進入,丸亀まくり率,採用値,絞りまくり型
5033,藤原孝斗,B1,65,0.015,4,,0.015,
3441,土屋太朗,B1,87,0.023,0,,0.023,
5325,澁川夏,B1,74,0.041,8,,0.041,
3967,鈴木茂高,B1,73,0.0,1,,0.0,
3467,森弘行,B1,63,0.0,3,,0.0,
4626,伊藤紘章,B1,67,0.06,0,,0.06,
5385,鈴木柊介,B1,35,0.0,0,,0.0,
4259,真庭明志,A2,85,0.059,4,,0.059,
4674,池田剛規,B1,88,0.091,0,,0.091,
4575,戸塚邦好,A2,73,0.151,3,,0.151,●
4962,畑竜生,A2,80,0.087,0,,0.087,
3211,北川敏弘,B1,64,0.0,2,,0.0,
5271,杉山太陽,B1,58,0.052,3,,0.052,
4560,庄司樹良々,A2,67,0.06,1,,0.06,
4161,黒柳浩孝,B1,77,0.078,0,,0.078,
5063,大塚雅治,B1,67,0.045,2,,0.045,
5311,小林京平,B1,77,0.104,4,,0.104,
3918,深井利寿,A1,87,0.184,2,,0.184,●
4067,永井源,A2,98,0.122,0,,0.122,●
3939,渡辺真至,B2,21,0.0,0,,0.0,
3990,芹澤克彦,B1,73,0.027,2,,0.027,
3539,金子順一,B1,97,0.021,4,,0.021,
4512,高野哲史,A1,94,0.191,0,,0.191,●
4835,橋本明,B1,82,0.0,4,,0.0,
4704,河野大,A1,98,0.224,8,,0.224,●
3825,宮嵜隆太郎,B1,63,0.095,5,,0.095,
5047,國分将太郎,B1,70,0.057,7,,0.057,
3833,中辻博訓,A2,102,0.069,7,,0.069,
3965,北中元樹,A1,90,0.167,0,,0.167,●
3955,眞田英二,B2,54,0.037,0,,0.037,
4007,榮田将彦,B1,59,0.068,3,,0.068,
4904,松本一毅,B1,89,0.101,0,,0.101,
3805,高橋英之,B1,71,0.113,3,,0.113,
4727,安部慎一,B1,70,0.043,0,,0.043,
4043,桐本康臣,A2,85,0.141,0,,0.141,●
4452,松尾祭,A2,77,0.065,13,,0.065,
3993,永井聖美,B1,69,0.087,0,,0.087,
4469,土山卓也,A2,76,0.092,0,,0.092,
5102,原田雄次,B1,79,0.089,5,,0.089,
4423,坂口貴彦,B1,83,0.133,4,,0.133,●
3838,伊藤啓三,B1,51,0.039,2,,0.039,
3904,森貴洋,B1,40,0.05,0,,0.05,
3747,國崎良春,A2,63,0.079,0,,0.079,
4754,松尾充,A2,81,0.111,0,,0.111,
5364,金子怜央,B1,33,0.0,0,,0.0,
5407,中岡駿,B1,21,0.0,6,,0.0,
4281,大澤大夢,B1,67,0.075,7,,0.075,
5023,久永祥平,A2,66,0.061,0,,0.061,
4047,吉永浩則,B1,64,0.031,3,,0.031,
4852,川原祐明,A1,92,0.185,12,,0.185,●
4890,石川諒,A2,72,0.083,3,,0.083,
4139,丹下健,B1,82,0.073,4,,0.073,
4019,笠原亮,A1,75,0.107,0,,0.107,
3966,作間章,A1,88,0.205,5,,0.205,●
4287,今井貴士,A2,66,0.076,3,,0.076,
3439,大平誉史明,A1,68,0.162,0,,0.162,●
5328,井上慧人,B1,52,0.038,6,,0.038,
4303,牧原崇,B1,72,0.056,5,,0.056,
3489,大場敏,A2,108,0.046,7,,0.046,
3350,藤本佳史,B1,69,0.029,0,,0.029,
3385,渡邉睦広,A2,76,0.013,0,,0.013,
5348,小林甘寧,B1,47,0.085,4,,0.085,
3910,松下知幸,B1,64,0.062,12,,0.062,
4776,竹田和哉,A1,86,0.116,16,0.062,0.062,
4574,東潤樹,A2,85,0.082,3,,0.082,
4527,高野心吾,B1,70,0.057,0,,0.057,
4840,鈴木秀茉,B1,74,0.095,0,,0.095,
4425,大井清貴,B1,61,0.016,0,,0.016,
5358,増本杏珠,B2,45,0.0,4,,0.0,
4387,平山智加,A1,91,0.154,15,0.267,0.267,●
5144,中尾彩香,B1,74,0.081,3,,0.081,
4015,前野竜一,A2,81,0.037,5,,0.037,
4748,渡邉雄朗,A1,78,0.103,0,,0.103,
5071,野見山拓己,B1,67,0.06,0,,0.06,
5398,鐘ヶ江真司,B1,52,0.038,3,,0.038,
4252,松下哲也,B1,75,0.08,0,,0.08,
3054,北川幸典,B1,55,0.145,0,,0.145,●
5389,恵良琴美,B1,25,0.0,0,,0.0,
4826,井上一輝,A1,86,0.221,8,,0.221,●
3981,今坂晃広,B1,83,0.084,5,,0.084,
4006,小野勇作,B1,73,0.041,0,,0.041,
4772,石丸海渡,A1,79,0.165,18,0.111,0.111,
4184,渡邊雄一郎,A1,76,0.118,0,,0.118,
4140,梶野学志,A2,69,0.116,3,,0.116,
5332,村松遥輝,B1,69,0.014,0,,0.014,
3662,大庭元明,B1,74,0.149,0,,0.149,●
5236,小宮涼雅,B1,84,0.071,0,,0.071,
4069,山本修一,A2,80,0.037,2,,0.037,
4435,服部達哉,A2,69,0.072,2,,0.072,
4871,菊池宏志,B1,67,0.09,0,,0.09,
5232,樅山拓馬,B1,59,0.034,0,,0.034,
4953,尾上雅也,A1,89,0.157,0,,0.157,●
3454,井川大作,B1,59,0.085,8,,0.085,
5219,森口和紀,B1,59,0.136,1,,0.136,●
4375,照屋厚仁,A2,84,0.143,0,,0.143,●
3866,木山誠一,B1,63,0.063,0,,0.063,
4880,澤崎雄哉,B1,62,0.113,0,,0.113,
4639,雑賀勇貴,B1,89,0.045,0,,0.045,
3686,鳥居塚孝博,A2,90,0.1,0,,0.1,
3482,金子猛志,B1,89,0.022,2,,0.022,
4526,池田雄祐,A2,62,0.113,2,,0.113,
4594,谷川祐一,B1,90,0.111,3,,0.111,
4661,中島昂章,A2,67,0.0,3,,0.0,
3304,烏野賢太,A1,78,0.09,8,,0.09,
5076,石原光,B1,66,0.152,0,,0.152,●
4418,茅原悠紀,A1,76,0.092,0,,0.092,
4500,山田康二,A1,86,0.174,3,,0.174,●
5340,樋江井舞,B1,84,0.06,5,,0.06,
4965,福岡泉水,B1,61,0.082,3,,0.082,
4208,三浦永理,A1,82,0.11,6,,0.11,
3611,岩崎芳美,A2,73,0.068,5,,0.068,
3604,武藤綾子,B1,62,0.065,6,,0.065,
4804,高田ひかる,A1,81,0.222,0,,0.222,●
5148,松本怜,B1,56,0.071,8,,0.071,
4123,細川裕子,A1,85,0.082,8,,0.082,
4590,渡邉優美,A1,83,0.084,6,,0.084,
4744,伊藤玲奈,B1,52,0.077,1,,0.077,
5250,嶋田有里,B1,69,0.014,0,,0.014,
5324,畑田希咲,B1,43,0.0,0,,0.0,
4224,大橋栄里佳,B1,83,0.06,0,,0.06,
4456,鎌倉涼,A1,70,0.086,5,,0.086,
4534,坂咲友理,B1,55,0.036,4,,0.036,
4733,赤井睦,B1,60,0.083,7,,0.083,
4243,西村歩,B1,85,0.106,5,,0.106,
3550,都築正治,B1,87,0.161,3,,0.161,●
3442,宮武英司,B1,64,0.031,11,,0.031,
4295,小坂尚哉,A1,79,0.165,8,,0.165,●
4417,服部剛,B1,59,0.017,2,,0.017,
5262,鈴木章司,B1,64,0.031,3,,0.031,
4002,古結宏,A1,89,0.146,7,,0.146,●
4659,木下翔太,A1,86,0.081,3,,0.081,
3680,森林太,B1,83,0.096,6,,0.096,
5022,伊藤尚汰,B1,60,0.017,0,,0.017,
5067,山田真聖,B1,69,0.13,3,,0.13,●
4228,吉田慎二郎,A2,97,0.165,4,,0.165,●
4718,北川太一,A2,77,0.091,4,,0.091,
5134,大原祥昌,A2,73,0.068,7,,0.068,
4155,長野壮志郎,A2,76,0.092,2,,0.092,
4677,片橋幸貴,A1,56,0.196,2,,0.196,●
4074,柳沢一,A1,95,0.105,9,,0.105,
4960,黒野元基,A1,95,0.221,0,,0.221,●
4567,上村慎太郎,B1,56,0.0,4,,0.0,
4619,伏田裕隆,B1,62,0.177,3,,0.177,●
4173,岡谷健吾,B1,75,0.067,0,,0.067,
4834,浜本裕己,A2,96,0.135,6,,0.135,●
3831,安藤裕貴,B1,74,0.081,0,,0.081,
3105,内山文典,B1,60,0.067,2,,0.067,
4100,松田隆司,B1,80,0.138,0,,0.138,●
3612,馬袋義則,A1,110,0.127,10,,0.127,●
4292,麻生慎介,A1,80,0.125,4,,0.125,●
4382,高山智至,B1,83,0.012,0,,0.012,
3251,平石和男,A2,98,0.071,7,,0.071,
3843,上之晃弘,B1,75,0.133,2,,0.133,●
4725,佐竹太一,B1,68,0.088,5,,0.088,
3643,米田隆弘,B1,72,0.042,4,,0.042,
4624,高田明,A1,75,0.227,4,,0.227,●
4031,飯島誠,B1,68,0.059,0,,0.059,
3761,山本光雄,B1,81,0.049,0,,0.049,
4467,渡邉俊介,A1,94,0.138,0,,0.138,●
3975,小野寺智洋,A2,70,0.129,7,,0.129,●
4272,大場広孝,B1,70,0.043,0,,0.043,
5282,中本大樹,B1,74,0.068,5,,0.068,
3286,坂東満,B2,47,0.064,0,,0.064,
4402,乙藤智史,A2,63,0.175,0,,0.175,●
4552,杉山勝匡,B1,76,0.118,2,,0.118,
4695,尾崎雄二,A2,72,0.056,2,,0.056,
4213,重富伸也,B1,41,0.098,3,,0.098,
4118,宇佐見淳,A2,100,0.11,0,,0.11,
3731,高濱芳久,B1,85,0.035,6,,0.035,
3859,多羅尾達之,B1,59,0.017,0,,0.017,
3896,上田洋平,B1,61,0.016,2,,0.016,
3743,林美憲,A1,118,0.119,3,,0.119,
4298,宮下元胤,A2,91,0.099,5,,0.099,
4094,中島真二,B1,62,0.016,5,,0.016,
4488,小山勉,A1,67,0.194,0,,0.194,●
3315,広瀬聖仁,B1,53,0.0,0,,0.0,
4910,中村泰平,A1,87,0.195,5,,0.195,●
4022,待鳥雄紀,B1,64,0.047,3,,0.047,
5245,倉富大誠,B1,68,0.118,1,,0.118,
3637,齋藤和政,B1,68,0.059,0,,0.059,
4902,山川雄大,B1,80,0.087,0,,0.087,
3158,島川光男,A2,88,0.114,0,,0.114,
4943,八木治樹,B1,59,0.068,0,,0.068,
4824,松井洪弥,A2,94,0.117,0,,0.117,
4472,尾嶋一広,A1,99,0.081,3,,0.081,
5386,米玉利大悟,B1,43,0.047,4,,0.047,
3576,白水勝也,A1,74,0.095,3,,0.095,
4104,木下陽介,B1,65,0.062,0,,0.062,
4505,島田賢人,A1,77,0.169,0,,0.169,●
4055,吉田俊彦,A2,105,0.076,3,,0.076,
4040,廣瀬将亨,A2,95,0.179,5,,0.179,●
4012,中村有裕,A2,89,0.18,2,,0.18,●
3711,江本真治,A2,101,0.119,4,,0.119,
4227,安達裕樹,A2,80,0.1,0,,0.1,
4759,今泉友吾,A1,86,0.081,1,,0.081,
3719,辻栄蔵,A1,77,0.091,0,,0.091,
4030,森高一真,A1,93,0.108,12,,0.108,
3978,齊藤仁,A2,89,0.09,0,,0.09,
4715,村上遼,A1,57,0.123,4,,0.123,●
4027,松江秀徳,A2,81,0.136,0,,0.136,●
3422,服部幸男,A2,100,0.17,0,,0.17,●
4042,丸岡正典,A2,93,0.108,7,,0.108,
3941,池田浩二,A1,83,0.181,0,,0.181,●
3721,守田俊介,A1,92,0.087,0,,0.087,
4290,稲田浩二,A1,72,0.083,0,,0.083,
4903,吉田凌太朗,A1,95,0.179,2,,0.179,●
3415,松井繁,A1,97,0.031,1,,0.031,
4168,石野貴之,A1,84,0.179,0,,0.179,●
4604,岩瀬裕亮,A1,95,0.063,0,,0.063,
4229,市川美宏,B1,51,0.0,0,,0.0,
4750,井上尚悟,B1,68,0.118,0,,0.118,
3690,河合三弘,B1,77,0.052,2,,0.052,
3661,柳瀬興志,A2,77,0.065,5,,0.065,
3860,松本浩貴,B1,60,0.067,2,,0.067,
3827,今泉徹,B1,71,0.0,2,,0.0,
3905,天野友和,A2,89,0.09,2,,0.09,
5002,上田健太,A2,70,0.086,2,,0.086,
4845,前田紗希,A1,67,0.194,4,,0.194,●
5346,中村紋夕梨,B1,43,0.0,0,,0.0,
3412,鈴木博,A1,98,0.143,7,,0.143,●
3362,間嶋仁志,B1,95,0.053,10,,0.053,
3870,寺嶋雄,B1,83,0.096,4,,0.096,
3869,井芹大志,B1,64,0.0,0,,0.0,
3554,仲口博崇,A1,144,0.118,10,,0.118,
4079,出畑孝典,A2,91,0.143,4,,0.143,●
4447,深川麻奈美,B1,67,0.104,3,,0.104,
3587,武田信一,B1,80,0.025,0,,0.025,
3684,清水攻二,A2,85,0.035,0,,0.035,
3475,橋本久和,B1,62,0.145,3,,0.145,●
5005,石田貴洋,A1,65,0.185,2,,0.185,●
4332,村上彰一,B1,66,0.0,4,,0.0,
4028,田村隆信,A1,84,0.131,8,,0.131,●
4393,田中孝明,B1,70,0.014,0,,0.014,
3293,宮内由紀英,B1,61,0.0,0,,0.0,
4663,籾山佳岳,B2,21,0.0,0,,0.0,
3963,原田秀弥,A2,76,0.066,3,,0.066,
4778,堤啓輔,B1,64,0.094,0,,0.094,
4711,前出達吉,A2,72,0.097,0,,0.097,
4424,松尾昂明,A2,96,0.094,0,,0.094,
3591,後藤孝義,B1,52,0.0,0,,0.0,
3303,渡辺豊,B1,90,0.022,3,,0.022,
4876,梅木敬太,B1,77,0.091,0,,0.091,
4888,金児隆太,B1,81,0.086,0,,0.086,
4246,喜多那由夏,B1,76,0.0,3,,0.0,
3641,一瀬明,A1,99,0.121,8,,0.121,●
5377,鳥居塚嶺王,B1,46,0.13,0,,0.13,●
5288,尾道佳諭,B1,66,0.03,3,,0.03,
3811,石田章央,A1,83,0.157,4,,0.157,●
3505,山田竜一,A2,82,0.024,0,,0.024,
4230,濱崎直矢,A2,50,0.24,4,,0.24,●
4614,石倉洋行,A1,86,0.14,5,,0.14,●
4440,萩原知哉,B1,70,0.043,0,,0.043,
4196,田中太一郎,B1,78,0.051,0,,0.051,
5207,高山敬悟,B1,61,0.148,3,,0.148,●
5381,有山望,B1,49,0.041,7,,0.041,
4179,広次修,A2,84,0.048,0,,0.048,
4866,橋本英一,B1,59,0.068,0,,0.068,
3544,豊田訓靖,B1,67,0.045,0,,0.045,
4466,南佑典,A2,75,0.107,4,,0.107,
3740,大澤普司,A1,76,0.184,6,,0.184,●
4254,川島圭司,A2,64,0.156,4,,0.156,●
4872,山下流心,B1,92,0.054,8,,0.054,
4180,上野秀和,A2,81,0.074,0,,0.074,
4797,中山将,A1,67,0.179,3,,0.179,●
4644,山田亮太,A1,92,0.174,4,,0.174,●
4215,吉島祥之,A2,88,0.148,3,,0.148,●
5048,眞鳥康太,B1,37,0.216,2,,0.216,●
3828,明石正之,B1,66,0.03,0,,0.03,
3551,藤田美代,B1,55,0.0,1,,0.0,
4954,内山峻輔,B1,22,0.045,0,,0.045,
4762,藤原啓史朗,A1,75,0.227,3,,0.227,●
4034,西原明生,B1,80,0.025,14,,0.025,
4156,浜野孝志,A2,100,0.13,7,,0.13,●
5334,樫葉新心,B1,77,0.026,4,,0.026,
4615,板倉敦史,B1,60,0.017,4,,0.017,
5258,仲本舜,B1,58,0.086,5,,0.086,
4555,富永大一,B1,74,0.027,0,,0.027,
4569,中澤宏奈,B1,49,0.102,2,,0.102,
4911,片岡大地,A2,64,0.031,4,,0.031,
5344,谷口丞,B1,61,0.082,5,,0.082,
3645,淺田千亜希,B2,37,0.027,1,,0.027,
4041,小林基樹,B1,67,0.045,8,,0.045,
3233,小畑実成,B1,72,0.097,0,,0.097,
4486,野村誠,A2,70,0.1,3,,0.1,
4427,秦英悟,A1,80,0.188,0,,0.188,●
3841,佐々木和伸,A2,79,0.089,3,,0.089,
3742,宮地秀祈,B1,69,0.072,12,,0.072,
3928,林恵祐,B1,84,0.036,0,,0.036,
4010,越智照浩,B1,66,0.015,8,,0.015,
4446,和田兼輔,A1,90,0.156,0,,0.156,●
4274,長畑友輔,B1,74,0.041,0,,0.041,
4113,木村浩士,B1,72,0.083,0,,0.083,
4278,藤岡俊介,A1,88,0.102,1,,0.102,
4853,前原哉,B1,47,0.021,5,,0.021,
5300,横田海人,B1,68,0.015,0,,0.015,
4257,古川健,B1,66,0.106,0,,0.106,
4666,日笠勝弘,B1,36,0.0,0,,0.0,
4509,平見真彦,A2,74,0.081,4,,0.081,
4133,高橋正男,A2,81,0.099,2,,0.099,
4150,山田雄太,A2,87,0.103,5,,0.103,
5317,長尾萌加,B1,81,0.012,6,,0.012,
4811,向井田佑紀,B1,96,0.062,0,,0.062,
3745,橋本年光,B1,46,0.0,0,,0.0,
3934,鋤柄貴俊,B1,96,0.042,3,,0.042,
4058,野末智一,A1,107,0.037,7,,0.037,
5200,筒井美琴,B2,35,0.0,2,,0.0,
5265,大廣咲季,B1,82,0.073,21,0.095,0.095,
4071,古賀千晶,B1,52,0.058,0,,0.058,
4546,浜田亜理沙,B1,63,0.143,3,,0.143,●
4408,仁科さやか,B1,59,0.034,2,,0.034,
3778,安達美帆,B1,48,0.021,2,,0.021,
4530,小野生奈,A1,78,0.141,10,,0.141,●
5078,山川波乙,B1,67,0.015,6,,0.015,
4990,田中博子,B2,29,0.069,0,,0.069,
3932,池田浩美,B1,57,0.088,3,,0.088,
4414,大澤真菜,B1,67,0.075,0,,0.075,
4450,平高奈菜,A2,70,0.057,17,0.0,0.0,
4642,松尾夏海,A2,84,0.143,26,0.077,0.077,
3845,中谷朋子,A2,59,0.085,3,,0.085,
4117,廣中智紗衣,A2,79,0.063,9,,0.063,
2538,高橋二朗,B1,70,0.0,0,,0.0,
3741,松尾基成,B1,69,0.0,4,,0.0,
3873,別府昌樹,B1,54,0.037,0,,0.037,
3997,北村征嗣,A1,96,0.125,5,,0.125,●
3617,竹田広樹,B1,71,0.07,3,,0.07,
3478,嶋田貴支,B1,70,0.014,12,,0.014,
4739,中村晃朋,A1,90,0.078,15,0.133,0.133,●
3161,古場輝義,B1,94,0.021,9,,0.021,
3297,藤丸光一,B1,75,0.013,5,,0.013,
3340,池田雷太,B1,73,0.082,0,,0.082,
5105,富田恕生,B1,72,0.014,3,,0.014,
4306,畔柳俊吾,B1,59,0.017,6,,0.017,
4057,松井賢治,A2,101,0.069,4,,0.069,
4896,花本剛,B1,70,0.057,8,,0.057,
4271,川崎公靖,B1,74,0.054,4,,0.054,
3327,野長瀬正孝,A2,116,0.086,4,,0.086,
4200,早川尚人,B1,82,0.037,4,,0.037,
3508,久富政弘,A2,74,0.095,4,,0.095,
3839,川合理司,B1,81,0.025,0,,0.025,
4207,松下一也,A1,75,0.227,3,,0.227,●
5075,中島秀治,A2,101,0.178,0,,0.178,●
3837,秋山広一,A2,82,0.098,14,,0.098,
4202,浮田圭浩,B1,73,0.014,5,,0.014,
4593,小坂宗司,A2,74,0.095,0,,0.095,
3775,泉啓文,B1,74,0.041,0,,0.041,
4462,夏山亮平,B1,62,0.048,5,,0.048,
4210,松村康太,A2,79,0.051,4,,0.051,
3940,飯山泰,A1,87,0.207,0,,0.207,●
3630,黒田誠司,B1,40,0.075,0,,0.075,
4549,小林文彦,A2,74,0.068,7,,0.068,
4665,加藤啓太,B1,81,0.037,0,,0.037,
3722,西村秀樹,B1,63,0.032,3,,0.032,
5309,森雄利,B1,54,0.019,4,,0.019,
3602,奥平拓也,B1,59,0.034,0,,0.034,
5050,木下雄介,A2,64,0.062,3,,0.062,
4273,佐藤旭,B1,70,0.086,3,,0.086,
4318,桑原将光,A2,79,0.013,4,,0.013,
3769,佐竹恒彦,A2,68,0.059,0,,0.059,
4296,岡崎恭裕,A2,51,0.098,6,,0.098,
4276,鈴木勝博,A2,75,0.2,2,,0.2,●
3779,原田幸哉,A1,96,0.146,1,,0.146,●
3946,赤岩善生,A1,85,0.118,10,,0.118,
3995,重野哲之,A2,70,0.129,0,,0.129,●
4320,峰竜太,A1,67,0.119,2,,0.119,
4269,杉山裕也,A2,79,0.089,0,,0.089,
4477,篠崎仁志,A1,81,0.099,0,,0.099,
3499,市川哲也,A1,91,0.077,6,,0.077,
4831,羽野直也,A1,57,0.105,0,,0.105,
3874,山本寛久,A2,82,0.146,0,,0.146,●
4645,上村純一,A1,74,0.149,0,,0.149,●
4261,岡祐臣,A2,76,0.092,0,,0.092,
4437,中田元泰,A2,87,0.126,15,0.067,0.067,
4905,土井祥伍,B1,69,0.014,2,,0.014,
5201,村上宗太郎,B2,32,0.062,4,,0.062,
4837,酒井陽祐,B1,71,0.014,2,,0.014,
4651,佐藤大騎,B1,58,0.052,0,,0.052,
4746,大豆生田蒼,B1,57,0.053,5,,0.053,
4781,西舘果里,B2,30,0.033,0,,0.033,
4380,鈴木峻佑,B1,79,0.089,0,,0.089,
4977,馬野耀,A2,75,0.12,1,,0.12,●
4428,有賀達也,A2,80,0.087,3,,0.087,
5179,藤本元輝,B1,44,0.068,0,,0.068,
4039,村上功祐,B1,75,0.04,0,,0.04,
5178,成貞琳平,B1,85,0.012,3,,0.012,
3812,山崎聖司,B1,71,0.014,5,,0.014,
4405,南野利騰,B1,74,0.054,0,,0.054,
4891,寺島美里,B1,57,0.035,4,,0.035,
4793,金子萌,A2,86,0.221,0,,0.221,●
4819,蜂須瑞生,A2,67,0.134,0,,0.134,●
4850,野中一平,A2,92,0.087,3,,0.087,
5096,上原崚,A2,90,0.133,0,,0.133,●
3790,佐口達也,B1,67,0.015,0,,0.015,
5169,堀本翔太,B2,37,0.0,0,,0.0,
3319,山崎義明,A2,88,0.08,7,,0.08,
5177,松井貫太,B1,80,0.0,0,,0.0,
3888,山本英志,A2,98,0.082,0,,0.082,
5315,浅井翼,B2,55,0.055,10,,0.055,
4420,津久井拓也,A2,103,0.087,5,,0.087,
4562,阪本勇介,B1,81,0.025,2,,0.025,
3647,伊藤雄二,B1,68,0.0,3,,0.0,
3313,本吉正樹,B1,66,0.045,3,,0.045,
5049,松井友汰,A2,61,0.082,0,,0.082,
5349,宮崎奏磨,B2,47,0.0,0,,0.0,
4277,金田大輔,B1,67,0.075,6,,0.075,
4752,西尾亮輔,B1,78,0.051,3,,0.051,
5345,牧村俊輝,B1,64,0.0,2,,0.0,
5026,安河内健,A1,84,0.107,1,,0.107,
4460,後藤翔之,A2,82,0.098,0,,0.098,
4035,杉江浩明,B1,85,0.082,0,,0.082,
5211,高井駿弥,B1,74,0.027,3,,0.027,
5285,若林麗,B1,68,0.015,0,,0.015,
4487,三原司,B1,87,0.046,9,,0.046,
4108,吉村正明,A1,78,0.064,3,,0.064,
3776,横井健太,B1,66,0.0,2,,0.0,
5150,坂本雄紀,A1,74,0.162,5,,0.162,●
4638,小林遼太,B1,75,0.08,0,,0.08,
5308,藤森拓海,B1,71,0.099,8,,0.099,
5347,井澤聖奈,B2,38,0.0,0,,0.0,
5057,上田紗奈,B1,80,0.113,2,,0.113,
4734,安河内将,A1,81,0.222,9,,0.222,●
4706,三浦洋次朗,A2,88,0.159,2,,0.159,●
4760,山崎郡,A1,102,0.225,0,,0.225,●
5156,坂野さくら,B1,69,0.159,3,,0.159,●
4791,黒澤めぐみ,B1,72,0.097,1,,0.097,
4495,森晋太郎,B2,57,0.123,0,,0.123,●
3956,横澤剛治,A2,78,0.09,0,,0.09,
4945,上村宏太,B1,86,0.093,4,,0.093,
5343,小林礼央,B1,60,0.017,3,,0.017,
4545,岡村慶太,A1,73,0.123,0,,0.123,●
4004,山本浩輔,B1,76,0.053,0,,0.053,
3623,深川真二,A1,28,0.214,5,,0.214,●
4786,佐藤博亮,A1,101,0.109,5,,0.109,
4220,深川和仁,B1,67,0.119,9,,0.119,
4583,古田祐貴,B1,97,0.062,16,0.062,0.062,
3953,志道吉和,B2,44,0.023,3,,0.023,
4798,浜先真範,A1,89,0.135,9,,0.135,●
3268,森竜也,B1,98,0.01,0,,0.01,
5038,金田智博,A2,65,0.185,0,,0.185,●
4270,岸本雄貴,B1,63,0.063,0,,0.063,
4458,抹香雄三,B1,67,0.09,3,,0.09,
3974,深山祐二,B1,69,0.014,0,,0.014,
5143,常盤海心,B1,79,0.038,13,,0.038,
5176,石倉拓美,B2,30,0.033,1,,0.033,
4969,町田洸希,B1,62,0.032,4,,0.032,
4817,渡邉翼,A1,70,0.114,2,,0.114,
4394,永嶋裕一,A2,83,0.084,2,,0.084,
4251,川崎誠志,B1,72,0.028,0,,0.028,
4379,桑島和宏,A2,84,0.06,2,,0.06,
3892,草場康幸,B1,69,0.014,4,,0.014,
4397,西村拓也,A1,95,0.084,0,,0.084,
4496,内堀学,A1,86,0.221,4,,0.221,●
5209,小野京平,B1,43,0.0,0,,0.0,
5237,永松良教,B2,52,0.019,2,,0.019,
4588,田中京介,A2,93,0.108,7,,0.108,
4551,三川昂暁,A2,74,0.081,0,,0.081,
4403,木下大將,A2,84,0.083,5,,0.083,
4329,小松卓司,B1,75,0.013,0,,0.013,
4679,植田太一,A2,83,0.157,0,,0.157,●
5210,藤井公人,A2,80,0.075,0,,0.075,
5138,村本大成,B1,48,0.0,0,,0.0,
4232,笠雅雄,B1,66,0.121,2,,0.121,●
4151,下河誉史,B1,100,0.05,3,,0.05,
5392,安武一也,B2,21,0.0,2,,0.0,
5152,丸山祐也,B1,66,0.0,7,,0.0,
4684,楠原翔太,B1,75,0.08,0,,0.08,
5382,山下心一,B1,48,0.021,4,,0.021,
4789,古賀智之,A2,83,0.072,7,,0.072,
5239,上野俊樹,B1,63,0.063,0,,0.063,
4522,古澤光紀,A2,75,0.067,0,,0.067,
4474,渡辺崇,B1,79,0.101,7,,0.101,
4288,永田啓二,A1,80,0.188,9,,0.188,●
4504,前田将太,A1,83,0.072,4,,0.072,
3942,寺田祥,A1,79,0.114,3,,0.114,
4413,水摩敦,A2,95,0.105,2,,0.105,
4349,犬童千秋,B1,57,0.07,4,,0.07,
3663,木山和幸,B1,85,0.094,3,,0.094,
3556,田中信一郎,A1,79,0.152,3,,0.152,●
3708,岡部貴司,B1,68,0.044,0,,0.044,
4033,伊藤将吉,A2,81,0.148,0,,0.148,●
4823,中村桃佳,A2,77,0.195,20,0.3,0.3,●
4693,松下誉士,B1,77,0.013,5,,0.013,
5172,田村慶,B1,71,0.042,7,,0.042,
4485,楠原正剛,B1,83,0.072,6,,0.072,
4144,石塚久也,A2,73,0.055,0,,0.055,
3973,崎利仁,B1,75,0.053,0,,0.053,
4066,東本勝利,A2,78,0.09,5,,0.09,
4515,藤田浩人,A2,89,0.079,3,,0.079,
3730,塩崎優司,B1,78,0.038,3,,0.038,
4293,鈴木智啓,B1,72,0.014,4,,0.014,
3701,大西隆洋,B1,69,0.029,15,0.0,0.0,
3703,鳥飼眞,A2,88,0.102,0,,0.102,
4313,西村美智子,A2,51,0.157,14,,0.157,●
4275,菅野はやか,B1,41,0.0,5,,0.0,
5241,門田栞,B1,59,0.051,17,0.059,0.059,
5069,山崎小葉音,B1,50,0.08,3,,0.08,
3509,池千夏,B1,56,0.018,8,,0.018,
3470,新田芳美,B1,68,0.176,2,,0.176,●
4419,原加央理,A2,74,0.081,3,,0.081,
5383,中村楓,B1,27,0.0,0,,0.0,
3826,村田修次,A2,71,0.07,8,,0.07,
5338,香月大輝,B1,65,0.062,0,,0.062,
4669,井上茂,B1,75,0.053,0,,0.053,
4294,古賀繁輝,A1,92,0.228,7,,0.228,●
5269,山口晃朋,A2,67,0.179,4,,0.179,●
4906,鈴木雅希,A2,72,0.069,0,,0.069,
4116,川田正人,B1,84,0.048,8,,0.048,
5103,芝田京介,B2,38,0.026,3,,0.026,
4877,鈴谷一平,A1,79,0.203,0,,0.203,●
4434,田中辰彦,A2,86,0.105,8,,0.105,
3911,鈴木猛,B1,93,0.086,3,,0.086,
4181,花本夏樹,B1,65,0.031,2,,0.031,
4463,三苫晃幸,A2,75,0.133,0,,0.133,●
4129,宇野博之,B1,61,0.016,2,,0.016,
3349,吉田一郎,A1,105,0.114,5,,0.114,
4109,谷津幸宏,A2,96,0.104,4,,0.104,
4757,山田祐也,A1,80,0.138,4,,0.138,●
3783,瓜生正義,A1,86,0.093,0,,0.093,
4561,藤山翔大,A2,97,0.33,0,,0.33,●
4430,永田秀二,A2,90,0.156,0,,0.156,●
4856,豊田健士郎,A1,97,0.165,0,,0.165,●
4643,近江翔吾,A2,75,0.133,13,,0.133,●
4286,平田さやか,A2,102,0.088,0,,0.088,
5287,滝沢織寧,B1,64,0.031,1,,0.031,
4623,中北将史,B1,77,0.039,4,,0.039,
5378,鈴木結平太,B2,22,0.0,0,,0.0,
4209,藤田竜弘,A2,73,0.068,5,,0.068,
5354,渡邊雄斗,B1,41,0.0,0,,0.0,
3474,松瀬弘美,B1,75,0.013,3,,0.013,
5155,内山七海,A2,76,0.092,7,,0.092,
4689,豊田結,B1,69,0.072,0,,0.072,
4893,渡邉真奈美,B1,66,0.121,4,,0.121,●
4073,大橋純一郎,A1,91,0.165,2,,0.165,●
4981,牧山敦也,B1,76,0.026,6,,0.026,
3814,金子貴志,B1,74,0.027,0,,0.027,
3994,小野桜,B1,66,0.061,4,,0.061,
4400,加藤奈月,B1,72,0.0,5,,0.0,
5248,本田愛,B1,58,0.052,0,,0.052,
3518,倉田郁美,B1,59,0.068,1,,0.068,
4822,百武翔,A2,94,0.085,3,,0.085,
4193,郷原章平,A2,100,0.17,0,,0.17,●
4433,川野芽唯,A1,88,0.091,7,,0.091,
4017,向井美鈴,B1,80,0.062,3,,0.062,
4514,上條嘉嗣,A1,97,0.186,4,,0.186,●
3455,谷本幸司,B1,82,0.049,0,,0.049,
3891,谷口健一,B1,86,0.0,0,,0.0,
4191,赤羽克也,A1,82,0.159,3,,0.159,●
5061,中村駿平,B1,59,0.085,0,,0.085,
4901,出口舞有子,B1,59,0.085,0,,0.085,
4137,君島秀三,A1,91,0.154,4,,0.154,●
4533,峰重侑治,B1,45,0.044,1,,0.044,
4761,山田晃大,A2,97,0.124,3,,0.124,●
4197,渥美卓郎,B1,73,0.041,4,,0.041,
4879,山崎鉄平,B1,68,0.103,0,,0.103,
5031,渡辺空依,B1,69,0.043,7,,0.043,
4176,樋口喜彦,B2,43,0.047,4,,0.047,
3202,三品隆浩,B1,70,0.043,2,,0.043,
4740,齋藤達希,B1,80,0.062,5,,0.062,
5082,一色凌雅,B1,90,0.089,1,,0.089,
5170,佐藤太亮,B1,67,0.03,3,,0.03,
4064,原田篤志,A1,91,0.055,10,,0.055,
4563,齋藤真之,B1,71,0.085,3,,0.085,
5369,岡崎凪汰,B1,48,0.062,1,,0.062,
4846,佐藤駿介,B1,72,0.028,0,,0.028,
3502,渡邉英児,A2,87,0.092,4,,0.092,
4389,伊藤喜智,A2,72,0.083,6,,0.083,
4225,土屋千明,A2,54,0.056,0,,0.056,
4124,池田雄一,A2,74,0.095,0,,0.095,
4439,近藤友宝,B1,67,0.015,3,,0.015,
4105,松下直也,B1,91,0.055,6,,0.055,
4511,中岡健人,B1,74,0.041,12,,0.041,
4348,宮崎奨,A2,84,0.024,25,0.0,0.0,
5029,中亮太,A1,90,0.189,4,,0.189,●
4154,森安弘雅,B1,83,0.084,20,0.1,0.1,
4381,田路朋史,A2,70,0.157,4,,0.157,●
3434,松尾宣邦,B1,70,0.014,3,,0.014,
4724,吉田祐貴,B1,46,0.0,3,,0.0,
4808,松尾拓,A2,80,0.163,1,,0.163,●
4710,福田宗平,A2,84,0.06,5,,0.06,
5020,宮村勇哉,B1,61,0.082,0,,0.082,
5284,嘉手苅徹哉,B2,52,0.038,1,,0.038,
5053,山口広樹,B1,62,0.065,0,,0.065,
4236,松村敏,A1,86,0.174,3,,0.174,●
4632,長尾京志郎,B1,61,0.066,0,,0.066,
4736,高倉和士,A1,79,0.089,3,,0.089,
4204,柴田大輔,B1,74,0.095,6,,0.095,
4952,吉武真也,B1,62,0.016,0,,0.016,
5351,齊藤廉,B1,61,0.016,0,,0.016,
5101,表健太,B1,59,0.017,0,,0.017,
4861,田中宏樹,A2,71,0.0,3,,0.0,
5240,高橋龍治,B1,59,0.051,0,,0.051,
5263,花田凱成,B1,77,0.026,3,,0.026,
4958,溝口海義也,A1,87,0.092,0,,0.092,
4702,三浦敬太,A1,66,0.242,0,,0.242,●
4172,森定晃史,A2,85,0.035,4,,0.035,
4000,松本博昭,A2,98,0.122,4,,0.122,●
3277,齋藤勇,B1,81,0.037,7,,0.037,
4143,浦田晃嗣,B1,69,0.058,9,,0.058,
3284,渡邊伸太郎,B1,71,0.056,4,,0.056,
4550,石岡将太,A2,82,0.049,9,,0.049,
3660,長谷川親王,B1,57,0.0,11,,0.0,
4111,奥田誠,A2,81,0.062,10,,0.062,
3834,細川明人,B1,62,0.032,7,,0.032,
4051,清水敦揮,A2,63,0.111,9,,0.111,
4216,星栄爾,B1,81,0.062,7,,0.062,
5128,坪井爽佑,B1,59,0.102,4,,0.102,
5400,高村諒,B2,25,0.0,3,,0.0,
5395,日高龍之介,B1,21,0.0,3,,0.0,
4705,吉川勇作,B1,61,0.066,5,,0.066,
4404,岸蔭亮,B1,75,0.08,2,,0.08,
3908,重成一人,A1,75,0.107,7,,0.107,
3947,寺本昇平,B1,74,0.054,7,,0.054,
4475,末永祐輝,A1,89,0.124,7,,0.124,●
4049,荒川健太,A2,109,0.055,10,,0.055,
4682,大上卓人,A1,91,0.088,6,,0.088,
3987,後藤正宗,A1,76,0.079,11,,0.079,
5320,岩崎麗子,B1,66,0.03,0,,0.03,
5326,三嶌さらら,B1,86,0.07,27,0.037,0.037,
4347,魚谷香織,A2,69,0.116,8,,0.116,
3435,寺田千恵,A2,83,0.072,9,,0.072,
4299,中島浩哉,B1,66,0.015,0,,0.015,
5261,岡暢祐,B1,64,0.062,3,,0.062,
4461,安田吉宏,B1,63,0.079,0,,0.079,
3463,乙津康志,B1,76,0.066,6,,0.066,
5077,滝沢崚,B1,37,0.135,0,,0.135,●
5100,栗原一馬,B1,51,0.118,0,,0.118,
4325,新出浩司,B1,59,0.0,4,,0.0,
5341,山道諄也,B1,31,0.097,0,,0.097,
3546,中里昌志,B1,86,0.047,2,,0.047,
4785,木幡純也,B1,65,0.092,0,,0.092,
4883,岡部大輝,A2,63,0.095,6,,0.095,
3605,中村守成,B1,63,0.048,4,,0.048,
4672,守屋大地,B1,71,0.056,3,,0.056,
4578,藤山雅弘,A2,75,0.093,0,,0.093,
4114,深澤達徳,B1,54,0.056,0,,0.056,
5331,佐藤永梧,B1,60,0.083,0,,0.083,
5217,藤原碧生,A1,68,0.118,0,,0.118,
4377,濱本優一,A1,76,0.118,4,,0.118,
5330,安河内鈴之介,A2,79,0.152,5,,0.152,●
5350,網代良芽,B1,73,0.123,1,,0.123,●
4376,藤田靖弘,A2,87,0.126,13,,0.126,●
4579,中嶋健一郎,A2,89,0.045,0,,0.045,
4148,枝尾賢,A2,83,0.048,3,,0.048,
4324,海野康志郎,A1,105,0.162,11,,0.162,●
3983,須藤博倫,A1,94,0.149,2,,0.149,●
3717,立間充宏,A2,47,0.128,4,,0.128,●
4539,金子賢志,A1,85,0.165,4,,0.165,●
4847,佐藤隆太郎,A1,68,0.162,8,,0.162,●
4134,杉山貴博,A2,78,0.128,7,,0.128,●
3635,石田政吾,B1,66,0.061,6,,0.061,
5146,野田彩加,A2,70,0.171,7,,0.171,●
4195,前川守嗣,B1,63,0.079,0,,0.079,
3659,藤生雄人,A2,62,0.065,5,,0.065,
4796,春園功太,A1,68,0.176,1,,0.176,●
4649,和田操拓,B1,99,0.162,0,,0.162,●
4300,加藤綾,B1,71,0.014,4,,0.014,
5130,上野拓馬,B1,84,0.024,0,,0.024,
5126,山下大輝,A1,87,0.31,0,,0.31,●
4809,外崎悟,A1,67,0.03,3,,0.03,
4660,宇田川信一,B1,57,0.053,0,,0.053,
4854,大橋由珠,B2,44,0.023,2,,0.023,
5044,渡邉健,B1,76,0.158,10,,0.158,●
3822,平尾崇典,A1,70,0.171,2,,0.171,●
3746,岡瀬正人,A2,94,0.011,8,,0.011,
4343,村岡賢,B1,70,0.014,0,,0.014,
5375,庄島潤成,B1,28,0.0,0,,0.0,
4732,堀本和也,A2,94,0.085,1,,0.085,
4648,木村亮太,B1,61,0.049,0,,0.049,
4432,黄金井力良,B1,77,0.065,0,,0.065,
5136,濱野斗馬,A1,89,0.146,15,0.2,0.2,●
4327,加藤翔,B1,85,0.059,0,,0.059,
4779,伊倉光,B1,70,0.043,5,,0.043,
4092,岡部大輔,B1,61,0.066,4,,0.066,
4297,山田哲也,A1,94,0.213,2,,0.213,●
4976,金山立樹,B1,59,0.085,0,,0.085,
5028,原田才一郎,A1,75,0.187,4,,0.187,●
4564,山本景士郎,B1,81,0.012,4,,0.012,
5199,垂水悠,B1,59,0.153,2,,0.153,●
4121,富永修一,A2,59,0.085,6,,0.085,
4531,武富智亮,A2,79,0.114,0,,0.114,
5188,武井莉里佳,A2,88,0.148,6,,0.148,●
4959,井上忠政,A1,88,0.125,3,,0.125,●
5273,山下拓巳,B1,79,0.076,5,,0.076,
4305,金子拓矢,A1,61,0.18,2,,0.18,●
5186,遠藤圭吾,B1,64,0.031,5,,0.031,
4211,村田敦,B1,64,0.031,3,,0.031,
4054,福嶋智之,B1,75,0.04,4,,0.04,
4023,柴田友和,B1,59,0.051,0,,0.051,
4345,西舘健,A2,80,0.075,4,,0.075,
4874,池田奈津美,B1,49,0.041,6,,0.041,
3813,佐藤大介,A1,77,0.143,0,,0.143,●
4390,松本弓雄,B1,72,0.042,4,,0.042,
4503,上野真之介,A1,87,0.138,3,,0.138,●
4398,船岡洋一郎,A1,89,0.157,13,,0.157,●
4656,大崎翔,A2,69,0.072,7,,0.072,
4523,中村辰也,A2,66,0.03,4,,0.03,
4395,下河雅史,B1,84,0.071,0,,0.071,
4351,里岡右貴,A1,93,0.226,3,,0.226,●
4301,関裕也,B1,68,0.029,2,,0.029,
4330,奈須啓太,A2,84,0.167,1,,0.167,●
5384,八戸琉楓,B2,32,0.0,0,,0.0,
5352,西岡蒼志,B1,68,0.147,8,,0.147,●
4231,鈴木裕隆,B1,89,0.112,0,,0.112,
5242,高山弘斗,B1,65,0.0,0,,0.0,
5166,仲道大輔,A2,76,0.158,1,,0.158,●
4498,宮本夏樹,B2,42,0.214,2,,0.214,●
4950,高岡竜也,A1,76,0.184,3,,0.184,●
3212,亀本勇樹,B1,84,0.083,7,,0.083,
5279,石渡翔一郎,B1,65,0.092,2,,0.092,
4654,篠田優也,A1,82,0.085,3,,0.085,
5141,大澤風葵,A1,70,0.229,5,,0.229,●
5333,山下智己,B2,56,0.054,0,,0.054,
3976,内田圭,B1,79,0.063,0,,0.063,
5157,市川健太,B1,73,0.027,5,,0.027,
5226,藤田俊祐,B1,45,0.156,4,,0.156,●
4535,北山康介,A2,58,0.138,4,,0.138,●
5216,長谷川晴哉,A1,107,0.121,4,,0.121,●
4636,赤池修平,B1,57,0.158,3,,0.158,●
4186,小川時光,B1,55,0.018,0,,0.018,
5137,川原涼,A2,55,0.091,0,,0.091,
3948,大町利克,B1,55,0.0,0,,0.0,
3912,川原正明,B1,78,0.192,4,,0.192,●
3950,石川哲秀,B1,55,0.073,0,,0.073,
4448,青木玄太,A1,81,0.148,4,,0.148,●
3652,森下勇,B1,63,0.048,0,,0.048,
4635,峰重力也,A2,61,0.148,5,,0.148,●
5301,岩下巧斗,B1,75,0.093,0,,0.093,
3737,上平真二,A1,80,0.138,4,,0.138,●
4631,新井英孝,B1,65,0.046,3,,0.046,
5373,諏訪玲奈,B2,35,0.0,0,,0.0,
4263,武重雄介,B1,66,0.076,4,,0.076,
5313,鈴木唯央,B1,55,0.055,2,,0.055,
5034,若林義人,A1,103,0.291,0,,0.291,●
4536,喜井つかさ,A2,81,0.099,0,,0.099,
3930,岸本隆,A2,85,0.106,4,,0.106,
3968,茶谷信次,A2,77,0.117,1,,0.117,
5087,佐藤航,A1,86,0.174,2,,0.174,●
4580,長谷川雅和,B1,81,0.074,2,,0.074,
3793,高橋真吾,B1,49,0.02,3,,0.02,
5115,香川颯太,B1,50,0.1,4,,0.1,
4248,岡本大,B1,71,0.07,5,,0.07,
3484,芝田浩治,A2,86,0.093,8,,0.093,
5035,櫻井優,A2,79,0.127,5,,0.127,●
4411,沢田昭宏,A2,79,0.114,3,,0.114,
5302,秋末秦悟,B1,63,0.0,3,,0.0,
5112,砂長知輝,A1,86,0.14,7,,0.14,●
3613,角谷健吾,A2,98,0.112,8,,0.112,
4323,山田佑樹,B1,65,0.092,7,,0.092,
4897,深見亜由美,B1,67,0.03,5,,0.03,
4587,木田峰由季,A1,77,0.169,0,,0.169,●
5070,中島航,B1,59,0.051,0,,0.051,
3615,横田茂,B1,76,0.066,1,,0.066,
3804,中渡修作,B1,79,0.038,2,,0.038,
4484,稲生夏季,B1,66,0.045,0,,0.045,
3642,大塚浩二,B1,63,0.032,1,,0.032,
5329,金子龍斗,B1,52,0.115,2,,0.115,
4680,後藤美翼,A2,74,0.041,0,,0.041,
5249,三木晴斗,B1,61,0.082,6,,0.082,
5252,荒木颯斗,A2,70,0.171,4,,0.171,●
4339,平瀬城啓,B1,65,0.015,0,,0.015,
4989,石原翼,A2,90,0.144,1,,0.144,●
4247,齊藤優,B1,81,0.111,4,,0.111,
4319,三宅潤,A2,80,0.1,2,,0.1,
4152,深水慎一郎,A2,57,0.105,2,,0.105,
4159,向後龍一,A2,87,0.069,0,,0.069,
3333,丸尾義孝,A1,96,0.146,2,,0.146,●
5124,上瀧絢也,B1,51,0.098,7,,0.098,
4994,山本梨菜,A2,78,0.141,5,,0.141,●
5238,笹木香吾,A2,76,0.25,0,,0.25,●
5264,登みひ果,B1,75,0.08,5,,0.08,
4442,松竹大輔,B1,72,0.083,3,,0.083,
3951,石川吉鎬,B1,89,0.079,2,,0.079,
4449,中嶋達也,B1,78,0.09,0,,0.09,
5125,高井雄基,A2,62,0.097,6,,0.097,
5183,中野孝二,B1,64,0.078,0,,0.078,
4253,西川真人,B1,92,0.011,3,,0.011,
4991,宗行治哉,A1,76,0.105,0,,0.105,
3988,古川誠之,A2,90,0.133,4,,0.133,●
5032,谷口知優,A2,77,0.052,23,0.087,0.087,
4233,亀山雅幸,A2,75,0.133,4,,0.133,●
4537,渡邉和将,A1,82,0.134,0,,0.134,●
3931,黒崎竜也,A2,58,0.086,0,,0.086,
3685,荒井輝年,A2,78,0.128,0,,0.128,●
4342,谷野錬志,A2,76,0.211,5,,0.211,●
4898,菊地敬介,B1,51,0.118,0,,0.118,
5214,田中宏典,B1,69,0.072,6,,0.072,
4491,田中堅,B1,74,0.0,0,,0.0,
4443,津田裕絵,B1,85,0.059,8,,0.059,
5174,川井萌,B2,33,0.061,5,,0.061,
5204,宇恵有香,B2,29,0.034,0,,0.034,
4218,吉川喜継,A1,118,0.085,4,,0.085,
4464,山下友貴,A1,75,0.067,0,,0.067,
5291,三嶌こころ,B1,76,0.013,21,0.048,0.048,
4138,中井俊祐,B1,75,0.067,10,,0.067,
4836,大谷健太,B1,57,0.07,2,,0.07,
4886,入海馨,A2,73,0.11,4,,0.11,
4743,木村仁紀,A1,94,0.16,0,,0.16,●
5140,吉田彩乃,B1,64,0.047,4,,0.047,
4422,永井亮次,B1,69,0.029,2,,0.029,
5135,仲航太,B1,61,0.098,0,,0.098,
5327,西田和加,B2,50,0.0,4,,0.0,
5127,沼田大都,B1,65,0.046,3,,0.046,
5123,福山恵里奈,B1,73,0.055,6,,0.055,
5160,藤森陸斗,A2,90,0.144,0,,0.144,●
4987,島倉都,B1,76,0.013,0,,0.013,
5058,前原大道,A1,79,0.165,2,,0.165,●
5294,豊田祥生,B1,72,0.056,0,,0.056,
5068,前田滉,A1,80,0.237,3,,0.237,●
5357,田中瀬里奈,B2,38,0.0,0,,0.0,
4441,末永由楽,A2,84,0.095,4,,0.095,
5086,本村大,B1,59,0.085,3,,0.085,
4529,嶋義信,A1,64,0.109,9,,0.109,
5394,福西広太郎,B1,30,0.0,0,,0.0,
5109,川崎智稔,B1,86,0.105,5,,0.105,
4122,安東幸治,A2,93,0.118,0,,0.118,
4787,椎名豊,A1,84,0.238,4,,0.238,●
4089,妹尾忠幸,A2,95,0.063,3,,0.063,
4949,横田貴満,A2,84,0.131,3,,0.131,●
3959,坪井康晴,A1,72,0.167,0,,0.167,●
4099,吉永則雄,A2,81,0.062,8,,0.062,
4520,高倉孝太,A2,80,0.15,0,,0.15,●
3535,渡修平,B1,61,0.049,2,,0.049,
3961,谷村一哉,A1,50,0.12,0,,0.12,●
4894,原村拓也,B1,89,0.011,16,0.0,0.0,
5337,出畑孝成,B1,56,0.071,0,,0.071,
4864,小川日紀太,B1,60,0.05,3,,0.05,
4314,青木幸太郎,A2,79,0.114,7,,0.114,
4256,渡辺浩司,A1,76,0.105,3,,0.105,
4451,松崎祐太郎,A2,88,0.0,0,,0.0,
4506,稗田聖也,A1,78,0.179,0,,0.179,●
4978,山田和佐,B1,79,0.038,5,,0.038,
4431,石塚裕介,B1,60,0.067,0,,0.067,
4410,井上大輔,B1,81,0.136,0,,0.136,●
3572,安田政彦,B1,90,0.067,12,,0.067,
3656,伯母芳恒,B1,71,0.042,0,,0.042,
4914,吉田裕平,A1,84,0.119,3,,0.119,
4131,原豊土,B1,63,0.143,4,,0.143,●
5107,松本真広,B1,72,0.083,0,,0.083,
4601,森野正弘,A1,95,0.2,3,,0.2,●
4346,前田健太郎,B1,67,0.075,1,,0.075,
4258,関根彰人,B1,69,0.043,4,,0.043,
4766,石井孝之,B1,49,0.163,0,,0.163,●
5036,福田翔吾,B1,85,0.094,0,,0.094,
3574,大神康司,A1,64,0.016,4,,0.016,
4174,赤坂俊輔,A1,105,0.086,10,,0.086,
4369,丹下将,A2,92,0.185,4,,0.185,●
4370,山口達也,A1,90,0.189,5,,0.189,●
4907,小池修平,A1,77,0.169,3,,0.169,●
5122,相馬翔,B1,53,0.019,0,,0.019,
5074,大澤誠也,B1,61,0.016,0,,0.016,
5098,大江純,B1,83,0.133,5,,0.133,●
5175,島崎丈一朗,B1,43,0.0,0,,0.0,
4388,是澤孝宏,A2,84,0.071,10,,0.071,
3797,岩井繁,B1,85,0.024,0,,0.024,
3889,須藤隆雄,B1,70,0.043,2,,0.043,
4944,田代達也,B1,77,0.065,3,,0.065,
5303,土井歩夢,A2,76,0.053,0,,0.053,
4308,河村了,A1,80,0.125,0,,0.125,●
4652,酒見峻介,B1,75,0.027,0,,0.027,
5299,西丸敦基,A2,82,0.11,17,0.118,0.118,
4633,森智也,A2,84,0.06,0,,0.06,
5367,赤松咲香,B2,30,0.033,3,,0.033,
4158,木場雄二郎,B1,69,0.043,4,,0.043,
5212,西川拓利,A2,81,0.123,0,,0.123,●
5042,畑田汰一,A1,92,0.152,0,,0.152,●
5065,伊久間陽優,A2,65,0.108,3,,0.108,
5293,眞崎武蔵,B1,26,0.0,0,,0.0,
4839,四宮与寛,A2,65,0.092,5,,0.092,
5085,中村栄治,A2,82,0.122,0,,0.122,●
5374,木山大聖,B1,42,0.0,0,,0.0,
3430,角浜修,B1,82,0.049,8,,0.049,
4239,竹田辰也,A1,75,0.147,4,,0.147,●
3832,下田哲也,B2,43,0.047,15,0.067,0.067,
3848,川上聡介,B1,71,0.028,9,,0.028,
4188,久田敏之,A1,76,0.224,4,,0.224,●
3372,加藤雅之,B2,57,0.0,5,,0.0,
4120,柘植政浩,A2,96,0.083,9,,0.083,
3497,後藤浩,B1,66,0.121,5,,0.121,●
3370,坪内実,B1,56,0.018,0,,0.018,
4234,野相弘司,B1,64,0.062,0,,0.062,
3893,汐崎正則,B1,78,0.077,4,,0.077,
5145,島川海輝,A2,89,0.135,4,,0.135,●
4145,小澤学,B1,79,0.025,6,,0.025,
5391,出穂和鼓,B2,25,0.0,0,,0.0,
5066,鈴木孝明,A1,84,0.155,3,,0.155,●
4924,中北涼,B1,76,0.053,6,,0.053,
5254,羽田妃希,B1,61,0.0,0,,0.0,
4773,中川りな,A2,93,0.086,8,,0.086,
5322,根岸真優,B1,63,0.0,0,,0.0,
5213,湯淺紀香,B1,85,0.082,4,,0.082,
4941,孫崎百世,B1,68,0.059,2,,0.059,
3618,海野ゆかり,A1,89,0.157,3,,0.157,●
3871,池田紫乃,B1,61,0.066,4,,0.066,
4045,佐々木裕美,B1,67,0.09,4,,0.09,
5129,山口真喜子,A2,69,0.159,4,,0.159,●
5079,大石真央,B1,77,0.078,4,,0.078,
5296,永田楽,B1,69,0.072,6,,0.072,
5283,植木美帆,B2,44,0.023,0,,0.023,
4011,堀之内紀代子,A2,71,0.155,6,,0.155,●
3580,水口由紀,B1,73,0.027,3,,0.027,
4694,高田綾,B1,69,0.058,7,,0.058,
5281,井上遥妃,A1,73,0.11,9,,0.11,
4938,小芦るり華,A1,83,0.241,10,,0.241,●
4964,土屋南,A2,61,0.098,0,,0.098,
5088,高憧四季,A1,98,0.163,5,,0.163,●
2878,富山弘幸,B1,80,0.1,0,,0.1,
3692,竹腰正樹,B1,66,0.061,0,,0.061,
3906,飯山晃三,B1,85,0.012,7,,0.012,
3619,長谷川充,B1,75,0.067,2,,0.067,
3548,室田泰史,A2,93,0.086,0,,0.086,
3517,高橋勲,B1,96,0.135,4,,0.135,●
3584,佐々木英樹,B1,73,0.055,0,,0.055,
3514,山一鉄也,A2,86,0.116,3,,0.116,
3516,吉原聖人,B1,54,0.111,7,,0.111,
3945,橋口真樹,B1,57,0.053,0,,0.053,
3256,三角哲男,A1,72,0.125,0,,0.125,●
4828,松山将吾,A1,69,0.159,3,,0.159,●
5253,藤井太雅,B2,26,0.115,0,,0.115,
4771,下寺秀和,A1,86,0.163,0,,0.163,●
5006,久保原秀人,B1,70,0.057,0,,0.057,
5277,井上未都,B1,68,0.088,0,,0.088,
3582,吉川昭男,A2,118,0.127,4,,0.127,●
5184,飯塚響,B2,34,0.029,4,,0.029,
4416,三宅健太,B1,83,0.181,3,,0.181,●
4471,新田泰章,A1,91,0.11,0,,0.11,
4596,葛原大陽,A2,80,0.037,3,,0.037,
3392,小森信雄,B1,57,0.018,3,,0.018,
3541,三嶌誠司,A2,84,0.06,8,,0.06,
3334,角ひとみ,A2,92,0.033,2,,0.033,
3606,川北浩貴,B1,85,0.071,7,,0.071,
4997,濱崎寿里矢,B2,45,0.044,2,,0.044,
3589,西村勝,B1,57,0.018,0,,0.018,
4608,荒井翔伍,A2,82,0.11,5,,0.11,
4260,中越博紀,B1,81,0.136,3,,0.136,●
3878,胡本悟志,B1,67,0.075,4,,0.075,
4266,長田頼宗,A1,86,0.116,4,,0.116,
4357,田中和也,A1,84,0.131,0,,0.131,●
4589,塩崎桐加,B1,57,0.158,0,,0.158,●
4335,若林将,A1,82,0.134,0,,0.134,●
4146,柳橋宏紀,A2,84,0.071,4,,0.071,
5189,藤原早菜,A2,74,0.081,0,,0.081,
3156,金子良昭,B1,76,0.039,0,,0.039,
4175,川尻泰輔,A2,68,0.074,0,,0.074,
4415,下出卓矢,A1,71,0.155,0,,0.155,●
4240,今井裕梨,A2,66,0.076,3,,0.076,
5185,加藤優弥,B1,69,0.116,4,,0.116,
3305,小野信樹,B1,57,0.018,2,,0.018,
4374,永田義紘,B1,77,0.091,3,,0.091,
4164,岩永節也,B1,67,0.0,3,,0.0,
4163,山崎裕司,A2,95,0.116,4,,0.116,
5205,刑部亜里紗,A2,83,0.108,7,,0.108,
5064,品川二千翔,A1,79,0.089,3,,0.089,
5290,坂本一真,B1,76,0.039,4,,0.039,
5368,宮崎心之介,B1,42,0.19,3,,0.19,●
4769,馬場剛,A1,82,0.183,0,,0.183,●
4241,大串重幸,A2,89,0.067,0,,0.067,
5133,堀越雄貴,B1,70,0.129,0,,0.129,●
4932,新開航,A1,75,0.187,0,,0.187,●
4238,毒島誠,A1,57,0.211,0,,0.211,●
4364,池永太,A1,77,0.221,1,,0.221,●
4245,高橋直哉,B1,63,0.063,10,,0.063,
4848,仲谷颯仁,A1,69,0.072,2,,0.072,
4497,桑原悠,A1,68,0.221,5,,0.221,●
3960,菊地孝平,A1,93,0.108,0,,0.108,
5073,上原健次郎,A2,72,0.056,0,,0.056,
4102,益田啓司,A1,89,0.202,5,,0.202,●
4719,上條暢嵩,A1,84,0.071,3,,0.071,
4401,小林泰,A2,72,0.097,2,,0.097,
4494,河合佑樹,A1,72,0.083,0,,0.083,
4685,島村隆幸,A1,69,0.246,3,,0.246,●
3854,吉川元浩,A1,81,0.086,0,,0.086,
4844,村上奈穂,B1,79,0.025,3,,0.025,
5193,米丸乃絵,A1,80,0.075,6,,0.075,
4262,馬場貴也,A1,88,0.136,4,,0.136,●
4407,鹿島敏弘,B1,84,0.024,0,,0.024,
4547,中田竜太,A1,77,0.091,0,,0.091,
4686,丸野一樹,A1,73,0.123,0,,0.123,●
4586,磯部誠,A1,84,0.083,3,,0.083,
4237,大峯豊,A1,89,0.191,4,,0.191,●
3590,濱野谷憲吾,A1,95,0.105,0,,0.105,
5312,川辺郭人,B1,72,0.028,3,,0.028,
4966,田川大貴,B1,68,0.088,2,,0.088,
3853,岩崎正哉,A2,88,0.057,2,,0.057,
4483,北野輝季,A1,77,0.195,4,,0.195,●
3679,飯島昌弘,A2,99,0.02,0,,0.02,
3562,山下和彦,A2,82,0.134,0,,0.134,●
3558,山本浩次,B1,73,0.082,6,,0.082,
3863,海老澤泰行,B1,74,0.054,4,,0.054,
4371,西山貴浩,A1,82,0.037,3,,0.037,
3984,坂口周,A1,91,0.121,0,,0.121,●
4362,土屋智則,A1,72,0.014,3,,0.014,
4676,後藤隼之,A2,85,0.059,0,,0.059,
4363,大野芳顕,A2,89,0.079,4,,0.079,
3563,堤昇,B1,83,0.06,0,,0.06,
3857,阿波勝哉,B1,41,0.098,0,,0.098,
4396,大田直弥,B1,84,0.048,3,,0.048,
4103,山崎善庸,B1,61,0.0,3,,0.0,
3982,福田理,B1,70,0.071,8,,0.071,
4992,廣瀬篤哉,B1,75,0.107,0,,0.107,
4302,西野翔太,A1,96,0.125,3,,0.125,●
4565,西村豪洋,B1,67,0.03,0,,0.03,
4708,半田尚也,B1,61,0.016,0,,0.016,
4429,豊田泰洋,B1,79,0.038,2,,0.038,
5336,瀬川大地,B1,55,0.0,2,,0.0,
5275,松田淳平,A1,79,0.127,2,,0.127,●
4112,大久保信一郎,A2,75,0.107,2,,0.107,
3989,熊本英一,B1,69,0.043,0,,0.043,
5270,小玉啓太,B1,67,0.104,0,,0.104,
5051,松本純平,A1,77,0.117,0,,0.117,
3771,折下寛法,B1,75,0.053,5,,0.053,
4570,前田聖文,A1,82,0.134,0,,0.134,●
5361,植竹玲奈,B1,45,0.022,3,,0.022,
4703,森永隆,A1,78,0.192,0,,0.192,●
4816,村松修二,A2,70,0.086,6,,0.086,
5220,青木蓮,A2,94,0.16,4,,0.16,●
4984,森下愛梨,B1,57,0.07,7,,0.07,
5297,南彩寧,B1,76,0.013,0,,0.013,
3302,谷川里江,B1,49,0.143,3,,0.143,●
4714,喜多須杏奈,B1,75,0.027,10,,0.027,
3900,香川素子,A2,86,0.105,6,,0.105,
4825,倉持莉々,A1,70,0.186,3,,0.186,●
5314,中曽瑠華,B1,58,0.017,0,,0.017,
5003,来田衣織,B1,86,0.105,9,,0.105,
5165,小林愛実,B1,65,0.046,4,,0.046,
4385,鈴木祐美子,B2,43,0.047,0,,0.047,
5182,宮崎安奈,B1,61,0.066,3,,0.066,
3807,岡部哲,B1,75,0.027,0,,0.027,
3773,津留浩一郎,B1,67,0.03,3,,0.03,
4081,樋口範政,B1,87,0.046,0,,0.046,
3226,浦田信義,B1,67,0.06,0,,0.06,
3564,桑原啓,B1,81,0.086,11,,0.086,
3543,福田雅一,B1,55,0.091,4,,0.091,
3875,廣中良一,B1,81,0.025,6,,0.025,
3503,堂原洋史,B1,69,0.058,0,,0.058,
4082,濱崎誠,B1,77,0.091,0,,0.091,
3620,信濃由行,B1,71,0.028,7,,0.028,
3614,谷勝幸,B1,78,0.064,0,,0.064,
3282,池本輝明,B1,75,0.013,2,,0.013,
3915,繁野谷圭介,A2,84,0.071,5,,0.071,
4553,坪口竜也,A2,78,0.077,8,,0.077,
5371,早川颯太,B2,42,0.024,0,,0.024,
4618,乃村康友,B1,64,0.047,2,,0.047,
4516,野口勝弘,A1,96,0.156,0,,0.156,●
3569,増田進,B1,68,0.029,2,,0.029,
5247,大森翼,B1,81,0.012,4,,0.012,
5018,竹下大樹,A1,100,0.11,3,,0.11,
4421,森作広大,B1,46,0.022,1,,0.022,
3339,泉具巳,B1,62,0.097,0,,0.097,
3567,吉岡誠,B1,45,0.044,1,,0.044,
3377,塚田修二,B1,54,0.056,0,,0.056,
5167,小川竜太朗,B1,65,0.046,0,,0.046,
3922,菅沼佳昭,B1,80,0.025,4,,0.025,
4688,永井彪也,A1,72,0.097,6,,0.097,
4317,木村紗友希,B1,68,0.044,3,,0.044,
4788,小池哲也,A2,85,0.106,0,,0.106,
4171,榎幸司,A2,85,0.141,3,,0.141,●
4948,木場悠介,B1,70,0.071,3,,0.071,
3880,浅見宗孝,B1,67,0.03,3,,0.03,
3381,滝沢芳行,B1,80,0.113,9,,0.113,
4352,下條雄太郎,A1,64,0.062,0,,0.062,
4366,前沢丈史,A1,89,0.169,0,,0.169,●
4478,櫻本あゆみ,A1,73,0.205,0,,0.205,●
4961,西橋奈未,A1,80,0.113,3,,0.113,
4895,門間雄大,A2,69,0.116,2,,0.116,
5206,梅原祥平,B1,55,0.091,0,,0.091,
4611,今井美亜,A1,89,0.079,5,,0.079,
4391,松田祐季,A1,82,0.122,3,,0.122,●
4700,金子和之,A2,77,0.065,4,,0.065,
4344,新田雄史,A1,89,0.112,3,,0.112,
4205,山口剛,A1,70,0.114,0,,0.114,
3716,石渡鉄兵,A1,75,0.173,0,,0.173,●
4468,大池佑来,A1,77,0.182,1,,0.182,●
4337,平本真之,A1,82,0.073,0,,0.073,
3897,白井英治,A1,85,0.047,3,,0.047,
3726,桂林寛,B1,45,0.067,0,,0.067,
5222,津田陸翔,A1,83,0.133,6,,0.133,●
5015,高橋竜矢,A1,81,0.062,8,,0.062,
5139,大場恒季,A1,92,0.109,6,,0.109,
4640,山ノ内雅人,A2,97,0.165,6,,0.165,●
4226,村田浩司,B1,75,0.093,0,,0.093,
5229,吉川晴人,A2,82,0.085,0,,0.085,
5151,山下奈緒,B1,72,0.014,0,,0.014,
4283,石井裕美,B1,55,0.073,3,,0.073,
4203,小倉康典,B1,57,0.035,2,,0.035,
5132,中野希一,A1,90,0.189,7,,0.189,●
4857,加藤翔馬,A1,52,0.173,0,,0.173,●
4014,片岡恵里,A2,85,0.082,4,,0.082,
5045,平川香織,A2,96,0.104,3,,0.104,
4473,藤堂里香,B1,64,0.094,2,,0.094,
4050,田口節子,A1,71,0.169,4,,0.169,●
5013,山下夏鈴,B1,86,0.256,6,,0.256,●
5163,清水愛海,A1,73,0.151,10,,0.151,●
5231,寺田空詩,B1,67,0.075,0,,0.075,
5218,山田理央,A1,93,0.14,25,0.2,0.2,●
4878,西岡育未,B1,56,0.054,5,,0.054,
3654,武田光史,A2,80,0.15,3,,0.15,●
3796,長野道臣,B1,66,0.045,0,,0.045,
3977,山本兼士,B1,84,0.06,0,,0.06,
4821,妻鳥晋也,B1,70,0.143,9,,0.143,●
3800,牧宏次,A2,61,0.066,0,,0.066,
5158,宮脇遼太,A1,71,0.254,4,,0.254,●
4085,荻野裕介,B1,48,0.062,0,,0.062,
3579,中里優子,B1,58,0.034,2,,0.034,
4513,河野真也,A2,78,0.128,6,,0.128,●
4738,清埜翔子,A2,93,0.086,0,,0.086,
4508,野間大樹,A2,66,0.045,0,,0.045,
5089,前田翔,A1,83,0.133,6,,0.133,●
5256,中山翔太,A1,88,0.148,0,,0.148,●
4199,北川潤二,A1,143,0.07,10,,0.07,
4190,長嶋万記,B2,37,0.189,3,,0.189,●
3557,太田和美,A1,105,0.105,5,,0.105,
4201,佐竹友樹,B1,48,0.062,0,,0.062,
4336,松田竜馬,B1,83,0.024,4,,0.024,
4024,井口佳典,A1,74,0.162,2,,0.162,●
4573,佐藤翼,A1,79,0.114,0,,0.114,
4166,吉田拡郎,A1,75,0.093,3,,0.093,
4020,川上清人,B1,60,0.05,9,,0.05,
4592,小林孝弘,B1,64,0.078,1,,0.078,
3566,川添英正,B1,77,0.078,4,,0.078,
4182,吉田和仁,B1,82,0.061,4,,0.061,
3353,前田光昭,B1,39,0.026,0,,0.026,
3357,福島陽子,B1,64,0.016,0,,0.016,
4873,蒲原健太,B1,91,0.055,4,,0.055,
3207,田村美和,B1,55,0.018,0,,0.018,
5289,佃來紀,A2,74,0.081,2,,0.081,
5280,廣瀬凜,A1,70,0.143,3,,0.143,●
5298,水谷理人,A1,94,0.191,25,0.16,0.16,●
4875,大塚康雅,B1,72,0.083,0,,0.083,
5083,柳瀬幹太,B1,59,0.085,0,,0.085,
4360,庄司孝輔,A2,90,0.056,6,,0.056,
5246,楠将太郎,A2,63,0.079,0,,0.079,
3809,吉田光,B1,76,0.026,9,,0.026,
3714,梶原正,B1,72,0.083,3,,0.083,
4003,表憲一,B1,63,0.063,0,,0.063,
4988,牟田奨太,B1,75,0.08,3,,0.08,
5114,小林孝彰,B1,95,0.116,2,,0.116,
3361,岡部浩,B1,48,0.021,4,,0.021,
5228,若林樹蘭,A2,56,0.107,0,,0.107,
3901,松田憲幸,B2,54,0.093,3,,0.093,
4627,藤原菜希,A2,60,0.2,7,,0.2,●
5195,北村寧々,A2,59,0.102,6,,0.102,
3699,富永正人,B1,58,0.103,3,,0.103,
3616,中村真,B1,66,0.061,2,,0.061,
3784,中島友和,B1,76,0.105,3,,0.105,
4061,萩原秀人,A1,84,0.119,4,,0.119,
4359,横川聖志,A2,72,0.097,2,,0.097,
5259,野田昇吾,B2,46,0.022,0,,0.022,
4979,中野夢斗,B1,76,0.092,0,,0.092,
4598,加藤政彦,B1,73,0.123,2,,0.123,●
3933,山地正樹,B1,96,0.062,3,,0.062,
3852,澤大介,B1,58,0.069,0,,0.069,
4502,遠藤エミ,A1,71,0.127,3,,0.127,●
4851,関浩哉,A1,73,0.151,3,,0.151,●
5295,田上凜,B1,56,0.161,6,,0.161,●
3538,菊池峰晴,B2,47,0.085,0,,0.085,
3459,中野和裕,B1,68,0.059,5,,0.059,
4367,山口修路,B1,69,0.029,7,,0.029,
5417,小柳勝希,B1,28,0.071,0,,0.071,
3748,小黒竜吾,B1,62,0.065,2,,0.065,
5268,山本幸也,B1,45,0.0,2,,0.0,
4214,林祐介,B1,67,0.03,2,,0.03,
4607,鶴田勇雄,A2,84,0.024,4,,0.024,
4928,栗城匠,A1,87,0.241,2,,0.241,●
3850,小川知行,B1,85,0.059,0,,0.059,
4119,泥谷一毅,B1,90,0.067,0,,0.067,
3581,加木郁,B1,76,0.013,0,,0.013,
4931,木谷賢太,A1,79,0.114,19,0.158,0.158,●
3583,齋藤智裕,B1,56,0.018,6,,0.018,
3687,花田和明,B1,92,0.022,5,,0.022,
5307,富永夏哉人,B1,68,0.059,4,,0.059,
3477,近藤稔也,B1,71,0.0,6,,0.0,
4995,田邉亮蔵,B1,73,0.027,5,,0.027,
4603,谷川将太,B1,84,0.036,0,,0.036,
5286,坂井滉哉,B1,70,0.029,3,,0.029,
3744,徳増秀樹,A1,114,0.079,4,,0.079,
4016,西川新太郎,B1,67,0.03,0,,0.03,
3577,向所浩二,B1,55,0.127,0,,0.127,●
4927,関野文,A2,86,0.081,8,,0.081,
3998,冨成謙児,B1,65,0.015,3,,0.015,
3401,上田隆章,B1,75,0.04,11,,0.04,
5366,塩嶋泰空,B2,28,0.0,0,,0.0,
5194,大久保佑香,B1,73,0.041,2,,0.041,
5362,中嶋世奈,B2,37,0.0,0,,0.0,
4098,赤澤文香,B1,66,0.03,1,,0.03,
4084,杉山正樹,A1,86,0.093,3,,0.093,
4557,松尾光広,B1,57,0.018,3,,0.018,
4730,土屋実沙希,B1,68,0.088,4,,0.088,
3075,中村裕将,B1,81,0.074,0,,0.074,
5181,森智哉,B1,66,0.091,4,,0.091,
5039,倉田茂将,B1,83,0.048,0,,0.048,
5004,河野主樹,A2,76,0.118,0,,0.118,
3704,本部めぐみ,B1,54,0.0,3,,0.0,
5052,赤井星璃菜,B1,44,0.136,3,,0.136,●
3909,佐々木康幸,A1,100,0.11,3,,0.11,
3964,宮地博士,B1,69,0.014,3,,0.014,
3885,久田武,A2,81,0.049,4,,0.049,
3808,秋田健太郎,B1,69,0.014,3,,0.014,
4365,盛本真輔,A2,73,0.123,3,,0.123,●
4735,角山雄哉,B1,71,0.085,2,,0.085,
3445,加藤高史,B1,60,0.0,0,,0.0,
4169,多田有佑,B1,52,0.058,4,,0.058,
5043,中村日向,A1,81,0.16,12,,0.16,●
4406,幸野史明,B1,71,0.042,0,,0.042,
5010,宇留田翔平,A2,86,0.081,0,,0.081,
5278,田中駿兵,A1,86,0.233,6,,0.233,●
3957,大谷直弘,B1,77,0.065,0,,0.065,
3432,宮迫暢彦,B1,75,0.013,2,,0.013,
3712,淺香文武,B1,70,0.029,0,,0.029,
4096,石橋道友,A1,72,0.056,0,,0.056,
4729,佐藤謙史朗,B1,43,0.093,3,,0.093,
5011,高木圭大,B1,71,0.0,3,,0.0,
5310,土屋蘭,B1,56,0.089,5,,0.089,
4918,川島拓郎,B1,84,0.048,0,,0.048,
4350,篠崎元志,A1,81,0.148,0,,0.148,●
4957,竹之内極,B1,82,0.11,0,,0.11,
4167,片岡秀樹,B1,60,0.033,3,,0.033,
4361,柳生泰二,A1,75,0.16,3,,0.16,●
3868,尾形栄治,B1,77,0.039,0,,0.039,
3710,吉永泰弘,B1,86,0.035,17,0.0,0.0,
4892,柴田直哉,B1,62,0.097,0,,0.097,
4998,中村かなえ,B2,27,0.037,0,,0.037,
4060,島田一生,B1,77,0.13,5,,0.13,●
4664,東口晃,B1,56,0.089,3,,0.089,
4068,幸田智裕,B1,73,0.027,0,,0.027,
4887,富澤祐作,B1,78,0.115,0,,0.115,
5355,萩原丈太朗,B1,41,0.024,0,,0.024,
5154,村松栄太,B1,70,0.071,7,,0.071,
3715,倉尾大介,A2,62,0.032,4,,0.032,
3527,中嶋誠一郎,B1,77,0.026,0,,0.026,
3772,一柳和孝,B1,65,0.015,0,,0.015,
4803,飯田庄吾,B1,59,0.017,4,,0.017,
4077,品田直樹,A2,73,0.068,4,,0.068,
4086,寺本重宣,A2,73,0.123,0,,0.123,●
4489,岩川仁士,B1,73,0.055,0,,0.055,
3882,新田智彰,B1,79,0.063,10,,0.063,
4697,國弘翔平,B1,70,0.029,4,,0.029,
3935,岩津徹郎,B1,58,0.069,2,,0.069,
3406,中里英夫,B1,85,0.094,2,,0.094,
5060,数原魁,A2,74,0.135,4,,0.135,●
4356,長岡良也,A2,83,0.133,4,,0.133,●
5110,杉山喜一,B1,80,0.087,3,,0.087,
3787,天野誠,B1,63,0.016,5,,0.016,
4142,平野和明,A2,85,0.024,0,,0.024,
4083,福島勇樹,A1,83,0.169,3,,0.169,●
4063,市橋卓士,A1,86,0.128,6,,0.128,●
5255,藤原仙二,A1,87,0.172,13,,0.172,●
4009,小林一樹,A2,80,0.087,3,,0.087,
4093,吉田宗弘,B1,68,0.044,2,,0.044,
3872,岡田憲行,A2,80,0.113,0,,0.113,
5090,生方靖亜,B1,61,0.164,0,,0.164,●
5111,三村岳人,A2,57,0.088,0,,0.088,
5359,佐藤世那,B1,60,0.1,6,,0.1,
4470,平田健之佑,A2,76,0.039,4,,0.039,
4930,佐藤悠,A2,74,0.149,0,,0.149,●
3306,武田正紀,B1,62,0.081,0,,0.081,
5405,竹内来,B1,21,0.095,0,,0.095,
5379,廣部大明,B1,30,0.0,1,,0.0,
4832,権藤俊光,A1,82,0.183,3,,0.183,●
3471,赤峰和也,B1,61,0.033,0,,0.033,
4368,山口隆史,B1,68,0.059,6,,0.059,
4919,吉田翔悟,B1,49,0.041,0,,0.041,
3867,松浦勝,B1,75,0.04,2,,0.04,
3752,宇土泰就,B1,67,0.03,0,,0.03,
5106,山崎祥,A2,69,0.145,7,,0.145,●
4753,森照夫,B2,35,0.057,0,,0.057,
4764,小池礼乃,B1,75,0.093,2,,0.093,
4438,森作雄大,B1,90,0.178,0,,0.178,●
3542,清水紀克,B1,34,0.0,1,,0.0,
3801,五反田忍,B1,42,0.167,0,,0.167,●
4899,占部一真,B1,70,0.043,4,,0.043,
3999,大瀧明日香,A2,88,0.114,2,,0.114,
3842,星野太郎,B1,53,0.057,8,,0.057,
4097,貫地谷直人,B1,60,0.0,5,,0.0,
3696,白井友晴,B1,66,0.03,4,,0.03,
4076,杉田篤光,B1,96,0.062,2,,0.062,
5376,吉田一心,B1,58,0.034,0,,0.034,
5319,近藤颯斗,B1,54,0.111,0,,0.111,
5208,屋良龍紀,B1,70,0.057,2,,0.057,
5191,飛田江己,A1,95,0.211,3,,0.211,●
4501,樋口由加里,B1,86,0.128,3,,0.128,●
5230,石原凪紗,B1,52,0.077,7,,0.077,
5304,井田涼介,B2,32,0.031,0,,0.031,
5161,登玉隼百,A2,86,0.14,3,,0.14,●
5276,大島隆乃介,B1,84,0.06,4,,0.06,
5196,鰐部太空海,A1,80,0.175,0,,0.175,●
4917,岩橋裕馬,B1,75,0.067,0,,0.067,
3929,杢野誓良,B1,76,0.026,0,,0.026,
5120,山本稔太朗,B1,57,0.035,4,,0.035,
4967,中村魁生,A1,83,0.157,4,,0.157,●
4572,渡部悟,B1,62,0.097,5,,0.097,
5037,田頭虎親,B1,56,0.107,15,0.067,0.067,
5008,羽野諒,B1,61,0.016,4,,0.016,
3949,今出晋二,B1,57,0.0,0,,0.0,
4465,大西賢,B1,49,0.02,3,,0.02,
4358,松本庸平,B1,59,0.051,3,,0.051,
5009,大賀龍之介,A2,75,0.12,0,,0.12,●
5017,澤田尚也,A1,74,0.162,1,,0.162,●
5292,佐藤右京,B1,73,0.055,3,,0.055,
4106,坂井康嗣,B1,68,0.029,3,,0.029,
4925,森悠稀,A2,82,0.159,14,,0.159,●
4409,坂元浩仁,A1,73,0.096,1,,0.096,
4544,松田大志郎,A1,88,0.341,3,,0.341,●
4908,上田龍星,A1,84,0.119,0,,0.119,
4372,原田佑実,A2,58,0.121,7,,0.121,●
3419,栗原謙治,B2,20,0.0,0,,0.0,
4709,岡村将也,A2,74,0.081,0,,0.081,
5272,松田真実,B1,63,0.032,4,,0.032,
5235,岩田凌,B2,36,0.083,0,,0.083,
5318,河内一馬,B1,73,0.027,3,,0.027,
5221,竹間隆晟,A1,96,0.115,11,,0.115,
5118,野田なづき,A2,55,0.091,4,,0.091,
5339,石井伸長,B1,56,0.089,16,0.0,0.0,
3718,伊達正利,B1,68,0.029,4,,0.029,
3458,東健介,B1,61,0.066,2,,0.066,
5041,荒牧凪沙,B1,62,0.177,3,,0.177,●
4934,佐々木翔斗,A2,78,0.051,8,,0.051,
3300,川崎智幸,A2,73,0.096,3,,0.096,
5234,塚越海斗,A1,97,0.165,4,,0.165,●
4812,西野雄貴,A1,74,0.189,2,,0.189,●
4865,立具敬司,B2,39,0.026,0,,0.026,
3568,木村光宏,B1,76,0.105,20,0.15,0.15,●
4556,竹井奈美,A1,74,0.162,5,,0.162,●
3411,池上隆行,B1,75,0.0,2,,0.0,
5257,西丸侑太朗,A1,86,0.128,19,0.105,0.105,
4926,吉川貴仁,A1,60,0.217,0,,0.217,●
3952,中澤和志,A1,75,0.173,5,,0.173,●
4315,山崎昂介,B1,74,0.122,6,,0.122,●
4052,興津藍,A2,82,0.146,3,,0.146,●
4963,實森美祐,A1,74,0.135,2,,0.135,●
4939,宮之原輝紀,A1,66,0.182,0,,0.182,●
5243,三馬崇史,B1,72,0.125,5,,0.125,●
3224,栗山繁洋,B1,69,0.029,3,,0.029,
5055,眞鳥章太,A2,90,0.111,5,,0.111,
5380,野田亜湖,B2,27,0.0,0,,0.0,
4731,間野兼礼,B1,61,0.016,0,,0.016,
4499,滝川真由子,B1,61,0.115,4,,0.115,
4720,西澤日花里,B1,60,0.0,0,,0.0,
4558,宮野仁,B1,65,0.015,0,,0.015,
4985,井本昌也,A1,100,0.14,1,,0.14,●
5223,森清友翔,B1,85,0.059,0,,0.059,
3232,山川美由紀,A2,57,0.053,16,0.062,0.062,
4568,廣瀬真也,B1,69,0.116,4,,0.116,
3792,田中豪,A1,67,0.179,1,,0.179,●
4683,向井田直弥,B2,36,0.139,0,,0.139,●
4482,守屋美穂,A1,89,0.112,3,,0.112,
4610,佐藤大佑,A1,85,0.282,4,,0.282,●
4933,板橋侑我,A2,60,0.117,3,,0.117,
5142,常住蓮,A1,87,0.138,0,,0.138,●
5046,松山裕基,B1,58,0.0,4,,0.0,
4983,前田篤哉,A1,78,0.244,0,,0.244,●
5190,大月遊雅,B1,68,0.059,3,,0.059,
3653,品川賢次,B2,41,0.049,0,,0.049,
3175,渡辺千草,B1,64,0.047,2,,0.047,
4885,大山千広,A2,42,0.119,0,,0.119,
4625,渡邊裕貴,B1,61,0.082,4,,0.082,
5266,石田勇斗,B1,67,0.045,0,,0.045,
5323,香川陽太,B2,45,0.022,0,,0.022,
5095,小原聡将,A2,60,0.083,2,,0.083,
5014,梶山涼斗,B1,65,0.062,10,,0.062,
5224,西岡顕心,A1,75,0.093,15,0.133,0.133,●
4219,本岡勝利,B1,74,0.0,0,,0.0,
5092,篠原晟弥,A2,81,0.185,0,,0.185,●
3507,藤井徹,B1,66,0.0,6,,0.0,
4675,井手良太,A2,51,0.137,3,,0.137,●
5117,冨名腰桃奈,B1,53,0.094,2,,0.094,
4942,柴田朋哉,B1,69,0.116,5,,0.116,
4090,中村尊,B2,49,0.082,2,,0.082,
4025,山本隆幸,A1,66,0.212,3,,0.212,●
5412,久保田凪紗,B2,17,0.0,0,,0.0,
5081,篠原飛翔,A2,74,0.108,6,,0.108,
4244,鈴木成美,B2,48,0.021,0,,0.021,
4790,柳内敬太,A1,90,0.078,2,,0.078,
4980,佐々木完太,A1,85,0.129,0,,0.129,●
3664,鈴木賢一,B1,56,0.071,0,,0.071,
5274,城間盛渚,B1,67,0.104,0,,0.104,
3681,山谷央,B1,57,0.018,3,,0.018,
5187,小坂風太,B2,43,0.0,0,,0.0,
3627,井上恵一,A2,100,0.07,5,,0.07,
4331,三好勇人,A2,77,0.039,16,0.062,0.062,
4518,大須賀友,A1,87,0.241,13,,0.241,●
4525,真子奈津実,B1,63,0.0,0,,0.0,
5000,岡本翔太郎,B1,69,0.029,3,,0.029,
5131,江藤敦宏,B1,70,0.014,4,,0.014,
4072,森永淳,A1,72,0.25,4,,0.25,●
3532,柴田光,B2,64,0.078,1,,0.078,
4457,神田達也,B1,69,0.058,0,,0.058,
3898,平田忠則,A1,71,0.155,2,,0.155,●
4110,小澤和也,B1,72,0.056,2,,0.056,
4728,山口亮,B1,62,0.048,4,,0.048,
3523,寳田亮治,B1,58,0.017,2,,0.017,
5365,石村日奈那,B1,34,0.0,0,,0.0,
3289,高橋淳美,B2,46,0.065,0,,0.065,
5173,谷口佳蓮,B1,69,0.072,27,0.0,0.0,
4940,白石有美,B2,26,0.0,0,,0.0,
4177,萬正嗣,B1,48,0.104,6,,0.104,
4951,新田洋一,B1,71,0.028,3,,0.028,
4524,深谷知博,A1,82,0.073,0,,0.073,
4566,塩田北斗,A1,83,0.084,3,,0.084,
5335,森陽多,B1,56,0.0,10,,0.0,
3294,野中義生,B1,47,0.064,2,,0.064,
4444,桐生順平,A1,73,0.068,0,,0.068,
3986,沖島広和,B1,49,0.0,2,,0.0,
4383,竹田吉行,A2,78,0.128,8,,0.128,●
3895,堀本裕也,B2,38,0.132,0,,0.132,●
4459,片岡雅裕,A2,74,0.068,12,,0.068,
4036,金田諭,A1,83,0.096,2,,0.096,
4521,小池公生,B1,70,0.143,0,,0.143,●
5121,定松勇樹,A1,80,0.125,0,,0.125,●
4445,宮地元輝,A1,72,0.083,2,,0.083,
4842,山下昂大,A2,80,0.075,4,,0.075,
4062,後藤陽介,B1,73,0.096,0,,0.096,
4723,寺島吉彦,B1,45,0.044,0,,0.044,
3907,村越篤,B1,79,0.063,11,,0.063,
5305,伊藤栞,B1,56,0.018,3,,0.018,
4311,岡村仁,A1,98,0.133,0,,0.133,●
3631,田添康介,B2,36,0.0,2,,0.0,
4678,水野望美,B1,50,0.04,5,,0.04,
5147,田中勇輔,B1,51,0.098,3,,0.098,
4843,深尾巴恵,B1,38,0.105,2,,0.105,
3436,柏野幸二,A2,60,0.05,0,,0.05,
5321,一色颯輝,B1,53,0.113,0,,0.113,
4818,伏見俊介,B2,15,0.2,0,,0.2,●
4013,中島孝平,A1,76,0.092,0,,0.092,
4571,菅章哉,A1,52,0.404,0,,0.404,●
5356,長谷川暖,B1,55,0.091,0,,0.091,
5342,原村百那,B2,45,0.022,0,,0.022,
5108,柴田愛梨,B2,30,0.0,0,,0.0,
4974,安井瑞紀,A2,71,0.211,5,,0.211,●
5306,河内悠利杏,B1,75,0.013,0,,0.013,
3777,樋口亮,A2,80,0.1,7,,0.1,
3944,山口裕二,A1,95,0.095,3,,0.095,
5104,山田丈,A2,60,0.1,0,,0.1,
4095,福来剛,A1,81,0.123,0,,0.123,●
4128,川口貴久,B1,49,0.041,2,,0.041,
3388,今垣光太郎,A1,74,0.135,0,,0.135,●
3621,天野晶夫,A2,60,0.067,2,,0.067,
4737,竹井貴史,A1,76,0.184,4,,0.184,●
4581,吉村誠,A1,100,0.14,2,,0.14,●
4548,篠木亜衣花,B1,34,0.088,0,,0.088,
5072,吉田杏美,B2,24,0.0,0,,0.0,
4900,中田夕貴,B1,76,0.026,9,,0.026,
5180,藤本紗弥香,B2,28,0.036,0,,0.036,
4436,渋谷明憲,A1,74,0.149,2,,0.149,●
5054,佐々木大河,A1,87,0.126,5,,0.126,●
4982,中村将隆,B1,58,0.017,3,,0.017,
5153,佐藤ほのか,B1,66,0.045,7,,0.045,
4863,三浦裕貴,B1,39,0.051,0,,0.051,
4784,向井田真紀,B1,43,0.047,3,,0.047,
4479,矢野真梨菜,B1,53,0.038,1,,0.038,
4600,井内将太郎,A1,73,0.151,0,,0.151,●
3519,冨田秀幸,B1,67,0.03,0,,0.03,
3528,笠野友紀恵,B1,64,0.047,2,,0.047,
4973,栗原直也,B1,72,0.111,2,,0.111,
3655,本橋克洋,B1,84,0.036,0,,0.036,
4510,坂本奈央,B2,42,0.0,0,,0.0,
4373,若狭奈美子,A1,88,0.08,5,,0.08,
5251,沼田七華,B2,31,0.0,1,,0.0,
4065,金田幸子,B1,69,0.058,3,,0.058,
4289,落合直子,A2,77,0.091,7,,0.091,
4543,重木輝彦,A1,95,0.095,2,,0.095,
4584,村岡賢人,A1,70,0.114,0,,0.114,
4713,白神優,A1,82,0.122,0,,0.122,●
4075,中野次郎,A1,86,0.116,3,,0.116,
4053,芦澤望,A2,85,0.094,0,,0.094,
4936,戸敷晃美,A2,66,0.121,3,,0.121,●
4189,川上剛,A1,110,0.145,3,,0.145,●
5267,石本裕武,A1,76,0.197,5,,0.197,●
4692,酒井俊弘,B1,61,0.115,2,,0.115,
4540,相原利章,A2,65,0.077,4,,0.077,
5244,黒田剛,B1,68,0.015,1,,0.015,
5203,神里琴音,B1,70,0.1,9,,0.1,
3070,山室展弘,B1,59,0.034,0,,0.034,
4813,宮内直哉,B1,60,0.1,3,,0.1,
5316,村松将平,B1,67,0.06,0,,0.06,
4782,浜崎準也,B1,53,0.0,7,,0.0,
4909,薮内瑞希,B1,54,0.074,4,,0.074,
3461,渡邊哲也,B1,38,0.0,4,,0.0,
3992,関口智久,B1,57,0.123,2,,0.123,●
3713,伊藤誠二,A1,74,0.122,6,,0.122,●
5016,宮田龍馬,A1,74,0.216,0,,0.216,●
4528,黒井達矢,A1,78,0.128,0,,0.128,●
4641,磯村匠,B1,69,0.072,0,,0.072,
4264,長尾章平,A1,94,0.117,4,,0.117,
4532,秋元哲,A1,80,0.175,0,,0.175,●
4384,鶴本崇文,A1,86,0.174,0,,0.174,●
3757,畑和宏,A2,68,0.074,2,,0.074,
5360,高木茉白,B1,48,0.0,0,,0.0,
3107,平岡重典,B1,55,0.018,5,,0.018,
4765,野田部宏子,B1,63,0.111,4,,0.111,
5192,中尾優香,B1,71,0.056,6,,0.056,
4059,入澤友治,B1,70,0.114,3,,0.114,
4747,山戸信二,B1,58,0.052,3,,0.052,
3596,河上年昭,B1,56,0.0,4,,0.0,
4183,宇野弥生,B1,72,0.153,1,,0.153,●
4775,千葉真弥,A2,55,0.145,0,,0.145,●
5197,中野仁照,B2,39,0.308,0,,0.308,●
5396,近藤来希,B2,21,0.0,0,,0.0,
4538,笠置博之,A1,61,0.41,2,,0.41,●
5027,重冨勇哉,B1,81,0.037,9,,0.037,
4889,後藤盛也,B1,55,0.182,0,,0.182,●
3355,橋谷田佳織,B2,27,0.0,0,,0.0,
5007,近藤雄一郎,B1,64,0.047,3,,0.047,
4792,杉村賢也,B1,55,0.182,0,,0.182,●
3246,星野政彦,B2,36,0.028,3,,0.028,
4630,岩永雅人,A2,71,0.056,3,,0.056,
3849,中岡正彦,A1,85,0.282,19,0.421,0.421,●
5353,草川壮良,B1,26,0.038,0,,0.038,
3081,岡本慎治,B1,37,0.054,2,,0.054,
5164,森田梨湖,B2,27,0.0,0,,0.0,
3920,正木聖賢,B1,90,0.067,5,,0.067,
3578,塩田雄一,B1,51,0.078,13,,0.078,
4637,中田友也,A2,62,0.097,0,,0.097,
5012,加倉侑征,B1,67,0.104,10,,0.104,
3448,高山秀雄,B1,60,0.0,0,,0.0,
5093,浦野海,B2,70,0.057,5,,0.057,
4268,和合俊介,B1,51,0.02,3,,0.02,
4044,湯川浩司,A1,78,0.128,0,,0.128,●
5084,末永和也,A1,77,0.143,3,,0.143,●
5091,為本智也,B1,48,0.167,1,,0.167,●
5388,佐野優都,B1,44,0.091,0,,0.091,
3629,浅見昌克,A2,81,0.111,5,,0.111,
4681,太田潮,B1,51,0.059,0,,0.059,
4136,江夏満,A1,63,0.111,0,,0.111,
4653,小野達哉,A1,79,0.101,5,,0.101,
4794,和田拓也,A1,68,0.147,0,,0.147,●
4691,水原慎,B1,61,0.049,2,,0.049,
5113,黒明花夢,B2,33,0.0,0,,0.0,
4882,瀧川千依,B2,35,0.029,0,,0.029,
3820,樫葉次郎,B1,41,0.0,3,,0.0,
4956,齊藤大将,B1,32,0.031,3,,0.031,
5019,柴田百恵,B1,58,0.052,3,,0.052,
4947,間庭菜摘,B1,73,0.041,4,,0.041,
5198,奥村明日香,B1,67,0.06,6,,0.06,
5370,日隈茜,B2,22,0.0,2,,0.0,
3444,香月大介,B1,48,0.062,1,,0.062,
3876,中辻崇人,A1,55,0.345,8,,0.345,●
4726,島田なぎさ,B2,28,0.107,0,,0.107,
4355,小川広大,B1,50,0.0,5,,0.0,
4815,伏島祐介,B1,47,0.064,0,,0.064,
3257,田頭実,A1,18,0.111,0,,0.111,
5387,戸田海咲音,B2,18,0.0,1,,0.0,
4519,清水沙樹,B1,57,0.158,0,,0.158,●
3176,,,38,0.053,0,,0.053,
4162,竹本太樹,B1,47,0.0,0,,0.0,
3788,一宮稔弘,B2,40,0.175,2,,0.175,●
3851,,,31,0.065,0,,0.065,
5162,松尾怜実,B2,32,0.031,2,,0.031,
3921,川村正輝,B2,30,0.067,5,,0.067,
3346,,,23,0.087,0,,0.087,
4080,山崎哲司,B2,23,0.261,0,,0.261,●
4758,富樫麗加,B2,31,0.065,0,,0.065,
4884,勝浦真帆,B2,45,0.044,0,,0.044,
4650,,,37,0.189,8,,0.189,●
4056,,,26,0.0,0,,0.0,
