regno,選手名,総出走,攻め走,一着,逃げ,差し,まくり,まくり差し,抜き,恵まれ,まくりゼロ,まくり系ゼロ
3557,太田和美,334,261,74,43,7,12,9,2,1,,
4199,北川潤二,315,249,82,50,10,17,4,1,0,,
5034,若林義人,319,246,98,52,4,18,16,7,1,,
4055,吉田俊彦,300,244,71,35,16,7,8,4,1,,
4286,平田さやか,298,241,48,23,8,3,7,7,0,,
5191,飛田江己,298,239,92,44,4,27,10,4,3,,
5114,小林孝彰,292,238,57,32,9,6,6,3,1,,
4856,豊田健士郎,302,238,88,43,7,18,13,6,1,,
4743,木村仁紀,298,237,69,40,7,8,11,2,1,,
3997,北村征嗣,305,236,78,47,11,10,9,1,0,,
4704,河野大,292,236,78,39,8,19,7,5,0,,
4512,高野哲史,303,235,98,57,10,18,7,5,1,,
5018,竹下大樹,308,235,88,57,9,7,10,5,0,,
4388,是澤孝宏,287,235,53,27,8,4,8,5,1,,
5136,濱野斗馬,293,235,68,40,7,11,7,3,0,,
5145,島川海輝,293,234,75,43,5,16,9,2,0,,
3489,大場敏,288,233,54,34,7,6,4,3,0,,
3554,仲口博崇,310,232,80,48,8,5,11,8,0,,
4760,山崎郡,299,231,98,56,10,13,15,3,1,,
5088,高憧四季,308,231,109,52,8,31,10,6,2,,
4366,前沢丈史,298,231,76,45,10,6,12,2,1,,
4786,佐藤博亮,294,231,87,43,15,14,9,5,1,,
4472,尾嶋一広,283,231,72,36,14,9,5,8,0,,
4640,山ノ内雅人,287,230,56,30,5,3,15,3,0,,
4324,海野康志郎,312,230,110,61,16,7,21,5,0,,
4084,杉山正樹,292,230,68,41,8,9,6,3,1,,
4193,郷原章平,280,229,73,33,13,17,5,4,1,,
4076,杉田篤光,276,229,38,23,5,4,4,2,0,,
4000,松本博昭,291,229,56,34,4,10,3,5,0,,
4189,川上剛,286,228,74,36,9,15,7,6,1,,
4030,森高一真,277,228,46,25,4,4,9,3,1,,
3711,江本真治,287,228,53,29,6,7,8,3,0,,
4040,廣瀬将亨,280,228,63,34,1,15,9,4,0,,
4420,津久井拓也,277,228,46,26,5,10,4,1,0,,
5075,中島秀治,279,228,59,22,6,20,10,1,0,,
4738,清埜翔子,285,227,66,40,10,12,2,2,0,,
4604,岩瀬裕亮,285,227,78,49,10,9,4,5,1,,
4376,藤田靖弘,280,227,60,31,7,7,9,6,0,,
5216,長谷川晴哉,286,227,66,34,7,11,11,2,1,,
5058,前原大道,281,226,93,47,12,8,15,10,1,,
5257,西丸侑太朗,288,226,74,37,9,11,12,4,1,,
3412,鈴木博,283,226,67,38,4,8,14,2,1,,
4581,吉村誠,283,226,70,37,10,5,13,4,1,,
4369,丹下将,279,226,58,28,6,11,10,1,2,,
4118,宇佐見淳,282,226,57,34,7,8,5,2,1,,
4958,溝口海義也,279,225,63,32,12,8,5,4,2,,
4413,水摩敦,281,225,55,31,7,12,2,2,1,,
3946,赤岩善生,295,225,81,47,14,5,9,4,2,,
4713,白神優,288,225,81,48,12,7,8,6,0,,
4063,市橋卓士,291,224,68,46,5,3,10,4,0,,
3940,飯山泰,290,224,75,38,4,25,4,4,0,,
3641,一瀬明,273,224,62,29,9,7,11,5,1,,
4089,妹尾忠幸,275,223,56,37,5,4,6,3,1,,
5326,三嶌さらら,254,223,29,11,3,7,6,2,0,,
4379,桑島和宏,275,223,45,28,5,4,4,4,0,,
3251,平石和男,276,223,45,19,11,1,6,8,0,,
4109,谷津幸宏,277,223,62,37,5,11,8,1,0,,
4278,藤岡俊介,290,223,91,50,18,4,12,6,1,,
4649,和田操拓,270,223,51,22,6,4,14,4,1,,
4471,新田泰章,290,223,90,56,7,16,3,8,0,,
4015,前野竜一,275,223,43,27,5,3,3,5,0,,
4218,吉川喜継,279,223,70,41,12,6,9,2,0,,
4102,益田啓司,272,223,75,37,9,17,7,5,0,,
5045,平川香織,272,223,54,21,5,13,5,9,1,,
4171,榎幸司,286,222,61,43,6,4,7,1,0,,
4607,鶴田勇雄,274,222,43,29,5,0,8,0,1,●,
4172,森定晃史,281,222,48,31,9,2,2,4,0,,
3983,須藤博倫,267,222,59,28,6,12,10,3,0,,
3612,馬袋義則,296,222,72,42,4,11,8,7,0,,
4514,上條嘉嗣,286,222,88,48,19,14,5,2,0,,
3613,角谷健吾,276,222,56,32,10,6,6,2,0,,
4588,田中京介,270,222,51,26,6,6,9,4,0,,
4424,松尾昂明,277,221,65,42,7,12,1,2,1,,
4601,森野正弘,279,221,79,37,11,13,11,6,1,,
4319,三宅潤,267,221,46,25,4,7,6,3,1,,
4531,武富智亮,273,221,65,38,4,13,8,2,0,,
5220,青木蓮,281,221,77,37,3,20,10,6,1,,
3746,岡瀬正人,279,220,45,32,6,1,2,4,0,,
4776,竹田和哉,291,220,86,54,8,11,6,5,2,,
3303,渡辺豊,271,220,27,20,2,2,1,1,1,,
4122,安東幸治,275,220,48,28,4,5,6,3,2,,
4049,荒川健太,282,220,66,44,10,0,9,3,0,●,
3482,金子猛志,267,220,33,20,6,3,3,0,1,,
4822,百武翔,270,219,54,29,10,4,7,3,1,,
5043,中村日向,272,219,64,35,9,7,12,1,0,,
3304,烏野賢太,276,219,56,38,7,3,6,2,0,,
3888,山本英志,266,219,47,24,5,10,3,5,0,,
4659,木下翔太,281,219,79,44,12,5,12,6,0,,
4057,松井賢治,266,219,45,24,3,7,5,5,1,,
4137,君島秀三,279,219,70,41,7,9,10,3,0,,
4215,吉島祥之,274,219,55,28,3,6,16,1,1,,
5267,石本裕武,275,219,94,38,19,14,17,6,0,,
4363,大野芳顕,269,218,43,29,6,2,4,2,0,,
4931,木谷賢太,279,218,75,44,9,6,12,4,0,,
4583,古田祐貴,266,218,43,26,8,3,3,3,0,,
4739,中村晃朋,275,218,68,35,9,16,3,5,0,,
4073,大橋純一郎,274,218,65,37,6,6,13,3,0,,
3911,鈴木猛,263,218,38,18,5,6,6,3,0,,
3905,天野友和,269,218,46,31,3,8,3,1,0,,
4773,中川りな,278,218,59,37,5,10,5,2,0,,
4259,真庭明志,271,218,53,34,10,4,3,2,0,,
4163,山崎裕司,275,218,55,33,4,9,4,5,0,,
5160,藤森陸斗,261,218,49,27,4,7,9,2,0,,
4437,中田元泰,272,217,66,41,7,7,8,2,1,,
4377,濱本優一,273,217,68,36,12,7,7,6,0,,
3984,坂口周,277,217,68,44,7,5,10,2,0,,
4536,喜井つかさ,268,217,58,29,9,12,3,4,1,,
4788,小池哲也,269,217,49,28,5,12,2,1,1,,
4467,渡邉俊介,271,217,60,33,6,6,10,5,0,,
4067,永井源,267,217,67,28,4,17,11,5,2,,
4515,藤田浩人,272,217,59,38,6,5,7,3,0,,
5189,藤原早菜,261,217,40,17,7,3,8,5,0,,
4298,宮下元胤,272,217,46,27,1,9,6,3,0,,
4269,杉山裕也,278,216,75,35,9,11,12,7,1,,
4834,浜本裕己,269,216,59,36,4,2,12,5,0,,
4311,岡村仁,283,216,84,44,8,8,14,9,1,,
3548,室田泰史,271,216,50,31,4,4,9,2,0,,
4159,向後龍一,273,216,56,33,7,9,4,3,0,,
4710,福田宗平,267,216,53,34,5,4,6,3,1,,
4985,井本昌也,284,216,81,49,7,11,10,4,0,,
5234,塚越海斗,274,216,76,38,13,18,6,1,0,,
5082,一色凌雅,245,215,29,12,2,6,4,5,0,,
4288,永田啓二,290,215,103,53,11,25,9,4,1,,
4537,渡邉和将,272,215,88,45,14,14,8,6,1,,
4959,井上忠政,269,215,79,43,9,11,11,5,0,,
4294,古賀繁輝,269,215,83,34,8,29,8,4,0,,
3333,丸尾義孝,277,215,66,39,9,3,13,2,0,,
4058,野末智一,272,215,46,31,3,5,2,5,0,,
5205,刑部亜里紗,261,215,47,27,9,3,5,2,1,,
4120,柘植政浩,269,215,58,39,7,6,5,1,0,,
4174,赤坂俊輔,285,215,69,43,7,7,7,4,1,,
4348,宮崎奨,262,214,36,23,8,1,1,2,1,,
4061,萩原秀人,274,214,80,44,10,8,15,2,1,,
4953,尾上雅也,263,214,78,39,4,19,6,10,0,,
4732,堀本和也,274,214,68,43,13,6,3,3,0,,
4233,亀山雅幸,265,214,56,27,7,7,11,4,0,,
4824,松井洪弥,265,214,68,32,15,6,13,2,0,,
4261,岡祐臣,271,214,55,38,1,6,6,4,0,,
4398,船岡洋一郎,276,214,78,48,4,4,17,4,1,,
4260,中越博紀,259,213,52,24,9,5,8,6,0,,
4852,川原祐明,285,213,107,53,10,13,24,7,0,,
4357,田中和也,277,213,74,35,11,7,10,11,0,,
3966,作間章,275,213,75,41,8,12,9,5,0,,
3618,海野ゆかり,275,213,64,35,1,19,4,4,1,,
5223,森清友翔,245,213,29,12,5,4,4,3,1,,
4228,吉田慎二郎,266,213,55,28,4,15,5,2,1,,
4927,関野文,266,213,55,26,14,11,1,3,0,,
4938,小芦るり華,270,213,79,39,7,23,5,4,1,,
4337,平本真之,273,213,69,42,5,6,11,3,2,,
3841,佐々木和伸,267,212,54,31,10,5,5,3,0,,
4148,枝尾賢,261,212,45,25,9,5,3,3,0,,
4397,西村拓也,274,212,77,48,8,6,9,5,1,,
3999,大瀧明日香,271,212,55,35,4,5,6,5,0,,
3744,徳増秀樹,277,212,81,47,11,5,11,5,2,,
4297,山田哲也,262,212,72,35,1,19,13,3,1,,
4375,照屋厚仁,264,212,56,29,3,8,9,7,0,,
4960,黒野元基,271,212,102,48,12,21,13,8,0,,
4539,金子賢志,259,212,66,38,7,15,5,1,0,,
3740,大澤普司,267,212,70,31,9,9,14,7,0,,
4074,柳沢一,268,212,64,36,12,3,10,3,0,,
4433,川野芽唯,278,211,85,54,7,12,3,9,0,,
5298,水谷理人,261,211,81,37,11,13,13,6,1,,
4904,松本一毅,253,211,33,15,1,9,6,2,0,,
5096,上原崚,252,211,50,25,6,6,10,3,0,,
4761,山田晃大,263,211,59,34,8,7,7,2,1,,
4430,永田秀二,263,211,49,22,5,11,8,2,1,,
4475,末永祐輝,268,211,56,37,3,5,10,1,0,,
4075,中野次郎,259,211,57,27,7,6,12,5,0,,
4295,小坂尚哉,277,211,84,47,7,15,8,7,0,,
4826,井上一輝,275,210,90,50,7,17,11,5,0,,
3679,飯島昌弘,257,210,47,34,6,4,1,2,0,,
5340,樋江井舞,219,210,11,1,1,0,7,2,0,●,
4123,細川裕子,274,210,66,39,3,7,13,4,0,,
4079,出畑孝典,264,210,58,34,7,8,7,2,0,,
3988,古川誠之,262,210,57,34,6,9,6,2,0,,
4064,原田篤志,276,210,72,51,4,2,5,9,1,,
3777,樋口亮,261,210,56,27,6,10,8,5,0,,
4446,和田兼輔,268,210,78,48,9,12,7,2,0,,
4231,鈴木裕隆,253,210,41,14,8,8,7,3,1,,
5010,宇留田翔平,265,210,52,34,6,9,2,1,0,,
4042,丸岡正典,264,209,58,33,8,7,9,1,0,,
4611,今井美亜,257,209,68,37,8,8,11,3,1,,
5112,砂長知輝,263,209,79,39,14,7,15,4,0,,
4596,葛原大陽,263,209,52,30,7,2,9,3,1,,
3811,石田章央,269,209,69,34,5,6,15,9,0,,
4411,沢田昭宏,257,209,46,30,6,4,5,1,0,,
4264,長尾章平,273,209,71,41,8,9,9,4,0,,
3918,深井利寿,263,209,57,30,5,8,9,4,1,,
4083,福島勇樹,268,209,96,46,10,25,10,5,0,,
4903,吉田凌太朗,263,209,92,41,9,16,25,1,0,,
5121,定松勇樹,264,209,81,41,11,15,8,5,1,,
5221,竹間隆晟,270,208,78,42,11,13,6,4,2,,
3833,中辻博訓,276,208,76,48,9,7,9,3,0,,
4679,植田太一,263,208,63,37,2,12,8,3,1,,
5222,津田陸翔,259,208,60,32,5,12,6,4,1,,
4052,興津藍,256,208,59,34,5,11,6,2,1,,
4516,野口勝弘,260,208,64,31,6,15,8,3,1,,
5193,米丸乃絵,266,207,72,43,5,16,2,5,1,,
4980,佐々木完太,262,207,80,45,13,6,12,3,1,,
3965,北中元樹,255,207,59,24,6,17,7,5,0,,
4105,松下直也,251,207,27,14,6,4,3,0,0,,
3590,濱野谷憲吾,268,207,72,38,7,14,9,4,0,,
5255,藤原仙二,253,207,67,32,8,16,7,4,0,,
3352,小川晃司,206,206,3,0,1,1,1,0,0,,
5158,宮脇遼太,263,206,80,36,6,26,6,6,0,,
3908,重成一人,271,206,73,37,9,4,12,10,1,,
4994,山本梨菜,259,206,50,30,2,13,3,0,2,,
4208,三浦永理,269,206,84,47,12,7,14,2,2,,
4610,佐藤大佑,252,206,72,27,5,32,4,4,0,,
3853,岩崎正哉,254,206,48,35,4,4,4,1,0,,
4674,池田剛規,256,206,44,30,4,4,4,2,0,,
4262,馬場貴也,272,206,86,49,16,4,13,4,0,,
5229,吉川晴人,251,206,46,24,8,4,7,3,0,,
4501,樋口由加里,250,206,43,25,0,11,3,3,1,,
3550,都築正治,248,205,51,22,4,21,3,1,0,,
4395,下河雅史,246,205,30,18,4,6,0,2,0,,
4932,新開航,261,205,80,43,12,17,5,3,0,,
3541,三嶌誠司,259,205,52,30,9,4,3,6,0,,
3915,繁野谷圭介,255,205,54,33,9,2,7,2,1,,
4033,伊藤将吉,254,205,57,35,5,10,3,4,0,,
4438,森作雄大,249,205,50,18,1,24,4,3,0,,
5132,中野希一,271,205,82,40,12,11,12,6,1,,
5142,常住蓮,264,205,78,44,12,11,7,4,0,,
5178,成貞琳平,235,205,16,10,4,0,1,1,0,●,
3934,鋤柄貴俊,242,205,23,10,4,1,3,5,0,,
4983,前田篤哉,270,205,86,45,12,3,21,5,0,,
4460,後藤翔之,255,205,46,24,8,5,5,3,1,,
4500,山田康二,261,205,90,47,9,15,13,5,1,,
4682,大上卓人,252,205,61,39,9,3,9,1,0,,
5278,田中駿兵,265,204,96,49,10,14,18,5,0,,
4736,高倉和士,264,204,75,42,11,5,10,7,0,,
3582,吉川昭男,257,204,66,29,10,12,4,9,2,,
4769,馬場剛,259,204,65,34,5,14,7,4,1,,
4077,品田直樹,241,204,46,17,9,10,1,7,2,,
4748,渡邉雄朗,259,204,63,37,9,10,4,2,1,,
4544,松田大志郎,281,204,115,58,13,25,12,7,0,,
3850,小川知行,236,204,33,17,1,9,3,3,0,,
4811,向井田佑紀,235,204,24,12,3,6,3,0,0,,
4850,野中一平,253,204,72,36,12,13,7,3,1,,
4579,中嶋健一郎,256,204,56,35,6,2,7,6,0,,
4793,金子萌,247,204,70,28,15,10,12,4,1,,
4156,浜野孝志,254,204,46,23,7,10,5,1,0,,
5066,鈴木孝明,248,204,62,25,5,16,8,6,2,,
4241,大串重幸,247,203,35,25,1,4,4,1,0,,
5055,眞鳥章太,246,203,56,24,10,7,8,5,2,,
5036,福田翔吾,235,203,34,10,7,5,7,4,1,,
4360,庄司孝輔,243,203,40,16,5,8,4,7,0,,
3661,柳瀬興志,249,203,35,19,4,3,5,4,0,,
4503,上野真之介,269,203,93,54,5,13,14,6,1,,
4251,川崎誠志,229,203,26,9,8,1,6,2,0,,
4483,北野輝季,256,203,79,37,12,16,6,7,1,,
3334,角ひとみ,259,203,41,30,2,3,4,1,1,,
4243,西村歩,246,203,43,22,5,3,9,3,1,,
4024,井口佳典,248,203,53,24,4,15,7,3,0,,
4443,津田裕絵,243,203,36,17,7,2,4,5,1,,
4989,石原翼,244,202,54,28,6,12,7,0,1,,
4133,高橋正男,252,202,51,25,7,5,6,7,1,,
4551,三川昂暁,249,202,46,14,8,11,2,10,1,,
4236,松村敏,282,202,96,62,7,15,10,1,1,,
4798,浜先真範,258,202,67,40,8,4,11,3,1,,
4624,高田明,249,202,71,32,9,14,14,2,0,,
5280,廣瀬凜,249,202,70,37,7,6,9,11,0,,
4930,佐藤悠,239,202,45,21,4,17,2,1,0,,
3960,菊地孝平,259,202,64,36,8,9,8,3,0,,
4095,福来剛,262,202,81,40,13,8,17,3,0,,
4293,鈴木智啓,250,202,28,19,3,3,2,1,0,,
4496,内堀学,281,202,88,45,2,27,8,6,0,,
4448,青木玄太,252,202,73,36,6,19,4,8,0,,
5026,安河内健,254,202,74,40,11,4,15,4,0,,
4844,村上奈穂,234,202,19,11,3,5,0,0,0,,
4302,西野翔太,265,202,79,48,9,10,10,1,1,,
5236,小宮涼雅,225,202,15,6,0,5,1,3,0,,
3564,桑原啓,229,201,27,7,4,12,2,2,0,,
5224,西岡顕心,260,201,73,42,11,11,5,3,1,,
4216,星栄爾,247,201,37,27,1,8,0,1,0,,
3957,大谷直弘,236,201,29,13,7,3,5,1,0,,
4790,柳内敬太,255,201,61,40,3,7,8,3,0,,
3484,芝田浩治,256,201,55,32,8,6,7,2,0,,
4706,三浦洋次朗,250,201,51,26,6,7,10,2,0,,
4253,西川真人,230,201,17,12,2,0,0,3,0,●,●
3562,山下和彦,255,201,54,28,4,12,6,4,0,,
4504,前田将太,258,201,55,36,1,5,7,6,0,,
4757,山田祐也,256,201,66,38,3,12,7,5,1,,
5029,中亮太,254,201,76,38,7,14,10,7,0,,
3349,吉田一郎,254,200,61,30,9,12,10,0,0,,
3514,山一鉄也,251,200,57,32,7,9,7,2,0,,
3783,瓜生正義,256,200,55,25,10,7,7,6,0,,
3804,中渡修作,232,200,25,11,5,2,4,3,0,,
4477,篠崎仁志,254,200,60,39,9,5,4,3,0,,
4590,渡邉優美,255,200,60,32,14,8,4,1,1,,
4452,松尾祭,250,200,41,22,7,2,6,3,1,,
4384,鶴本崇文,260,200,52,32,3,4,8,5,0,,
4335,若林将,263,200,76,43,7,7,11,8,0,,
4644,山田亮太,244,200,56,27,4,13,9,3,0,,
4645,上村純一,255,200,67,39,9,9,8,2,0,,
3406,中里英夫,245,200,39,23,4,1,6,4,1,,
3614,谷勝幸,231,200,16,6,2,6,1,1,0,,
3686,鳥居塚孝博,246,200,51,31,6,10,2,2,0,,
4832,権藤俊光,255,200,79,37,11,5,19,7,0,,
4441,末永由楽,252,199,58,31,8,5,8,6,0,,
4166,吉田拡郎,267,199,83,50,6,12,8,5,2,,
3907,村越篤,244,199,45,30,5,5,4,1,0,,
4623,中北将史,235,199,29,18,5,3,0,3,0,,
3885,久田武,240,199,40,25,8,2,3,2,0,,
4028,田村隆信,251,199,63,38,8,7,8,2,0,,
4873,蒲原健太,245,199,35,20,4,2,6,3,0,,
4081,樋口範政,234,199,25,12,3,4,4,1,1,,
4787,椎名豊,259,199,93,45,6,19,19,4,0,,
3912,川原正明,246,199,68,37,2,23,6,0,0,,
3930,岸本隆,240,199,42,24,3,8,6,1,0,,
4036,金田諭,255,199,65,36,8,17,2,2,0,,
4146,柳橋宏紀,239,199,37,20,4,1,9,1,2,,
4387,平山智加,260,199,75,39,14,11,8,1,2,,
4451,松崎祐太郎,258,198,50,36,4,5,2,3,0,,
4562,阪本勇介,227,198,12,6,0,5,0,1,0,,
4580,長谷川雅和,239,198,45,25,5,7,5,1,2,,
4459,片岡雅裕,250,198,50,33,8,3,5,1,0,,
4543,重木輝彦,253,198,63,38,8,7,6,4,0,,
4598,加藤政彦,242,198,47,23,5,8,7,3,1,,
4182,吉田和仁,237,198,26,13,5,4,3,1,0,,
4574,東潤樹,233,198,28,18,2,4,4,0,0,,
4373,若狭奈美子,262,198,55,33,9,6,2,5,0,,
4134,杉山貴博,247,198,47,25,3,8,8,2,1,,
3663,木山和幸,241,198,38,22,4,4,6,2,0,,
4179,広次修,242,198,40,21,9,1,5,4,0,,
4886,入海馨,234,198,47,23,7,6,5,6,0,,
4019,笠原亮,254,198,60,39,5,6,7,2,1,,
4586,磯部誠,248,198,55,34,1,5,8,6,1,,
5212,西川拓利,234,198,53,25,6,11,10,0,1,,
4351,里岡右貴,272,198,90,48,13,13,8,6,2,,
4910,中村泰平,256,197,79,46,6,8,16,3,0,,
5028,原田才一郎,254,197,76,42,7,10,10,7,0,,
5102,原田雄次,225,197,32,16,1,6,8,0,1,,
4894,原村拓也,227,197,21,14,2,1,1,2,1,,
5218,山田理央,243,197,64,31,12,9,7,5,0,,
5188,武井莉里佳,238,197,55,25,6,13,10,1,0,,
4688,永井彪也,252,197,68,39,13,6,8,1,1,,
3978,齊藤仁,244,197,50,31,6,6,4,3,0,,
5087,佐藤航,245,197,72,30,8,10,16,8,0,,
5196,鰐部太空海,243,197,79,31,16,14,11,7,0,,
5134,大原祥昌,245,197,49,28,3,4,8,5,1,,
4890,石川諒,234,197,45,17,5,8,8,7,0,,
4796,春園功太,251,197,72,40,8,14,8,2,0,,
5398,鐘ヶ江真司,208,196,10,4,2,1,2,1,0,,
5317,長尾萌加,230,196,18,11,1,1,3,1,1,,
3300,川崎智幸,247,196,56,33,6,5,6,5,1,,
5265,大廣咲季,220,196,16,7,3,3,2,1,0,,
3900,香川素子,244,196,51,29,3,9,8,2,0,,
4436,渋谷明憲,243,196,56,28,11,6,9,2,0,,
3415,松井繁,250,196,60,40,13,4,1,2,0,,
4914,吉田裕平,236,196,63,36,5,7,10,4,1,,
4415,下出卓矢,245,196,66,33,2,20,8,3,0,,
4150,山田雄太,238,196,52,23,6,11,4,8,0,,
3909,佐々木康幸,253,196,77,45,4,15,11,2,0,,
4468,大池佑来,240,196,65,39,4,15,6,1,0,,
4086,寺本重宣,241,196,45,24,5,8,6,2,0,,
3944,山口裕二,240,196,47,27,4,1,9,6,0,,
5126,山下大輝,247,196,75,37,5,20,12,1,0,,
3655,本橋克洋,246,196,29,22,0,3,2,1,1,,
4978,山田和佐,230,196,28,16,3,5,2,2,0,,
5143,常盤海心,218,196,9,2,2,4,0,1,0,,
5016,宮田龍馬,249,196,76,39,12,14,9,2,0,,
5247,大森翼,223,196,15,7,5,1,2,0,0,,
3906,飯山晃三,222,196,17,10,4,2,1,0,0,,
4002,古結宏,255,196,67,38,6,7,9,6,1,,
4119,泥谷一毅,236,196,37,21,7,7,1,1,0,,
4237,大峯豊,256,196,75,39,7,12,12,5,0,,
4403,木下大將,234,196,54,27,11,8,4,3,1,,
5325,澁川夏,224,196,26,13,2,6,2,3,0,,
4069,山本修一,247,196,47,28,7,1,4,6,1,,
5017,澤田尚也,245,196,72,40,7,7,12,5,1,,
4848,仲谷颯仁,248,195,63,36,5,3,9,9,1,,
4423,坂口貴彦,226,195,35,17,5,5,7,1,0,,
3422,服部幸男,253,195,66,36,3,17,8,2,0,,
5051,松本純平,248,195,65,41,6,8,6,4,0,,
3848,川上聡介,229,195,21,12,1,3,2,3,0,,
3576,白水勝也,252,195,52,30,5,8,4,5,0,,
4407,鹿島敏弘,230,195,23,14,5,2,1,1,0,,
4771,下寺秀和,260,195,85,51,13,7,11,2,1,,
4043,桐本康臣,245,195,47,25,3,7,9,2,1,,
4851,関浩哉,240,195,70,35,13,12,8,1,1,,
4035,杉江浩明,224,195,20,7,3,4,4,2,0,,
4737,竹井貴史,258,194,86,44,9,20,6,5,2,,
5109,川崎智稔,224,194,24,10,2,11,1,0,0,,
5299,西丸敦基,227,194,44,22,6,7,6,3,0,,
4168,石野貴之,247,194,65,36,4,8,14,3,0,,
4066,東本勝利,238,194,44,26,3,8,2,3,2,,
3572,安田政彦,239,194,29,19,4,4,2,0,0,,
4711,前出達吉,233,194,44,19,4,7,9,5,0,,
4759,今泉友吾,241,194,54,36,7,3,4,3,1,,
3716,石渡鉄兵,248,194,57,33,1,14,7,1,1,,
4191,赤羽克也,238,194,60,28,9,8,9,6,0,,
4239,竹田辰也,254,194,74,41,7,7,11,6,2,,
4808,松尾拓,237,194,52,28,2,12,6,4,0,,
3951,石川吉鎬,234,194,36,14,9,3,5,4,1,,
4381,田路朋史,245,194,53,26,4,15,4,3,1,,
4350,篠崎元志,259,194,87,54,7,17,2,7,0,,
4224,大橋栄里佳,229,194,30,16,6,3,3,2,0,,
4962,畑竜生,240,194,48,31,3,6,7,1,0,,
3690,河合三弘,227,193,24,10,5,5,2,2,0,,
4877,鈴谷一平,248,193,74,38,4,16,14,2,0,,
5105,富田恕生,219,193,19,10,2,0,2,5,0,●,
4364,池永太,246,193,67,34,5,22,3,3,0,,
3898,平田忠則,253,193,73,45,6,6,8,7,1,,
4482,守屋美穂,247,193,66,39,10,6,8,2,1,,
4719,上條暢嵩,254,193,77,53,6,11,5,1,1,,
4561,藤山翔大,235,193,71,24,2,39,3,2,1,,
4961,西橋奈未,251,193,64,35,6,9,7,7,0,,
3505,山田竜一,238,193,37,23,6,3,2,3,0,,
4345,西舘健,238,193,37,23,3,4,4,3,0,,
3963,原田秀弥,238,193,43,19,4,2,9,8,1,,
3455,谷本幸司,229,193,30,15,8,2,2,3,0,,
4654,篠田優也,243,193,54,33,6,3,9,3,0,,
3499,市川哲也,244,193,54,34,7,2,6,5,0,,
5177,松井貫太,217,193,13,6,2,0,1,2,2,●,
4256,渡辺浩司,243,193,56,32,10,6,5,3,0,,
3256,三角哲男,240,193,58,24,9,12,8,3,2,,
3539,金子順一,223,193,16,9,3,2,2,0,0,,
3662,大庭元明,232,192,43,20,2,11,6,4,0,,
4957,竹之内極,222,192,34,16,6,3,7,2,0,,
5263,花田凱成,217,192,15,7,4,3,0,0,1,,
4545,岡村慶太,252,192,86,53,7,3,15,7,1,,
3933,山地正樹,228,192,35,11,13,2,4,5,0,,
4967,中村魁生,245,192,65,37,6,6,12,4,0,,
4391,松田祐季,254,192,75,42,8,12,6,6,1,,
4013,中島孝平,252,192,71,50,5,6,7,3,0,,
4210,松村康太,241,192,31,19,2,1,3,6,0,,
4804,高田ひかる,245,192,74,32,4,25,6,6,1,,
5003,来田衣織,220,192,35,12,2,13,6,1,1,,
5035,櫻井優,222,192,39,12,7,12,6,2,0,,
3952,中澤和志,249,192,75,32,13,13,12,5,0,,
5238,笹木香吾,234,192,59,22,7,21,7,2,0,,
4432,黄金井力良,235,192,26,19,0,4,2,1,0,,
3981,今坂晃広,223,192,30,17,2,4,7,0,0,,
4619,伏田裕隆,215,192,40,10,4,22,2,2,0,,
4173,岡谷健吾,226,192,32,20,3,2,5,2,0,,
4614,石倉洋行,251,192,78,42,16,9,9,1,1,,
4570,前田聖文,242,192,56,28,6,9,9,3,1,,
3721,守田俊介,243,192,70,38,11,7,9,4,1,,
5060,数原魁,229,192,44,22,6,10,4,1,1,,
4292,麻生慎介,245,192,61,32,7,6,13,3,0,,
3574,大神康司,249,191,66,35,15,9,1,6,0,,
5089,前田翔,250,191,69,42,8,10,7,2,0,,
4762,藤原啓史朗,253,191,81,48,7,7,14,5,0,,
5004,河野主樹,223,191,34,18,5,5,5,1,0,,
4593,小坂宗司,235,191,44,27,8,5,3,1,0,,
5394,福西広太郎,192,191,4,0,2,1,1,0,0,,
3319,山崎義明,228,191,29,15,4,6,1,3,0,,
4428,有賀達也,234,191,48,30,8,7,1,2,0,,
5042,畑田汰一,238,191,61,30,8,7,14,2,0,,
4276,鈴木勝博,235,191,61,25,8,16,7,4,1,,
4925,森悠稀,232,191,40,22,0,8,10,0,0,,
4835,橋本明,222,191,17,13,2,0,1,1,0,●,
4308,河村了,251,191,69,43,8,2,13,3,0,,
4488,小山勉,246,191,67,37,7,9,10,3,1,,
3611,岩崎芳美,237,191,34,22,4,2,4,2,0,,
4108,吉村正明,233,191,54,30,8,7,5,4,0,,
5343,小林礼央,197,191,6,2,1,1,2,0,0,,
4406,幸野史明,217,191,28,16,2,6,3,1,0,,
4963,實森美祐,239,191,58,35,8,10,5,0,0,,
4289,落合直子,237,191,52,27,8,8,4,3,2,,
4633,森智也,235,191,36,24,5,3,1,3,0,,
4053,芦澤望,235,191,45,25,7,9,3,1,0,,
4950,高岡竜也,238,191,66,35,5,13,6,6,1,,
4949,横田貴満,248,191,57,36,6,4,10,1,0,,
4287,今井貴士,242,191,47,31,4,6,3,3,0,,
4703,森永隆,245,190,61,32,3,14,10,1,1,,
4485,楠原正剛,228,190,32,14,4,6,5,3,0,,
4861,田中宏樹,220,190,29,16,8,2,0,3,0,,
4330,奈須啓太,239,190,52,29,2,14,5,2,0,,
4151,下河誉史,229,190,32,18,7,2,2,3,0,,
4603,谷川将太,225,190,40,25,5,4,5,1,0,,
3922,菅沼佳昭,219,190,17,9,3,0,2,1,2,●,
5282,中本大樹,221,190,34,15,5,12,1,1,0,,
5157,市川健太,224,190,33,18,6,3,5,1,0,,
4876,梅木敬太,220,190,28,14,2,3,2,7,0,,
4266,長田頼宗,248,190,64,45,4,3,8,4,0,,
4144,石塚久也,228,190,41,24,5,5,1,5,1,,
4196,田中太一郎,218,190,17,11,2,2,2,0,0,,
4966,田川大貴,233,190,43,22,5,5,5,6,0,,
5213,湯淺紀香,226,190,37,19,3,8,1,4,2,,
3743,林美憲,249,190,55,30,4,10,7,4,0,,
5154,村松栄太,218,190,25,10,5,8,2,0,0,,
4327,加藤翔,219,190,16,9,0,4,3,0,0,,
3891,谷口健一,218,190,11,7,3,1,0,0,0,,
4344,新田雄史,240,190,61,35,3,6,9,7,1,,
3430,角浜修,219,190,24,14,2,5,3,0,0,,
3973,崎利仁,222,190,19,8,3,2,4,2,0,,
4584,村岡賢人,244,189,54,32,5,5,9,3,0,,
3401,上田隆章,218,189,23,14,2,3,3,1,0,,
4908,上田龍星,244,189,77,48,5,8,8,8,0,,
4725,佐竹太一,220,189,32,13,7,6,2,4,0,,
5166,仲道大輔,237,189,58,30,8,10,5,5,0,,
4390,松本弓雄,217,189,17,7,2,4,2,2,0,,
4520,高倉孝太,226,189,47,15,3,15,7,4,3,,
4939,宮之原輝紀,249,189,92,49,12,9,15,6,1,,
4318,桑原将光,229,189,32,17,6,2,1,4,2,,
3435,寺田千恵,245,189,52,36,6,6,2,1,1,,
4100,松田隆司,222,189,34,18,2,5,8,1,0,,
4111,奥田誠,223,189,34,18,3,9,2,2,0,,
4336,松田竜馬,224,189,28,23,2,1,1,1,0,,
4513,河野真也,238,189,60,34,2,15,6,3,0,,
3797,岩井繁,218,189,9,5,2,0,2,0,0,●,
5337,出畑孝成,189,189,12,0,1,1,8,2,0,,
5330,安河内鈴之介,227,188,62,32,4,10,10,5,1,,
4934,佐々木翔斗,236,188,43,24,7,5,3,4,0,,
4396,大田直弥,227,188,26,12,4,1,6,3,0,,
4547,中田竜太,238,188,43,20,4,7,6,5,1,,
4573,佐藤翼,231,188,51,30,2,8,6,5,0,,
4872,山下流心,218,188,22,10,2,3,3,4,0,,
5273,山下拓巳,220,188,25,13,2,6,4,0,0,,
5098,大江純,214,188,31,5,4,6,8,7,1,,
4463,三苫晃幸,235,188,39,19,6,0,13,1,0,●,
3826,村田修次,235,188,40,24,5,3,4,4,0,,
3719,辻栄蔵,233,188,50,29,5,4,8,4,0,,
3779,原田幸哉,242,188,63,39,3,11,6,2,2,,
4686,丸野一樹,232,188,62,33,9,6,10,4,0,,
4445,宮地元輝,235,188,56,38,4,9,2,3,0,,
3941,池田浩二,249,188,80,48,8,6,11,7,0,,
3839,川合理司,217,188,7,4,1,1,1,0,0,,
3977,山本兼士,216,188,24,9,6,8,1,0,0,,
4642,松尾夏海,242,188,78,41,9,7,17,4,0,,
5161,登玉隼百,227,187,48,29,3,12,3,0,1,,
3874,山本寛久,237,187,64,31,5,5,14,9,0,,
3822,平尾崇典,243,187,65,38,4,15,6,2,0,,
3327,野長瀬正孝,237,187,52,32,8,6,5,1,0,,
5076,石原光,214,187,32,13,4,8,4,2,1,,
4907,小池修平,242,187,76,35,14,11,11,5,0,,
3556,田中信一郎,252,187,74,46,3,13,5,6,1,,
4594,谷川祐一,229,187,49,28,4,8,6,2,1,,
5252,荒木颯斗,227,187,47,19,6,11,6,4,1,,
4902,山川雄大,218,187,30,13,3,5,8,1,0,,
3340,池田雷太,220,187,24,8,1,6,6,3,0,,
5015,高橋竜矢,241,187,71,46,11,5,3,6,0,,
5376,吉田一心,212,187,29,15,4,0,8,2,0,●,
4458,抹香雄三,216,187,29,12,7,4,4,2,0,,
4550,石岡将太,220,187,28,15,6,5,2,0,0,,
5002,上田健太,237,187,51,29,8,6,8,0,0,,
4247,齊藤優,218,187,26,11,3,7,2,2,1,,
5064,品川二千翔,232,187,47,26,6,3,7,5,0,,
3897,白井英治,233,187,54,32,6,3,6,7,0,,
5130,上野拓馬,218,187,14,9,1,1,2,1,0,,
3928,林恵祐,212,186,16,12,0,3,0,1,0,,
5286,坂井滉哉,213,186,17,10,0,5,1,1,0,,
4314,青木幸太郎,232,186,48,30,1,7,5,5,0,,
5210,藤井公人,216,186,32,18,3,7,1,3,0,,
4370,山口達也,253,186,80,43,5,18,5,7,2,,
4823,中村桃佳,230,186,66,28,8,13,8,8,1,,
5291,三嶌こころ,208,186,7,4,2,0,0,0,1,●,●
4821,妻鳥晋也,214,186,35,10,7,7,7,3,1,,
4416,三宅健太,220,186,33,8,6,12,6,1,0,,
3527,中嶋誠一郎,224,186,29,15,7,1,3,3,0,,
4469,土山卓也,231,186,55,30,4,9,7,4,1,,
4209,藤田竜弘,232,186,37,19,5,3,5,5,0,,
3959,坪井康晴,238,186,66,34,7,7,13,4,1,,
4924,中北涼,215,186,14,7,0,1,5,1,0,,
4518,大須賀友,235,186,73,36,5,15,14,2,1,,
4252,松下哲也,216,186,26,9,2,13,0,2,0,,
3968,茶谷信次,225,186,41,21,7,4,5,4,0,,
3268,森竜也,217,186,23,15,2,3,0,2,1,,
4290,稲田浩二,239,186,53,34,5,4,7,2,1,,
4571,菅章哉,224,186,79,21,4,46,6,2,0,,
5350,網代良芽,214,186,23,7,1,9,4,2,0,,
3813,佐藤大介,239,186,63,36,8,3,10,6,0,,
4487,三原司,212,186,25,10,8,3,2,2,0,,
4409,坂元浩仁,237,186,66,39,7,8,8,4,0,,
5009,大賀龍之介,222,186,38,17,6,7,6,2,0,,
5276,大島隆乃介,218,185,25,14,2,5,3,1,0,,
4050,田口節子,248,185,90,50,10,11,13,6,0,,
4772,石丸海渡,237,185,66,37,4,11,11,1,2,,
4502,遠藤エミ,248,185,77,43,13,4,13,4,0,,
4608,荒井翔伍,233,185,41,26,4,5,5,1,0,,
3807,岡部哲,216,185,17,11,2,2,1,1,0,,
4532,秋元哲,237,185,68,37,10,9,7,5,0,,
4200,早川尚人,217,185,18,12,0,2,2,2,0,,
5351,齊藤廉,207,185,23,12,5,0,4,1,1,●,
3730,塩崎優司,217,185,23,15,1,4,1,2,0,,
5073,上原健次郎,224,185,37,20,11,3,2,1,0,,
4227,安達裕樹,228,185,45,27,3,6,6,3,0,,
4044,湯川浩司,234,185,56,33,1,9,8,3,2,,
5318,河内一馬,206,185,10,5,0,2,2,1,0,,
3854,吉川元浩,242,185,56,34,7,7,5,2,1,,
4331,三好勇人,228,185,52,32,10,5,3,2,0,,
4553,坪口竜也,224,185,45,28,7,2,5,2,1,,
3158,島川光男,234,185,52,29,2,10,7,4,0,,
3857,阿波勝哉,205,185,26,7,1,17,0,1,0,,
4394,永嶋裕一,225,184,41,21,8,4,7,1,0,,
3775,泉啓文,211,184,13,6,2,1,3,1,0,,
4842,山下昂大,225,184,45,23,6,5,7,4,0,,
4418,茅原悠紀,248,184,72,49,7,4,6,6,0,,
3478,嶋田貴支,217,184,34,20,8,2,3,1,0,,
5352,西岡蒼志,209,184,28,12,2,6,7,0,1,,
3710,吉永泰弘,214,184,19,10,5,0,2,2,0,●,
4680,後藤美翼,223,184,24,12,4,5,1,2,0,,
3956,横澤剛治,224,184,49,25,5,9,6,2,2,,
3771,折下寛法,221,184,36,19,4,4,5,4,0,,
3606,川北浩貴,228,184,31,13,5,8,4,1,0,,
4442,松竹大輔,216,184,51,22,11,11,7,0,0,,
3680,森林太,215,184,16,4,1,7,3,1,0,,
4039,村上功祐,225,184,27,15,3,3,3,3,0,,
4382,高山智至,209,184,13,6,3,0,2,2,0,●,
4486,野村誠,215,184,37,15,10,4,5,2,1,,
4665,加藤啓太,208,184,11,5,2,3,0,1,0,,
5150,坂本雄紀,229,184,60,25,5,16,6,7,1,,
5307,富永夏哉人,210,184,28,13,2,4,6,3,0,,
4734,安河内将,239,184,73,36,10,7,17,3,0,,
3987,後藤正宗,224,184,43,23,3,6,9,2,0,,
5185,加藤優弥,213,183,36,13,7,9,4,3,0,,
5345,牧村俊輝,197,183,7,4,0,1,0,1,1,,
4695,尾崎雄二,216,183,35,17,8,1,7,1,1,,
5031,渡辺空依,208,183,20,13,1,2,4,0,0,,
3635,石田政吾,218,183,28,17,4,2,3,2,0,,
4587,木田峰由季,231,183,60,27,4,7,17,4,1,,
5264,登みひ果,210,183,21,4,3,9,3,1,1,,
4273,佐藤旭,217,183,27,15,4,5,2,0,1,,
4918,川島拓郎,211,183,30,16,5,1,5,3,0,,
4524,深谷知博,231,183,53,37,7,6,1,2,0,,
3647,伊藤雄二,211,183,8,5,2,1,0,0,0,,
5068,前田滉,240,183,85,44,8,15,12,6,0,,
4374,永田義紘,210,183,21,10,2,5,2,2,0,,
5354,渡邊雄斗,190,183,11,2,3,0,3,3,0,●,
5389,恵良琴美,183,183,1,0,1,0,0,0,0,●,●
4470,平田健之佑,229,183,47,27,8,7,3,2,0,,
4892,柴田直哉,210,183,29,10,5,9,1,4,0,,
4506,稗田聖也,228,183,61,29,11,10,6,5,0,,
4928,栗城匠,230,183,72,30,9,14,17,2,0,,
5092,篠原晟弥,228,183,60,30,9,7,10,4,0,,
5085,中村栄治,218,183,31,10,4,5,6,6,0,,
4180,上野秀和,222,183,40,20,7,5,6,2,0,,
4572,渡部悟,228,183,38,25,2,4,5,2,0,,
4383,竹田吉行,228,182,34,18,2,9,3,2,0,,
4566,塩田北斗,225,182,51,32,6,4,8,1,0,,
3882,新田智彰,211,182,23,11,4,3,4,1,0,,
4427,秦英悟,233,182,78,40,6,8,16,8,0,,
4945,上村宏太,204,182,14,2,3,2,6,1,0,,
3439,大平誉史明,231,182,54,26,9,6,8,5,0,,
5275,松田淳平,227,182,71,29,12,10,12,6,2,,
3581,加木郁,217,182,24,11,2,1,2,7,1,,
4188,久田敏之,236,182,88,42,11,15,15,5,0,,
5032,谷口知優,215,182,32,15,8,3,5,1,0,,
3463,乙津康志,218,182,20,8,5,1,5,1,0,,
4012,中村有裕,221,182,55,24,6,14,9,2,0,,
4014,片岡恵里,232,182,46,30,1,7,3,4,1,,
4754,松尾充,225,182,56,28,6,9,8,4,1,,
4410,井上大輔,214,182,28,13,3,9,3,0,0,,
5311,小林京平,211,182,38,14,6,10,3,4,1,,
5139,大場恒季,223,182,62,27,17,2,12,4,0,,
5256,中山翔太,237,182,73,45,8,6,10,4,0,,
4117,廣中智紗衣,229,182,30,16,2,7,1,4,0,,
4450,平高奈菜,224,181,52,24,9,4,9,5,1,,
3814,金子貴志,210,181,18,9,3,1,4,1,0,,
4124,池田雄一,228,181,54,28,9,3,7,7,0,,
5110,杉山喜一,214,181,30,12,4,3,6,4,1,,
4505,島田賢人,225,181,62,32,4,11,6,9,0,,
4709,岡村将也,222,181,31,15,3,2,4,7,0,,
4552,杉山勝匡,213,181,40,17,4,10,7,2,0,,
3584,佐々木英樹,215,181,21,9,5,4,0,3,0,,
4365,盛本真輔,223,181,49,23,6,17,1,1,1,,
4530,小野生奈,237,181,72,41,6,14,5,6,0,,
4693,松下誉士,209,181,15,5,3,2,2,2,1,,
4497,桑原悠,239,181,79,44,8,11,12,2,2,,
5270,小玉啓太,205,181,19,6,0,9,4,0,0,,
4054,福嶋智之,215,180,25,17,3,2,2,1,0,,
4202,浮田圭浩,209,180,18,11,2,0,3,2,0,●,
4643,近江翔吾,228,180,61,38,6,9,6,2,0,,
3837,秋山広一,223,180,55,32,10,2,8,3,0,,
3362,間嶋仁志,222,180,39,19,7,11,1,1,0,,
3872,岡田憲行,238,180,49,32,2,10,4,1,0,,
3587,武田信一,210,180,11,8,0,2,0,1,0,,
3870,寺嶋雄,207,180,23,8,3,7,4,1,0,,
5144,中尾彩香,209,180,26,13,2,9,1,1,0,,
4676,後藤隼之,219,180,30,18,3,4,4,1,0,,
3868,尾形栄治,207,180,20,10,4,3,2,1,0,,
4906,鈴木雅希,214,180,32,14,8,2,6,2,0,,
3508,久富政弘,212,180,32,20,5,4,2,1,0,,
4639,雑賀勇貴,208,180,22,14,1,4,2,0,1,,
5214,田中宏典,211,180,25,15,5,1,4,0,0,,
4466,南佑典,218,180,38,24,7,1,6,0,0,,
4974,安井瑞紀,217,180,47,18,2,19,5,3,0,,
4356,長岡良也,225,180,54,31,4,5,11,3,0,,
4434,田中辰彦,233,180,61,34,11,3,7,5,1,,
4840,鈴木秀茉,211,180,24,8,4,2,6,3,1,,
5125,高井雄基,227,180,46,28,4,5,6,3,0,,
4112,大久保信一郎,211,180,37,18,6,5,6,2,0,,
4474,渡辺崇,212,179,33,20,4,5,3,1,0,,
4511,中岡健人,207,179,20,11,2,5,0,1,1,,
4529,嶋義信,220,179,45,26,4,4,9,1,1,,
4816,村松修二,219,179,45,25,4,14,1,1,0,,
4977,馬野耀,218,179,45,23,6,7,7,2,0,,
3843,上之晃弘,211,179,30,15,2,9,4,0,0,,
3075,中村裕将,211,179,21,9,0,5,3,4,0,,
3566,川添英正,210,179,23,11,3,5,2,2,0,,
4380,鈴木峻佑,210,179,31,18,1,4,6,2,0,,
5194,大久保佑香,208,179,24,14,2,3,1,3,1,,
4672,守屋大地,205,179,12,0,3,4,4,1,0,,
3517,高橋勲,210,179,35,15,4,9,7,0,0,,
4979,中野夢斗,214,179,30,19,1,7,1,2,0,,
5123,福山恵里奈,212,179,22,16,1,4,1,0,0,,
4096,石橋道友,231,179,64,39,11,5,5,4,0,,
4992,廣瀬篤哉,206,179,33,16,4,7,2,3,1,,
5297,南彩寧,202,179,10,6,2,1,0,1,0,,
4371,西山貴浩,223,178,46,34,5,2,3,2,0,,
3713,伊藤誠二,216,178,41,20,4,8,5,3,1,,
4113,木村浩士,214,178,35,16,5,7,4,3,0,,
5038,金田智博,222,178,62,30,11,9,9,2,1,,
4207,松下一也,227,178,62,28,3,18,7,4,2,,
4661,中島昂章,210,178,24,11,6,1,3,2,1,,
4429,豊田泰洋,204,178,13,8,2,0,2,1,0,●,
4991,宗行治哉,221,178,51,27,9,5,8,2,0,,
4879,山崎鉄平,207,178,24,8,5,6,4,1,0,,
4478,櫻本あゆみ,227,178,56,31,3,8,11,1,2,,
5050,木下雄介,217,178,53,22,16,2,9,4,0,,
4315,山崎昂介,204,178,32,11,5,9,5,1,1,,
4549,小林文彦,219,178,34,17,7,4,2,4,0,,
5301,岩下巧斗,211,178,31,20,1,8,2,0,0,,
5172,田村慶,212,178,29,18,2,4,1,4,0,,
4034,西原明生,203,178,14,9,2,1,2,0,0,,
4082,濱崎誠,207,178,38,15,8,7,6,2,0,,
4565,西村豪洋,207,178,16,10,2,2,1,1,0,,
4346,前田健太郎,209,178,33,13,5,5,3,7,0,,
4329,小松卓司,205,177,14,9,2,1,1,1,0,,
4116,川田正人,207,177,22,11,0,2,5,4,0,,
4888,金児隆太,213,177,32,16,7,5,3,1,0,,
4489,岩川仁士,212,177,34,17,7,5,4,1,0,,
4575,戸塚邦好,212,177,43,24,2,11,5,1,0,,
4240,今井裕梨,220,177,43,23,7,7,3,3,0,,
4068,幸田智裕,208,177,17,11,2,2,2,0,0,,
4560,庄司樹良々,215,177,45,22,9,3,7,2,2,,
4847,佐藤隆太郎,224,177,53,31,3,7,6,5,1,,
3473,石川真二,283,177,87,52,21,6,0,6,2,,
3964,宮地博士,202,177,10,5,1,0,1,3,0,●,
4060,島田一生,206,177,33,12,3,11,4,3,0,,
4099,吉永則雄,226,177,48,32,8,4,1,3,0,,
4568,廣瀬真也,215,177,39,24,3,7,4,1,0,,
3563,堤昇,219,177,26,15,1,3,3,4,0,,
4161,黒柳浩孝,221,177,32,18,3,2,5,4,0,,
5243,三馬崇史,215,177,37,16,5,8,5,3,0,,
3990,芹澤克彦,203,177,25,9,3,8,1,4,0,,
3947,寺本昇平,214,177,20,12,4,1,3,0,0,,
4142,平野和明,220,177,31,19,5,4,2,1,0,,
3747,國崎良春,210,177,35,18,5,2,8,2,0,,
3875,廣中良一,206,177,22,18,1,2,1,0,0,,
5013,山下夏鈴,211,177,50,20,3,26,0,1,0,,
4825,倉持莉々,226,176,64,32,8,10,10,4,0,,
3385,渡邉睦広,216,176,37,19,12,3,2,1,0,,
3502,渡邉英児,214,176,30,17,2,9,2,0,0,,
3718,伊達正利,208,176,28,20,4,4,0,0,0,,
4246,喜多那由夏,207,176,9,6,3,0,0,0,0,●,●
4121,富永修一,221,176,48,23,11,3,7,4,0,,
4509,平見真彦,219,176,41,24,5,2,7,3,0,,
5308,藤森拓海,195,176,14,3,2,3,5,0,1,,
3893,汐崎正則,204,176,27,13,4,7,2,1,0,,
4942,柴田朋哉,218,176,35,18,1,7,7,1,1,,
4740,齋藤達希,202,176,21,10,5,2,4,0,0,,
4347,魚谷香織,221,176,45,27,3,12,1,2,0,,
4684,楠原翔太,219,176,40,24,3,7,2,4,0,,
5344,谷口丞,192,176,26,7,4,8,4,2,1,,
4564,山本景士郎,207,176,11,8,1,2,0,0,0,,
4839,四宮与寛,218,175,44,21,5,7,8,2,1,,
5303,土井歩夢,208,175,32,17,6,3,3,3,0,,
4155,長野壮志郎,223,175,51,25,7,4,11,3,1,,
3910,松下知幸,202,175,22,10,7,2,3,0,0,,
4017,向井美鈴,214,175,38,23,6,1,6,2,0,,
5289,佃來紀,206,175,31,17,2,7,3,2,0,,
3474,松瀬弘美,206,175,17,9,3,4,0,0,1,,
4702,三浦敬太,221,175,63,27,7,14,12,3,0,,
3623,深川真二,249,175,92,47,23,12,1,9,0,,
3615,横田茂,207,175,20,12,2,3,3,0,0,,
5137,川原涼,202,175,31,16,1,8,2,4,0,,
3434,松尾宣邦,209,175,19,15,2,1,0,1,0,,
4685,島村隆幸,235,175,87,46,11,10,17,3,0,,
4226,村田浩司,208,175,26,14,0,6,4,2,0,,
5375,庄島潤成,175,175,1,0,0,0,1,0,0,●,
5163,清水愛海,222,175,59,33,4,6,12,4,0,,
4197,渥美卓郎,205,174,18,10,1,4,0,2,1,,
4697,國弘翔平,203,174,14,11,0,3,0,0,0,,
5165,小林愛実,202,174,21,9,2,6,3,1,0,,
5057,上田紗奈,204,174,41,21,4,9,5,2,0,,
4652,酒見峻介,207,174,25,13,3,4,3,1,1,,
4900,中田夕貴,213,174,41,27,5,4,1,3,1,,
3277,齋藤勇,207,174,18,11,2,5,0,0,0,,
4158,木場雄二郎,204,174,27,17,0,4,2,3,1,,
4263,武重雄介,210,174,33,21,4,2,5,0,1,,
4305,金子拓矢,231,174,87,41,13,15,12,6,0,,
3863,海老澤泰行,205,174,16,9,0,5,2,0,0,,
4139,丹下健,202,174,22,10,3,4,3,2,0,,
4219,本岡勝利,193,174,6,3,1,0,0,1,1,●,●
4154,森安弘雅,212,174,29,14,4,6,3,2,0,,
4819,蜂須瑞生,213,174,39,23,3,9,4,0,0,,
5281,井上遥妃,217,174,58,29,9,9,6,5,0,,
4941,孫崎百世,200,174,26,7,6,2,5,5,1,,
4523,中村辰也,217,174,31,22,2,4,1,1,1,,
3998,冨成謙児,204,174,15,12,2,0,1,0,0,●,
4988,牟田奨太,200,174,27,15,1,3,5,3,0,,
3441,土屋太朗,202,174,16,8,3,2,2,0,1,,
4195,前川守嗣,208,173,30,13,6,5,4,2,0,,
4447,深川麻奈美,213,173,33,14,4,7,7,1,0,,
3975,小野寺智洋,207,173,42,22,6,9,5,0,0,,
4692,酒井俊弘,205,173,31,10,0,21,0,0,0,,
4342,谷野錬志,211,173,59,30,7,7,8,7,0,,
4464,山下友貴,208,173,38,20,7,6,3,2,0,,
3569,増田進,208,173,14,7,5,1,0,0,1,,
5279,石渡翔一郎,206,173,42,17,10,4,6,5,0,,
4528,黒井達矢,214,173,55,33,4,11,6,1,0,,
4735,角山雄哉,200,173,28,12,0,11,5,0,0,,
3643,米田隆弘,208,173,29,17,1,2,4,5,0,,
4006,小野勇作,202,173,25,10,1,5,4,4,1,,
3684,清水攻二,210,173,37,19,7,5,4,2,0,,
3731,高濱芳久,206,173,18,7,6,2,0,3,0,,
4857,加藤翔馬,217,173,65,30,5,6,13,10,1,,
3867,松浦勝,196,173,9,4,2,1,1,1,0,,
4343,村岡賢,200,173,14,6,2,1,1,4,0,,
5129,山口真喜子,210,173,43,18,4,8,7,5,1,,
4138,中井俊祐,202,173,24,11,5,2,5,1,0,,
5277,井上未都,202,173,26,12,3,6,3,1,1,,
4220,深川和仁,203,173,41,24,3,7,6,1,0,,
4300,加藤綾,208,173,22,15,4,1,2,0,0,,
5312,川辺郭人,195,172,14,6,3,3,0,1,1,,
4638,小林遼太,204,172,30,14,6,4,3,2,1,,
5316,村松将平,194,172,19,11,3,2,2,1,0,,
4128,川口貴久,203,172,27,11,0,5,8,2,1,,
4944,田代達也,190,172,16,3,4,5,2,2,0,,
4440,萩原知哉,199,172,17,7,2,3,3,1,1,,
4031,飯島誠,202,172,24,7,4,3,6,3,1,,
3503,堂原洋史,197,172,13,7,2,3,1,0,0,,
4718,北川太一,215,172,45,21,7,1,6,9,1,,
5153,佐藤ほのか,201,172,7,3,2,1,1,0,0,,
4791,黒澤めぐみ,207,172,27,10,4,2,6,5,0,,
5005,石田貴洋,209,172,46,17,0,25,4,0,0,,
5141,大澤風葵,221,172,60,27,5,11,12,5,0,,
4917,岩橋裕馬,200,172,19,9,3,3,2,1,1,,
4274,長畑友輔,199,172,22,9,6,3,3,1,0,,
4555,富永大一,214,172,29,21,2,1,1,4,0,,
4213,重富伸也,188,172,22,2,0,15,5,0,0,,
5292,佐藤右京,193,172,14,5,2,3,2,2,0,,
3282,池本輝明,204,172,14,13,0,1,0,0,0,,
3737,上平真二,224,172,64,34,9,9,6,5,1,,
3685,荒井輝年,199,171,29,12,1,6,6,4,0,,
4846,佐藤駿介,198,171,16,9,1,2,0,2,2,,
4578,藤山雅弘,214,171,50,27,10,9,2,2,0,,
4789,古賀智之,206,171,37,17,4,8,4,3,1,,
4797,中山将,203,171,55,25,6,14,6,4,0,,
5269,山口晃朋,211,171,56,28,5,9,9,5,0,,
3812,山崎聖司,203,171,15,10,3,0,2,0,0,●,
5011,高木圭大,195,171,14,10,2,1,1,0,0,,
3544,豊田訓靖,198,171,8,2,2,2,2,0,0,,
4592,小林孝弘,197,171,18,6,3,0,7,2,0,●,
3627,井上恵一,209,171,33,19,0,8,1,3,2,,
4004,山本浩輔,201,171,27,12,3,6,3,3,0,,
3892,草場康幸,201,171,26,17,2,2,2,2,1,,
4405,南野利騰,198,171,10,5,1,3,1,0,0,,
5239,上野俊樹,204,170,32,10,11,6,4,1,0,,
4020,川上清人,194,170,16,8,1,2,2,2,1,,
5338,香月大輝,182,170,13,6,2,4,1,0,0,,
5155,内山七海,203,170,39,15,9,7,5,3,0,,
3776,横井健太,192,170,3,0,1,0,0,1,1,●,●
5156,坂野さくら,196,170,28,9,2,6,9,2,0,,
4947,間庭菜摘,194,170,12,8,1,1,0,2,0,,
5135,仲航太,210,170,39,21,4,3,8,3,0,,
4883,岡部大輝,201,170,49,20,11,3,13,1,1,,
4895,門間雄大,200,170,32,13,4,12,2,1,0,,
4401,小林泰,213,170,45,28,4,8,4,1,0,,
5246,楠将太郎,202,170,30,14,5,4,6,1,0,,
4145,小澤学,195,170,8,2,2,1,1,1,1,,
4072,森永淳,225,170,87,42,14,20,8,3,0,,
5183,中野孝二,200,170,22,12,1,5,4,0,0,,
4011,堀之内紀代子,203,170,47,20,6,13,4,4,0,,
4828,松山将吾,216,170,51,25,11,6,7,2,0,,
3619,長谷川充,204,170,22,11,5,2,2,2,0,,
4973,栗原直也,207,170,32,17,2,6,2,5,0,,
4669,井上茂,192,170,15,8,2,3,1,1,0,,
4752,西尾亮輔,194,170,14,7,1,3,3,0,0,,
4714,喜多須杏奈,197,170,17,12,1,0,3,1,0,●,
5406,小畑楓夏,170,170,0,0,0,0,0,0,0,●,●
3828,明石正之,201,170,20,11,2,3,3,1,0,,
3687,花田和明,203,170,28,19,4,3,1,1,0,,
3827,今泉徹,200,170,8,6,0,1,0,1,0,,
4948,木場悠介,201,170,28,15,0,7,4,2,0,,
3929,杢野誓良,201,170,19,8,3,4,2,1,1,,
4522,古澤光紀,220,170,54,38,6,4,0,6,0,,
5217,藤原碧生,207,170,43,23,4,6,5,4,1,,
4303,牧原崇,203,169,26,16,3,1,3,3,0,,
4521,小池公生,208,169,35,18,5,6,3,3,0,,
4402,乙藤智史,216,169,53,30,2,8,7,6,0,,
3568,木村光宏,201,169,25,14,2,5,3,1,0,,
3629,浅見昌克,209,169,49,27,8,7,5,2,0,,
5290,坂本一真,194,169,9,4,0,4,0,1,0,,
4933,板橋侑我,211,169,46,32,3,5,6,0,0,,
3381,滝沢芳行,200,169,29,12,0,14,1,2,0,,
3357,福島陽子,200,169,9,6,0,1,0,2,0,,
4167,片岡秀樹,197,169,13,9,1,1,1,1,0,,
4705,吉川勇作,193,169,20,13,4,2,0,1,0,,
5258,仲本舜,196,169,25,13,3,3,3,3,0,,
4361,柳生泰二,226,169,84,48,9,15,8,4,0,,
5023,久永祥平,200,169,37,18,6,1,7,4,1,,
4062,後藤陽介,202,169,21,13,1,6,1,0,0,,
3976,内田圭,195,169,20,10,3,5,1,1,0,,
5027,重冨勇哉,195,169,19,9,5,1,4,0,0,,
3790,佐口達也,197,169,15,9,1,3,0,1,1,,
4232,笠雅雄,196,169,33,8,3,12,5,4,1,,
4461,安田吉宏,201,169,18,10,2,2,3,1,0,,
3784,中島友和,199,168,25,11,3,8,3,0,0,,
4936,戸敷晃美,208,168,50,24,6,15,1,4,0,,
4812,西野雄貴,219,168,75,39,6,12,13,5,0,,
4817,渡邉翼,213,168,54,32,7,5,5,4,1,,
5245,倉富大誠,191,168,25,8,3,9,4,0,1,,
4204,柴田大輔,198,168,31,12,5,6,6,2,0,,
5332,村松遥輝,193,168,15,9,4,1,1,0,0,,
4245,高橋直哉,196,168,20,8,4,3,2,2,1,,
4995,田邉亮蔵,194,168,19,12,1,5,1,0,0,,
3546,中里昌志,198,168,13,6,0,3,2,1,1,,
4444,桐生順平,213,168,48,30,6,4,5,2,1,,
4981,牧山敦也,194,168,22,12,3,1,4,2,0,,
5127,沼田大都,192,168,15,7,3,1,2,2,0,,
4009,小林一樹,213,168,37,25,2,7,0,2,1,,
5306,河内悠利杏,191,168,3,1,0,1,0,0,1,,
3809,吉田光,182,168,8,3,0,0,3,2,0,●,
4175,川尻泰輔,207,168,42,27,4,2,6,3,0,,
5334,樫葉新心,188,168,7,2,1,1,2,1,0,,
5313,鈴木唯央,185,168,15,3,4,4,2,1,1,,
4456,鎌倉涼,222,168,61,40,7,4,5,5,0,,
4494,河合佑樹,209,168,53,26,8,3,7,8,1,,
3942,寺田祥,231,168,58,34,5,5,9,5,0,,
5170,佐藤太亮,196,168,25,17,2,1,3,2,0,,
4271,川崎公靖,195,168,15,6,2,2,4,1,0,,
5382,山下心一,167,167,1,0,0,0,1,0,0,●,
5173,谷口佳蓮,197,167,37,22,7,4,4,0,0,,
4422,永井亮次,194,167,23,15,2,1,4,1,0,,
4389,伊藤喜智,199,167,31,12,5,5,6,2,1,,
3654,武田光史,215,167,60,31,5,11,9,3,1,,
4897,深見亜由美,194,167,12,7,0,5,0,0,0,,
3860,松本浩貴,193,167,9,3,1,3,1,1,0,,
3752,宇土泰就,194,167,14,7,3,2,1,1,0,,
5048,眞鳥康太,187,167,22,8,0,7,3,2,2,,
3873,別府昌樹,192,167,22,9,1,3,4,5,0,,
5384,八戸琉楓,168,167,3,0,0,1,2,0,0,,
5067,山田真聖,189,167,28,12,2,8,4,2,0,,
4277,金田大輔,195,167,36,12,1,10,6,7,0,,
5329,金子龍斗,187,167,26,9,1,3,10,1,2,,
5383,中村楓,167,167,2,0,0,0,2,0,0,●,
4270,岸本雄貴,197,167,25,17,3,3,2,0,0,,
5374,木山大聖,166,166,2,0,1,0,1,0,0,●,
4794,和田拓也,207,166,60,34,6,15,2,2,1,,
3796,長野道臣,193,166,20,9,6,2,2,1,0,,
2538,高橋二朗,193,166,3,2,1,0,0,0,0,●,●
4656,大崎翔,195,166,28,13,7,1,6,1,0,,
5106,山崎祥,200,166,30,14,1,7,5,3,0,,
3714,梶原正,193,166,20,15,0,3,2,0,0,,
4600,井内将太郎,209,166,53,29,4,10,5,5,0,,
5386,米玉利大悟,185,166,7,3,0,2,0,1,1,,
5012,加倉侑征,204,166,33,14,3,2,7,6,1,,
3831,安藤裕貴,197,166,22,10,2,8,1,1,0,,
5079,大石真央,192,166,24,12,2,8,2,0,0,,
4214,林祐介,208,166,37,28,5,0,2,1,1,●,
4625,渡邊裕貴,189,165,31,16,5,9,1,0,0,,
5093,浦野海,197,165,22,18,0,3,0,1,0,,
4323,山田佑樹,194,165,32,15,6,5,4,2,0,,
4317,木村紗友希,194,165,25,15,4,4,1,1,0,,
5271,杉山太陽,185,165,13,6,2,1,3,1,0,,
4653,小野達哉,214,165,62,40,2,9,5,6,0,,
4183,宇野弥生,202,165,47,30,3,7,6,1,0,,
5044,渡邉健,196,165,30,18,0,3,7,2,0,,
3226,浦田信義,201,165,20,15,0,3,1,1,0,,
5007,近藤雄一郎,194,165,22,13,2,2,2,3,0,,
4615,板倉敦史,186,165,12,7,1,0,1,2,1,●,
3696,白井友晴,193,165,17,8,2,4,1,2,0,,
3748,小黒竜吾,186,165,11,4,2,2,3,0,0,,
4951,新田洋一,203,165,27,17,2,3,2,2,1,,
5392,安武一也,165,165,0,0,0,0,0,0,0,●,●
3350,藤本佳史,200,165,28,20,4,3,0,1,0,,
4419,原加央理,195,165,25,11,5,5,3,1,0,,
4205,山口剛,215,165,68,38,9,3,13,5,0,,
5249,三木晴斗,196,165,27,11,6,1,6,2,1,,
5377,鳥居塚嶺王,172,165,17,5,2,6,3,1,0,,
3761,山本光雄,196,165,33,19,4,4,4,2,0,,
5250,嶋田有里,188,165,12,7,2,0,1,2,0,●,
3994,小野桜,194,165,20,11,3,3,3,0,0,,
5364,金子怜央,167,165,2,0,0,0,1,1,0,●,
4016,西川新太郎,193,165,22,9,6,1,5,1,0,,
3982,福田理,191,164,18,7,2,7,2,0,0,,
2878,富山弘幸,202,164,29,16,3,2,7,1,0,,
4631,新井英孝,191,164,27,14,2,1,4,6,0,,
5054,佐々木大河,199,164,48,29,5,7,7,0,0,,
4003,表憲一,194,164,21,10,4,1,5,1,0,,
4694,高田綾,190,164,18,7,3,5,2,0,1,,
5294,豊田祥生,189,164,13,7,1,4,0,1,0,,
5190,大月遊雅,184,164,19,7,2,6,4,0,0,,
3602,奥平拓也,192,164,15,6,4,3,1,1,0,,
4700,金子和之,202,164,42,24,8,4,4,2,0,,
5322,根岸真優,187,164,8,5,0,3,0,0,0,,
5203,神里琴音,190,164,24,11,3,7,1,1,1,,
5006,久保原秀人,182,164,6,2,0,3,1,0,0,,
4404,岸蔭亮,185,164,13,5,1,5,2,0,0,,
3769,佐竹恒彦,204,164,29,20,2,2,1,4,0,,
5151,山下奈緒,185,164,12,4,0,3,2,3,0,,
4129,宇野博之,194,164,11,4,1,1,3,2,0,,
5065,伊久間陽優,189,164,37,15,5,5,10,2,0,,
4896,花本剛,190,164,19,12,2,4,0,1,0,,
3202,三品隆浩,200,164,17,7,1,3,2,4,0,,
5181,森智哉,187,163,23,13,0,5,5,0,0,,
3224,栗山繁洋,187,163,12,7,1,1,2,1,0,,
4905,土井祥伍,185,163,15,9,3,1,0,2,0,,
3773,津留浩一郎,192,163,14,11,1,0,0,2,0,●,●
4339,平瀬城啓,195,163,15,10,2,0,1,2,0,●,
4372,原田佑実,200,163,46,24,9,4,7,2,0,,
5242,高山弘斗,183,163,10,4,3,3,0,0,0,,
3889,須藤隆雄,190,163,14,7,1,3,1,2,0,,
5000,岡本翔太郎,188,163,23,15,2,1,4,1,0,,
4630,岩永雅人,203,163,31,21,6,1,3,0,0,,
3757,畑和宏,196,163,28,15,1,9,2,1,0,,
3542,清水紀克,198,163,16,11,2,2,0,1,0,,
4093,吉田宗弘,193,163,16,10,1,4,0,1,0,,
3967,鈴木茂高,188,163,14,12,1,0,1,0,0,●,
4540,相原利章,201,163,30,17,5,4,2,2,0,,
4359,横川聖志,198,163,33,13,6,7,2,4,1,,
4491,田中堅,189,163,9,8,0,0,0,1,0,●,●
3411,池上隆行,188,163,7,5,2,0,0,0,0,●,●
5211,高井駿弥,184,163,5,3,0,1,1,0,0,,
5146,野田彩加,191,163,30,13,3,8,4,1,1,,
3605,中村守成,191,163,16,13,1,0,2,0,0,●,
5039,倉田茂将,192,163,24,15,4,3,1,1,0,,
5081,篠原飛翔,205,163,38,20,8,3,5,2,0,,
4965,福岡泉水,185,163,16,7,1,4,4,0,0,,
3620,信濃由行,191,163,17,10,5,1,1,0,0,,
4248,岡本大,185,163,14,7,0,3,3,1,0,,
3703,鳥飼眞,209,162,44,20,3,3,7,10,1,,
3692,竹腰正樹,197,162,19,13,1,5,0,0,0,,
4104,木下陽介,191,162,22,10,1,8,1,2,0,,
5063,大塚雅治,183,162,18,9,3,0,4,2,0,●,
5285,若林麗,191,162,12,7,2,0,1,2,0,●,
4027,松江秀徳,198,162,40,18,6,9,6,1,0,,
5388,佐野優都,162,162,10,0,1,4,4,0,1,,
5182,宮崎安奈,193,162,24,10,6,4,3,1,0,,
4320,峰竜太,215,162,73,43,15,7,6,2,0,,
5266,石田勇斗,189,162,20,12,0,2,3,1,2,,
3722,西村秀樹,183,162,7,2,1,3,0,1,0,,
4887,富澤祐作,192,162,30,18,2,7,3,0,0,,
4152,深水慎一郎,197,162,32,14,8,2,5,3,0,,
4435,服部達哉,191,162,36,16,8,5,5,2,0,,
4211,村田敦,194,162,14,8,0,4,2,0,0,,
5111,三村岳人,191,162,38,16,8,9,4,1,0,,
5407,中岡駿,164,161,2,1,0,0,1,0,0,●,
4727,安部慎一,183,161,16,9,2,3,2,0,0,,
3616,中村真,188,161,25,10,3,3,3,5,1,,
3233,小畑実成,187,161,21,8,2,7,2,1,1,,
4891,寺島美里,188,161,24,11,5,6,1,1,0,,
3792,田中豪,198,161,45,19,4,11,8,3,0,,
5047,國分将太郎,190,161,30,12,8,5,4,1,0,,
3105,内山文典,191,161,24,14,3,5,1,0,1,,
4258,関根彰人,191,161,21,11,7,1,2,0,0,,
3717,立間充宏,192,161,31,17,4,5,5,0,0,,
4041,小林基樹,185,161,14,6,3,1,2,2,0,,
4184,渡邊雄一郎,207,161,66,32,11,11,5,7,0,,
3175,渡辺千草,186,161,11,2,3,3,3,0,0,,
5412,久保田凪紗,161,161,0,0,0,0,0,0,0,●,●
5231,寺田空詩,192,161,35,18,6,5,4,2,0,,
4362,土屋智則,212,161,43,27,9,0,4,2,1,●,
4689,豊田結,200,161,28,16,1,5,4,2,0,,
5272,松田真実,189,161,24,14,5,2,0,3,0,,
4909,薮内瑞希,191,161,28,14,5,6,1,1,1,,
4393,田中孝明,184,161,16,12,3,0,1,0,0,●,
3477,近藤稔也,188,161,9,5,0,2,0,2,0,,
3580,水口由紀,188,161,9,7,0,1,1,0,0,,
5348,小林甘寧,165,161,16,1,2,3,7,2,1,,
4272,大場広孝,184,161,15,5,4,2,2,2,0,,
3896,上田洋平,189,161,19,13,3,1,1,1,0,,
4764,小池礼乃,194,160,36,19,2,8,2,5,0,,
5248,本田愛,182,160,15,4,1,4,4,2,0,,
3808,秋田健太郎,186,160,13,8,1,1,2,1,0,,
3370,坪内実,184,160,12,8,2,2,0,0,0,,
4730,土屋実沙希,190,160,31,11,7,4,4,5,0,,
4875,大塚康雅,192,160,24,9,5,4,3,3,0,,
3617,竹田広樹,186,160,23,11,2,7,1,1,1,,
5095,小原聡将,200,160,43,25,8,3,5,2,0,,
4837,酒井陽祐,186,160,17,11,3,1,2,0,0,,
4045,佐々木裕美,190,160,24,10,5,7,2,0,0,,
3313,本吉正樹,187,160,20,9,6,2,3,0,0,,
5167,小川竜太朗,189,160,21,6,5,4,3,2,1,,
4527,高野心吾,184,160,16,9,2,2,2,1,0,,
5369,岡崎凪汰,177,160,8,2,1,3,2,0,0,,
3993,永井聖美,192,160,25,11,6,2,5,1,0,,
4987,島倉都,185,160,15,11,1,0,2,1,0,●,
4526,池田雄祐,194,160,38,20,7,5,4,2,0,,
3869,井芹大志,183,159,11,10,1,0,0,0,0,●,●
4899,占部一真,184,159,21,12,2,4,2,1,0,,
3660,長谷川親王,183,159,6,5,0,0,1,0,0,●,
4449,中嶋達也,181,159,20,8,2,7,2,1,0,,
5046,松山裕基,184,159,13,8,2,0,2,1,0,●,
5314,中曽瑠華,178,159,6,4,1,0,1,0,0,●,
3880,浅見宗孝,188,159,17,8,1,3,3,1,1,,
4836,大谷健太,185,159,33,13,4,11,2,2,1,,
3664,鈴木賢一,190,159,23,12,2,6,1,2,0,,
4051,清水敦揮,205,159,49,30,6,1,7,5,0,,
5131,江藤敦宏,180,159,8,3,0,2,1,2,0,,
4871,菊池宏志,187,159,21,11,1,7,0,2,0,,
5262,鈴木章司,182,159,10,1,2,2,2,3,0,,
4893,渡邉真奈美,189,159,29,11,2,9,3,3,1,,
5033,藤原孝斗,181,159,16,7,2,1,1,4,1,,
5049,松井友汰,189,159,45,20,8,7,8,2,0,,
3878,胡本悟志,180,159,18,6,4,6,2,0,0,,
5296,永田楽,175,159,18,5,5,6,2,0,0,,
4234,野相弘司,182,159,18,11,1,4,1,1,0,,
3432,宮迫暢彦,182,159,12,5,4,1,0,2,0,,
4809,外崎悟,196,159,36,15,10,1,3,7,0,,
5400,高村諒,164,159,2,1,0,0,1,0,0,●,
3708,岡部貴司,190,159,19,13,0,4,1,1,0,,
4181,花本夏樹,181,159,10,5,3,1,0,1,0,,
4047,吉永浩則,184,158,19,15,2,0,2,0,0,●,
4785,木幡純也,182,158,13,3,2,3,3,1,1,,
5404,内田壮,158,158,2,0,0,1,1,0,0,,
5241,門田栞,182,158,20,6,3,3,6,2,0,,
4010,越智照浩,181,158,13,9,1,1,0,2,0,,
5342,原村百那,162,158,2,1,0,1,0,0,0,,
4254,川島圭司,194,158,43,22,0,7,10,2,2,,
4131,原豊土,193,158,40,23,4,6,6,1,0,,
3535,渡修平,183,158,16,10,1,3,1,1,0,,
5199,垂水悠,185,158,31,11,1,12,3,3,1,,
4911,片岡大地,191,158,19,13,3,1,1,1,0,,
4484,稲生夏季,185,158,18,10,3,3,0,2,0,,
3161,古場輝義,196,158,16,8,1,2,2,3,0,,
4765,野田部宏子,188,158,28,14,4,9,0,1,0,,
5405,竹内来,158,158,3,0,0,2,1,0,0,,
3805,高橋英之,189,158,26,12,2,7,5,0,0,,
4143,浦田晃嗣,178,158,12,7,0,4,1,0,0,,
3834,細川明人,183,158,13,9,0,4,0,0,0,,
3659,藤生雄人,191,158,25,19,2,2,2,0,0,,
5228,若林樹蘭,193,158,44,23,5,4,6,5,1,,
4976,金山立樹,188,158,24,10,1,8,2,3,0,,
4352,下條雄太郎,208,157,60,35,5,5,10,3,2,,
4094,中島真二,183,157,19,10,5,2,0,2,0,,
3454,井川大作,193,157,22,10,1,3,4,4,0,,
5037,田頭虎親,182,157,34,11,11,6,4,0,2,,
5416,龍田真白,157,157,5,0,1,2,1,1,0,,
4400,加藤奈月,184,157,5,5,0,0,0,0,0,●,●
4140,梶野学志,198,157,43,30,1,6,3,3,0,,
4203,小倉康典,185,157,19,10,0,4,3,2,0,,
4023,柴田友和,181,157,15,7,3,1,4,0,0,,
4281,大澤大夢,185,157,27,16,3,5,1,2,0,,
3392,小森信雄,192,157,16,11,2,2,0,0,1,,
5295,田上凜,173,157,23,6,1,13,3,0,0,,
5368,宮崎心之介,176,157,33,15,3,13,2,0,0,,
4779,伊倉光,185,157,20,12,0,3,4,0,1,,
4964,土屋南,188,157,38,17,3,13,2,2,1,,
3741,松尾基成,179,156,8,8,0,0,0,0,0,●,●
5268,山本幸也,171,156,5,2,1,1,0,1,0,,
3701,大西隆洋,175,156,9,4,1,2,1,1,0,,
3497,後藤浩,187,156,31,19,3,3,6,0,0,,
4164,岩永節也,182,156,8,4,2,0,0,2,0,●,●
3459,中野和裕,175,156,6,0,0,4,0,2,0,,
3604,武藤綾子,184,156,17,13,0,2,0,2,0,,
5261,岡暢祐,180,156,20,9,3,7,0,0,1,,
3306,武田正紀,188,156,13,5,0,5,1,1,1,,
3948,大町利克,178,156,9,6,1,0,1,1,0,●,
5084,末永和也,200,156,57,33,10,5,7,2,0,,
4864,小川日紀太,184,156,22,12,2,5,1,1,1,,
3339,泉具巳,185,156,16,7,4,3,2,0,0,,
4558,宮野仁,179,156,14,9,1,1,1,2,0,,
3212,亀本勇樹,187,156,18,10,1,6,1,0,0,,
4750,井上尚悟,180,156,26,8,6,8,0,4,0,,
3931,黒崎竜也,190,156,35,19,2,6,4,4,0,,
4627,藤原菜希,193,156,56,21,10,12,9,4,0,,
3284,渡邊伸太郎,187,156,27,19,3,3,2,0,0,,
4831,羽野直也,198,155,54,32,6,3,9,3,1,,
5022,伊藤尚汰,174,155,14,4,5,2,1,2,0,,
4556,竹井奈美,203,155,62,35,8,12,4,3,0,,
4538,笠置博之,187,155,64,14,3,39,4,3,1,,
4952,吉武真也,177,155,15,10,0,0,1,2,2,●,
4257,古川健,180,155,22,10,0,6,5,1,0,,
5232,樅山拓馬,181,155,26,13,2,6,4,1,0,,
5198,奥村明日香,176,155,25,9,6,8,2,0,0,,
4720,西澤日花里,178,155,12,6,6,0,0,0,0,●,●
5347,井澤聖奈,155,155,0,0,0,0,0,0,0,●,●
3995,重野哲之,200,155,52,34,2,10,5,1,0,,
4169,多田有佑,182,155,13,8,1,3,1,0,0,,
4110,小澤和也,180,155,18,9,4,3,1,1,0,,
3436,柏野幸二,193,155,37,22,6,3,5,1,0,,
4368,山口隆史,178,155,15,8,0,6,1,0,0,,
5403,藤山湧太,155,155,1,0,1,0,0,0,0,●,●
3712,淺香文武,185,155,22,17,2,1,2,0,0,,
4677,片橋幸貴,195,155,48,21,5,5,11,5,1,,
5208,屋良龍紀,181,155,15,7,0,2,3,3,0,,
3852,澤大介,184,155,25,15,2,3,4,1,0,,
5397,寺田夢生,155,155,0,0,0,0,0,0,0,●,●
3293,宮内由紀英,183,155,2,2,0,0,0,0,0,●,●
3950,石川哲秀,180,155,9,2,0,4,1,2,0,,
3297,藤丸光一,188,155,17,7,6,2,1,1,0,,
3637,齋藤和政,179,155,10,6,1,1,1,1,0,,
5378,鈴木結平太,157,155,0,0,0,0,0,0,0,●,●
5219,森口和紀,177,154,29,15,2,5,5,1,1,,
5371,早川颯太,154,154,2,0,0,1,1,0,0,,
5365,石村日奈那,158,154,3,1,1,1,0,0,0,,
5254,羽田妃希,167,154,8,5,3,0,0,0,0,●,●
4439,近藤友宝,178,154,9,7,0,0,0,2,0,●,●
4098,赤澤文香,182,154,15,11,2,2,0,0,0,,
3361,岡部浩,182,154,15,7,3,1,1,3,0,,
5244,黒田剛,174,154,12,8,3,1,0,0,0,,
3742,宮地秀祈,181,154,19,9,3,2,4,1,0,,
4648,木村亮太,179,154,24,11,7,3,2,0,1,,
4225,土屋千明,196,154,36,20,5,2,1,7,1,,
5413,宮城那菜,154,154,1,0,0,1,0,0,0,,
3989,熊本英一,176,154,14,7,2,2,2,1,0,,
5090,生方靖亜,181,154,37,12,5,11,5,3,1,,
4563,齋藤真之,175,154,22,15,1,5,1,0,0,,
4106,坂井康嗣,171,153,7,3,1,2,1,0,0,,
4299,中島浩哉,172,153,10,6,2,0,1,1,0,●,
5008,羽野諒,175,153,13,7,1,2,1,2,0,,
3442,宮武英司,174,153,11,7,0,2,2,0,0,,
3577,向所浩二,180,153,22,7,3,7,3,1,1,,
5355,萩原丈太朗,162,153,2,0,0,0,2,0,0,●,
5385,鈴木柊介,154,153,2,1,0,1,0,0,0,,
3558,山本浩次,184,153,20,12,1,2,4,1,0,,
5071,野見山拓己,180,153,19,10,0,7,1,0,1,,
4097,貫地谷直人,170,153,3,1,0,0,0,1,1,●,●
3445,加藤高史,183,153,17,12,2,0,3,0,0,●,
4715,村上遼,196,153,58,24,7,11,11,5,0,,
3772,一柳和孝,184,153,17,12,1,2,1,1,0,,
3211,北川敏弘,181,152,10,7,2,1,0,0,0,,
5335,森陽多,166,152,5,3,1,0,1,0,0,●,
4103,山崎善庸,178,152,6,5,1,0,0,0,0,●,●
5133,堀越雄貴,179,152,28,10,4,9,4,1,0,,
4880,澤崎雄哉,174,152,16,6,2,3,5,0,0,,
3458,東健介,176,152,16,7,3,3,3,0,0,,
4414,大澤真菜,174,152,17,7,1,5,2,2,0,,
3471,赤峰和也,178,152,10,5,2,2,1,0,0,,
3475,橋本久和,192,152,32,19,2,9,2,0,0,,
5409,宮本琉正,152,152,3,0,1,1,1,0,0,,
4358,松本庸平,179,152,14,7,1,3,2,0,1,,
5186,遠藤圭吾,175,152,19,11,1,5,1,0,1,,
4803,飯田庄吾,173,152,10,6,2,2,0,0,0,,
4114,深澤達徳,176,152,17,11,1,1,3,1,0,,
5411,木下虎之輔,152,152,1,0,0,1,0,0,0,,
4065,金田幸子,180,151,26,12,2,8,2,1,1,,
4651,佐藤大騎,171,151,13,6,2,1,3,1,0,,
5300,横田海人,168,151,2,1,0,0,0,1,0,●,●
4025,山本隆幸,191,151,56,30,2,14,8,2,0,,
4306,畔柳俊吾,183,151,14,8,3,2,1,0,0,,
5309,森雄利,164,151,7,4,1,0,2,0,0,●,
4092,岡部大輔,181,151,26,17,5,2,0,2,0,,
4637,中田友也,181,151,37,18,5,7,4,3,0,,
4557,松尾光広,181,151,15,10,4,0,1,0,0,●,
5331,佐藤永梧,177,151,25,10,6,5,2,1,1,,
4022,待鳥雄紀,175,151,18,10,3,5,0,0,0,,
4059,入澤友治,182,151,29,12,5,5,4,3,0,,
4723,寺島吉彦,174,151,23,7,2,8,2,3,1,,
5240,高橋龍治,177,151,20,13,3,1,2,1,0,,
5427,港理樹,151,151,1,0,0,1,0,0,0,,
4230,濱崎直矢,185,150,52,25,2,15,8,2,0,,
5349,宮崎奏磨,154,150,1,0,0,0,1,0,0,●,
4325,新出浩司,180,150,11,8,1,2,0,0,0,,
4845,前田紗希,187,150,56,22,8,14,7,5,0,,
5320,岩崎麗子,170,150,7,2,0,4,1,0,0,,
4982,中村将隆,175,150,19,14,0,3,2,0,0,,
3699,富永正人,171,150,12,3,3,6,0,0,0,,
4229,市川美宏,175,150,11,8,2,0,0,1,0,●,●
4417,服部剛,177,150,18,10,4,1,1,2,0,,
4728,山口亮,179,150,20,13,2,3,0,2,0,,
3838,伊藤啓三,178,150,22,9,5,3,3,1,1,,
5078,山川波乙,175,150,17,13,1,1,0,0,2,,
4367,山口修路,170,149,8,6,1,1,0,0,0,,
3825,宮嵜隆太郎,172,149,19,8,0,9,2,0,0,,
5014,梶山涼斗,172,149,19,8,4,4,3,0,0,,
5396,近藤来希,149,149,1,0,0,0,1,0,0,●,
3800,牧宏次,182,149,23,13,3,2,4,1,0,,
5083,柳瀬幹太,175,149,21,10,3,3,4,1,0,,
4901,出口舞有子,175,149,27,13,3,2,7,2,0,,
5152,丸山祐也,169,149,5,2,2,1,0,0,0,,
5381,有山望,156,149,6,3,0,2,0,0,1,,
5274,城間盛渚,172,149,34,17,4,4,5,4,0,,
5287,滝沢織寧,168,149,5,1,1,1,1,1,0,,
5124,上瀧絢也,168,149,12,6,0,2,4,0,0,,
5207,高山敬悟,168,148,28,13,1,8,5,1,0,,
3949,今出晋二,173,148,4,1,1,2,0,0,0,,
4332,村上彰一,169,148,12,6,2,1,1,2,0,,
5288,尾道佳諭,171,148,15,5,3,0,6,1,0,●,
5417,小柳勝希,148,148,4,0,0,1,2,1,0,,
4283,石井裕美,175,148,10,4,1,2,2,1,0,,
4708,半田尚也,171,148,9,7,1,1,0,0,0,,
5086,本村大,170,148,17,11,1,4,1,0,0,,
3842,星野太郎,177,148,28,15,6,2,1,4,0,,
5074,大澤誠也,175,148,19,14,2,1,2,0,0,,
5230,石原凪紗,173,148,22,12,3,3,2,2,0,,
4626,伊藤紘章,172,148,21,7,4,1,4,5,0,,
5395,日高龍之介,150,148,5,1,1,0,3,0,0,●,
4731,間野兼礼,170,148,24,11,6,3,2,2,0,,
4618,乃村康友,170,148,20,8,5,3,3,1,0,,
5336,瀬川大地,164,148,6,4,1,1,0,0,0,,
5302,秋末秦悟,167,147,10,7,1,0,1,1,0,●,
4984,森下愛梨,173,147,17,9,1,4,0,3,0,,
3467,森弘行,176,147,10,5,1,1,1,2,0,,
3656,伯母芳恒,178,147,17,10,0,3,4,0,0,,
4201,佐竹友樹,171,147,15,7,2,2,1,3,0,,
3992,関口智久,177,147,28,14,2,6,4,1,1,,
4473,藤堂里香,176,147,23,13,2,4,1,3,0,,
3305,小野信樹,177,147,16,12,1,1,1,0,1,,
4926,吉川貴仁,194,147,80,35,8,13,14,9,1,,
4898,菊地敬介,169,147,14,2,2,3,4,3,0,,
5393,藤原駿,147,147,0,0,0,0,0,0,0,●,●
5140,吉田彩乃,172,147,14,7,1,3,3,0,0,,
3652,森下勇,168,147,11,9,0,1,1,0,0,,
3516,吉原聖人,179,147,14,7,1,4,1,0,1,,
3519,冨田秀幸,171,147,11,5,1,1,3,0,1,,
4969,町田洸希,170,147,16,14,1,1,0,0,0,,
3974,深山祐二,170,147,12,5,4,1,0,2,0,,
3470,新田芳美,173,147,25,8,3,9,3,1,1,,
4313,西村美智子,177,147,40,19,2,12,1,5,1,,
4569,中澤宏奈,171,147,23,9,6,6,2,0,0,,
4535,北山康介,192,146,54,31,3,10,5,5,0,,
5053,山口広樹,172,146,17,11,0,2,1,2,1,,
5041,荒牧凪沙,169,146,29,10,1,14,2,2,0,,
5115,香川颯太,174,146,31,14,3,13,1,0,0,,
3528,笠野友紀恵,176,146,13,5,2,4,1,1,0,,
3859,多羅尾達之,174,146,14,7,0,3,2,2,0,,
3642,大塚浩二,164,146,13,6,2,4,1,0,0,,
5391,出穂和鼓,146,146,0,0,0,0,0,0,0,●,●
3871,池田紫乃,166,146,16,7,2,3,3,1,0,,
3551,藤田美代,167,146,10,3,2,0,1,2,2,●,
4186,小川時光,170,146,7,5,0,1,1,0,0,,
4349,犬童千秋,165,146,15,5,3,6,0,0,1,,
4874,池田奈津美,177,146,22,9,7,5,1,0,0,,
4678,水野望美,173,146,26,16,3,2,2,3,0,,
4589,塩崎桐加,172,146,31,15,1,13,1,1,0,,
4177,萬正嗣,173,145,25,15,1,3,2,2,2,,
5192,中尾優香,170,145,26,12,6,4,3,1,0,,
4499,滝川真由子,167,145,25,10,5,2,5,2,1,,
4635,峰重力也,175,145,39,17,4,11,4,3,0,,
3054,北川幸典,171,145,27,8,2,10,1,6,0,,
5356,長谷川暖,165,145,24,10,3,4,6,1,0,,
4525,真子奈津実,169,145,18,12,0,4,1,1,0,,
5323,香川陽太,165,145,15,9,1,2,2,1,0,,
5339,石井伸長,162,144,23,3,6,3,8,2,1,,
4425,大井清貴,169,144,17,11,3,0,2,1,0,●,
4136,江夏満,186,144,42,28,5,4,4,1,0,,
3849,中岡正彦,198,144,85,43,6,34,1,1,0,,
5118,野田なづき,172,144,22,12,1,4,3,2,0,,
3072,西田靖,189,144,21,15,4,2,0,0,0,,
4090,中村尊,179,144,39,18,5,4,5,6,1,,
4457,神田達也,166,144,15,8,1,0,5,1,0,●,
4813,宮内直哉,171,144,13,5,0,5,0,1,2,,
3583,齋藤智裕,166,144,6,3,0,1,2,0,0,,
5195,北村寧々,169,144,29,16,3,8,0,2,0,,
4632,長尾京志郎,165,144,12,8,1,0,3,0,0,●,
4301,関裕也,169,143,14,9,2,1,1,1,0,,
3507,藤井徹,169,143,11,8,2,0,1,0,0,●,
4546,浜田亜理沙,183,143,48,29,6,5,4,3,1,,
3589,西村勝,166,143,17,11,3,3,0,0,0,,
5360,高木茉白,155,143,5,5,0,0,0,0,0,●,●
3156,金子良昭,171,143,8,4,1,2,1,0,0,,
5120,山本稔太朗,175,143,23,18,3,1,1,0,0,,
5020,宮村勇哉,164,143,20,9,3,5,1,2,0,,
3257,田頭実,188,142,74,34,9,27,1,3,0,,
3935,岩津徹郎,164,142,17,9,3,2,1,2,0,,
3388,今垣光太郎,177,142,47,24,3,12,5,3,0,,
3932,池田浩美,166,142,29,11,3,7,5,3,0,,
3518,倉田郁美,161,142,9,2,2,2,2,1,0,,
5362,中嶋世奈,151,142,3,3,0,0,0,0,0,●,●
3377,塚田修二,171,142,10,1,3,5,1,0,0,,
5419,櫻井隼,142,142,0,0,0,0,0,0,0,●,●
5070,中島航,163,142,13,7,0,4,1,1,0,,
5359,佐藤世那,162,142,22,7,1,11,2,1,0,,
5361,植竹玲奈,149,142,1,0,0,1,0,0,0,,
5346,中村紋夕梨,149,142,1,0,1,0,0,0,0,●,●
5380,野田亜湖,142,142,0,0,0,0,0,0,0,●,●
4296,岡崎恭裕,182,141,45,24,4,2,7,8,0,,
5104,山田丈,174,141,46,21,13,3,6,3,0,,
5310,土屋蘭,159,141,10,6,0,1,3,0,0,,
4733,赤井睦,163,141,21,11,2,6,0,2,0,,
5315,浅井翼,159,141,8,3,0,3,2,0,0,,
3523,寳田亮治,164,141,8,4,0,1,0,3,0,,
3961,谷村一哉,178,141,46,25,5,2,7,7,0,,
4508,野間大樹,166,140,23,11,4,4,2,2,0,,
3596,河上年昭,161,140,11,9,0,1,0,1,0,,
5327,西田和加,154,140,0,0,0,0,0,0,0,●,●
5061,中村駿平,160,140,11,6,0,4,1,0,0,,
4495,森晋太郎,164,140,36,15,2,8,8,3,0,,
5107,松本真広,157,140,19,8,1,5,4,0,1,,
4431,石塚裕介,162,140,26,12,4,3,5,1,1,,
5372,上岡巧汰,140,140,2,0,1,1,0,0,0,,
4636,赤池修平,163,140,15,6,0,8,1,0,0,,
5418,堀内亜海,139,139,0,0,0,0,0,0,0,●,●
4462,夏山亮平,163,139,26,13,4,3,3,3,0,,
5366,塩嶋泰空,144,139,1,1,0,0,0,0,0,●,●
3787,天野誠,161,139,7,5,0,1,0,1,0,,
3945,橋口真樹,158,139,11,4,1,4,1,0,1,,
5101,表健太,156,139,4,2,1,1,0,0,0,,
5420,吉原快誓,139,139,0,0,0,0,0,0,0,●,●
5434,藤田康生,139,139,3,0,0,1,1,1,0,,
3866,木山誠一,163,138,14,7,2,2,2,1,0,,
4747,山戸信二,159,138,13,7,2,4,0,0,0,,
4943,八木治樹,161,138,19,10,4,2,2,1,0,,
4866,橋本英一,155,138,13,6,0,4,1,2,0,,
4744,伊藤玲奈,158,138,15,6,3,0,6,0,0,●,
4007,榮田将彦,161,138,17,10,2,3,2,0,0,,
5379,廣部大明,151,138,4,3,0,0,1,0,0,●,
5328,井上慧人,155,137,10,5,1,2,2,0,0,,
5357,田中瀬里奈,150,137,0,0,0,0,0,0,0,●,●
5284,嘉手苅徹哉,147,137,7,4,1,2,0,0,0,,
5069,山崎小葉音,162,137,20,8,3,6,0,3,0,,
5399,長野未来,137,137,0,0,0,0,0,0,0,●,●
5321,一色颯輝,156,136,20,7,2,5,4,2,0,,
3543,福田雅一,159,136,22,11,2,4,3,2,0,,
4660,宇田川信一,155,136,11,5,2,2,2,0,0,,
5432,安藤瑠希,136,136,3,0,0,1,2,0,0,,
3294,野中義生,161,135,12,5,3,2,1,0,1,,
4567,上村慎太郎,159,135,10,5,0,2,1,2,0,,
5100,栗原一馬,157,135,20,6,2,7,3,2,0,,
5353,草川壮良,139,134,4,0,0,0,2,2,0,●,
4641,磯村匠,153,134,17,11,3,1,1,1,0,,
4675,井手良太,161,134,29,13,4,5,7,0,0,,
4775,千葉真弥,168,133,39,23,1,10,1,4,0,,
5117,冨名腰桃奈,150,133,15,5,0,4,4,2,0,,
5390,高橋涼夏,133,133,2,0,0,1,0,0,1,,
4085,荻野裕介,151,133,19,7,5,1,5,1,0,,
3745,橋本年光,158,133,17,9,4,2,1,1,0,,
4782,浜崎準也,154,133,15,7,4,1,1,2,0,,
4465,大西賢,156,133,15,8,2,2,0,3,0,,
4778,堤啓輔,165,133,29,14,5,3,4,3,0,,
3232,山川美由紀,166,133,32,20,8,2,1,1,0,,
5128,坪井爽佑,149,133,14,3,2,2,5,2,0,,
5226,藤田俊祐,164,132,38,24,4,4,4,1,1,,
3793,高橋真吾,156,132,15,8,5,1,0,1,0,,
4766,石井孝之,148,132,16,5,3,7,0,1,0,,
3621,天野晶夫,159,132,16,9,1,1,4,1,0,,
5441,鈴木雄登,132,132,6,0,1,0,4,1,0,●,
3920,正木聖賢,160,131,22,11,2,5,2,2,0,,
3955,眞田英二,151,131,16,8,5,0,1,2,0,●,
3715,倉尾大介,157,131,15,8,4,1,0,2,0,,
5148,松本怜,148,130,21,8,5,4,0,4,0,,
3315,広瀬聖仁,152,130,12,5,5,1,0,1,0,,
4408,仁科さやか,147,130,11,10,0,0,1,0,0,●,
4664,東口晃,147,129,12,3,2,5,0,2,0,,
5305,伊藤栞,143,129,3,2,0,1,0,0,0,,
3876,中辻崇人,176,129,71,35,2,20,10,3,1,,
5147,田中勇輔,148,128,12,5,0,5,0,1,1,,
4889,後藤盛也,153,128,29,12,2,5,7,3,0,,
4729,佐藤謙史朗,148,128,13,6,1,3,3,0,0,,
4533,峰重侑治,149,128,15,8,2,2,1,2,0,,
5019,柴田百恵,151,127,13,6,2,3,1,1,0,,
4815,伏島祐介,150,127,18,10,2,4,1,1,0,,
4071,古賀千晶,147,127,13,8,1,0,4,0,0,●,
5341,山道諄也,133,127,4,1,0,1,2,0,0,,
3579,中里優子,145,127,12,6,2,3,1,0,0,,
4853,前原哉,150,127,15,8,3,1,1,2,0,,
3207,田村美和,152,126,5,3,0,0,2,0,0,●,
3265,今村暢孝,187,126,45,23,9,4,0,7,2,,
3509,池千夏,146,126,5,4,0,1,0,0,0,,
5426,甲斐貴大,126,126,0,0,0,0,0,0,0,●,●
4863,三浦裕貴,146,125,15,8,1,3,1,2,0,,
5387,戸田海咲音,125,125,0,0,0,0,0,0,0,●,●
4421,森作広大,144,125,5,2,0,2,0,1,0,,
4746,大豆生田蒼,152,125,28,17,5,1,2,1,2,,
4238,毒島誠,179,125,79,46,10,8,10,5,0,,
5091,為本智也,147,124,38,16,3,4,12,2,1,,
4691,水原慎,144,124,16,9,3,3,0,1,0,,
3681,山谷央,149,124,19,11,3,1,4,0,0,,
5237,永松良教,140,124,13,5,2,1,3,2,0,,
3901,松田憲幸,141,123,20,12,3,3,1,1,0,,
5433,米本圭佑,123,123,0,0,0,0,0,0,0,●,●
3904,森貴洋,145,123,17,8,3,2,3,1,0,,
4479,矢野真梨菜,139,122,9,4,2,0,2,1,0,●,
5358,増本杏珠,132,122,1,1,0,0,0,0,0,●,●
5319,近藤颯斗,144,122,24,10,4,4,5,1,0,,
4878,西岡育未,144,122,12,5,0,4,2,0,1,,
5209,小野京平,133,121,4,2,0,1,1,0,0,,
3845,中谷朋子,148,121,28,15,7,2,4,0,0,,
3704,本部めぐみ,139,121,6,5,0,1,0,0,0,,
3726,桂林寛,144,121,12,2,3,5,1,0,1,,
4885,大山千広,155,121,41,25,1,8,4,3,0,,
5206,梅原祥平,137,120,9,2,0,3,2,2,0,,
4843,深尾巴恵,138,120,22,10,1,8,1,2,0,,
5444,林風音,120,120,0,0,0,0,0,0,0,●,●
5410,今泉澪,119,119,1,0,0,0,1,0,0,●,
5122,相馬翔,139,119,15,7,4,3,0,1,0,,
4681,太田潮,139,119,11,7,1,1,2,0,0,,
4534,坂咲友理,138,119,8,5,1,1,1,0,0,,
5304,井田涼介,131,119,2,1,0,1,0,0,0,,
5402,塚越陸斗,119,119,0,0,0,0,0,0,0,●,●
4724,吉田祐貴,134,119,6,2,2,0,0,2,0,●,●
5333,山下智己,131,118,18,6,1,3,3,4,1,,
5259,野田昇吾,133,118,8,4,1,2,1,0,0,,
3372,加藤雅之,137,118,5,4,1,0,0,0,0,●,●
3302,谷川里江,142,118,27,8,1,13,2,2,1,,
3532,柴田光,152,118,37,19,5,8,2,2,1,,
5436,市川瑚幸,118,118,0,0,0,0,0,0,0,●,●
4954,内山峻輔,124,118,9,2,1,1,3,2,0,,
5103,芝田京介,133,117,7,1,0,3,1,2,0,,
3567,吉岡誠,138,117,10,7,1,1,1,0,0,,
4244,鈴木成美,134,117,9,6,0,2,0,1,0,,
5179,藤本元輝,137,117,20,12,1,3,4,0,0,,
5324,畑田希咲,135,117,3,2,0,0,0,1,0,●,●
5293,眞崎武蔵,127,117,4,1,2,0,1,0,0,●,
4666,日笠勝弘,131,117,10,6,1,0,2,0,1,●,
5370,日隈茜,116,116,0,0,0,0,0,0,0,●,●
3461,渡邊哲也,130,116,7,5,1,1,0,0,0,,
3778,安達美帆,133,116,4,2,1,1,0,0,0,,
5439,志賀美優,116,116,1,0,0,0,1,0,0,●,
4919,吉田翔悟,131,115,10,3,2,2,1,1,1,,
3286,坂東満,138,115,16,9,1,4,1,1,0,,
4176,樋口喜彦,130,114,4,1,0,1,1,1,0,,
5438,星田夢結,114,114,0,0,0,0,0,0,0,●,●
5415,阿部未侑,113,113,0,0,0,0,0,0,0,●,●
5367,赤松咲香,113,113,2,0,0,2,0,0,0,,
3107,平岡重典,130,112,9,5,2,1,1,0,0,,
4355,小川広大,127,112,4,4,0,0,0,0,0,●,●
4882,瀧川千依,123,111,6,4,0,1,1,0,0,,
3159,江口晃生,168,111,48,30,11,7,0,0,0,,
4784,向井田真紀,128,111,13,5,3,4,0,1,0,,
5138,村本大成,126,111,5,5,0,0,0,0,0,●,●
5440,薗頭心,111,111,0,0,0,0,0,0,0,●,●
5442,池田美優,111,111,0,0,0,0,0,0,0,●,●
3578,塩田雄一,128,110,7,3,0,4,0,0,0,,
3591,後藤孝義,130,110,5,4,0,0,0,1,0,●,●
3801,五反田忍,131,110,19,10,0,8,1,0,0,,
3353,前田光昭,123,110,6,2,0,1,3,0,0,,
5425,西山育,110,110,0,0,0,0,0,0,0,●,●
5435,中西月輝,110,110,0,0,0,0,0,0,0,●,●
5373,諏訪玲奈,110,109,1,0,0,0,1,0,0,●,
3448,高山秀雄,129,109,10,7,2,0,1,0,0,●,
3630,黒田誠司,127,109,5,2,0,1,2,0,0,,
5175,島崎丈一朗,126,109,18,9,4,0,2,3,0,●,
5431,得山大輝,109,109,0,0,0,0,0,0,0,●,●
3953,志道吉和,125,108,10,9,0,0,1,0,0,●,
4792,杉村賢也,128,108,20,7,0,12,0,1,0,,
4275,菅野はやか,127,108,2,2,0,0,0,0,0,●,●
5197,中野仁照,124,107,28,10,2,9,7,0,0,,
4190,長嶋万記,135,107,36,19,3,6,2,6,0,,
3986,沖島広和,130,107,17,12,4,0,0,1,0,●,●
4683,向井田直弥,107,107,13,0,0,12,1,0,0,,
4519,清水沙樹,126,107,25,10,2,9,2,2,0,,
5443,西村仁吾,107,107,0,0,0,0,0,0,0,●,●
5077,滝沢崚,121,107,10,1,0,7,2,0,0,,
5283,植木美帆,117,106,5,2,0,0,2,1,0,●,
3788,一宮稔弘,126,105,23,10,3,7,3,0,0,,
5201,村上宗太郎,122,104,15,7,3,0,3,2,0,●,
5169,堀本翔太,117,104,5,1,2,1,1,0,0,,
5187,小坂風太,120,103,4,3,0,1,0,0,0,,
5429,吉川颯汰,103,103,0,0,0,0,0,0,0,●,●
5428,古園井綾南,103,103,0,0,0,0,0,0,0,●,●
3832,下田哲也,116,102,3,1,0,1,1,0,0,,
3444,香月大介,116,102,8,6,0,1,1,0,0,,
4997,濱崎寿里矢,115,102,6,3,0,3,0,0,0,,
3024,西島義則,189,101,67,40,12,11,0,4,0,,
5235,岩田凌,114,101,8,2,1,5,0,0,0,,
3538,菊池峰晴,115,101,7,2,1,3,0,1,0,,
5052,赤井星璃菜,115,101,12,3,0,2,4,2,1,,
4385,鈴木祐美子,116,100,7,2,1,2,1,1,0,,
4498,宮本夏樹,114,100,18,6,1,3,6,2,0,,
5424,熊倉幹太,100,100,2,0,0,1,0,0,1,,
5430,鳥本智史,99,99,0,0,0,0,0,0,0,,
3820,樫葉次郎,111,98,1,1,0,0,0,0,0,,
4854,大橋由珠,114,97,8,3,2,0,2,1,0,,
4268,和合俊介,108,97,3,1,0,1,0,1,0,,
4865,立具敬司,114,97,12,10,0,0,1,1,0,,
3289,高橋淳美,118,97,7,1,1,4,0,1,0,,
5204,宇恵有香,109,97,10,4,4,2,0,0,0,,
4753,森照夫,113,96,14,9,1,4,0,0,0,,
5422,真田聖也,96,96,0,0,0,0,0,0,0,,
5253,藤井太雅,105,95,3,1,1,0,0,1,0,,
4510,坂本奈央,109,95,3,2,1,0,0,0,0,,
5421,原田朱理,95,95,0,0,0,0,0,0,0,,
5423,高橋嗣穏,95,95,0,0,0,0,0,0,0,,
4548,篠木亜衣花,108,94,6,3,0,1,2,0,0,,
5176,石倉拓美,102,93,6,3,1,1,1,0,0,,
4884,勝浦真帆,117,92,24,16,1,4,0,3,0,,
3081,岡本慎治,110,92,14,5,4,4,0,0,1,,
3631,田添康介,104,92,2,1,0,1,0,0,0,,
4162,竹本太樹,106,90,6,3,2,1,0,0,0,,
5108,柴田愛梨,102,90,3,3,0,0,0,0,0,,
3653,品川賢次,108,89,8,5,0,1,1,1,0,,
3070,山室展弘,107,88,19,9,6,2,1,1,0,,
5180,藤本紗弥香,100,88,9,3,1,2,2,1,0,,
5174,川井萌,103,87,15,8,3,1,2,0,1,,
5200,筒井美琴,95,86,1,0,1,0,0,0,0,,
5401,谷海夏人,86,86,1,0,0,0,1,0,0,,
5363,山本凱立,86,86,1,0,0,1,0,0,0,,
3645,淺田千亜希,97,85,11,3,3,3,1,1,0,,
4650,中山雄太,100,84,17,8,2,4,3,0,0,,
3176,長谷川巌,100,83,11,6,2,1,2,0,0,,
5164,森田梨湖,95,83,2,2,0,0,0,0,0,,
3895,堀本裕也,93,81,10,2,2,3,3,0,0,,
5437,中澤里桜,81,81,0,0,0,0,0,0,0,,
4990,田中博子,90,80,5,2,0,1,2,0,0,,
5251,沼田七華,90,78,1,0,0,0,0,0,1,,
4998,中村かなえ,88,78,9,5,1,1,2,0,0,,
5184,飯塚響,82,74,7,2,0,3,0,2,0,,
3419,栗原謙治,83,73,2,1,0,1,0,0,0,,
4956,齊藤大将,84,72,7,5,0,1,1,0,0,,
5162,松尾怜実,81,71,3,2,0,1,0,0,0,,
5113,黒明花夢,83,71,3,3,0,0,0,0,0,,
3851,森田昭彦,80,69,2,1,0,1,0,0,0,,
4663,籾山佳岳,81,67,20,8,4,3,3,2,0,,
4940,白石有美,75,66,4,3,0,0,0,1,0,,
3921,川村正輝,77,66,8,4,2,0,2,0,0,,
3246,星野政彦,75,66,6,3,0,3,0,0,0,,
5460,早川理稀,66,66,0,0,0,0,0,0,0,,
4758,富樫麗加,78,65,16,10,1,0,3,2,0,,
3355,橋谷田佳織,76,65,1,1,0,0,0,0,0,,
3346,宮本裕之,72,62,5,1,0,2,2,0,0,,
5408,中山鷹輔,61,61,0,0,0,0,0,0,0,,
4818,伏見俊介,64,61,6,1,0,5,0,0,0,,
4781,西舘果里,67,59,5,2,1,1,0,1,0,,
5471,田中結,55,55,0,0,0,0,0,0,0,,
4726,島田なぎさ,60,52,4,1,2,0,1,0,0,,
5454,谷島咲希,51,51,0,0,0,0,0,0,0,,
5456,今村天次朗,51,51,0,0,0,0,0,0,0,,
5453,久保翔耶,51,51,1,0,0,0,1,0,0,,
5072,吉田杏美,58,50,1,1,0,0,0,0,0,,
5455,澁澤周羽,50,50,0,0,0,0,0,0,0,,
5457,山田陽翔,50,50,0,0,0,0,0,0,0,,
5458,田中大輝,50,50,0,0,0,0,0,0,0,,
3943,三松直美,54,49,0,0,0,0,0,0,0,,
5448,福田柊人,49,49,0,0,0,0,0,0,0,,
5450,藤本遼磨,48,48,1,0,0,0,1,0,0,,
5469,今泉博人,48,48,0,0,0,0,0,0,0,,
5468,山口隼人,48,48,0,0,0,0,0,0,0,,
5461,板頭里緒,47,47,0,0,0,0,0,0,0,,
4080,山崎哲司,60,46,24,13,1,3,7,0,0,,
3939,渡辺真至,58,46,12,6,4,0,0,1,1,,
5467,野村羽玖,46,46,0,0,0,0,0,0,0,,
5452,上馬場風依,44,44,0,0,0,0,0,0,0,,
5447,岡本亜子,44,44,0,0,0,0,0,0,0,,
5466,成田華音,42,42,0,0,0,0,0,0,0,,
5462,山浦槙,41,41,0,0,0,0,0,0,0,,
5445,一ノ木匠,41,41,0,0,0,0,0,0,0,,
4690,高石梨菜,45,40,6,3,1,0,1,1,0,,
5472,中川海虹,40,40,0,0,0,0,0,0,0,,
4340,土性雅也,43,40,2,1,1,0,0,0,0,,
5470,坂口諒宗,39,39,0,0,0,0,0,0,0,,
5449,堀井涼平,38,38,1,0,0,1,0,0,0,,
5463,出口飛龍,38,38,0,0,0,0,0,0,0,,
5464,宮田栞,37,37,0,0,0,0,0,0,0,,
4492,本多宏和,46,36,14,8,1,3,1,1,0,,
5446,長嶺真李愛,36,36,0,0,0,0,0,0,0,,
5459,田中きら,36,36,0,0,0,0,0,0,0,,
4056,小西英輝,40,35,4,3,1,0,0,0,0,,
5465,直江健成,32,32,0,0,0,0,0,0,0,,
5451,知念伶奈,30,30,0,0,0,0,0,0,0,,
5227,川原愛未,30,27,3,2,0,1,0,0,0,,
5414,中澤英里,26,26,0,0,0,0,0,0,0,,
5171,清水未唯,26,24,2,0,0,2,0,0,0,,
3414,加瀬智宏,25,21,1,1,0,0,0,0,0,,
5056,西岡成美,18,15,4,2,1,1,0,0,0,,
3391,鈴木茂正,15,13,0,0,0,0,0,0,0,,
3462,竹上真司,8,6,1,1,0,0,0,0,0,,
4005,瀬川公則,1,0,0,0,0,0,0,0,0,,
