登番,選手名,地力3連対,全国6走,実6_2着率,実6_3着率,実6_2_3,期待6_2_3,残し残差,補正2着率,全国6ST,当地6走,当地6_2_3
3352,小川晃司,39.0,199,8.5,29.1,37.7,16.9,19.3,8.3,0.172,0,
4911,片岡大地,52.6,22,9.1,45.5,54.5,25.0,17.6,8.5,0.152,1,0.0
4287,今井貴士,61.4,39,20.5,30.8,51.3,27.9,16.9,17.2,0.174,2,0.0
4739,中村晃朋,65.2,30,13.3,43.3,56.7,33.5,15.5,12.3,0.162,0,
5181,森智哉,47.0,26,11.5,30.8,42.3,18.0,15.4,9.4,0.193,1,100.0
4528,黒井達矢,66.7,31,16.1,38.7,54.8,33.5,14.4,14.3,0.174,7,57.1
4497,桑原悠,62.0,28,17.9,32.1,50.0,27.9,14.4,14.6,0.162,4,50.0
4984,森下愛梨,50.3,38,18.4,21.1,39.5,20.4,13.7,15.0,0.2,3,33.3
5023,久永祥平,61.8,39,17.9,28.2,46.2,27.9,13.2,15.4,0.185,3,66.7
5095,小原聡将,65.0,30,13.3,40.0,53.3,33.5,13.2,12.3,0.144,3,66.7
5321,一色颯輝,46.8,33,15.2,21.2,36.4,18.0,12.6,12.2,0.198,0,
4448,青木玄太,71.4,32,25.0,31.2,56.2,38.2,12.3,20.8,0.166,1,0.0
4737,竹井貴史,77.1,34,29.4,32.4,61.8,44.0,12.3,24.6,0.158,1,0.0
5046,松山裕基,38.7,28,10.7,25.0,35.7,16.9,12.2,8.8,0.183,2,0.0
4096,石橋道友,65.0,29,10.3,41.4,51.7,33.5,12.0,10.4,0.163,2,0.0
4743,木村仁紀,67.5,38,13.2,36.8,50.0,33.5,11.9,12.4,0.168,0,
4575,戸塚邦好,61.4,31,19.4,25.8,45.2,27.9,11.6,15.9,0.179,0,
5153,佐藤ほのか,31.1,32,12.5,15.6,28.1,11.4,11.4,9.6,0.152,0,
4360,庄司孝輔,56.4,31,12.9,29.0,41.9,25.0,11.4,11.2,0.177,4,50.0
3961,谷村一哉,71.3,33,21.2,33.3,54.5,38.2,11.2,18.3,0.184,0,
4002,古結宏,68.6,27,3.7,51.9,55.6,38.2,11.2,6.6,0.167,0,
5092,篠原晟弥,60.8,34,14.7,29.4,44.1,27.9,11.2,12.9,0.141,1,100.0
4544,松田大志郎,80.2,35,22.9,37.1,60.0,44.0,11.2,20.1,0.189,0,
3294,野中義生,38.2,37,10.8,21.6,32.4,16.9,11.0,9.2,0.153,3,33.3
4572,渡部悟,54.1,37,21.6,18.9,40.5,25.0,11.0,17.6,0.18,1,0.0
4066,東本勝利,64.5,39,12.8,35.9,48.7,33.5,11.0,12.1,0.168,4,75.0
4880,澤崎雄哉,54.6,29,6.9,34.5,41.4,25.0,10.8,7.2,0.181,1,0.0
4508,野間大樹,54.6,29,13.8,27.6,41.4,25.0,10.8,11.7,0.2,2,50.0
4200,早川尚人,34.5,32,9.4,18.8,28.1,12.5,10.6,7.6,0.177,1,0.0
4444,桐生順平,61.7,35,5.7,37.1,42.9,27.9,10.5,6.6,0.164,0,
4305,金子拓矢,77.7,34,20.6,38.2,58.8,44.0,10.3,18.5,0.165,0,
4114,深澤達徳,47.2,23,8.7,26.1,34.8,18.0,10.1,7.5,0.204,2,50.0
5246,楠将太郎,51.0,41,12.2,22.0,34.1,20.4,10.1,10.6,0.191,9,22.2
4320,峰竜太,73.7,25,8.0,52.0,60.0,44.0,10.0,10.1,0.149,0,
4003,表憲一,53.4,33,15.2,24.2,39.4,25.0,9.9,12.8,0.174,0,
4546,浜田亜理沙,64.7,22,27.3,22.7,50.0,33.5,9.8,20.4,0.17,3,66.7
3584,佐々木英樹,48.6,25,8.0,28.0,36.0,20.4,9.8,7.4,0.184,0,
5343,小林礼央,32.5,78,10.3,12.8,23.1,11.4,9.8,9.2,0.173,3,33.3
5125,高井雄基,53.9,36,8.3,30.6,38.9,25.0,9.8,8.2,0.202,2,0.0
3300,川崎智幸,58.1,44,15.9,25.0,40.9,27.9,9.7,14.1,0.175,3,0.0
4430,永田秀二,59.3,36,19.4,22.2,41.7,27.9,9.7,16.3,0.19,1,100.0
3747,國崎良春,57.8,28,17.9,25.0,42.9,27.9,9.7,14.6,0.163,0,
4000,松本博昭,59.9,39,10.3,30.8,41.0,27.9,9.5,9.8,0.179,1,100.0
5441,鈴木雄登,26.3,104,9.6,10.6,20.2,9.5,9.3,8.8,0.174,9,11.1
5356,長谷川暖,48.9,46,10.9,21.7,32.6,20.4,9.2,9.7,0.176,2,0.0
3661,柳瀬興志,50.8,36,11.1,22.2,33.3,20.4,9.2,9.7,0.176,2,50.0
3686,鳥居塚孝博,60.5,37,16.2,24.3,40.5,27.9,9.0,14.0,0.18,4,50.0
3251,平石和男,58.0,37,5.4,35.1,40.5,27.9,9.0,6.3,0.2,4,75.0
4888,金児隆太,47.2,21,14.3,19.0,33.3,18.0,8.9,10.7,0.181,3,0.0
4161,黒柳浩孝,51.8,33,12.1,21.2,33.3,20.4,8.9,10.3,0.162,2,50.0
4702,三浦敬太,66.8,37,21.6,24.3,45.9,33.5,8.9,18.4,0.144,2,0.0
3712,淺香文武,45.4,25,12.0,20.0,32.0,18.0,8.7,9.6,0.195,2,50.0
4954,内山峻輔,36.0,41,12.2,12.2,24.4,12.5,8.7,10.0,0.19,0,
5256,中山翔太,65.7,35,14.3,31.4,45.7,33.5,8.6,13.1,0.146,0,
5127,沼田大都,47.2,29,0.0,31.0,31.0,18.0,8.6,1.9,0.215,0,
4069,山本修一,64.3,35,22.9,22.9,45.7,33.5,8.6,19.1,0.212,0,
5350,網代良芽,38.3,38,5.3,23.7,28.9,16.9,8.6,5.3,0.16,2,0.0
4214,林祐介,55.2,32,12.5,25.0,37.5,25.0,8.5,11.0,0.175,2,50.0
4179,広次修,55.2,32,6.2,31.2,37.5,25.0,8.5,6.7,0.192,2,50.0
4919,吉田翔悟,45.2,33,9.1,21.2,30.3,18.0,8.4,8.0,0.184,2,0.0
5282,中本大樹,44.6,33,12.1,18.2,30.3,18.0,8.4,10.1,0.187,1,0.0
3957,大谷直弘,48.5,27,11.1,22.2,33.3,20.4,8.3,9.4,0.205,0,
4794,和田拓也,71.9,21,14.3,38.1,52.4,38.2,8.3,13.3,0.154,1,100.0
4379,桑島和宏,60.4,38,13.2,26.3,39.5,27.9,8.3,11.9,0.179,0,
5211,高井駿弥,36.3,23,13.0,13.0,26.1,12.5,8.2,9.4,0.184,1,100.0
5122,相馬翔,40.8,19,5.3,26.3,31.6,16.9,8.2,5.3,0.2,1,0.0
5359,佐藤世那,35.7,28,7.1,17.9,25.0,12.5,8.1,6.0,0.186,2,0.0
3906,飯山晃三,36.5,33,12.1,12.1,24.2,12.5,8.1,9.5,0.215,0,
4886,入海馨,65.3,38,15.8,28.9,44.7,33.5,8.1,14.3,0.171,0,
3412,鈴木博,69.3,47,21.3,27.7,48.9,38.2,8.1,19.0,0.148,3,33.3
4944,田代達也,36.9,33,12.1,12.1,24.2,12.5,8.1,9.5,0.172,2,50.0
5170,佐藤太亮,45.9,30,6.7,23.3,30.0,18.0,8.0,6.3,0.178,1,0.0
5015,高橋竜矢,70.5,32,12.5,37.5,50.0,38.2,8.0,12.3,0.167,1,100.0
5269,山口晃朋,51.5,31,3.2,29.0,32.3,20.4,8.0,4.2,0.146,5,40.0
5239,上野俊樹,48.8,38,5.3,26.3,31.6,20.4,8.0,5.6,0.17,2,0.0
4895,門間雄大,48.4,24,8.3,25.0,33.3,20.4,8.0,7.6,0.158,1,0.0
4700,金子和之,60.1,33,9.1,30.3,39.4,27.9,7.9,9.0,0.167,5,40.0
3966,作間章,70.2,43,11.6,37.2,48.8,38.2,7.9,11.7,0.189,3,33.3
4241,大串重幸,58.8,33,12.1,27.3,39.4,27.9,7.9,11.0,0.209,0,
4948,木場悠介,55.6,30,10.0,26.7,36.7,25.0,7.8,9.3,0.161,0,
5303,土井歩夢,55.9,30,6.7,30.0,36.7,25.0,7.8,7.0,0.186,1,0.0
3611,岩崎芳美,55.1,33,9.1,27.3,36.4,25.0,7.8,8.7,0.161,1,100.0
4674,池田剛規,53.7,36,11.1,25.0,36.1,25.0,7.8,10.1,0.16,0,
3663,木山和幸,53.8,33,6.1,30.3,36.4,25.0,7.8,6.6,0.19,0,
4748,渡邉雄朗,68.1,41,26.8,22.0,48.8,38.2,7.8,22.8,0.151,3,100.0
5388,佐野優都,34.0,83,6.0,15.7,21.7,12.5,7.8,5.7,0.157,4,75.0
5073,上原健次郎,53.4,36,2.8,33.3,36.1,25.0,7.8,4.2,0.179,3,33.3
4809,外崎悟,52.8,30,3.3,33.3,36.7,25.0,7.8,4.8,0.175,3,33.3
5172,田村慶,46.7,38,10.5,18.4,28.9,18.0,7.8,9.1,0.174,0,
4900,中田夕貴,52.4,35,8.6,22.9,31.4,20.4,7.7,7.9,0.207,6,33.3
4085,荻野裕介,51.3,28,10.7,21.4,32.1,20.4,7.7,9.2,0.21,5,40.0
4134,杉山貴博,60.3,36,13.9,25.0,38.9,27.9,7.7,12.4,0.192,3,33.3
4596,葛原大陽,67.2,41,9.8,34.1,43.9,33.5,7.6,9.9,0.161,0,
4825,倉持莉々,64.8,24,29.2,16.7,45.8,33.5,7.6,21.9,0.15,2,100.0
3523,寳田亮治,37.9,32,9.4,18.8,28.1,16.9,7.6,8.1,0.202,0,
5281,井上遥妃,59.1,39,12.8,25.6,38.5,27.9,7.6,11.7,0.168,0,
4248,岡本大,40.2,20,10.0,20.0,30.0,16.9,7.5,8.0,0.191,0,
4044,湯川浩司,63.0,29,6.9,37.9,44.8,33.5,7.5,8.1,0.158,2,0.0
4117,廣中智紗衣,64.3,29,20.7,24.1,44.8,33.5,7.5,17.2,0.205,1,0.0
4645,上村純一,60.8,42,11.9,26.2,38.1,27.9,7.5,11.1,0.154,1,100.0
4941,孫崎百世,44.1,27,7.4,22.2,29.6,18.0,7.5,6.8,0.189,2,0.0
4071,古賀千晶,41.4,16,12.5,18.8,31.2,16.9,7.4,9.0,0.17,0,
3107,平岡重典,26.4,17,5.9,17.6,23.5,9.5,7.4,4.5,0.182,2,0.0
5058,前原大道,70.6,35,8.6,40.0,48.6,38.2,7.3,9.6,0.184,0,
4692,酒井俊弘,46.2,47,12.8,14.9,27.7,18.0,7.3,11.0,0.134,1,0.0
5134,大原祥昌,55.3,37,16.2,18.9,35.1,25.0,7.2,13.8,0.176,1,0.0
3931,黒崎竜也,56.1,37,8.1,27.0,35.1,25.0,7.2,8.0,0.165,0,
5110,杉山喜一,50.4,36,8.3,22.2,30.6,20.4,7.2,7.7,0.175,1,100.0
3975,小野寺智洋,54.3,31,9.7,25.8,35.5,25.0,7.1,9.1,0.157,0,
4470,平田健之佑,67.7,33,15.2,33.3,48.5,38.2,7.1,14.1,0.183,0,
5298,水谷理人,70.9,44,15.9,31.8,47.7,38.2,7.1,14.9,0.147,0,
4504,前田将太,55.7,34,14.7,20.6,35.3,25.0,7.1,12.6,0.15,0,
4486,野村誠,54.7,31,9.7,25.8,35.5,25.0,7.1,9.1,0.176,2,0.0
4839,四宮与寛,56.4,28,14.3,21.4,35.7,25.0,7.0,12.0,0.15,1,0.0
4396,大田直弥,51.3,29,3.4,27.6,31.0,20.4,7.0,4.4,0.218,0,
4543,重木輝彦,65.5,32,18.8,25.0,43.8,33.5,7.0,16.1,0.193,0,
4067,永井源,66.9,32,21.9,21.9,43.8,33.5,7.0,18.2,0.187,3,66.7
4776,竹田和哉,71.0,42,4.8,42.9,47.6,38.2,6.9,6.6,0.163,0,
5136,濱野斗馬,60.1,43,11.6,25.6,37.2,27.9,6.9,10.9,0.187,0,
5394,福西広太郎,18.5,114,0.9,14.9,15.8,8.0,6.9,1.1,0.195,21,14.3
4865,立具敬司,40.8,21,4.8,23.8,28.6,16.9,6.8,5.0,0.172,1,0.0
3528,笠野友紀恵,32.0,22,0.0,22.7,22.7,11.4,6.7,1.4,0.202,0,
3482,金子猛志,50.2,48,12.5,16.7,29.2,20.4,6.7,11.0,0.172,3,33.3
4644,山田亮太,66.1,25,8.0,36.0,44.0,33.5,6.6,8.9,0.143,1,0.0
4472,尾嶋一広,64.3,30,16.7,26.7,43.3,33.5,6.6,14.6,0.167,0,
5217,藤原碧生,64.4,45,15.6,26.7,42.2,33.5,6.6,14.3,0.189,0,
5351,齊藤廉,35.0,42,2.4,19.0,21.4,12.5,6.6,2.8,0.167,0,
4840,鈴木秀茉,50.0,26,19.2,11.5,30.8,20.4,6.6,14.5,0.185,1,100.0
3538,菊池峰晴,40.5,17,11.8,17.6,29.4,16.9,6.6,8.7,0.222,0,
4318,桑原将光,54.7,38,5.3,28.9,34.2,25.0,6.6,6.0,0.182,2,100.0
4947,間庭菜摘,42.4,30,10.0,16.7,26.7,16.9,6.5,8.4,0.172,1,100.0
3999,大瀧明日香,61.1,35,11.4,25.7,37.1,27.9,6.5,10.6,0.174,0,
3731,高濱芳久,50.2,15,20.0,13.3,33.3,20.4,6.5,13.2,0.187,0,
5330,安河内鈴之介,62.2,35,8.6,28.6,37.1,27.9,6.5,8.6,0.178,2,50.0
5328,井上慧人,28.9,28,3.6,17.9,21.4,11.4,6.5,3.6,0.193,2,0.0
4847,佐藤隆太郎,60.4,35,14.3,22.9,37.1,27.9,6.5,12.6,0.171,2,50.0
4295,小坂尚哉,71.8,36,11.1,36.1,47.2,38.2,6.4,11.3,0.162,2,50.0
4724,吉田祐貴,24.3,19,5.3,15.8,21.1,9.5,6.4,4.2,0.187,0,
4906,鈴木雅希,55.9,32,12.5,21.9,34.4,25.0,6.4,11.0,0.186,3,0.0
4441,末永由楽,61.4,38,5.3,31.6,36.8,27.9,6.4,6.2,0.16,1,100.0
4136,江夏満,72.2,36,13.9,33.3,47.2,38.2,6.4,13.3,0.187,1,100.0
3509,池千夏,28.7,17,5.9,17.6,23.5,11.4,6.4,4.8,0.174,2,50.0
5154,村松栄太,43.7,33,9.1,18.2,27.3,18.0,6.3,8.0,0.179,0,
4323,山田佑樹,48.5,34,0.0,29.4,29.4,20.4,6.3,1.9,0.185,0,
3973,崎利仁,38.2,39,5.1,20.5,25.6,16.9,6.3,5.2,0.184,4,25.0
4887,富澤祐作,46.2,33,9.1,18.2,27.3,18.0,6.3,8.0,0.153,2,50.0
4228,吉田慎二郎,60.4,41,12.2,24.4,36.6,27.9,6.3,11.2,0.171,0,
4224,大橋栄里佳,51.3,34,17.6,11.8,29.4,20.4,6.3,14.2,0.206,0,
4487,三原司,40.2,26,3.8,23.1,26.9,16.9,6.3,4.4,0.184,0,
5048,眞鳥康太,42.6,70,10.0,15.7,25.7,18.0,6.3,9.2,0.199,3,0.0
4283,石井裕美,39.2,22,4.5,22.7,27.3,16.9,6.2,4.8,0.182,0,
3377,塚田修二,31.5,23,8.7,13.0,21.7,11.4,6.2,6.7,0.184,2,0.0
3333,丸尾義孝,62.9,33,9.1,33.3,42.4,33.5,6.2,9.5,0.159,0,
3576,白水勝也,74.9,28,10.7,42.9,53.6,44.0,6.2,11.7,0.186,1,0.0
4994,山本梨菜,66.9,33,15.2,27.3,42.4,33.5,6.2,13.7,0.186,1,0.0
5224,西岡顕心,69.8,43,16.3,30.2,46.5,38.2,6.2,15.1,0.168,0,
3898,平田忠則,71.0,34,23.5,23.5,47.1,38.2,6.2,20.0,0.161,2,50.0
4813,宮内直哉,30.2,29,0.0,20.7,20.7,11.4,6.1,1.2,0.196,2,0.0
3256,三角哲男,63.3,28,7.1,35.7,42.9,33.5,6.1,8.3,0.184,1,100.0
5141,大澤風葵,66.4,23,13.0,30.4,43.5,33.5,6.1,12.0,0.156,3,66.7
5228,若林樹蘭,56.4,26,3.8,30.8,34.6,25.0,6.1,5.3,0.193,1,100.0
4173,岡谷健吾,48.0,27,22.2,7.4,29.6,20.4,6.0,16.5,0.168,0,
3852,澤大介,38.7,31,9.7,16.1,25.8,16.9,6.0,8.2,0.212,2,0.0
4979,中野夢斗,50.2,27,3.7,25.9,29.6,20.4,6.0,4.6,0.183,2,100.0
5133,堀越雄貴,49.2,27,14.8,14.8,29.6,20.4,6.0,11.8,0.198,3,33.3
3809,吉田光,40.5,31,3.2,22.6,25.8,16.9,6.0,3.9,0.202,0,
5118,野田なづき,58.3,27,11.1,25.9,37.0,27.9,5.9,10.2,0.185,1,0.0
3918,深井利寿,65.4,46,15.2,26.1,41.3,33.5,5.9,14.0,0.198,1,100.0
3629,浅見昌克,61.6,21,4.8,33.3,38.1,27.9,5.9,6.4,0.181,1,100.0
5434,藤田康生,16.2,88,5.7,9.1,14.8,7.9,5.9,5.2,0.168,0,
3878,胡本悟志,35.0,28,3.6,17.9,21.4,12.5,5.8,3.7,0.19,2,0.0
3432,宮迫暢彦,39.5,27,7.4,18.5,25.9,16.9,5.8,6.6,0.213,1,0.0
4457,神田達也,45.3,30,16.7,10.0,26.7,18.0,5.8,13.0,0.183,3,0.0
4375,照屋厚仁,59.0,39,5.1,30.8,35.9,27.9,5.8,6.1,0.177,1,0.0
3947,寺本昇平,42.9,30,10.0,16.7,26.7,18.0,5.8,8.5,0.183,4,50.0
4233,亀山雅幸,63.9,36,5.6,36.1,41.7,33.5,5.8,7.0,0.197,2,50.0
4347,魚谷香織,61.9,33,6.1,30.3,36.4,27.9,5.8,6.9,0.169,1,0.0
4961,西橋奈未,59.3,36,11.1,25.0,36.1,27.9,5.8,10.4,0.172,2,100.0
5258,仲本舜,36.5,28,3.6,17.9,21.4,12.5,5.8,3.7,0.18,1,0.0
5199,垂水悠,49.7,31,6.5,22.6,29.0,20.4,5.8,6.4,0.142,0,
4939,宮之原輝紀,67.7,39,25.6,20.5,46.2,38.2,5.8,21.8,0.151,0,
3968,茶谷信次,57.5,30,10.0,26.7,36.7,27.9,5.8,9.6,0.212,2,0.0
5189,藤原早菜,57.9,30,23.3,13.3,36.7,27.9,5.8,18.4,0.201,0,
4146,柳橋宏紀,52.4,31,9.7,19.4,29.0,20.4,5.8,8.6,0.162,0,
5320,岩崎麗子,17.0,23,8.7,8.7,17.4,7.9,5.8,6.2,0.181,2,0.0
4413,水摩敦,61.5,36,13.9,22.2,36.1,27.9,5.8,12.4,0.16,3,66.7
5050,木下雄介,59.3,30,10.0,26.7,36.7,27.9,5.8,9.6,0.18,1,100.0
4642,松尾夏海,66.0,26,11.5,30.8,42.3,33.5,5.6,11.1,0.164,1,100.0
4098,赤澤文香,38.5,23,4.3,21.7,26.1,16.9,5.6,4.7,0.192,0,
3653,品川賢次,41.1,23,4.3,21.7,26.1,16.9,5.6,4.7,0.19,2,50.0
4229,市川美宏,35.2,23,0.0,21.7,21.7,12.5,5.6,1.5,0.196,0,
4779,伊倉光,46.5,26,11.5,15.4,26.9,18.0,5.6,9.4,0.193,3,0.0
4694,高田綾,41.1,23,4.3,21.7,26.1,16.9,5.6,4.7,0.204,4,50.0
5313,鈴木唯央,32.6,45,8.9,11.1,20.0,12.5,5.6,7.6,0.18,7,28.6
5467,野村羽玖,16.1,31,0.0,16.1,16.1,7.9,5.6,0.8,0.182,0,
4584,村岡賢人,68.9,37,16.2,29.7,45.9,38.2,5.5,15.0,0.143,0,
5253,藤井太雅,26.8,41,4.9,12.2,17.1,9.5,5.5,4.4,0.238,1,0.0
3699,富永正人,38.9,32,0.0,25.0,25.0,16.9,5.5,1.7,0.188,0,
4730,土屋実沙希,48.0,20,5.0,25.0,30.0,20.4,5.5,5.6,0.202,0,
4812,西野雄貴,72.4,28,17.9,28.6,46.4,38.2,5.4,15.8,0.176,0,
3746,岡瀬正人,55.3,40,5.0,27.5,32.5,25.0,5.4,5.8,0.186,1,0.0
3701,大西隆洋,29.9,25,8.0,12.0,20.0,11.4,5.4,6.3,0.15,0,
4715,村上遼,64.4,34,11.8,29.4,41.2,33.5,5.4,11.3,0.165,0,
3339,泉具巳,41.7,28,14.3,10.7,25.0,16.9,5.3,11.1,0.173,0,
4618,乃村康友,48.1,32,3.1,25.0,28.1,20.4,5.3,4.1,0.181,4,25.0
4028,田村隆信,55.4,27,7.4,25.9,33.3,25.0,5.3,7.5,0.178,2,0.0
4852,川原祐明,74.3,41,12.2,39.0,51.2,44.0,5.3,12.6,0.171,1,100.0
3478,嶋田貴支,49.5,32,6.2,21.9,28.1,20.4,5.3,6.3,0.204,0,
3616,中村真,53.3,27,14.8,18.5,33.3,25.0,5.3,12.3,0.175,0,
4638,小林遼太,48.3,28,10.7,17.9,28.6,20.4,5.3,9.2,0.206,2,50.0
3470,新田芳美,51.9,28,7.1,21.4,28.6,20.4,5.3,6.9,0.167,0,
4535,北山康介,70.6,42,16.7,28.6,45.2,38.2,5.2,15.4,0.157,5,40.0
5236,小宮涼雅,35.8,52,1.9,17.3,19.2,12.5,5.2,2.4,0.193,0,
4521,小池公生,52.2,36,11.1,16.7,27.8,20.4,5.2,9.7,0.221,1,100.0
5316,村松将平,48.4,40,7.5,20.0,27.5,20.4,5.2,7.2,0.15,4,25.0
3834,細川明人,33.9,24,12.5,8.3,20.8,12.5,5.1,9.2,0.208,2,50.0
4459,片岡雅裕,50.6,44,9.1,18.2,27.3,20.4,5.1,8.4,0.152,0,
3406,中里英夫,54.7,34,8.8,23.5,32.4,25.0,5.1,8.5,0.196,0,
5337,出畑孝成,34.2,75,10.7,8.0,18.7,12.5,5.1,9.5,0.206,4,25.0
5218,山田理央,65.7,37,21.6,18.9,40.5,33.5,5.0,18.4,0.165,2,0.0
4110,小澤和也,38.0,24,4.2,20.8,25.0,16.9,5.0,4.6,0.192,4,25.0
5033,藤原孝斗,30.5,32,6.2,12.5,18.8,11.4,5.0,5.4,0.192,2,0.0
5084,末永和也,67.5,33,18.2,27.3,45.5,38.2,5.0,16.2,0.161,0,
4311,岡村仁,69.1,40,15.0,30.0,45.0,38.2,5.0,14.1,0.177,1,0.0
5155,内山七海,64.2,32,12.5,28.1,40.6,33.5,4.9,11.8,0.162,3,33.3
4124,池田雄一,65.2,32,6.2,34.4,40.6,33.5,4.9,7.6,0.177,1,0.0
3935,岩津徹郎,47.0,36,8.3,16.7,25.0,18.0,4.9,7.5,0.199,1,0.0
4171,榎幸司,62.5,45,17.8,22.2,40.0,33.5,4.9,15.9,0.221,0,
4467,渡邉俊介,67.0,32,21.9,18.8,40.6,33.5,4.9,18.2,0.176,1,0.0
4562,阪本勇介,35.8,36,2.8,16.7,19.4,12.5,4.9,3.1,0.207,2,50.0
5264,登みひ果,46.5,45,8.9,15.6,24.4,18.0,4.8,8.1,0.177,4,0.0
3543,福田雅一,49.3,17,0.0,29.4,29.4,20.4,4.8,3.0,0.183,0,
4264,長尾章平,70.0,31,25.8,19.4,45.2,38.2,4.7,21.3,0.182,1,100.0
4377,濱本優一,69.7,45,11.1,33.3,44.4,38.2,4.7,11.3,0.169,4,25.0
4308,河村了,70.8,31,9.7,35.5,45.2,38.2,4.7,10.4,0.174,1,100.0
4845,前田紗希,71.6,24,16.7,29.2,45.8,38.2,4.7,14.8,0.163,2,50.0
4713,白神優,70.2,45,20.0,24.4,44.4,38.2,4.7,18.0,0.154,0,
4574,東潤樹,50.5,33,9.1,18.2,27.3,20.4,4.7,8.2,0.185,0,
4203,小倉康典,35.6,25,8.0,12.0,20.0,12.5,4.7,6.5,0.165,4,25.0
5191,飛田江己,67.7,38,15.8,28.9,44.7,38.2,4.7,14.7,0.134,8,37.5
5255,藤原仙二,69.3,38,21.1,23.7,44.7,38.2,4.7,18.4,0.182,0,
4213,重富伸也,36.0,72,11.1,6.9,18.1,12.5,4.6,9.9,0.162,0,
4693,松下誉士,34.9,31,0.0,19.4,19.4,12.5,4.6,1.3,0.191,0,
4033,伊藤将吉,65.2,35,11.4,28.6,40.0,33.5,4.6,11.1,0.158,1,100.0
4551,三川昂暁,61.1,44,11.4,22.7,34.1,27.9,4.6,10.7,0.178,1,0.0
5242,高山弘斗,29.7,33,9.1,9.1,18.2,11.4,4.6,7.4,0.192,5,40.0
3385,渡邉睦広,56.5,28,10.7,21.4,32.1,25.0,4.6,9.7,0.168,2,50.0
4148,枝尾賢,58.8,35,8.6,25.7,34.3,27.9,4.5,8.6,0.173,1,100.0
3442,宮武英司,45.8,28,3.6,21.4,25.0,18.0,4.5,4.3,0.177,0,
3850,小川知行,46.2,28,0.0,25.0,25.0,18.0,4.5,2.0,0.168,2,100.0
4024,井口佳典,59.6,35,5.7,28.6,34.3,27.9,4.5,6.6,0.159,1,0.0
3848,川上聡介,46.6,37,8.1,16.2,24.3,18.0,4.5,7.4,0.161,0,
4122,安東幸治,55.7,35,8.6,22.9,31.4,25.0,4.5,8.3,0.173,1,100.0
4641,磯村匠,42.9,28,7.1,17.9,25.0,18.0,4.5,6.6,0.217,2,50.0
3882,新田智彰,46.3,28,7.1,17.9,25.0,18.0,4.5,6.6,0.176,3,33.3
5376,吉田一心,47.3,37,13.5,10.8,24.3,18.0,4.5,11.2,0.159,2,50.0
4828,松山将吾,68.0,36,11.1,33.3,44.4,38.2,4.4,11.3,0.186,0,
4460,後藤翔之,60.9,32,6.2,28.1,34.4,27.9,4.4,7.0,0.177,0,
3719,辻栄蔵,69.7,36,11.1,33.3,44.4,38.2,4.4,11.3,0.167,0,
4456,鎌倉涼,65.4,30,10.0,30.0,40.0,33.5,4.4,10.1,0.191,1,100.0
3873,別府昌樹,41.1,58,10.3,12.1,22.4,16.9,4.4,9.3,0.217,1,100.0
4933,板橋侑我,62.2,32,9.4,25.0,34.4,27.9,4.4,9.1,0.173,1,0.0
4327,加藤翔,35.9,26,7.7,11.5,19.2,12.5,4.3,6.3,0.205,1,0.0
5417,小柳勝希,20.3,101,3.0,9.9,12.9,8.0,4.3,2.9,0.196,0,
4102,益田啓司,64.0,46,15.2,23.9,39.1,33.5,4.3,14.0,0.168,2,0.0
4335,若林将,73.3,38,21.1,28.9,50.0,44.0,4.3,19.0,0.144,2,50.0
5047,國分将太郎,47.4,33,0.0,24.2,24.2,18.0,4.3,1.7,0.203,0,
5187,小坂風太,34.8,20,5.0,15.0,20.0,12.5,4.3,4.5,0.183,1,0.0
4168,石野貴之,60.5,29,6.9,27.6,34.5,27.9,4.3,7.5,0.175,1,100.0
4362,土屋智則,60.8,23,4.3,30.4,34.8,27.9,4.2,6.0,0.167,0,
4359,横川聖志,51.9,34,8.8,17.6,26.5,20.4,4.2,8.1,0.168,0,
4931,木谷賢太,71.2,41,14.6,29.3,43.9,38.2,4.2,13.9,0.182,3,66.7
4036,金田諭,68.7,41,9.8,34.1,43.9,38.2,4.2,10.3,0.158,1,100.0
3992,関口智久,50.3,34,8.8,17.6,26.5,20.4,4.2,8.1,0.149,8,12.5
3910,松下知幸,31.7,28,3.6,14.3,17.9,11.4,4.2,3.6,0.198,0,
5285,若林麗,22.8,39,2.6,12.8,15.4,9.5,4.2,2.7,0.193,0,
4243,西村歩,57.4,39,15.4,15.4,30.8,25.0,4.2,13.3,0.191,1,0.0
4189,川上剛,62.1,23,8.7,26.1,34.8,27.9,4.2,8.7,0.189,0,
3779,原田幸哉,55.4,32,12.5,18.8,31.2,25.0,4.2,11.0,0.14,1,0.0
3445,加藤高史,49.7,26,0.0,26.9,26.9,20.4,4.2,2.3,0.186,3,33.3
5299,西丸敦基,49.8,30,6.7,20.0,26.7,20.4,4.2,6.5,0.157,0,
5427,港理樹,12.1,111,0.9,10.8,11.7,6.9,4.2,1.0,0.214,7,14.3
3841,佐々木和伸,61.2,45,8.9,24.4,33.3,27.9,4.1,8.8,0.188,1,0.0
5377,鳥居塚嶺王,30.5,67,4.5,11.9,16.4,11.4,4.1,4.3,0.164,7,14.3
4570,前田聖文,67.8,34,11.8,32.4,44.1,38.2,4.1,11.8,0.172,0,
4144,石塚久也,65.8,33,6.1,33.3,39.4,33.5,4.1,7.4,0.187,3,33.3
3475,橋本久和,49.2,22,4.5,22.7,27.3,20.4,4.1,5.3,0.219,1,0.0
4822,百武翔,61.5,42,4.8,28.6,33.3,27.9,4.0,5.8,0.202,1,0.0
4680,後藤美翼,56.5,22,9.1,22.7,31.8,25.0,4.0,8.5,0.203,2,50.0
5019,柴田百恵,53.5,22,22.7,9.1,31.8,25.0,4.0,16.7,0.165,0,
4108,吉村正明,54.5,29,13.8,17.2,31.0,25.0,4.0,11.7,0.165,1,0.0
3820,樫葉次郎,19.1,20,5.0,10.0,15.0,8.0,4.0,3.9,0.178,0,
4863,三浦裕貴,44.4,29,3.4,20.7,24.1,18.0,4.0,4.2,0.17,5,20.0
5066,鈴木孝明,68.3,27,11.1,33.3,44.4,38.2,4.0,11.4,0.169,2,50.0
4782,浜崎準也,38.5,21,0.0,23.8,23.8,16.9,4.0,2.2,0.214,0,
5374,木山大聖,14.8,71,1.4,11.3,12.7,7.9,4.0,1.6,0.167,0,
5245,倉富大誠,45.7,29,0.0,24.1,24.1,18.0,4.0,1.9,0.188,4,50.0
4424,松尾昂明,58.6,42,9.5,23.8,33.3,27.9,4.0,9.3,0.162,4,25.0
4272,大場広孝,45.4,29,6.9,17.2,24.1,18.0,4.0,6.5,0.2,4,0.0
5067,山田真聖,47.3,20,5.0,20.0,25.0,18.0,4.0,5.3,0.182,0,
3839,川合理司,29.0,35,2.9,14.3,17.1,11.4,4.0,3.1,0.198,4,25.0
5226,藤田俊祐,56.5,22,9.1,22.7,31.8,25.0,4.0,8.5,0.184,1,0.0
5276,大島隆乃介,44.4,29,3.4,20.7,24.1,18.0,4.0,4.2,0.175,2,0.0
3769,佐竹恒彦,54.6,22,4.5,27.3,31.8,25.0,4.0,5.8,0.197,1,100.0
4891,寺島美里,40.6,26,7.7,15.4,23.1,16.9,3.9,6.8,0.199,0,
4296,岡崎恭裕,69.8,20,20.0,25.0,45.0,38.2,3.9,16.5,0.154,0,
4109,谷津幸宏,59.8,39,7.7,25.6,33.3,27.9,3.9,8.0,0.149,4,50.0
4856,豊田健士郎,66.7,44,13.6,25.0,38.6,33.5,3.9,12.8,0.157,2,50.0
5012,加倉侑征,52.6,43,11.6,18.6,30.2,25.0,3.9,10.6,0.174,2,100.0
4835,橋本明,47.0,34,2.9,20.6,23.5,18.0,3.8,3.8,0.167,1,0.0
4298,宮下元胤,67.2,28,14.3,25.0,39.3,33.5,3.8,12.9,0.187,1,0.0
3293,宮内由紀英,31.3,29,6.9,10.3,17.2,11.4,3.8,5.8,0.195,1,0.0
4423,坂口貴彦,51.7,39,5.1,20.5,25.6,20.4,3.8,5.5,0.189,0,
4181,花本夏樹,32.3,16,6.2,12.5,18.8,11.4,3.8,4.9,0.23,1,0.0
5361,植竹玲奈,13.3,55,1.8,10.9,12.7,7.9,3.8,2.0,0.194,0,
4660,宇田川信一,32.8,21,4.8,14.3,19.0,12.5,3.8,4.4,0.181,0,
5375,庄島潤成,10.6,89,4.5,6.7,11.2,6.9,3.7,4.2,0.195,0,
5344,谷口丞,34.4,52,5.8,11.5,17.3,12.5,3.7,5.3,0.166,3,0.0
3439,大平誉史明,58.6,33,6.1,27.3,33.3,27.9,3.7,6.9,0.185,4,25.0
5348,小林甘寧,40.3,75,13.3,8.0,21.3,16.9,3.7,12.0,0.177,0,
4656,大崎翔,46.4,25,4.0,20.0,24.0,18.0,3.7,4.6,0.18,1,0.0
4065,金田幸子,47.2,25,4.0,20.0,24.0,18.0,3.7,4.6,0.177,0,
4041,小林基樹,33.1,15,0.0,20.0,20.0,12.5,3.7,1.9,0.201,0,
4471,新田泰章,68.3,37,10.8,32.4,43.2,38.2,3.6,11.1,0.181,7,57.1
5382,山下心一,14.6,65,4.6,7.7,12.3,7.9,3.6,4.2,0.159,0,
5010,宇留田翔平,58.7,30,10.0,23.3,33.3,27.9,3.6,9.6,0.151,2,0.0
4769,馬場剛,63.4,39,5.1,33.3,38.5,33.5,3.6,6.6,0.133,2,100.0
4133,高橋正男,65.6,39,15.4,23.1,38.5,33.5,3.6,14.0,0.183,3,66.7
4097,貫地谷直人,30.6,23,4.3,13.0,17.4,11.4,3.6,4.0,0.209,0,
4590,渡邉優美,67.4,39,17.9,20.5,38.5,33.5,3.6,15.8,0.178,1,0.0
4254,川島圭司,52.8,26,3.8,26.9,30.8,25.0,3.6,5.3,0.175,1,0.0
3783,瓜生正義,60.8,30,6.7,26.7,33.3,27.9,3.6,7.3,0.157,1,0.0
3722,西村秀樹,22.3,30,0.0,13.3,13.3,8.0,3.6,0.8,0.215,2,0.0
4890,石川諒,56.7,33,9.1,21.2,30.3,25.0,3.6,8.7,0.142,0,
4675,井手良太,53.4,26,19.2,11.5,30.8,25.0,3.6,15.0,0.146,3,33.3
4357,田中和也,70.4,25,16.0,28.0,44.0,38.2,3.6,14.4,0.188,0,
3381,滝沢芳行,42.2,17,11.8,11.8,23.5,16.9,3.5,8.7,0.161,0,
4434,田中辰彦,65.1,31,19.4,19.4,38.7,33.5,3.5,16.4,0.187,0,
3833,中辻博訓,66.1,31,19.4,19.4,38.7,33.5,3.5,16.4,0.155,0,
4676,後藤隼之,51.6,23,4.3,21.7,26.1,20.4,3.5,5.1,0.194,0,
3641,一瀬明,58.6,27,14.8,18.5,33.3,27.9,3.5,12.6,0.158,2,50.0
4494,河合佑樹,62.9,31,12.9,25.8,38.7,33.5,3.5,12.1,0.179,0,
4068,幸田智裕,47.1,30,6.7,16.7,23.3,18.0,3.5,6.3,0.169,3,33.3
4505,島田賢人,63.2,31,9.7,29.0,38.7,33.5,3.5,9.9,0.172,2,0.0
3662,大庭元明,51.7,48,8.3,16.7,25.0,20.4,3.5,7.9,0.171,3,66.7
4400,加藤奈月,35.4,28,3.6,14.3,17.9,12.5,3.5,3.7,0.19,0,
4967,中村魁生,67.6,30,16.7,26.7,43.3,38.2,3.4,15.1,0.152,0,
4540,相原利章,52.7,37,2.7,27.0,29.7,25.0,3.4,4.2,0.137,2,0.0
4215,吉島祥之,57.2,44,4.5,25.0,29.5,25.0,3.4,5.4,0.204,0,
4433,川野芽唯,70.8,42,4.8,38.1,42.9,38.2,3.4,6.6,0.18,0,
3455,谷本幸司,47.3,35,8.6,14.3,22.9,18.0,3.4,7.7,0.207,1,0.0
4555,富永大一,53.0,37,13.5,16.2,29.7,25.0,3.4,11.9,0.187,1,0.0
5419,櫻井隼,7.3,125,0.8,6.4,7.2,3.4,3.4,0.8,0.233,16,0.0
5248,本田愛,44.4,35,14.3,8.6,22.9,18.0,3.4,11.7,0.18,1,0.0
5027,重冨勇哉,43.9,35,5.7,17.1,22.9,18.0,3.4,5.7,0.208,0,
4823,中村桃佳,67.3,34,11.8,26.5,38.2,33.5,3.3,11.3,0.164,1,0.0
3232,山川美由紀,59.9,24,4.2,29.2,33.3,27.9,3.3,5.9,0.184,0,
4469,土山卓也,56.1,30,3.3,26.7,30.0,25.0,3.3,4.8,0.184,2,0.0
4418,茅原悠紀,71.4,35,14.3,28.6,42.9,38.2,3.3,13.6,0.15,1,100.0
4832,権藤俊光,65.6,34,8.8,29.4,38.2,33.5,3.3,9.3,0.164,0,
4209,藤田竜弘,53.6,30,0.0,30.0,30.0,25.0,3.3,2.6,0.176,2,0.0
4640,山ノ内雅人,64.7,34,14.7,23.5,38.2,33.5,3.3,13.4,0.15,2,100.0
5101,表健太,29.1,17,11.8,5.9,17.6,11.4,3.3,7.9,0.204,1,100.0
4172,森定晃史,63.6,34,14.7,23.5,38.2,33.5,3.3,13.4,0.2,0,
4092,岡部大輔,50.3,32,12.5,12.5,25.0,20.4,3.2,10.5,0.191,0,
4401,小林泰,50.9,32,6.2,18.8,25.0,20.4,3.2,6.3,0.159,1,0.0
4230,濱崎直矢,63.0,26,11.5,26.9,38.5,33.5,3.2,11.1,0.167,2,50.0
4118,宇佐見淳,63.7,45,11.1,26.7,37.8,33.5,3.2,10.9,0.159,6,33.3
4374,永田義紘,44.3,26,7.7,15.4,23.1,18.0,3.2,6.9,0.185,1,100.0
5185,加藤優弥,51.0,32,6.2,18.8,25.0,20.4,3.2,6.3,0.168,2,100.0
4428,有賀達也,59.8,37,18.9,13.5,32.4,27.9,3.2,16.0,0.155,5,40.0
4816,村松修二,52.4,32,6.2,18.8,25.0,20.4,3.2,6.3,0.178,1,0.0
5308,藤森拓海,36.0,29,6.9,10.3,17.2,12.5,3.1,5.9,0.18,2,0.0
4231,鈴木裕隆,54.5,34,2.9,26.5,29.4,25.0,3.1,4.4,0.183,3,0.0
5317,長尾萌加,45.6,31,6.5,16.1,22.6,18.0,3.1,6.2,0.176,0,
4936,戸敷晃美,59.3,34,14.7,17.6,32.4,27.9,3.1,12.9,0.187,1,0.0
4651,佐藤大騎,27.5,28,3.6,10.7,14.3,9.5,3.1,3.4,0.179,2,0.0
4759,今泉友吾,70.8,40,15.0,27.5,42.5,38.2,3.1,14.1,0.175,1,100.0
3527,中嶋誠一郎,52.0,28,10.7,14.3,25.0,20.4,3.0,9.2,0.181,0,
4405,南野利騰,35.1,23,0.0,17.4,17.4,12.5,3.0,1.5,0.171,1,0.0
5165,小林愛実,41.6,33,6.1,15.2,21.2,16.9,3.0,5.8,0.182,3,0.0
4918,川島拓郎,50.2,28,3.6,21.4,25.0,20.4,3.0,4.5,0.18,1,0.0
4836,大谷健太,41.9,33,9.1,12.1,21.2,16.9,3.0,7.9,0.16,6,16.7
3857,阿波勝哉,40.2,58,10.3,10.3,20.7,16.9,3.0,9.3,0.193,1,0.0
4463,三苫晃幸,59.6,31,9.7,22.6,32.3,27.9,2.9,9.3,0.188,0,
5081,篠原飛翔,62.2,31,12.9,19.4,32.3,27.9,2.9,11.5,0.167,0,
4568,廣瀬真也,54.5,45,6.7,22.2,28.9,25.0,2.9,6.9,0.172,5,20.0
4339,平瀬城啓,32.3,25,4.0,12.0,16.0,11.4,2.9,3.8,0.201,2,50.0
4826,井上一輝,68.6,38,21.1,21.1,42.1,38.2,2.8,18.4,0.157,0,
4720,西澤日花里,37.3,30,0.0,16.7,16.7,12.5,2.8,1.3,0.2,1,0.0
4363,大野芳顕,58.6,41,0.0,31.7,31.7,27.9,2.8,2.3,0.171,3,0.0
3978,齊藤仁,57.7,41,9.8,22.0,31.7,27.9,2.8,9.5,0.195,1,0.0
4059,入澤友治,50.2,37,13.5,10.8,24.3,20.4,2.8,11.4,0.175,3,0.0
4348,宮崎奨,60.3,41,12.2,19.5,31.7,27.9,2.8,11.2,0.185,1,100.0
4017,向井美鈴,51.6,37,2.7,21.6,24.3,20.4,2.8,3.7,0.213,2,50.0
3896,上田洋平,50.0,24,8.3,16.7,25.0,20.4,2.8,7.6,0.176,0,
3566,川添英正,48.1,24,4.2,20.8,25.0,20.4,2.8,5.0,0.218,1,0.0
4509,平見真彦,57.1,38,7.9,21.1,28.9,25.0,2.8,7.9,0.205,1,0.0
3681,山谷央,44.7,22,4.5,18.2,22.7,18.0,2.8,5.0,0.163,2,50.0
3888,山本英志,56.9,38,13.2,15.8,28.9,25.0,2.8,11.6,0.159,0,
4710,福田宗平,61.6,41,9.8,22.0,31.7,27.9,2.8,9.5,0.162,0,
4462,夏山亮平,50.6,24,4.2,20.8,25.0,20.4,2.8,5.0,0.182,1,0.0
3838,伊藤啓三,49.5,33,9.1,15.2,24.2,20.4,2.7,8.2,0.169,0,
4210,松村康太,56.5,31,9.7,19.4,29.0,25.0,2.7,9.1,0.179,1,0.0
5340,樋江井舞,30.1,61,6.6,8.2,14.8,11.4,2.7,6.0,0.166,2,0.0
3900,香川素子,67.4,32,18.8,18.8,37.5,33.5,2.7,16.1,0.19,4,50.0
5319,近藤颯斗,51.4,33,3.0,21.2,24.2,20.4,2.7,4.1,0.164,0,
4300,加藤綾,45.2,27,7.4,14.8,22.2,18.0,2.7,6.8,0.191,1,100.0
4372,原田佑実,58.0,28,7.1,25.0,32.1,27.9,2.7,7.7,0.169,0,
4498,宮本夏樹,50.4,20,10.0,15.0,25.0,20.4,2.6,8.4,0.178,0,
5150,坂本雄紀,64.8,35,8.6,28.6,37.1,33.5,2.6,9.1,0.158,1,0.0
4258,関根彰人,43.2,32,6.2,15.6,21.9,18.0,2.6,6.0,0.191,8,12.5
5036,福田翔吾,47.4,32,3.1,18.8,21.9,18.0,2.6,3.9,0.191,0,
4684,楠原翔太,53.0,35,5.7,22.9,28.6,25.0,2.5,6.3,0.155,1,100.0
4978,山田和佐,43.6,37,10.8,10.8,21.6,18.0,2.5,9.3,0.17,0,
4180,上野秀和,51.9,29,0.0,24.1,24.1,20.4,2.5,2.2,0.176,0,
5011,高木圭大,30.1,26,3.8,11.5,15.4,11.4,2.5,3.7,0.182,0,
3548,室田泰史,56.4,35,8.6,20.0,28.6,25.0,2.5,8.3,0.155,2,50.0
5000,岡本翔太郎,39.2,34,5.9,14.7,20.6,16.9,2.5,5.7,0.149,0,
5416,龍田真白,13.7,102,6.9,3.9,10.8,7.9,2.5,6.3,0.162,0,
4095,福来剛,70.3,31,25.8,16.1,41.9,38.2,2.5,21.3,0.152,1,0.0
4259,真庭明志,55.7,35,2.9,25.7,28.6,25.0,2.5,4.3,0.182,0,
4927,関野文,55.3,35,11.4,17.1,28.6,25.0,2.5,10.3,0.171,0,
5312,川辺郭人,22.8,30,0.0,13.3,13.3,9.5,2.5,1.0,0.167,0,
4373,若狭奈美子,67.3,38,10.5,26.3,36.8,33.5,2.4,10.5,0.197,3,33.3
4851,関浩哉,66.1,38,13.2,23.7,36.8,33.5,2.4,12.4,0.146,1,100.0
4346,前田健太郎,37.3,38,2.6,13.2,15.8,12.5,2.4,3.0,0.179,2,50.0
4945,上村宏太,33.6,31,6.5,9.7,16.1,12.5,2.4,5.6,0.173,0,
3519,冨田秀幸,36.6,31,0.0,16.1,16.1,12.5,2.4,1.3,0.205,2,50.0
4785,木幡純也,39.2,24,4.2,16.7,20.8,16.9,2.4,4.6,0.2,3,33.3
4073,大橋純一郎,66.0,38,21.1,15.8,36.8,33.5,2.4,18.0,0.194,1,100.0
4533,峰重侑治,37.2,31,6.5,9.7,16.1,12.5,2.4,5.6,0.206,1,0.0
3773,津留浩一郎,41.1,24,0.0,20.8,20.8,16.9,2.4,2.0,0.172,0,
4251,川崎誠志,39.2,45,2.2,17.8,20.0,16.9,2.3,3.0,0.215,0,
4552,杉山勝匡,51.1,47,4.3,19.1,23.4,20.4,2.3,4.8,0.16,0,
5054,佐々木大河,66.1,27,11.1,25.9,37.0,33.5,2.3,10.8,0.162,2,50.0
4664,東口晃,33.3,18,0.0,16.7,16.7,12.5,2.3,1.8,0.182,0,
5082,一色凌雅,53.8,39,17.9,10.3,28.2,25.0,2.3,15.1,0.194,1,100.0
3448,高山秀雄,41.5,19,5.3,15.8,21.1,16.9,2.3,5.3,0.188,1,0.0
4750,井上尚悟,46.6,18,5.6,16.7,22.2,18.0,2.3,5.6,0.183,1,0.0
3541,三嶌誠司,61.5,32,6.2,25.0,31.2,27.9,2.3,7.0,0.175,3,33.3
3302,谷川里江,43.6,18,16.7,5.6,22.2,18.0,2.3,11.6,0.197,2,50.0
5209,小野京平,20.9,26,3.8,7.7,11.5,8.0,2.3,3.3,0.197,0,
4119,泥谷一毅,57.6,22,4.5,27.3,31.8,27.9,2.3,6.2,0.197,0,
5167,小川竜太朗,49.5,25,4.0,20.0,24.0,20.4,2.3,4.9,0.154,7,28.6
3950,石川哲秀,34.3,25,12.0,4.0,16.0,12.5,2.2,9.0,0.186,2,0.0
5300,横田海人,10.6,29,3.4,6.9,10.3,6.9,2.2,3.0,0.183,1,0.0
4035,杉江浩明,31.2,27,3.7,11.1,14.8,11.4,2.2,3.6,0.173,2,0.0
4691,水原慎,43.5,23,4.3,17.4,21.7,18.0,2.2,4.8,0.159,0,
4271,川崎公靖,44.2,23,13.0,8.7,21.7,18.0,2.2,10.1,0.18,0,
5247,大森翼,45.1,28,0.0,21.4,21.4,18.0,2.2,2.0,0.177,0,
3930,岸本隆,49.3,34,2.9,20.6,23.5,20.4,2.2,4.0,0.186,3,33.3
3880,浅見宗孝,43.7,28,3.6,17.9,21.4,18.0,2.2,4.3,0.191,4,0.0
4247,齊藤優,46.1,28,7.1,14.3,21.4,18.0,2.2,6.6,0.179,0,
4220,深川和仁,45.1,23,8.7,13.0,21.7,18.0,2.2,7.5,0.181,0,
5295,田上凜,35.3,59,8.5,6.8,15.3,12.5,2.2,7.5,0.165,1,0.0
5240,高橋龍治,44.6,38,5.3,15.8,21.1,18.0,2.2,5.4,0.176,1,100.0
5007,近藤雄一郎,45.4,33,9.1,12.1,21.2,18.0,2.2,8.0,0.206,2,0.0
4938,小芦るり華,66.4,30,3.3,33.3,36.7,33.5,2.1,5.7,0.177,1,0.0
4289,落合直子,54.8,32,6.2,21.9,28.1,25.0,2.1,6.7,0.158,3,0.0
4672,守屋大地,39.9,30,10.0,10.0,20.0,16.9,2.1,8.4,0.152,0,
4090,中村尊,58.5,39,10.3,20.5,30.8,27.9,2.1,9.8,0.186,11,36.4
3897,白井英治,64.6,30,10.0,26.7,36.7,33.5,2.1,10.1,0.151,1,100.0
4844,村上奈穂,41.5,30,3.3,16.7,20.0,16.9,2.1,4.0,0.207,1,100.0
5408,中山鷹輔,5.2,66,0.0,6.1,6.1,3.4,2.1,0.2,0.199,0,
4709,岡村将也,58.1,39,2.6,28.2,30.8,27.9,2.1,4.3,0.178,2,100.0
5129,山口真喜子,54.9,32,12.5,15.6,28.1,25.0,2.1,11.0,0.184,0,
3388,今垣光太郎,57.4,21,9.5,19.0,28.6,25.0,2.1,8.8,0.187,0,
4006,小野勇作,49.7,21,0.0,23.8,23.8,20.4,2.0,2.6,0.188,0,
4983,前田篤哉,71.3,39,17.9,23.1,41.0,38.2,2.0,16.3,0.166,1,0.0
3685,荒井輝年,57.6,29,10.3,20.7,31.0,27.9,2.0,9.8,0.185,4,50.0
3370,坪内実,29.3,20,10.0,5.0,15.0,11.4,2.0,7.2,0.212,1,0.0
4442,松竹大輔,49.5,30,3.3,20.0,23.3,20.4,2.0,4.3,0.176,1,0.0
4443,津田裕絵,58.2,29,6.9,24.1,31.0,27.9,2.0,7.5,0.199,1,0.0
3105,内山文典,48.0,30,0.0,23.3,23.3,20.4,2.0,2.1,0.184,3,66.7
4818,伏見俊介,26.6,32,9.4,3.1,12.5,9.5,2.0,7.3,0.164,0,
4879,山崎鉄平,42.2,41,7.3,12.2,19.5,16.9,1.9,6.8,0.19,1,100.0
5354,渡邊雄斗,18.6,78,3.8,6.4,10.3,8.0,1.9,3.6,0.204,0,
4219,本岡勝利,28.8,28,3.6,10.7,14.3,11.4,1.9,3.6,0.21,0,
3860,松本浩貴,29.3,28,7.1,7.1,14.3,11.4,1.9,5.9,0.193,5,20.0
4064,原田篤志,72.8,32,21.9,25.0,46.9,44.0,1.9,19.3,0.188,1,100.0
3797,岩井繁,31.8,28,0.0,14.3,14.3,11.4,1.9,1.2,0.194,1,0.0
4313,西村美智子,56.6,25,4.0,24.0,28.0,25.0,1.9,5.4,0.175,1,0.0
5044,渡邉健,46.6,34,5.9,14.7,20.6,18.0,1.8,5.8,0.192,3,33.3
3940,飯山泰,64.8,39,15.4,20.5,35.9,33.5,1.8,14.0,0.161,4,0.0
4158,木場雄二郎,45.3,34,8.8,11.8,20.6,18.0,1.8,7.8,0.17,2,0.0
3692,竹腰正樹,45.2,34,0.0,20.6,20.6,18.0,1.8,1.7,0.175,1,0.0
4465,大西賢,36.8,26,0.0,15.4,15.4,12.5,1.8,1.4,0.223,0,
5126,山下大輝,66.1,39,15.4,20.5,35.9,33.5,1.8,14.0,0.163,0,
5183,中野孝二,45.0,34,8.8,11.8,20.6,18.0,1.8,7.8,0.18,2,0.0
4201,佐竹友樹,34.2,26,7.7,7.7,15.4,12.5,1.8,6.3,0.174,2,0.0
4627,藤原菜希,60.9,26,15.4,15.4,30.8,27.9,1.8,12.9,0.166,0,
5331,佐藤永梧,35.4,40,7.5,7.5,15.0,12.5,1.8,6.5,0.177,1,0.0
5161,登玉隼百,57.4,40,12.5,15.0,27.5,25.0,1.8,11.2,0.155,1,100.0
4665,加藤啓太,33.2,26,7.7,7.7,15.4,12.5,1.8,6.3,0.184,2,0.0
5032,谷口知優,54.3,29,6.9,20.7,27.6,25.0,1.7,7.2,0.178,0,
5182,宮崎安奈,44.9,29,3.4,17.2,20.7,18.0,1.7,4.2,0.157,3,0.0
3463,乙津康志,44.1,19,5.3,15.8,21.1,18.0,1.7,5.4,0.2,1,0.0
5132,中野希一,74.6,30,26.7,20.0,46.7,44.0,1.7,22.3,0.148,5,40.0
5086,本村大,30.2,21,9.5,4.8,14.3,11.4,1.7,7.0,0.206,0,
4382,高山智至,42.6,24,4.2,16.7,20.8,18.0,1.7,4.7,0.195,1,0.0
4166,吉田拡郎,67.7,42,4.8,35.7,40.5,38.2,1.7,6.6,0.143,1,100.0
5043,中村日向,63.0,42,16.7,19.0,35.7,33.5,1.7,15.0,0.15,0,
5386,米玉利大悟,16.4,70,2.9,7.1,10.0,7.9,1.7,2.8,0.183,0,
5368,宮崎心之介,42.5,63,3.2,15.9,19.0,16.9,1.7,3.6,0.202,8,12.5
4422,永井亮次,43.8,29,6.9,13.8,20.7,18.0,1.7,6.5,0.193,0,
4902,山川雄大,47.1,29,6.9,13.8,20.7,18.0,1.7,6.5,0.19,0,
4708,半田尚也,32.4,21,0.0,14.3,14.3,11.4,1.7,1.5,0.202,0,
4371,西山貴浩,56.0,29,6.9,20.7,27.6,25.0,1.7,7.2,0.168,0,
5075,中島秀治,63.2,42,11.9,23.8,35.7,33.5,1.7,11.5,0.166,0,
5232,樅山拓馬,46.3,24,0.0,20.8,20.8,18.0,1.7,2.2,0.184,1,0.0
4545,岡村慶太,70.6,47,12.8,27.7,40.4,38.2,1.7,12.5,0.164,5,40.0
4351,里岡右貴,71.5,47,14.9,25.5,40.4,38.2,1.7,14.2,0.14,5,40.0
4530,小野生奈,69.2,32,18.8,21.9,40.6,38.2,1.7,16.5,0.181,0,
4278,藤岡俊介,70.5,32,28.1,12.5,40.6,38.2,1.7,22.9,0.157,0,
4787,椎名豊,70.5,37,18.9,21.6,40.5,38.2,1.7,16.9,0.159,1,100.0
4496,内堀学,69.7,32,31.2,9.4,40.6,38.2,1.7,25.1,0.149,2,50.0
5426,甲斐貴大,5.6,92,2.2,3.3,5.4,3.4,1.7,2.0,0.194,0,
5460,早川理稀,5.9,34,0.0,5.9,5.9,3.4,1.7,0.3,0.197,0,
3211,北川敏弘,29.5,29,6.9,6.9,13.8,11.4,1.6,5.8,0.173,0,
4636,赤池修平,30.3,29,0.0,13.8,13.8,11.4,1.6,1.2,0.202,0,
3775,泉啓文,32.6,41,4.9,9.8,14.6,12.5,1.6,4.6,0.188,0,
4754,松尾充,59.8,33,9.1,21.2,30.3,27.9,1.6,9.0,0.178,2,50.0
5379,廣部大明,15.2,71,1.4,8.5,9.9,7.9,1.6,1.6,0.187,0,
4718,北川太一,62.0,33,9.1,21.2,30.3,27.9,1.6,9.0,0.167,0,
4981,牧山敦也,50.5,31,6.5,16.1,22.6,20.4,1.5,6.4,0.182,0,
4573,佐藤翼,58.6,40,10.0,20.0,30.0,27.9,1.5,9.6,0.158,4,50.0
5143,常盤海心,33.2,27,3.7,11.1,14.8,12.5,1.5,3.8,0.209,0,
5310,土屋蘭,35.8,27,7.4,7.4,14.8,12.5,1.5,6.1,0.194,2,0.0
5076,石原光,50.0,31,3.2,19.4,22.6,20.4,1.5,4.2,0.186,3,66.7
3516,吉原聖人,36.1,27,3.7,11.1,14.8,12.5,1.5,3.8,0.183,1,0.0
4753,森照夫,40.8,26,7.7,11.5,19.2,16.9,1.5,6.8,0.172,1,0.0
3891,谷口健一,26.0,25,4.0,8.0,12.0,9.5,1.5,3.6,0.19,0,
4237,大峯豊,66.0,28,7.1,28.6,35.7,33.5,1.5,8.3,0.164,0,
4905,土井祥伍,33.9,27,0.0,14.8,14.8,12.5,1.5,1.4,0.212,0,
3569,増田進,33.3,27,0.0,14.8,14.8,12.5,1.5,1.4,0.209,0,
3929,杢野誓良,37.9,26,7.7,11.5,19.2,16.9,1.5,6.8,0.164,0,
5325,澁川夏,46.5,45,2.2,17.8,20.0,18.0,1.5,3.1,0.179,3,33.3
4256,渡辺浩司,73.1,37,18.9,27.0,45.9,44.0,1.4,17.4,0.154,0,
4524,深谷知博,60.8,30,6.7,23.3,30.0,27.9,1.4,7.3,0.156,1,0.0
4276,鈴木勝博,56.4,37,10.8,16.2,27.0,25.0,1.4,9.9,0.163,2,50.0
4082,濱崎誠,53.8,37,16.2,10.8,27.0,25.0,1.4,13.8,0.195,1,0.0
5339,石井伸長,45.8,40,7.5,12.5,20.0,18.0,1.4,7.0,0.174,0,
5389,恵良琴美,7.2,122,1.6,3.3,4.9,3.4,1.3,1.6,0.175,2,50.0
3804,中渡修作,44.1,30,10.0,10.0,20.0,18.0,1.3,8.5,0.196,2,0.0
3952,中澤和志,69.6,35,14.3,25.7,40.0,38.2,1.3,13.6,0.155,5,20.0
4719,上條暢嵩,64.5,34,11.8,23.5,35.3,33.5,1.3,11.3,0.151,1,0.0
5371,早川颯太,3.4,60,1.7,3.3,5.0,3.4,1.3,1.5,0.199,2,0.0
4232,笠雅雄,44.3,30,6.7,13.3,20.0,18.0,1.3,6.3,0.192,0,
4904,松本一毅,49.6,36,8.3,13.9,22.2,20.4,1.3,7.7,0.176,1,100.0
4477,篠崎仁志,67.8,35,17.1,22.9,40.0,38.2,1.3,15.6,0.161,1,100.0
3745,橋本年光,53.8,22,13.6,13.6,27.3,25.0,1.3,11.3,0.192,0,
5197,中野仁照,58.4,37,10.8,18.9,29.7,27.9,1.3,10.2,0.197,0,
5137,川原涼,51.1,50,8.0,14.0,22.0,20.4,1.3,7.6,0.191,8,25.0
5442,池田美優,2.3,86,1.2,1.2,2.3,0.8,1.3,1.0,0.202,0,
4940,白石有美,23.5,17,5.9,5.9,11.8,9.5,1.2,4.5,0.174,0,
5257,西丸侑太朗,64.3,37,13.5,21.6,35.1,33.5,1.2,12.6,0.158,0,
4245,高橋直哉,39.7,32,6.2,12.5,18.8,16.9,1.2,5.9,0.182,1,0.0
4648,木村亮太,44.2,25,4.0,16.0,20.0,18.0,1.2,4.6,0.168,0,
3630,黒田誠司,25.9,17,5.9,5.9,11.8,9.5,1.2,4.5,0.173,1,100.0
5291,三嶌こころ,28.0,38,2.6,10.5,13.2,11.4,1.2,2.9,0.234,0,
5399,長野未来,4.8,127,0.0,4.7,4.7,3.4,1.2,0.1,0.225,13,0.0
4410,井上大輔,46.3,25,8.0,12.0,20.0,18.0,1.2,7.1,0.167,3,0.0
4697,國弘翔平,35.0,28,7.1,7.1,14.3,12.5,1.2,6.0,0.203,0,
3621,天野晶夫,54.7,26,7.7,19.2,26.9,25.0,1.2,7.7,0.197,0,
5166,仲道大輔,66.8,37,2.7,32.4,35.1,33.5,1.2,4.9,0.181,3,0.0
5169,堀本翔太,23.6,17,5.9,5.9,11.8,9.5,1.2,4.5,0.179,1,0.0
5401,谷海夏人,10.0,108,2.8,5.6,8.3,6.9,1.2,2.7,0.205,0,
5438,星田夢結,2.0,93,0.0,2.2,2.2,0.8,1.2,0.0,0.208,0,
3956,横澤剛治,61.6,27,11.1,18.5,29.6,27.9,1.1,10.2,0.171,1,100.0
4156,浜野孝志,55.3,30,3.3,23.3,26.7,25.0,1.1,4.8,0.184,0,
4140,梶野学志,62.4,27,3.7,25.9,29.6,27.9,1.1,5.5,0.166,2,50.0
5360,高木茉白,20.0,53,3.8,5.7,9.4,8.0,1.1,3.5,0.166,13,23.1
3905,天野友和,65.6,40,10.0,25.0,35.0,33.5,1.1,10.1,0.17,3,33.3
5091,為本智也,61.4,27,7.4,22.2,29.6,27.9,1.1,7.9,0.156,0,
5329,金子龍斗,40.8,38,7.9,10.5,18.4,16.9,1.1,7.1,0.167,1,0.0
5406,小畑楓夏,1.8,147,0.0,2.0,2.0,0.8,1.1,0.0,0.198,0,
4549,小林文彦,58.4,27,3.7,25.9,29.6,27.9,1.1,5.5,0.201,2,50.0
5444,林風音,2.0,96,1.0,1.0,2.1,0.8,1.1,0.9,0.196,8,0.0
5432,安藤瑠希,12.5,85,2.4,5.9,8.2,6.9,1.1,2.3,0.17,9,0.0
5453,久保翔耶,8.6,35,5.7,2.9,8.6,6.9,1.1,4.6,0.186,0,
4960,黒野元基,75.7,33,18.2,27.3,45.5,44.0,1.0,16.8,0.158,0,
4803,飯田庄吾,25.7,27,0.0,11.1,11.1,9.5,1.0,1.1,0.2,1,0.0
5175,島崎丈一朗,43.4,15,0.0,20.0,20.0,18.0,1.0,2.8,0.194,1,0.0
5216,長谷川晴哉,60.9,34,8.8,20.6,29.4,27.9,1.0,8.8,0.181,3,0.0
5259,野田昇吾,23.8,27,3.7,7.4,11.1,9.5,1.0,3.4,0.194,5,40.0
3637,齋藤和政,37.6,27,3.7,14.8,18.5,16.9,1.0,4.3,0.202,2,50.0
5195,北村寧々,51.6,32,6.2,15.6,21.9,20.4,1.0,6.3,0.162,0,
4798,浜先真範,62.1,34,8.8,20.6,29.4,27.9,1.0,8.8,0.17,0,
3315,広瀬聖仁,37.9,27,7.4,11.1,18.5,16.9,1.0,6.6,0.21,1,0.0
5271,杉山太陽,32.0,31,3.2,9.7,12.9,11.4,1.0,3.3,0.188,0,
4139,丹下健,41.8,27,3.7,14.8,18.5,16.9,1.0,4.3,0.19,0,
5278,田中駿兵,72.5,42,31.0,14.3,45.2,44.0,0.9,26.4,0.163,3,33.3
4385,鈴木祐美子,28.1,15,0.0,13.3,13.3,11.4,0.9,1.8,0.204,2,0.0
3716,石渡鉄兵,57.1,38,13.2,13.2,26.3,25.0,0.9,11.6,0.143,3,0.0
5229,吉川晴人,53.6,42,14.3,11.9,26.2,25.0,0.9,12.6,0.164,1,0.0
4583,古田祐貴,53.7,42,2.4,23.8,26.2,25.0,0.9,3.8,0.173,1,0.0
4202,浮田圭浩,42.2,33,3.0,15.2,18.2,16.9,0.9,3.7,0.21,0,
5358,増本杏珠,19.7,32,0.0,9.4,9.4,8.0,0.9,0.8,0.194,0,
5311,小林京平,46.4,31,9.7,9.7,19.4,18.0,0.9,8.3,0.196,0,
4186,小川時光,25.7,18,0.0,11.1,11.1,9.5,0.9,1.3,0.178,4,0.0
3748,小黒竜吾,37.3,29,6.9,6.9,13.8,12.5,0.8,5.9,0.175,3,0.0
4766,石井孝之,36.1,29,3.4,10.3,13.8,12.5,0.8,3.6,0.15,4,0.0
3546,中里昌志,39.7,22,0.0,18.2,18.2,16.9,0.8,2.1,0.166,1,0.0
4899,占部一真,38.5,22,4.5,13.6,18.2,16.9,0.8,4.8,0.158,1,0.0
5179,藤本元輝,36.2,29,3.4,10.3,13.8,12.5,0.8,3.6,0.206,0,
5400,高村諒,3.7,114,0.9,3.5,4.4,3.4,0.8,0.9,0.174,0,
4216,星栄爾,51.0,42,4.8,16.7,21.4,20.4,0.8,5.2,0.169,2,50.0
5326,三嶌さらら,32.7,59,3.4,10.2,13.6,12.5,0.8,3.5,0.181,0,
5403,藤山湧太,6.8,115,2.6,1.7,4.3,3.4,0.8,2.4,0.197,0,
4626,伊藤紘章,43.1,26,3.8,15.4,19.2,18.0,0.8,4.5,0.216,0,
5338,香月大輝,28.9,56,3.6,8.9,12.5,11.4,0.8,3.6,0.19,1,0.0
4683,向井田直弥,29.6,48,8.3,4.2,12.5,11.4,0.8,7.2,0.15,0,
4482,守屋美穂,59.3,31,6.5,22.6,29.0,27.9,0.7,7.2,0.182,2,50.0
4593,小坂宗司,60.8,31,9.7,19.4,29.0,27.9,0.7,9.3,0.178,1,100.0
4342,谷野錬志,69.1,28,17.9,21.4,39.3,38.2,0.7,15.8,0.171,3,66.7
4211,村田敦,33.0,37,2.7,10.8,13.5,12.5,0.7,3.0,0.155,5,20.0
4020,川上清人,32.5,32,6.2,6.2,12.5,11.4,0.7,5.4,0.202,0,
4425,大井清貴,48.6,28,0.0,21.4,21.4,20.4,0.7,2.2,0.176,0,
5114,小林孝彰,57.9,52,3.8,25.0,28.8,27.9,0.7,4.9,0.183,0,
5402,塚越陸斗,1.5,127,0.8,0.8,1.6,0.8,0.7,0.7,0.202,6,0.0
3054,北川幸典,51.2,28,3.6,17.9,21.4,20.4,0.7,4.5,0.194,0,
4566,塩田北斗,58.1,31,3.2,25.8,29.0,27.9,0.7,5.0,0.152,0,
4565,西村豪洋,34.0,37,5.4,8.1,13.5,12.5,0.7,5.0,0.201,1,0.0
4643,近江翔吾,65.5,29,6.9,27.6,34.5,33.5,0.7,8.1,0.174,0,
3207,田村美和,18.9,22,0.0,9.1,9.1,8.0,0.7,1.0,0.17,1,0.0
4515,藤田浩人,61.5,45,4.4,24.4,28.9,27.9,0.7,5.5,0.19,0,
3993,永井聖美,52.6,19,0.0,26.3,26.3,25.0,0.7,3.4,0.156,0,
5397,寺田夢生,1.3,129,0.0,1.6,1.6,0.8,0.7,0.0,0.183,6,0.0
3372,加藤雅之,22.4,22,4.5,4.5,9.1,8.0,0.7,3.7,0.209,0,
4394,永嶋裕一,63.1,26,11.5,23.1,34.6,33.5,0.7,11.1,0.172,2,0.0
4473,藤堂里香,52.0,28,14.3,7.1,21.4,20.4,0.7,11.5,0.177,0,
5205,刑部亜里紗,60.1,38,7.9,21.1,28.9,27.9,0.7,8.1,0.177,0,
3660,長谷川親王,19.6,22,0.0,9.1,9.1,8.0,0.7,1.0,0.205,0,
3944,山口裕二,64.1,29,17.2,17.2,34.5,33.5,0.7,14.9,0.204,0,
5421,原田朱理,1.4,63,1.6,0.0,1.6,0.8,0.7,1.3,0.224,0,
3710,吉永泰弘,40.8,28,10.7,7.1,17.9,16.9,0.6,8.8,0.193,0,
5085,中村栄治,53.3,27,0.0,25.9,25.9,25.0,0.6,2.8,0.22,1,100.0
4547,中田竜太,63.2,35,8.6,25.7,34.3,33.5,0.6,9.1,0.2,5,20.0
5234,塚越海斗,70.2,41,9.8,29.3,39.0,38.2,0.6,10.3,0.153,3,0.0
5087,佐藤航,66.9,35,20.0,14.3,34.3,33.5,0.6,17.1,0.17,7,42.9
3837,秋山広一,65.4,35,20.0,14.3,34.3,33.5,0.6,17.1,0.19,0,
5220,青木蓮,64.6,35,2.9,31.4,34.3,33.5,0.6,5.1,0.134,7,42.9
5241,門田栞,45.3,37,8.1,10.8,18.9,18.0,0.6,7.4,0.173,0,
4714,喜多須杏奈,47.4,21,0.0,19.0,19.0,18.0,0.6,2.3,0.193,1,0.0
5140,吉田彩乃,42.3,28,0.0,17.9,17.9,16.9,0.6,1.8,0.186,2,0.0
4506,稗田聖也,64.3,32,15.6,18.8,34.4,33.5,0.6,13.9,0.155,0,
4843,深尾巴恵,44.4,21,9.5,9.5,19.0,18.0,0.6,7.9,0.172,0,
4461,安田吉宏,41.1,28,3.6,14.3,17.9,16.9,0.6,4.2,0.172,1,0.0
5437,中澤里桜,4.1,72,2.8,1.4,4.2,3.4,0.6,2.5,0.213,0,
4958,溝口海義也,61.9,42,0.0,28.6,28.6,27.9,0.5,2.3,0.158,1,0.0
4529,嶋義信,56.9,35,5.7,20.0,25.7,25.0,0.5,6.3,0.184,1,0.0
4980,佐々木完太,67.0,44,13.6,20.5,34.1,33.5,0.5,12.8,0.176,2,50.0
3590,濱野谷憲吾,64.7,38,10.5,23.7,34.2,33.5,0.5,10.5,0.175,1,0.0
4686,丸野一樹,62.0,35,2.9,25.7,28.6,27.9,0.5,4.6,0.138,0,
4105,松下直也,54.1,31,6.5,19.4,25.8,25.0,0.5,6.9,0.194,0,
4051,清水敦揮,72.9,29,20.7,24.1,44.8,44.0,0.5,18.3,0.19,1,100.0
4197,渥美卓郎,27.3,19,0.0,10.5,10.5,9.5,0.5,1.3,0.186,0,
5102,原田雄次,44.5,32,3.1,15.6,18.8,18.0,0.5,3.9,0.213,1,0.0
4236,松村敏,79.6,29,17.2,27.6,44.8,44.0,0.5,16.0,0.122,2,50.0
5289,佃來紀,56.7,35,14.3,11.4,25.7,25.0,0.5,12.3,0.174,0,
4261,岡祐臣,63.9,44,13.6,20.5,34.1,33.5,0.5,12.8,0.176,1,0.0
5138,村本大成,31.6,16,0.0,12.5,12.5,11.4,0.5,1.7,0.195,0,
3444,香月大介,21.2,23,4.3,4.3,8.7,8.0,0.4,3.6,0.186,0,
4225,土屋千明,62.4,28,10.7,17.9,28.6,27.9,0.4,10.0,0.173,3,66.7
5404,内田壮,7.8,136,1.5,5.9,7.4,6.9,0.4,1.5,0.211,0,
4901,出口舞有子,43.3,16,0.0,18.8,18.8,18.0,0.4,2.7,0.165,2,0.0
3441,土屋太朗,46.6,16,6.2,12.5,18.8,18.0,0.4,5.9,0.188,2,50.0
4854,大橋由珠,41.4,17,11.8,5.9,17.6,16.9,0.4,8.7,0.163,1,0.0
4268,和合俊介,26.1,20,5.0,5.0,10.0,9.5,0.3,4.1,0.202,3,0.0
3652,森下勇,27.2,20,5.0,5.0,10.0,9.5,0.3,4.1,0.21,6,16.7
4635,峰重力也,48.0,24,4.2,16.7,20.8,20.4,0.3,5.0,0.147,1,0.0
4943,八木治樹,36.0,23,0.0,13.0,13.0,12.5,0.3,1.5,0.19,1,0.0
3742,宮地秀祈,42.5,23,4.3,13.0,17.4,16.9,0.3,4.7,0.19,3,0.0
3306,武田正紀,32.6,23,8.7,4.3,13.0,12.5,0.3,6.8,0.169,3,33.3
4784,向井田真紀,37.2,23,8.7,4.3,13.0,12.5,0.3,6.8,0.212,0,
5022,伊藤尚汰,33.5,23,8.7,4.3,13.0,12.5,0.3,6.8,0.178,0,
3761,山本光雄,47.3,27,7.4,11.1,18.5,18.0,0.3,6.8,0.179,2,100.0
5443,西村仁吾,1.1,88,1.1,0.0,1.1,0.8,0.3,1.0,0.221,0,
5433,米本圭佑,4.1,79,1.3,2.5,3.8,3.4,0.3,1.2,0.229,8,12.5
5387,戸田海咲音,1.4,98,0.0,1.0,1.0,0.8,0.2,0.0,0.188,13,0.0
4332,村上彰一,39.4,29,6.9,10.3,17.2,16.9,0.2,6.3,0.192,2,0.0
3392,小森信雄,38.8,29,3.4,13.8,17.2,16.9,0.2,4.1,0.209,2,50.0
4113,木村浩士,47.9,29,10.3,10.3,20.7,20.4,0.2,9.0,0.174,0,
5341,山道諄也,11.5,69,2.9,4.3,7.2,6.9,0.2,2.8,0.199,16,12.5
5002,上田健太,60.3,39,5.1,23.1,28.2,27.9,0.2,6.1,0.168,1,0.0
4368,山口隆史,31.7,34,2.9,8.8,11.8,11.4,0.2,3.1,0.21,0,
5177,松井貫太,38.7,29,3.4,13.8,17.2,16.9,0.2,4.1,0.197,1,100.0
5272,松田真実,40.0,29,3.4,13.8,17.2,16.9,0.2,4.1,0.205,0,
4270,岸本雄貴,38.7,29,10.3,6.9,17.2,16.9,0.2,8.6,0.189,1,100.0
5107,松本真広,40.5,29,3.4,13.8,17.2,16.9,0.2,4.1,0.175,0,
5243,三馬崇史,50.7,29,10.3,10.3,20.7,20.4,0.2,9.0,0.187,2,0.0
5131,江藤敦宏,28.9,17,0.0,11.8,11.8,11.4,0.2,1.7,0.17,2,50.0
5363,山本凱立,2.0,95,0.0,1.1,1.1,0.8,0.2,0.0,0.193,0,
3868,尾形栄治,41.0,29,3.4,13.8,17.2,16.9,0.2,4.1,0.199,3,0.0
5186,遠藤圭吾,38.9,29,0.0,17.2,17.2,16.9,0.2,1.8,0.194,1,0.0
5431,得山大輝,2.0,95,1.1,0.0,1.1,0.8,0.2,0.9,0.167,0,
4177,萬正嗣,42.9,33,6.1,12.1,18.2,18.0,0.1,5.9,0.193,1,100.0
4039,村上功祐,51.9,44,4.5,15.9,20.5,20.4,0.1,5.0,0.164,2,0.0
4962,畑竜生,58.8,32,9.4,18.8,28.1,27.9,0.1,9.1,0.169,0,
3596,河上年昭,32.1,26,0.0,11.5,11.5,11.4,0.1,1.3,0.18,8,25.0
5415,阿部未侑,0.8,109,0.0,0.9,0.9,0.8,0.1,0.0,0.223,6,0.0
5392,安武一也,1.3,106,0.9,0.0,0.9,0.8,0.1,0.9,0.182,0,
5398,鐘ヶ江真司,25.8,83,0.0,9.6,9.6,9.5,0.1,0.5,0.192,0,
5409,宮本琉正,4.5,112,0.0,3.6,3.6,3.4,0.1,0.1,0.165,0,
5430,鳥本智史,3.5,85,2.4,1.2,3.5,3.4,0.1,2.2,0.18,0,
5440,薗頭心,3.5,85,3.5,0.0,3.5,3.4,0.1,3.2,0.183,0,
4791,黒澤めぐみ,56.0,40,5.0,20.0,25.0,25.0,-0.0,5.8,0.208,4,25.0
5372,上岡巧汰,4.5,117,0.0,3.4,3.4,3.4,-0.0,0.1,0.161,0,
3471,赤峰和也,33.1,24,0.0,12.5,12.5,12.5,-0.0,1.5,0.194,1,0.0
4260,中越博紀,53.0,40,10.0,15.0,25.0,25.0,-0.0,9.4,0.176,0,
4393,田中孝明,33.2,32,0.0,12.5,12.5,12.5,-0.0,1.2,0.229,1,100.0
5096,上原崚,55.2,40,7.5,17.5,25.0,25.0,-0.0,7.6,0.16,0,
3771,折下寛法,56.5,24,4.2,20.8,25.0,25.0,-0.0,5.5,0.178,1,100.0
3202,三品隆浩,34.5,32,6.2,6.2,12.5,12.5,-0.0,5.5,0.228,2,0.0
5378,鈴木結平太,4.6,88,1.1,2.3,3.4,3.4,-0.0,1.1,0.216,6,0.0
5393,藤原駿,1.4,127,0.0,0.8,0.8,0.8,0.0,0.0,0.216,0,
4653,小野達哉,67.9,34,14.7,23.5,38.2,38.2,0.0,13.8,0.161,0,
5333,山下智己,34.8,24,0.0,12.5,12.5,12.5,-0.0,1.5,0.183,0,
4883,岡部大輝,56.7,20,10.0,15.0,25.0,25.0,-0.0,9.0,0.164,2,0.0
5147,田中勇輔,33.1,24,4.2,8.3,12.5,12.5,-0.0,4.1,0.166,3,0.0
4729,佐藤謙史朗,32.5,16,12.5,0.0,12.5,12.5,-0.0,8.3,0.193,0,
3435,寺田千恵,63.9,27,7.4,25.9,33.3,33.5,-0.1,8.5,0.172,2,100.0
3304,烏野賢太,58.8,36,11.1,16.7,27.8,27.9,-0.1,10.4,0.189,0,
4364,池永太,65.2,33,15.2,18.2,33.3,33.5,-0.1,13.7,0.167,1,0.0
4594,谷川祐一,59.8,18,5.6,22.2,27.8,27.9,-0.1,7.0,0.187,3,33.3
5390,高橋涼夏,6.2,90,1.1,2.2,3.3,3.4,-0.1,1.1,0.168,10,0.0
4815,伏島祐介,43.9,39,7.7,10.3,17.9,18.0,-0.1,7.1,0.195,2,50.0
4991,宗行治哉,63.6,30,6.7,26.7,33.3,33.5,-0.1,7.9,0.204,0,
4089,妹尾忠幸,64.9,39,10.3,23.1,33.3,33.5,-0.1,10.3,0.176,0,
4226,村田浩司,44.5,28,7.1,10.7,17.9,18.0,-0.1,6.6,0.163,0,
3983,須藤博倫,61.8,36,11.1,16.7,27.8,27.9,-0.1,10.4,0.168,2,50.0
5045,平川香織,65.1,36,2.8,30.6,33.3,33.5,-0.1,5.0,0.202,4,50.0
4451,松崎祐太郎,64.7,33,9.1,24.2,33.3,33.5,-0.1,9.5,0.189,0,
4352,下條雄太郎,64.4,33,18.2,15.2,33.3,33.5,-0.1,15.7,0.176,0,
5051,松本純平,66.4,36,5.6,27.8,33.3,33.5,-0.1,7.0,0.172,3,0.0
4402,乙藤智史,60.2,36,5.6,22.2,27.8,27.9,-0.1,6.5,0.196,0,
5304,井田涼介,8.0,44,4.5,2.3,6.8,6.9,-0.1,3.9,0.188,1,100.0
5410,今泉澪,4.0,119,1.7,1.7,3.4,3.4,-0.1,1.6,0.177,0,
4155,長野壮志郎,64.4,33,15.2,18.2,33.3,33.5,-0.1,13.7,0.16,0,
4138,中井俊祐,43.8,28,10.7,7.1,17.9,18.0,-0.1,8.9,0.166,0,
5005,石田貴洋,64.9,27,11.1,22.2,33.3,33.5,-0.1,10.8,0.168,2,50.0
3419,栗原謙治,10.8,15,0.0,6.7,6.7,6.9,-0.1,1.1,0.222,1,0.0
4727,安部慎一,39.7,24,0.0,16.7,16.7,16.9,-0.2,2.0,0.158,0,
5357,田中瀬里奈,3.3,64,1.6,1.6,3.1,3.4,-0.2,1.5,0.183,16,0.0
4440,萩原知哉,38.5,24,4.2,12.5,16.7,16.9,-0.2,4.6,0.196,0,
5365,石村日奈那,7.5,63,0.0,3.2,3.2,3.4,-0.2,0.2,0.202,4,0.0
3801,五反田忍,43.0,17,11.8,5.9,17.6,18.0,-0.2,8.9,0.183,1,0.0
5286,坂井滉哉,41.2,30,10.0,6.7,16.7,16.9,-0.2,8.4,0.166,0,
3904,森貴洋,48.4,20,0.0,20.0,20.0,20.4,-0.2,2.7,0.195,0,
4112,大久保信一郎,59.6,29,3.4,24.1,27.6,27.9,-0.2,5.2,0.186,1,0.0
5008,羽野諒,40.3,24,4.2,12.5,16.7,16.9,-0.2,4.6,0.161,1,0.0
4908,上田龍星,68.0,29,17.2,20.7,37.9,38.2,-0.2,15.4,0.185,1,0.0
4704,河野大,60.8,47,12.8,14.9,27.7,27.9,-0.2,11.8,0.146,1,100.0
3645,淺田千亜希,47.4,17,5.9,11.8,17.6,18.0,-0.2,5.7,0.167,0,
5466,成田華音,3.1,32,3.1,0.0,3.1,3.4,-0.2,2.5,0.193,8,0.0
4293,鈴木智啓,49.2,45,2.2,17.8,20.0,20.4,-0.3,3.2,0.176,2,0.0
3752,宇土泰就,35.3,33,3.0,9.1,12.1,12.5,-0.3,3.3,0.173,2,0.0
5093,浦野海,48.9,35,14.3,5.7,20.0,20.4,-0.3,11.9,0.224,1,100.0
4861,田中宏樹,51.4,40,2.5,17.5,20.0,20.4,-0.3,3.5,0.195,1,100.0
4898,菊地敬介,43.5,34,5.9,11.8,17.6,18.0,-0.3,5.8,0.181,0,
4797,中山将,67.6,37,16.2,21.6,37.8,38.2,-0.3,15.0,0.158,2,0.0
5322,根岸真優,14.1,27,3.7,3.7,7.4,7.9,-0.3,3.3,0.17,6,16.7
3964,宮地博士,36.9,25,4.0,8.0,12.0,12.5,-0.3,4.0,0.205,1,0.0
5414,中澤英里,2.9,34,0.0,2.9,2.9,3.4,-0.3,0.3,0.208,0,
3544,豊田訓靖,27.2,22,9.1,0.0,9.1,9.5,-0.3,6.6,0.206,0,
3422,服部幸男,59.2,22,9.1,18.2,27.3,27.9,-0.4,8.9,0.161,0,
4817,渡邉翼,62.4,33,12.1,15.2,27.3,27.9,-0.4,11.0,0.17,0,
3981,今坂晃広,33.8,42,2.4,9.5,11.9,12.5,-0.4,2.8,0.207,1,100.0
5373,諏訪玲奈,12.8,41,0.0,7.3,7.3,7.9,-0.4,0.7,0.185,2,0.0
5029,中亮太,61.6,33,18.2,9.1,27.3,27.9,-0.4,15.2,0.166,1,0.0
4632,長尾京志郎,45.2,23,4.3,13.0,17.4,18.0,-0.4,4.8,0.203,2,0.0
4963,實森美祐,60.1,33,12.1,15.2,27.3,27.9,-0.4,11.0,0.17,4,25.0
5384,八戸琉楓,5.0,103,0.0,2.9,2.9,3.4,-0.4,0.1,0.203,0,
4281,大澤大夢,46.3,23,0.0,17.4,17.4,18.0,-0.4,2.2,0.177,0,
4010,越智照浩,29.0,19,0.0,10.5,10.5,11.4,-0.5,1.6,0.21,1,0.0
4811,向井田佑紀,42.7,29,0.0,17.2,17.2,18.0,-0.5,1.9,0.187,1,0.0
4625,渡邊裕貴,39.5,31,9.7,6.5,16.1,16.9,-0.5,8.2,0.172,0,
5018,竹下大樹,67.9,32,6.2,31.2,37.5,38.2,-0.5,8.0,0.171,0,
3602,奥平拓也,41.6,31,6.5,9.7,16.1,16.9,-0.5,6.1,0.182,3,0.0
4631,新井英孝,46.1,29,10.3,6.9,17.2,18.0,-0.5,8.7,0.159,1,0.0
3551,藤田美代,29.0,19,0.0,10.5,10.5,11.4,-0.5,1.6,0.182,0,
4015,前野竜一,59.0,44,6.8,20.5,27.3,27.9,-0.5,7.3,0.168,0,
3583,齋藤智裕,28.1,28,0.0,10.7,10.7,11.4,-0.5,1.2,0.187,2,50.0
4630,岩永雅人,57.1,41,12.2,12.2,24.4,25.0,-0.5,11.0,0.189,2,0.0
3477,近藤稔也,29.1,28,7.1,3.6,10.7,11.4,-0.5,5.9,0.214,1,0.0
5130,上野拓馬,41.1,37,2.7,13.5,16.2,16.9,-0.5,3.4,0.171,0,
5318,河内一馬,21.5,41,4.9,2.4,7.3,8.0,-0.5,4.2,0.177,1,0.0
3945,橋口真樹,31.6,19,0.0,10.5,10.5,11.4,-0.5,1.6,0.2,1,0.0
5156,坂野さくら,44.9,29,0.0,17.2,17.2,18.0,-0.5,1.9,0.192,0,
5450,藤本遼磨,0.0,32,0.0,0.0,0.0,0.8,-0.5,0.1,0.203,0,
5456,今村天次朗,0.0,34,0.0,0.0,0.0,0.8,-0.5,0.1,0.152,0,
5458,田中大輝,0.0,35,0.0,0.0,0.0,0.8,-0.5,0.1,0.202,0,
5471,田中結,0.0,32,0.0,0.0,0.0,0.8,-0.5,0.1,0.196,0,
5468,山口隼人,0.0,32,0.0,0.0,0.0,0.8,-0.5,0.1,0.19,0,
5370,日隈茜,1.7,68,0.0,0.0,0.0,0.8,-0.6,0.0,0.196,5,0.0
4079,出畑孝典,60.7,37,10.8,16.2,27.0,27.9,-0.6,10.2,0.18,2,50.0
4076,杉田篤光,50.4,41,7.3,12.2,19.5,20.4,-0.6,7.0,0.233,1,100.0
4917,岩橋裕馬,34.9,26,3.8,7.7,11.5,12.5,-0.6,3.9,0.161,1,0.0
4319,三宅潤,60.4,37,16.2,10.8,27.0,27.9,-0.6,14.0,0.207,0,
4288,永田啓二,73.4,37,8.1,35.1,43.2,44.0,-0.6,9.7,0.144,0,
4045,佐々木裕美,42.2,19,5.3,10.5,15.8,16.9,-0.6,5.3,0.166,2,0.0
3277,齋藤勇,39.4,25,4.0,12.0,16.0,16.9,-0.6,4.5,0.183,0,
4649,和田操拓,48.7,41,2.4,17.1,19.5,20.4,-0.6,3.5,0.149,0,
4977,馬野耀,59.4,26,11.5,15.4,26.9,27.9,-0.6,10.5,0.167,2,0.0
4788,小池哲也,58.6,26,7.7,19.2,26.9,27.9,-0.6,8.0,0.179,2,50.0
4637,中田友也,56.8,29,10.3,13.8,24.1,25.0,-0.6,9.5,0.191,1,0.0
5349,宮崎奏磨,1.3,64,0.0,0.0,0.0,0.8,-0.6,0.0,0.199,2,0.0
3282,池本輝明,38.6,19,0.0,15.8,15.8,16.9,-0.6,2.3,0.228,0,
4403,木下大將,61.9,26,3.8,23.1,26.9,27.9,-0.6,5.6,0.168,1,100.0
5385,鈴木柊介,12.9,84,3.6,3.6,7.1,7.9,-0.6,3.4,0.164,4,0.0
5422,真田聖也,1.1,75,0.0,0.0,0.0,0.8,-0.6,0.0,0.152,15,0.0
5424,熊倉幹太,1.2,71,0.0,0.0,0.0,0.8,-0.6,0.0,0.207,14,0.0
5423,高橋嗣穏,0.0,70,0.0,0.0,0.0,0.8,-0.6,0.0,0.213,0,
3340,池田雷太,31.9,29,3.4,6.9,10.3,11.4,-0.7,3.5,0.195,0,
4514,上條嘉嗣,69.5,27,7.4,29.6,37.0,38.2,-0.7,9.0,0.206,2,0.0
3796,長野道臣,45.8,41,9.8,7.3,17.1,18.0,-0.7,8.6,0.181,0,
4290,稲田浩二,64.6,37,10.8,21.6,32.4,33.5,-0.7,10.7,0.14,2,50.0
3361,岡部浩,31.9,29,0.0,10.3,10.3,11.4,-0.7,1.2,0.207,2,50.0
5380,野田亜湖,0.0,93,0.0,0.0,0.0,0.8,-0.7,0.0,0.283,0,
4731,間野兼礼,48.6,26,7.7,11.5,19.2,20.4,-0.7,7.2,0.161,0,
5352,西岡蒼志,39.4,50,4.0,12.0,16.0,16.9,-0.7,4.3,0.181,0,
4303,牧原崇,49.8,31,3.2,16.1,19.4,20.4,-0.7,4.2,0.197,2,0.0
4019,笠原亮,65.8,40,10.0,22.5,32.5,33.5,-0.7,10.1,0.191,2,100.0
4421,森作広大,26.4,24,0.0,8.3,8.3,9.5,-0.7,1.1,0.213,1,0.0
3459,中野和裕,23.8,24,0.0,8.3,8.3,9.5,-0.7,1.1,0.179,0,
5412,久保田凪紗,3.1,113,0.9,1.8,2.7,3.4,-0.7,0.9,0.18,4,0.0
5034,若林義人,64.5,37,10.8,21.6,32.4,33.5,-0.7,10.7,0.163,1,100.0
4914,吉田裕平,63.7,37,24.3,8.1,32.4,33.5,-0.7,20.3,0.141,0,
3772,一柳和孝,52.0,26,3.8,15.4,19.2,20.4,-0.7,4.7,0.184,4,0.0
3874,山本寛久,65.9,37,18.9,13.5,32.4,33.5,-0.7,16.5,0.175,0,
4959,井上忠政,65.3,37,18.9,13.5,32.4,33.5,-0.7,16.5,0.16,0,
5418,堀内亜海,0.0,125,0.0,0.0,0.0,0.8,-0.7,0.0,0.198,0,
5115,香川颯太,48.1,31,16.1,3.2,19.4,20.4,-0.7,12.9,0.182,0,
5366,塩嶋泰空,1.4,90,0.0,0.0,0.0,0.8,-0.7,0.0,0.191,0,
5429,吉川颯汰,1.1,86,0.0,0.0,0.0,0.8,-0.7,0.0,0.214,0,
5425,西山育,1.1,82,0.0,0.0,0.0,0.8,-0.7,0.0,0.243,8,0.0
5428,古園井綾南,0.0,84,0.0,0.0,0.0,0.8,-0.7,0.0,0.192,0,
5435,中西月輝,0.0,84,0.0,0.0,0.0,0.8,-0.7,0.0,0.215,0,
5436,市川瑚幸,0.0,98,0.0,0.0,0.0,0.8,-0.7,0.0,0.207,14,0.0
4164,岩永節也,35.7,18,5.6,5.6,11.1,12.5,-0.8,4.8,0.197,0,
4703,森永隆,61.3,30,10.0,16.7,26.7,27.9,-0.8,9.6,0.159,0,
4205,山口剛,66.5,31,9.7,22.6,32.3,33.5,-0.8,9.9,0.161,1,100.0
4682,大上卓人,58.5,30,13.3,13.3,26.7,27.9,-0.8,11.8,0.17,0,
3642,大塚浩二,29.5,20,0.0,10.0,10.0,11.4,-0.8,1.5,0.192,1,0.0
3730,塩崎優司,42.6,24,0.0,16.7,16.7,18.0,-0.8,2.2,0.194,0,
4074,柳沢一,65.2,31,16.1,16.1,32.3,33.5,-0.8,14.3,0.147,1,0.0
4063,市橋卓士,62.9,31,12.9,19.4,32.3,33.5,-0.8,12.1,0.151,2,0.0
5413,宮城那菜,6.1,118,0.8,1.7,2.5,3.4,-0.8,0.9,0.145,5,0.0
4711,前出達吉,60.6,30,6.7,20.0,26.7,27.9,-0.8,7.3,0.177,2,0.0
5407,中岡駿,10.2,102,2.0,3.9,5.9,6.9,-0.9,2.0,0.188,0,
3826,村田修次,63.2,25,8.0,24.0,32.0,33.5,-0.9,8.9,0.18,1,100.0
3812,山崎聖司,42.1,32,0.0,15.6,15.6,16.9,-0.9,1.7,0.188,1,0.0
4850,野中一平,63.2,28,10.7,21.4,32.1,33.5,-0.9,10.6,0.146,0,
4350,篠崎元志,65.0,25,8.0,24.0,32.0,33.5,-0.9,8.9,0.146,0,
3591,後藤孝義,20.6,16,0.0,6.2,6.2,8.0,-0.9,1.2,0.194,2,0.0
5391,出穂和鼓,3.7,85,0.0,2.4,2.4,3.4,-0.9,0.2,0.184,9,0.0
5016,宮田龍馬,69.3,46,8.7,28.3,37.0,38.2,-0.9,9.5,0.167,2,50.0
4012,中村有裕,60.6,19,0.0,26.3,26.3,27.9,-0.9,3.8,0.195,0,
3893,汐崎正則,46.2,30,3.3,13.3,16.7,18.0,-0.9,4.1,0.164,2,0.0
3889,須藤隆雄,34.2,27,3.7,7.4,11.1,12.5,-0.9,3.8,0.177,1,0.0
3313,本吉正樹,33.2,27,3.7,7.4,11.1,12.5,-0.9,3.8,0.191,1,0.0
3474,松瀬弘美,43.2,30,6.7,10.0,16.7,18.0,-0.9,6.3,0.207,2,0.0
3717,立間充宏,52.0,37,5.4,13.5,18.9,20.4,-1.0,5.7,0.184,3,33.3
4183,宇野弥生,44.7,42,4.8,11.9,16.7,18.0,-1.0,5.0,0.16,3,33.3
3875,廣中良一,41.0,26,7.7,7.7,15.4,16.9,-1.0,6.8,0.219,0,
4450,平高奈菜,58.1,34,8.8,17.6,26.5,27.9,-1.0,8.8,0.179,0,
4587,木田峰由季,61.8,34,14.7,11.8,26.5,27.9,-1.0,12.9,0.203,0,
4452,松尾祭,52.0,37,8.1,10.8,18.9,20.4,-1.0,7.6,0.189,0,
4387,平山智加,69.5,30,6.7,30.0,36.7,38.2,-1.0,8.4,0.162,2,50.0
5411,木下虎之輔,3.5,130,0.8,1.5,2.3,3.4,-1.0,0.8,0.175,7,0.0
4446,和田兼輔,70.8,38,7.9,28.9,36.8,38.2,-1.0,9.0,0.152,1,100.0
3989,熊本英一,29.6,30,3.3,6.7,10.0,11.4,-1.0,3.4,0.236,0,
4512,高野哲史,68.6,38,7.9,28.9,36.8,38.2,-1.0,9.0,0.17,0,
3963,原田秀弥,56.1,34,2.9,20.6,23.5,25.0,-1.0,4.4,0.187,3,66.7
5405,竹内来,8.9,87,0.0,5.7,5.7,6.9,-1.0,0.3,0.183,9,22.2
5237,永松良教,44.1,36,0.0,16.7,16.7,18.0,-1.0,1.6,0.178,2,0.0
5301,岩下巧斗,42.4,26,7.7,7.7,15.4,16.9,-1.0,6.8,0.17,1,0.0
5004,河野主樹,54.1,34,2.9,20.6,23.5,25.0,-1.0,4.4,0.171,1,0.0
4876,梅木敬太,41.9,39,2.6,12.8,15.4,16.9,-1.1,3.3,0.185,2,0.0
4435,服部達哉,52.5,32,3.1,15.6,18.8,20.4,-1.1,4.1,0.204,0,
5235,岩田凌,22.3,17,0.0,5.9,5.9,8.0,-1.1,1.2,0.189,2,0.0
4619,伏田裕隆,46.9,60,5.0,11.7,16.7,18.0,-1.1,5.1,0.162,1,0.0
3568,木村光宏,42.1,20,5.0,10.0,15.0,16.9,-1.1,5.1,0.176,0,
5335,森陽多,15.0,47,4.3,2.1,6.4,7.9,-1.1,3.8,0.183,0,
4099,吉永則雄,64.7,19,5.3,26.3,31.6,33.5,-1.1,7.5,0.166,1,0.0
4689,豊田結,52.1,32,3.1,15.6,18.8,20.4,-1.1,4.1,0.172,1,0.0
3871,池田紫乃,36.6,19,0.0,10.5,10.5,12.5,-1.1,1.7,0.189,0,
5439,志賀美優,3.1,91,0.0,2.2,2.2,3.4,-1.1,0.2,0.198,8,0.0
5148,松本怜,48.3,27,7.4,11.1,18.5,20.4,-1.2,7.0,0.199,0,
4873,蒲原健太,50.8,27,7.4,11.1,18.5,20.4,-1.2,7.0,0.202,0,
4896,花本剛,36.1,28,0.0,10.7,10.7,12.5,-1.2,1.4,0.199,0,
4169,多田有佑,26.8,26,3.8,3.8,7.7,9.5,-1.2,3.5,0.224,0,
5383,中村楓,4.8,100,1.0,1.0,2.0,3.4,-1.2,1.0,0.182,0,
4175,川尻泰輔,55.2,26,15.4,7.7,23.1,25.0,-1.2,12.6,0.168,2,50.0
3934,鋤柄貴俊,52.1,27,7.4,11.1,18.5,20.4,-1.2,7.0,0.192,1,0.0
5266,石田勇斗,38.6,33,3.0,12.1,15.2,16.9,-1.2,3.7,0.161,2,0.0
5098,大江純,48.8,27,7.4,11.1,18.5,20.4,-1.2,7.0,0.178,2,0.0
4995,田邉亮蔵,40.3,33,3.0,12.1,15.2,16.9,-1.2,3.7,0.206,0,
3656,伯母芳恒,53.2,26,11.5,11.5,23.1,25.0,-1.2,10.2,0.201,1,0.0
4987,島倉都,32.6,28,0.0,10.7,10.7,12.5,-1.2,1.4,0.188,2,0.0
4526,池田雄祐,56.7,26,3.8,19.2,23.1,25.0,-1.2,5.3,0.167,1,0.0
4558,宮野仁,33.0,28,3.6,7.1,10.7,12.5,-1.2,3.7,0.246,0,
4586,磯部誠,60.0,38,7.9,18.4,26.3,27.9,-1.2,8.1,0.144,0,
3286,坂東満,38.1,27,0.0,14.8,14.8,16.9,-1.3,1.9,0.192,1,0.0
5041,荒牧凪沙,46.0,37,8.1,8.1,16.2,18.0,-1.3,7.4,0.2,0,
5381,有山望,17.0,64,0.0,6.2,6.2,7.9,-1.3,0.5,0.171,4,0.0
4417,服部剛,48.3,22,4.5,13.6,18.2,20.4,-1.3,5.3,0.211,2,50.0
5214,田中宏典,46.3,31,3.2,12.9,16.1,18.0,-1.3,4.0,0.188,1,0.0
3997,北村征嗣,68.4,33,9.1,27.3,36.4,38.2,-1.3,9.9,0.176,0,
4094,中島真二,40.6,27,3.7,11.1,14.8,16.9,-1.3,4.3,0.198,0,
5396,近藤来希,6.3,102,0.0,2.0,2.0,3.4,-1.3,0.1,0.207,0,
4349,犬童千秋,43.1,25,4.0,12.0,16.0,18.0,-1.3,4.6,0.139,1,100.0
4771,下寺秀和,71.8,33,21.2,15.2,36.4,38.2,-1.3,18.3,0.161,0,
4735,角山雄哉,41.9,27,0.0,14.8,14.8,16.9,-1.3,1.9,0.18,0,
4725,佐竹太一,45.5,31,0.0,16.1,16.1,18.0,-1.3,1.8,0.191,1,0.0
5342,原村百那,5.8,55,0.0,1.8,1.8,3.4,-1.3,0.2,0.174,1,0.0
5254,羽田妃希,31.5,32,0.0,9.4,9.4,11.4,-1.4,1.1,0.196,0,
3514,山一鉄也,55.0,39,7.7,15.4,23.1,25.0,-1.4,7.7,0.187,1,100.0
5362,中嶋世奈,10.1,58,0.0,5.2,5.2,6.9,-1.4,0.4,0.212,3,0.0
4475,末永祐輝,64.0,35,8.6,22.9,31.4,33.5,-1.4,9.1,0.178,0,
4345,西舘健,53.4,39,17.9,5.1,23.1,25.0,-1.4,15.1,0.172,2,50.0
4208,三浦永理,67.4,35,14.3,17.1,31.4,33.5,-1.4,13.1,0.17,0,
4145,小澤学,31.6,22,0.0,9.1,9.1,11.4,-1.4,1.4,0.246,2,0.0
5268,山本幸也,22.3,64,0.0,6.2,6.2,8.0,-1.4,0.5,0.233,5,0.0
4964,土屋南,57.4,22,9.1,13.6,22.7,25.0,-1.4,8.5,0.166,1,0.0
4011,堀之内紀代子,57.7,35,11.4,14.3,25.7,27.9,-1.5,10.6,0.165,1,0.0
5420,吉原快誓,3.6,113,0.0,1.8,1.8,3.4,-1.5,0.1,0.187,0,
4337,平本真之,66.4,32,12.5,18.8,31.2,33.5,-1.5,11.8,0.162,0,
4053,芦澤望,57.3,35,5.7,17.1,22.9,25.0,-1.5,6.3,0.184,4,50.0
4447,深川麻奈美,56.1,35,14.3,8.6,22.9,25.0,-1.5,12.3,0.186,0,
5347,井澤聖奈,2.8,63,0.0,1.6,1.6,3.4,-1.5,0.2,0.186,3,0.0
3967,鈴木茂高,38.5,34,2.9,11.8,14.7,16.9,-1.5,3.6,0.21,1,100.0
5395,日高龍之介,9.2,78,2.6,2.6,5.1,6.9,-1.5,2.5,0.205,0,
3777,樋口亮,58.2,39,7.7,17.9,25.6,27.9,-1.6,8.0,0.202,0,
5367,赤松咲香,5.4,67,1.5,0.0,1.5,3.4,-1.6,1.4,0.173,5,0.0
3988,古川誠之,59.4,39,2.6,23.1,25.6,27.9,-1.6,4.3,0.171,2,100.0
4415,下出卓矢,56.6,48,12.5,10.4,22.9,25.0,-1.6,11.4,0.146,0,
4167,片岡秀樹,36.2,39,5.1,5.1,10.3,12.5,-1.6,4.8,0.168,0,
4411,沢田昭宏,52.5,44,6.8,11.4,18.2,20.4,-1.6,6.7,0.172,0,
4406,幸野史明,37.2,48,2.1,8.3,10.4,12.5,-1.6,2.5,0.171,5,0.0
4227,安達裕樹,55.9,31,3.2,19.4,22.6,25.0,-1.6,4.7,0.168,0,
4016,西川新太郎,48.5,28,10.7,7.1,17.9,20.4,-1.6,9.2,0.176,3,0.0
3635,石田政吾,48.3,44,2.3,15.9,18.2,20.4,-1.6,3.3,0.192,0,
4677,片橋幸貴,63.6,29,10.3,20.7,31.0,33.5,-1.6,10.4,0.19,0,
3647,伊藤雄二,29.8,33,0.0,9.1,9.1,11.4,-1.6,1.1,0.213,4,0.0
5219,森口和紀,45.1,32,9.4,6.2,15.6,18.0,-1.6,8.2,0.178,0,
4388,是澤孝宏,60.8,39,7.7,17.9,25.6,27.9,-1.6,8.0,0.182,1,0.0
4882,瀧川千依,31.1,23,0.0,8.7,8.7,11.4,-1.7,1.4,0.249,0,
4022,待鳥雄紀,37.1,21,0.0,9.5,9.5,12.5,-1.7,1.6,0.179,1,0.0
4557,松尾光広,39.6,41,0.0,14.6,14.6,16.9,-1.7,1.4,0.227,1,0.0
3467,森弘行,30.3,23,8.7,0.0,8.7,11.4,-1.7,6.7,0.163,2,0.0
4262,馬場貴也,67.5,39,10.3,25.6,35.9,38.2,-1.7,10.7,0.167,1,100.0
4367,山口修路,39.2,28,3.6,10.7,14.3,16.9,-1.7,4.2,0.223,2,0.0
3790,佐口達也,37.8,28,7.1,7.1,14.3,16.9,-1.7,6.5,0.217,0,
3620,信濃由行,35.2,21,0.0,9.5,9.5,12.5,-1.7,1.6,0.191,3,0.0
3715,倉尾大介,59.9,20,10.0,15.0,25.0,27.9,-1.7,9.4,0.176,1,0.0
3631,田添康介,17.9,20,0.0,5.0,5.0,8.0,-1.7,1.1,0.166,0,
5369,岡崎凪汰,20.4,52,0.0,5.8,5.8,8.0,-1.7,0.6,0.177,0,
5275,松田淳平,66.8,26,11.5,19.2,30.8,33.5,-1.7,11.1,0.15,0,
4325,新出浩司,41.9,28,0.0,14.3,14.3,16.9,-1.7,1.8,0.163,3,33.3
5203,神里琴音,46.2,26,3.8,11.5,15.4,18.0,-1.7,4.5,0.17,1,0.0
3175,渡辺千草,42.7,26,3.8,11.5,15.4,18.0,-1.7,4.5,0.178,0,
4408,仁科さやか,27.2,16,6.2,0.0,6.2,9.5,-1.7,4.7,0.183,0,
5334,樫葉新心,19.3,36,0.0,5.6,5.6,8.0,-1.7,0.7,0.197,0,
4050,田口節子,72.5,39,12.8,23.1,35.9,38.2,-1.7,12.5,0.192,1,0.0
3696,白井友晴,45.7,26,0.0,15.4,15.4,18.0,-1.7,2.0,0.187,2,0.0
4614,石倉洋行,67.9,39,7.7,28.2,35.9,38.2,-1.7,8.8,0.146,0,
3726,桂林寛,42.9,20,0.0,15.0,15.0,18.0,-1.7,2.4,0.188,1,0.0
4837,酒井陽祐,49.5,23,8.7,8.7,17.4,20.4,-1.8,7.8,0.171,3,0.0
4976,金山立樹,49.7,23,8.7,8.7,17.4,20.4,-1.8,7.8,0.209,0,
3690,河合三弘,41.4,35,5.7,8.6,14.3,16.9,-1.8,5.6,0.18,0,
3587,武田信一,33.2,40,2.5,7.5,10.0,12.5,-1.8,2.9,0.178,1,0.0
3854,吉川元浩,64.6,23,4.3,26.1,30.4,33.5,-1.8,6.7,0.165,1,0.0
3832,下田哲也,31.1,24,0.0,8.3,8.3,11.4,-1.9,1.4,0.184,2,0.0
3787,天野誠,29.3,24,0.0,8.3,8.3,11.4,-1.9,1.4,0.202,0,
4407,鹿島敏弘,47.6,34,2.9,14.7,17.6,20.4,-1.9,4.0,0.202,1,0.0
4336,松田竜馬,46.4,39,10.3,5.1,15.4,18.0,-1.9,9.0,0.164,0,
5249,三木晴斗,47.6,34,8.8,8.8,17.6,20.4,-1.9,8.1,0.18,0,
4034,西原明生,31.8,24,0.0,8.3,8.3,11.4,-1.9,1.4,0.208,0,
5090,生方靖亜,51.8,34,5.9,11.8,17.6,20.4,-1.9,6.0,0.181,2,0.0
4330,奈須啓太,62.3,28,0.0,25.0,25.0,27.9,-1.9,3.0,0.144,1,0.0
4054,福嶋智之,38.5,42,7.1,7.1,14.3,16.9,-1.9,6.6,0.154,1,0.0
3704,本部めぐみ,20.7,21,4.8,0.0,4.8,8.0,-1.9,3.8,0.212,3,0.0
5212,西川拓利,60.6,28,7.1,17.9,25.0,27.9,-1.9,7.7,0.165,0,
4299,中島浩哉,40.6,22,4.5,9.1,13.6,16.9,-1.9,4.8,0.181,0,
4273,佐藤旭,46.9,39,5.1,10.3,15.4,18.0,-1.9,5.3,0.188,2,0.0
5158,宮脇遼太,64.1,39,15.4,15.4,30.8,33.5,-1.9,14.0,0.165,0,
4733,赤井睦,45.9,33,6.1,9.1,15.2,18.0,-2.0,5.9,0.153,0,
5353,草川壮良,13.7,73,2.7,2.7,5.5,7.9,-2.0,2.7,0.174,0,
5103,芝田京介,31.2,35,2.9,5.7,8.6,11.4,-2.0,3.1,0.195,12,0.0
3578,塩田雄一,33.8,22,0.0,9.1,9.1,12.5,-2.0,1.6,0.172,0,
5200,筒井美琴,5.2,22,0.0,0.0,0.0,3.4,-2.0,0.4,0.178,0,
4884,勝浦真帆,51.8,18,5.6,11.1,16.7,20.4,-2.0,5.9,0.175,2,0.0
4499,滝川真由子,52.6,23,4.3,17.4,21.7,25.0,-2.0,5.7,0.177,0,
4390,松本弓雄,32.8,22,0.0,9.1,9.1,12.5,-2.0,1.6,0.184,0,
4128,川口貴久,45.9,33,0.0,15.2,15.2,18.0,-2.0,1.7,0.174,3,0.0
5064,品川二千翔,60.4,36,5.6,19.4,25.0,27.9,-2.1,6.5,0.185,1,0.0
5287,滝沢織寧,23.9,31,3.2,3.2,6.5,9.5,-2.1,3.1,0.166,9,11.1
3226,浦田信義,44.1,27,7.4,7.4,14.8,18.0,-2.1,6.8,0.19,1,0.0
5302,秋末秦悟,32.1,25,0.0,8.0,8.0,11.4,-2.1,1.3,0.177,0,
4207,松下一也,61.4,36,8.3,16.7,25.0,27.9,-2.1,8.4,0.142,2,0.0
4834,浜本裕己,55.8,32,6.2,15.6,21.9,25.0,-2.1,6.7,0.173,0,
4848,仲谷颯仁,62.8,36,13.9,16.7,30.6,33.5,-2.1,12.9,0.17,0,
4537,渡邉和将,65.9,36,8.3,22.2,30.6,33.5,-2.1,8.9,0.166,2,0.0
4014,片岡恵里,53.2,32,6.2,15.6,21.9,25.0,-2.1,6.7,0.184,0,
5230,石原凪紗,37.3,32,0.0,9.4,9.4,12.5,-2.1,1.2,0.205,1,0.0
3233,小畑実成,41.7,29,0.0,13.8,13.8,16.9,-2.1,1.8,0.189,0,
4808,松尾拓,61.1,36,5.6,19.4,25.0,27.9,-2.1,6.5,0.182,1,0.0
3075,中村裕将,41.8,29,6.9,6.9,13.8,16.9,-2.1,6.3,0.153,3,33.3
3867,松浦勝,30.8,25,4.0,4.0,8.0,11.4,-2.1,3.8,0.189,1,0.0
3808,秋田健太郎,28.7,25,4.0,4.0,8.0,11.4,-2.1,3.8,0.18,1,0.0
5208,屋良龍紀,38.5,29,3.4,10.3,13.8,16.9,-2.1,4.1,0.175,1,0.0
4603,谷川将太,52.9,32,3.1,18.8,21.9,25.0,-2.1,4.6,0.18,0,
4266,長田頼宗,63.6,33,12.1,18.2,30.3,33.5,-2.2,11.6,0.174,1,0.0
4723,寺島吉彦,39.0,50,8.0,6.0,14.0,16.9,-2.2,7.4,0.167,2,0.0
5252,荒木颯斗,62.7,33,3.0,27.3,30.3,33.5,-2.2,5.3,0.175,2,50.0
3811,石田章央,62.1,48,14.6,10.4,25.0,27.9,-2.2,13.2,0.164,3,33.3
5121,定松勇樹,68.0,37,21.6,13.5,35.1,38.2,-2.2,18.8,0.147,1,0.0
4004,山本浩輔,46.6,21,9.5,4.8,14.3,18.0,-2.2,7.9,0.184,0,
3908,重成一人,62.0,48,4.2,20.8,25.0,27.9,-2.2,5.2,0.15,0,
4761,山田晃大,53.4,41,4.9,17.1,22.0,25.0,-2.2,5.6,0.155,4,25.0
4678,水野望美,47.4,21,0.0,14.3,14.3,18.0,-2.2,2.3,0.194,0,
4589,塩崎桐加,45.8,21,9.5,4.8,14.3,18.0,-2.2,7.9,0.192,1,0.0
5345,牧村俊輝,13.7,59,1.7,3.4,5.1,7.9,-2.2,1.8,0.203,6,0.0
5196,鰐部太空海,68.6,37,13.5,21.6,35.1,38.2,-2.2,13.0,0.175,0,
5290,坂本一真,24.0,32,3.1,3.1,6.2,9.5,-2.2,3.1,0.189,1,0.0
5198,奥村明日香,41.1,23,0.0,13.0,13.0,16.9,-2.3,2.1,0.181,0,
4669,井上茂,41.8,23,4.3,8.7,13.0,16.9,-2.3,4.7,0.183,0,
4527,高野心吾,36.9,23,4.3,4.3,8.7,12.5,-2.3,4.2,0.196,0,
5221,竹間隆晟,65.3,46,6.5,23.9,30.4,33.5,-2.3,7.5,0.161,3,66.7
3518,倉田郁美,34.2,23,8.7,0.0,8.7,12.5,-2.3,6.8,0.194,0,
5106,山崎祥,54.9,28,3.6,17.9,21.4,25.0,-2.3,5.0,0.195,0,
4744,伊藤玲奈,41.5,23,4.3,8.7,13.0,16.9,-2.3,4.7,0.224,0,
3580,水口由紀,38.7,23,4.3,8.7,13.0,16.9,-2.3,4.7,0.195,2,50.0
4909,薮内瑞希,45.4,34,5.9,8.8,14.7,18.0,-2.3,5.8,0.177,5,40.0
5307,富永夏哉人,44.8,28,3.6,10.7,14.3,18.0,-2.4,4.3,0.187,2,0.0
4872,山下流心,44.1,28,3.6,10.7,14.3,18.0,-2.4,4.3,0.203,0,
4973,栗原直也,49.1,41,2.4,14.6,17.1,20.4,-2.4,3.5,0.199,3,0.0
4380,鈴木峻佑,37.9,30,3.3,10.0,13.3,16.9,-2.4,4.0,0.171,3,0.0
3713,伊藤誠二,56.0,37,2.7,18.9,21.6,25.0,-2.4,4.2,0.169,1,0.0
4150,山田雄太,57.1,37,5.4,16.2,21.6,25.0,-2.4,6.1,0.151,2,50.0
4061,萩原秀人,65.3,43,7.0,23.3,30.2,33.5,-2.4,7.9,0.139,1,0.0
5327,西田和加,2.5,37,0.0,0.0,0.0,3.4,-2.4,0.3,0.178,8,0.0
4484,稲生夏季,45.2,28,10.7,3.6,14.3,18.0,-2.4,8.9,0.196,1,0.0
5162,松尾怜実,31.2,15,0.0,6.7,6.7,11.4,-2.4,1.8,0.195,0,
2538,高橋二朗,23.2,19,0.0,5.3,5.3,9.5,-2.4,1.3,0.215,0,
5020,宮村勇哉,37.5,30,0.0,13.3,13.3,16.9,-2.4,1.7,0.184,2,0.0
3995,重野哲之,67.0,27,11.1,18.5,29.6,33.5,-2.5,10.8,0.15,5,40.0
5355,萩原丈太朗,8.1,53,0.0,3.8,3.8,6.9,-2.5,0.5,0.194,3,0.0
2878,富山弘幸,54.5,15,13.3,6.7,20.0,25.0,-2.5,10.5,0.186,1,0.0
4485,楠原正剛,50.4,30,6.7,10.0,16.7,20.4,-2.5,6.5,0.176,0,
5277,井上未都,50.3,30,3.3,13.3,16.7,20.4,-2.5,4.3,0.151,0,
3562,山下和彦,59.3,33,12.1,12.1,24.2,27.9,-2.5,11.0,0.192,3,33.3
4705,吉川勇作,27.4,34,5.9,0.0,5.9,9.5,-2.5,5.0,0.168,0,
4043,桐本康臣,59.2,25,12.0,12.0,24.0,27.9,-2.5,10.7,0.195,1,100.0
4974,安井瑞紀,58.0,33,6.1,18.2,24.2,27.9,-2.5,6.9,0.158,1,0.0
3411,池上隆行,27.0,20,0.0,5.0,5.0,9.5,-2.6,1.3,0.194,1,0.0
4502,遠藤エミ,72.1,32,9.4,25.0,34.4,38.2,-2.6,10.2,0.159,0,
4013,中島孝平,67.7,46,23.9,10.9,34.8,38.2,-2.6,20.9,0.16,2,100.0
3558,山本浩次,43.4,22,0.0,13.6,13.6,18.0,-2.6,2.3,0.17,3,66.7
4358,松本庸平,37.2,24,0.0,8.3,8.3,12.5,-2.6,1.5,0.212,0,
4762,藤原啓史朗,68.6,46,13.0,21.7,34.8,38.2,-2.6,12.7,0.132,0,
4520,高倉孝太,55.3,33,6.1,15.2,21.2,25.0,-2.6,6.6,0.147,2,0.0
4550,石岡将太,51.2,19,0.0,15.8,15.8,20.4,-2.6,2.8,0.162,1,0.0
5060,数原魁,55.7,33,3.0,18.2,21.2,25.0,-2.6,4.5,0.188,0,
3499,市川哲也,64.2,24,8.3,20.8,29.2,33.5,-2.6,9.1,0.168,3,66.7
4009,小林一樹,53.5,24,4.2,16.7,20.8,25.0,-2.6,5.5,0.153,0,
4989,石原翼,59.4,41,4.9,19.5,24.4,27.9,-2.6,5.9,0.178,0,
5079,大石真央,44.9,35,2.9,11.4,14.3,18.0,-2.6,3.7,0.191,2,0.0
4560,庄司樹良々,59.3,37,5.4,18.9,24.3,27.9,-2.6,6.3,0.198,2,0.0
3081,岡本慎治,46.7,22,0.0,13.6,13.6,18.0,-2.6,2.3,0.185,0,
4878,西岡育未,41.2,17,5.9,5.9,11.8,16.9,-2.7,5.6,0.185,1,0.0
4257,古川健,40.8,31,3.2,9.7,12.9,16.9,-2.7,3.9,0.181,0,
4728,山口亮,40.9,31,3.2,9.7,12.9,16.9,-2.7,3.9,0.196,0,
4479,矢野真梨菜,30.4,16,0.0,6.2,6.2,11.4,-2.7,1.7,0.212,1,0.0
3928,林恵祐,29.5,28,0.0,7.1,7.1,11.4,-2.8,1.2,0.198,0,
4081,樋口範政,37.2,35,2.9,5.7,8.6,12.5,-2.8,3.2,0.202,1,100.0
4449,中嶋達也,34.4,25,8.0,0.0,8.0,12.5,-2.8,6.5,0.194,1,0.0
4685,島村隆幸,78.0,35,11.4,28.6,40.0,44.0,-2.8,12.1,0.174,1,0.0
5070,中島航,36.6,25,4.0,4.0,8.0,12.5,-2.8,4.0,0.208,1,0.0
3869,井芹大志,37.4,25,0.0,8.0,8.0,12.5,-2.8,1.5,0.19,0,
4752,西尾亮輔,36.5,25,4.0,4.0,8.0,12.5,-2.8,4.0,0.185,0,
5280,廣瀬凜,72.7,35,5.7,34.3,40.0,44.0,-2.8,8.1,0.199,2,50.0
4871,菊池宏志,42.7,29,0.0,13.8,13.8,18.0,-2.8,1.9,0.17,0,
4244,鈴木成美,27.1,21,0.0,4.8,4.8,9.5,-2.8,1.2,0.179,1,0.0
5306,河内悠利杏,14.8,28,0.0,3.6,3.6,7.9,-2.8,0.9,0.206,1,0.0
4894,原村拓也,44.0,29,0.0,13.8,13.8,18.0,-2.8,1.9,0.215,0,
5083,柳瀬幹太,44.7,29,6.9,6.9,13.8,18.0,-2.8,6.5,0.164,2,50.0
3853,岩崎正哉,51.0,31,3.2,12.9,16.1,20.4,-2.9,4.2,0.208,2,0.0
5188,武井莉里佳,56.3,29,10.3,10.3,20.7,25.0,-2.9,9.5,0.156,0,
4062,後藤陽介,35.6,36,0.0,8.3,8.3,12.5,-2.9,1.1,0.19,2,0.0
3825,宮嵜隆太郎,25.6,37,2.7,2.7,5.4,9.5,-2.9,2.8,0.136,0,
4652,酒見峻介,48.6,31,0.0,16.1,16.1,20.4,-2.9,2.1,0.205,0,
5109,川崎智稔,46.3,36,2.8,11.1,13.9,18.0,-2.9,3.6,0.163,1,0.0
4736,高倉和士,70.6,38,15.8,18.4,34.2,38.2,-2.9,14.7,0.157,2,50.0
5146,野田彩加,53.9,20,10.0,10.0,20.0,25.0,-2.9,9.0,0.166,2,50.0
3319,山崎義明,54.5,29,3.4,17.2,20.7,25.0,-2.9,4.9,0.182,2,50.0
4419,原加央理,56.8,20,5.0,15.0,20.0,25.0,-2.9,6.2,0.163,0,
4195,前川守嗣,48.3,31,9.7,6.5,16.1,20.4,-2.9,8.6,0.166,0,
5210,藤井公人,49.2,31,6.5,9.7,16.1,20.4,-2.9,6.4,0.164,1,0.0
4252,松下哲也,39.9,32,0.0,12.5,12.5,16.9,-3.0,1.7,0.196,4,25.0
4121,富永修一,60.7,42,2.4,21.4,23.8,27.9,-3.0,4.0,0.164,2,0.0
4355,小川広大,20.1,29,0.0,3.4,3.4,8.0,-3.0,0.8,0.215,2,0.0
4792,杉村賢也,44.7,23,0.0,13.0,13.0,18.0,-3.0,2.2,0.196,1,0.0
4539,金子賢志,59.0,42,7.1,16.7,23.8,27.9,-3.0,7.5,0.158,3,0.0
4607,鶴田勇雄,57.5,42,4.8,19.0,23.8,27.9,-3.0,5.8,0.179,3,0.0
3430,角浜修,34.9,26,3.8,3.8,7.7,12.5,-3.1,3.9,0.171,2,0.0
4633,森智也,58.3,34,5.9,17.6,23.5,27.9,-3.1,6.7,0.207,0,
4793,金子萌,63.1,41,17.1,12.2,29.3,33.5,-3.1,15.3,0.145,0,
5364,金子怜央,8.7,91,2.2,1.1,3.3,6.9,-3.1,2.2,0.164,0,
4513,河野真也,57.4,34,0.0,20.6,20.6,25.0,-3.1,2.4,0.209,1,0.0
4191,赤羽克也,61.8,26,7.7,15.4,23.1,27.9,-3.1,8.0,0.18,6,16.7
5279,石渡翔一郎,54.4,25,12.0,8.0,20.0,25.0,-3.1,10.4,0.164,2,0.0
5120,山本稔太朗,51.4,20,10.0,5.0,15.0,20.4,-3.1,8.4,0.172,0,
4695,尾崎雄二,46.8,30,0.0,13.3,13.3,18.0,-3.1,1.9,0.143,1,0.0
4324,海野康志郎,66.8,18,11.1,16.7,27.8,33.5,-3.1,10.8,0.162,0,
5262,鈴木章司,40.4,25,8.0,4.0,12.0,16.9,-3.1,7.0,0.226,2,0.0
3994,小野桜,49.7,20,5.0,10.0,15.0,20.4,-3.1,5.6,0.187,0,
3741,松尾基成,25.5,23,0.0,4.3,4.3,9.5,-3.1,1.2,0.208,2,0.0
3659,藤生雄人,58.5,22,4.5,18.2,22.7,27.9,-3.1,6.2,0.176,2,50.0
3863,海老澤泰行,37.1,26,3.8,3.8,7.7,12.5,-3.1,3.9,0.194,2,50.0
4297,山田哲也,61.6,30,3.3,20.0,23.3,27.9,-3.1,5.1,0.132,0,
3987,後藤正宗,60.4,30,6.7,16.7,23.3,27.9,-3.1,7.3,0.159,1,0.0
4104,木下陽介,37.6,25,4.0,8.0,12.0,16.9,-3.1,4.5,0.159,0,
4077,品田直樹,52.1,32,0.0,15.6,15.6,20.4,-3.2,2.0,0.196,2,0.0
4778,堤啓輔,49.7,26,7.7,7.7,15.4,20.4,-3.2,7.2,0.189,0,
4432,黄金井力良,50.2,32,9.4,6.2,15.6,20.4,-3.2,8.4,0.178,1,0.0
3740,大澤普司,63.9,38,13.2,15.8,28.9,33.5,-3.2,12.4,0.174,3,33.3
4489,岩川仁士,49.1,32,3.1,12.5,15.6,20.4,-3.2,4.1,0.21,0,
3949,今出晋二,27.6,30,0.0,6.7,6.7,11.4,-3.2,1.2,0.214,1,0.0
4525,真子奈津実,41.4,18,0.0,11.1,11.1,16.9,-3.2,2.4,0.155,1,0.0
4786,佐藤博亮,67.4,38,13.2,15.8,28.9,33.5,-3.2,12.4,0.139,2,0.0
4103,山崎善庸,28.4,30,0.0,6.7,6.7,11.4,-3.2,1.2,0.245,4,0.0
3792,田中豪,65.8,28,10.7,17.9,28.6,33.5,-3.2,10.6,0.179,1,100.0
5293,眞崎武蔵,14.3,53,1.9,1.9,3.8,7.9,-3.2,2.0,0.24,7,0.0
4910,中村泰平,71.9,30,6.7,26.7,33.3,38.2,-3.2,8.4,0.17,1,100.0
3737,上平真二,68.1,30,10.0,23.3,33.3,38.2,-3.2,10.6,0.201,0,
4501,樋口由加里,48.9,38,5.3,10.5,15.8,20.4,-3.3,5.6,0.16,2,0.0
3461,渡邊哲也,18.2,32,0.0,3.1,3.1,8.0,-3.3,0.8,0.219,0,
4042,丸岡正典,62.8,48,10.4,18.8,29.2,33.5,-3.3,10.4,0.204,3,66.7
4659,木下翔太,70.1,33,15.2,18.2,33.3,38.2,-3.3,14.1,0.171,0,
5250,嶋田有里,36.3,27,0.0,7.4,7.4,12.5,-3.3,1.4,0.209,0,
5009,大賀龍之介,49.6,38,5.3,10.5,15.8,20.4,-3.3,5.6,0.193,1,0.0
5042,畑田汰一,65.0,25,8.0,20.0,28.0,33.5,-3.4,8.9,0.176,7,28.6
3581,加木郁,43.7,24,8.3,4.2,12.5,18.0,-3.4,7.3,0.194,0,
5193,米丸乃絵,68.5,36,8.3,25.0,33.3,38.2,-3.4,9.4,0.177,1,0.0
4292,麻生慎介,64.2,25,16.0,12.0,28.0,33.5,-3.4,13.9,0.155,1,0.0
3679,飯島昌弘,66.8,25,8.0,20.0,28.0,33.5,-3.4,8.9,0.176,3,33.3
3224,栗山繁洋,34.0,17,0.0,5.9,5.9,12.5,-3.5,1.8,0.209,0,
3604,武藤綾子,34.8,28,0.0,7.1,7.1,12.5,-3.5,1.4,0.207,0,
3434,松尾宣邦,46.3,31,6.5,6.5,12.9,18.0,-3.5,6.2,0.184,0,
3955,眞田英二,49.7,21,0.0,14.3,14.3,20.4,-3.5,2.6,0.208,0,
4824,松井洪弥,60.2,39,5.1,17.9,23.1,27.9,-3.5,6.1,0.156,0,
4391,松田祐季,61.0,35,8.6,14.3,22.9,27.9,-3.5,8.6,0.188,1,0.0
3605,中村守成,34.8,28,0.0,7.1,7.1,12.5,-3.5,1.4,0.2,1,0.0
3680,森林太,35.4,28,0.0,7.1,7.1,12.5,-3.5,1.4,0.229,1,0.0
4925,森悠稀,57.2,35,2.9,17.1,20.0,25.0,-3.5,4.3,0.158,1,100.0
4437,中田元泰,60.7,39,7.7,15.4,23.1,27.9,-3.5,8.0,0.181,0,
4111,奥田誠,50.7,27,3.7,11.1,14.8,20.4,-3.6,4.6,0.18,0,
5037,田頭虎親,53.2,40,10.0,10.0,20.0,25.0,-3.6,9.4,0.184,0,
4427,秦英悟,61.8,31,16.1,6.5,22.6,27.9,-3.6,13.7,0.147,1,100.0
4458,抹香雄三,47.9,27,3.7,11.1,14.8,20.4,-3.6,4.6,0.157,0,
3793,高橋真吾,38.0,34,0.0,11.8,11.8,16.9,-3.6,1.6,0.164,1,0.0
4608,荒井翔伍,59.3,31,3.2,19.4,22.6,27.9,-3.6,5.0,0.18,2,50.0
4639,雑賀勇貴,39.1,19,0.0,10.5,10.5,16.9,-3.6,2.3,0.18,2,50.0
3567,吉岡誠,27.0,26,3.8,0.0,3.8,9.5,-3.6,3.5,0.192,2,0.0
4892,柴田直哉,49.5,33,6.1,9.1,15.2,20.4,-3.6,6.1,0.208,3,33.3
3907,村越篤,52.4,39,2.6,12.8,15.4,20.4,-3.6,3.6,0.168,1,0.0
5063,大塚雅治,38.8,34,0.0,11.8,11.8,16.9,-3.6,1.6,0.203,0,
5055,眞鳥章太,55.7,40,5.0,15.0,20.0,25.0,-3.6,5.8,0.165,0,
4131,原豊土,63.1,32,12.5,15.6,28.1,33.5,-3.6,11.8,0.19,2,50.0
5223,森清友翔,41.6,34,2.9,8.8,11.8,16.9,-3.6,3.6,0.175,1,100.0
4982,中村将隆,49.1,27,3.7,11.1,14.8,20.4,-3.6,4.6,0.182,1,0.0
5297,南彩寧,22.7,26,0.0,3.8,3.8,9.5,-3.6,1.1,0.224,1,0.0
5151,山下奈緒,32.6,29,3.4,3.4,6.9,12.5,-3.7,3.6,0.212,1,0.0
3654,武田光史,64.4,22,13.6,13.6,27.3,33.5,-3.7,12.3,0.166,2,0.0
3922,菅沼佳昭,31.4,20,0.0,5.0,5.0,11.4,-3.7,1.5,0.21,1,0.0
5206,梅原祥平,37.1,29,0.0,6.9,6.9,12.5,-3.7,1.3,0.155,2,0.0
5152,丸山祐也,28.2,20,0.0,5.0,5.0,11.4,-3.7,1.5,0.225,0,
5061,中村駿平,27.5,33,0.0,6.1,6.1,11.4,-3.7,1.1,0.179,1,0.0
4439,近藤友宝,31.4,33,0.0,6.1,6.1,11.4,-3.7,1.1,0.168,3,0.0
5031,渡辺空依,39.0,27,0.0,11.1,11.1,16.9,-3.7,1.9,0.215,1,100.0
5309,森雄利,15.6,38,0.0,2.6,2.6,7.9,-3.8,0.7,0.157,0,
5176,石倉拓美,10.6,18,0.0,0.0,0.0,6.9,-3.8,1.0,0.179,0,
5157,市川健太,37.8,35,5.7,5.7,11.4,16.9,-3.8,5.6,0.178,2,50.0
3977,山本兼士,38.9,35,8.6,2.9,11.4,16.9,-3.8,7.6,0.175,0,
4623,中北将史,45.4,25,0.0,12.0,12.0,18.0,-3.8,2.1,0.188,2,0.0
5314,中曽瑠華,17.7,37,0.0,2.7,2.7,8.0,-3.8,0.7,0.194,0,
4531,武富智亮,63.0,39,2.6,25.6,28.2,33.5,-3.8,4.7,0.161,0,
5006,久保原秀人,24.3,27,0.0,3.7,3.7,9.5,-3.8,1.1,0.195,1,0.0
5251,沼田七華,10.1,18,0.0,0.0,0.0,6.9,-3.8,1.0,0.182,0,
5323,香川陽太,39.5,35,0.0,11.4,11.4,16.9,-3.8,1.6,0.174,2,0.0
4951,新田洋一,50.9,34,2.9,11.8,14.7,20.4,-3.9,4.0,0.159,0,
3965,北中元樹,61.2,40,5.0,17.5,22.5,27.9,-3.9,6.0,0.175,3,66.7
4031,飯島誠,48.1,34,5.9,8.8,14.7,20.4,-3.9,6.0,0.188,4,50.0
4821,妻鳥晋也,48.4,34,11.8,2.9,14.7,20.4,-3.9,10.1,0.18,0,
4344,新田雄史,70.2,28,3.6,28.6,32.1,38.2,-3.9,6.5,0.177,1,100.0
5178,成貞琳平,34.1,30,3.3,3.3,6.7,12.5,-3.9,3.5,0.222,3,0.0
3872,岡田憲行,55.5,36,8.3,11.1,19.4,25.0,-3.9,8.2,0.191,0,
4846,佐藤駿介,33.2,30,0.0,6.7,6.7,12.5,-3.9,1.3,0.203,2,50.0
4556,竹井奈美,71.8,28,14.3,17.9,32.1,38.2,-3.9,13.4,0.177,1,0.0
5296,永田楽,30.8,34,0.0,5.9,5.9,11.4,-3.9,1.1,0.196,0,
4075,中野次郎,59.1,40,12.5,10.0,22.5,27.9,-3.9,11.5,0.159,2,0.0
5222,津田陸翔,65.3,29,13.8,13.8,27.6,33.5,-3.9,12.6,0.199,2,50.0
5123,福山恵里奈,36.1,30,0.0,6.7,6.7,12.5,-3.9,1.3,0.174,3,0.0
5332,村松遥輝,30.2,34,0.0,5.9,5.9,11.4,-3.9,1.1,0.166,4,25.0
5292,佐藤右京,33.7,30,0.0,6.7,6.7,12.5,-3.9,1.3,0.215,1,0.0
5192,中尾優香,46.1,40,0.0,12.5,12.5,18.0,-4.0,1.5,0.206,0,
4650,中山雄太,60.5,15,6.7,13.3,20.0,27.9,-4.0,7.7,0.176,1,0.0
4143,浦田晃嗣,39.7,20,0.0,10.0,10.0,16.9,-4.0,2.2,0.177,1,0.0
4930,佐藤悠,57.1,41,4.9,14.6,19.5,25.0,-4.0,5.6,0.18,2,50.0
5163,清水愛海,64.1,36,8.3,19.4,27.8,33.5,-4.0,8.9,0.187,0,
5144,中尾彩香,47.8,28,3.6,10.7,14.3,20.4,-4.0,4.5,0.173,0,
4478,櫻本あゆみ,59.0,36,2.8,19.4,22.2,27.9,-4.0,4.5,0.181,5,20.0
4188,久田敏之,76.8,24,12.5,25.0,37.5,44.0,-4.0,12.9,0.139,0,
5100,栗原一馬,38.7,28,3.6,7.1,10.7,16.9,-4.0,4.2,0.191,5,20.0
4510,坂本奈央,22.4,15,0.0,0.0,0.0,8.0,-4.0,1.2,0.216,0,
4953,尾上雅也,66.8,36,11.1,16.7,27.8,33.5,-4.0,10.9,0.155,2,50.0
3990,芹澤克彦,41.3,28,3.6,7.1,10.7,16.9,-4.0,4.2,0.174,0,
3859,多羅尾達之,38.4,28,3.6,7.1,10.7,16.9,-4.0,4.2,0.162,3,0.0
4990,田中博子,13.6,16,0.0,0.0,0.0,7.9,-4.1,1.2,0.178,0,
3788,一宮稔弘,56.6,22,13.6,4.5,18.2,25.0,-4.1,11.3,0.16,0,
3870,寺嶋雄,36.8,31,0.0,6.5,6.5,12.5,-4.1,1.3,0.174,2,0.0
4760,山崎郡,68.4,37,13.5,18.9,32.4,38.2,-4.1,13.0,0.15,3,33.3
4604,岩瀬裕亮,69.1,37,5.4,27.0,32.4,38.2,-4.1,7.3,0.155,2,0.0
3805,高橋英之,54.5,22,9.1,9.1,18.2,25.0,-4.1,8.5,0.154,0,
4511,中岡健人,43.4,33,3.0,9.1,12.1,18.0,-4.1,3.8,0.186,1,0.0
4023,柴田友和,34.1,31,3.2,3.2,6.5,12.5,-4.1,3.4,0.177,1,0.0
3577,向所浩二,39.3,36,8.3,2.8,11.1,16.9,-4.1,7.4,0.17,0,
4765,野田部宏子,43.5,26,3.8,7.7,11.5,18.0,-4.1,4.5,0.149,0,
5263,花田凱成,37.4,31,0.0,6.5,6.5,12.5,-4.1,1.3,0.199,4,25.0
5038,金田智博,61.9,32,6.2,15.6,21.9,27.9,-4.1,7.0,0.182,3,66.7
4137,君島秀三,68.5,37,13.5,18.9,32.4,38.2,-4.1,13.0,0.14,1,0.0
3778,安達美帆,22.1,16,0.0,0.0,0.0,8.0,-4.1,1.2,0.216,3,0.0
5049,松井友汰,61.2,32,6.2,15.6,21.9,27.9,-4.1,7.0,0.196,7,0.0
4569,中澤宏奈,43.2,26,3.8,7.7,11.5,18.0,-4.1,4.5,0.179,2,0.0
4746,大豆生田蒼,55.3,27,11.1,7.4,18.5,25.0,-4.2,9.9,0.202,5,20.0
4495,森晋太郎,56.3,27,7.4,11.1,18.5,25.0,-4.2,7.5,0.155,1,0.0
3784,中島友和,52.4,29,0.0,13.8,13.8,20.4,-4.3,2.2,0.179,0,
4516,野口勝弘,67.3,33,12.1,15.2,27.3,33.5,-4.3,11.6,0.181,1,100.0
3714,梶原正,38.2,29,0.0,10.3,10.3,16.9,-4.3,1.8,0.193,0,
5201,村上宗太郎,34.0,32,0.0,6.2,6.2,12.5,-4.3,1.2,0.255,0,
4706,三浦洋次朗,55.0,37,10.8,8.1,18.9,25.0,-4.3,9.9,0.17,3,0.0
3564,桑原啓,42.1,21,4.8,4.8,9.5,16.9,-4.3,5.0,0.162,0,
3807,岡部哲,41.1,29,6.9,3.4,10.3,16.9,-4.3,6.3,0.197,2,0.0
4100,松田隆司,49.1,29,0.0,13.8,13.8,20.4,-4.3,2.2,0.199,1,0.0
4196,田中太一郎,35.0,32,0.0,6.2,6.2,12.5,-4.3,1.2,0.195,1,0.0
4093,吉田宗弘,38.1,21,4.8,4.8,9.5,16.9,-4.3,5.0,0.176,0,
5315,浅井翼,16.2,46,2.2,0.0,2.2,7.9,-4.3,2.2,0.213,2,0.0
4615,板倉敦史,39.3,21,0.0,9.5,9.5,16.9,-4.3,2.2,0.22,3,0.0
4129,宇野博之,31.3,23,4.3,0.0,4.3,11.4,-4.3,4.0,0.202,3,0.0
5267,石本裕武,64.3,40,12.5,15.0,27.5,33.5,-4.3,11.9,0.175,0,
4116,川田正人,47.0,34,2.9,8.8,11.8,18.0,-4.4,3.8,0.206,1,0.0
4376,藤田靖弘,56.9,47,12.8,6.4,19.1,25.0,-4.4,11.6,0.18,3,33.3
4553,坪口竜也,58.4,24,4.2,16.7,20.8,27.9,-4.4,5.9,0.171,1,0.0
3851,森田昭彦,13.0,19,0.0,0.0,0.0,7.9,-4.4,1.1,0.191,0,
4747,山戸信二,34.3,33,3.0,3.0,6.1,12.5,-4.4,3.3,0.195,0,
4474,渡辺崇,50.5,23,4.3,8.7,13.0,20.4,-4.4,5.1,0.204,2,0.0
4666,日笠勝弘,32.8,21,0.0,4.8,4.8,12.5,-4.5,1.6,0.172,0,
5068,前田滉,73.2,32,6.2,31.2,37.5,44.0,-4.5,8.6,0.154,0,
4049,荒川健太,61.8,20,5.0,15.0,20.0,27.9,-4.5,6.6,0.194,2,0.0
4564,山本景士郎,42.5,27,0.0,11.1,11.1,18.0,-4.5,2.0,0.186,1,0.0
5142,常住蓮,75.6,27,3.7,33.3,37.0,44.0,-4.5,7.3,0.148,0,
3814,金子貴志,42.9,27,3.7,7.4,11.1,18.0,-4.5,4.4,0.19,1,0.0
4875,大塚康雅,45.9,27,7.4,3.7,11.1,18.0,-4.5,6.8,0.21,1,0.0
4928,栗城匠,64.8,30,6.7,20.0,26.7,33.5,-4.5,7.9,0.162,1,0.0
4314,青木幸太郎,61.2,37,8.1,13.5,21.6,27.9,-4.5,8.3,0.172,1,100.0
4184,渡邊雄一郎,74.4,27,11.1,25.9,37.0,44.0,-4.5,12.0,0.179,0,
4654,篠田優也,64.0,30,3.3,23.3,26.7,33.5,-4.5,5.7,0.179,2,50.0
4611,今井美亜,58.9,33,6.1,15.2,21.2,27.9,-4.6,6.9,0.155,0,
5244,黒田剛,29.1,25,0.0,4.0,4.0,11.4,-4.6,1.3,0.178,0,
4578,藤山雅弘,58.4,33,9.1,12.1,21.2,27.9,-4.6,9.0,0.195,3,33.3
3827,今泉徹,32.0,25,0.0,4.0,4.0,11.4,-4.6,1.3,0.179,2,0.0
3757,畑和宏,55.9,18,11.1,5.6,16.7,25.0,-4.6,9.6,0.182,0,
3401,上田隆章,38.2,30,3.3,6.7,10.0,16.9,-4.6,4.0,0.229,0,
4548,篠木亜衣花,17.6,20,0.0,0.0,0.0,8.0,-4.6,1.1,0.229,1,0.0
3813,佐藤大介,68.2,26,11.5,19.2,30.8,38.2,-4.7,11.6,0.205,0,
4503,上野真之介,69.9,35,8.6,22.9,31.4,38.2,-4.7,9.6,0.136,1,0.0
4789,古賀智之,56.9,33,9.1,9.1,18.2,25.0,-4.7,8.7,0.194,3,33.3
4889,後藤盛也,47.8,30,10.0,3.3,13.3,20.4,-4.7,8.8,0.172,1,0.0
5324,畑田希咲,8.0,31,0.0,0.0,0.0,6.9,-4.7,0.7,0.229,1,0.0
3953,志道吉和,21.7,22,0.0,0.0,0.0,8.0,-4.7,1.0,0.231,0,
5346,中村紋夕梨,12.6,54,0.0,1.9,1.9,7.9,-4.7,0.5,0.2,4,0.0
4397,西村拓也,67.2,27,18.5,7.4,25.9,33.5,-4.8,15.6,0.157,1,0.0
4040,廣瀬将亨,58.7,42,7.1,14.3,21.4,27.9,-4.8,7.5,0.151,1,0.0
5139,大場恒季,63.6,27,14.8,11.1,25.9,33.5,-4.8,13.2,0.163,2,0.0
5057,上田紗奈,50.0,24,8.3,4.2,12.5,20.4,-4.8,7.6,0.18,0,
3357,福島陽子,31.6,26,0.0,3.8,3.8,11.4,-4.8,1.3,0.209,0,
5071,野見山拓己,46.9,28,0.0,10.7,10.7,18.0,-4.8,2.0,0.154,2,0.0
4732,堀本和也,64.4,27,3.7,22.2,25.9,33.5,-4.8,6.1,0.149,0,
4997,濱崎寿里矢,26.2,15,0.0,0.0,0.0,9.5,-4.8,1.5,0.209,1,0.0
5270,小玉啓太,43.9,28,0.0,10.7,10.7,18.0,-4.8,2.0,0.189,0,
4757,山田祐也,63.0,34,11.8,14.7,26.5,33.5,-4.9,11.3,0.151,0,
4924,中北涼,35.8,23,4.3,0.0,4.3,12.5,-4.9,4.2,0.187,1,0.0
3353,前田光昭,26.4,16,0.0,0.0,0.0,9.5,-4.9,1.4,0.176,1,0.0
5283,植木美帆,15.3,25,0.0,0.0,0.0,7.9,-4.9,0.9,0.201,5,0.0
4988,牟田奨太,34.6,36,2.8,2.8,5.6,12.5,-4.9,3.1,0.179,0,
4274,長畑友輔,41.6,31,3.2,6.5,9.7,16.9,-4.9,3.9,0.185,2,0.0
4395,下河雅史,45.8,36,5.6,5.6,11.1,18.0,-4.9,5.6,0.191,5,20.0
4985,井本昌也,65.4,34,8.8,17.6,26.5,33.5,-4.9,9.3,0.157,1,0.0
5336,瀬川大地,20.1,24,0.0,0.0,0.0,8.0,-4.9,1.0,0.187,2,0.0
5305,伊藤栞,13.9,26,0.0,0.0,0.0,7.9,-5.0,0.9,0.178,0,
4204,柴田大輔,48.1,31,3.2,9.7,12.9,20.4,-5.0,4.2,0.223,0,
3350,藤本佳史,48.0,31,3.2,9.7,12.9,20.4,-5.0,4.2,0.212,2,50.0
3503,堂原洋史,32.0,27,0.0,3.7,3.7,11.4,-5.0,1.3,0.182,2,0.0
5053,山口広樹,38.0,40,2.5,7.5,10.0,16.9,-5.0,3.2,0.195,2,0.0
5294,豊田祥生,28.6,27,3.7,0.0,3.7,11.4,-5.0,3.6,0.179,1,0.0
4681,太田潮,32.3,27,0.0,3.7,3.7,11.4,-5.0,1.3,0.208,1,0.0
5274,城間盛渚,48.1,31,3.2,9.7,12.9,20.4,-5.0,4.2,0.183,0,
3718,伊達正利,37.6,32,0.0,9.4,9.4,16.9,-5.1,1.7,0.192,3,0.0
3305,小野信樹,34.7,24,4.2,0.0,4.2,12.5,-5.1,4.1,0.176,0,
3915,繁野谷圭介,57.4,39,7.7,10.3,17.9,25.0,-5.1,7.7,0.178,0,
3613,角谷健吾,61.8,34,8.8,11.8,20.6,27.9,-5.1,8.8,0.178,1,0.0
3664,鈴木賢一,45.3,29,6.9,3.4,10.3,18.0,-5.1,6.5,0.21,5,0.0
5160,藤森陸斗,56.0,39,5.1,12.8,17.9,25.0,-5.1,5.9,0.181,1,0.0
5074,大澤誠也,38.0,32,6.2,3.1,9.4,16.9,-5.1,5.9,0.187,4,0.0
4317,木村紗友希,34.7,24,0.0,4.2,4.2,12.5,-5.1,1.5,0.178,2,0.0
4773,中川りな,61.1,34,2.9,17.6,20.6,27.9,-5.1,4.7,0.19,0,
4661,中島昂章,53.3,24,4.2,12.5,16.7,25.0,-5.1,5.5,0.205,0,
5017,澤田尚也,59.8,34,8.8,11.8,20.6,27.9,-5.1,8.8,0.146,2,50.0
4429,豊田泰洋,31.3,28,0.0,3.6,3.6,11.4,-5.1,1.2,0.212,0,
3334,角ひとみ,54.5,29,3.4,13.8,17.2,25.0,-5.1,4.9,0.2,0,
5261,岡暢祐,34.9,24,0.0,4.2,4.2,12.5,-5.1,1.5,0.201,1,0.0
5117,冨名腰桃奈,36.2,24,4.2,0.0,4.2,12.5,-5.1,4.1,0.19,1,0.0
4275,菅野はやか,25.0,18,0.0,0.0,0.0,9.5,-5.2,1.3,0.213,0,
4949,横田貴満,62.7,31,6.5,19.4,25.8,33.5,-5.2,7.7,0.165,0,
4966,田川大貴,50.6,38,2.6,10.5,13.2,20.4,-5.2,3.7,0.171,1,100.0
5231,寺田空詩,49.7,25,4.0,8.0,12.0,20.4,-5.2,4.9,0.182,2,0.0
3866,木山誠一,41.8,24,4.2,4.2,8.3,16.9,-5.3,4.6,0.171,0,
4253,西川真人,36.2,25,0.0,4.0,4.0,12.5,-5.3,1.5,0.197,1,0.0
4592,小林孝弘,43.2,22,0.0,9.1,9.1,18.0,-5.3,2.3,0.165,0,
4466,南佑典,58.6,30,10.0,10.0,20.0,27.9,-5.3,9.6,0.2,0,
3842,星野太郎,43.1,22,0.0,9.1,9.1,18.0,-5.3,2.3,0.213,0,
3911,鈴木猛,48.1,32,0.0,12.5,12.5,20.4,-5.4,2.0,0.172,1,0.0
4083,福島勇樹,74.8,28,10.7,25.0,35.7,44.0,-5.4,11.7,0.179,2,50.0
4007,榮田将彦,42.5,30,0.0,10.0,10.0,18.0,-5.4,1.9,0.16,0,
4445,宮地元輝,55.5,45,2.2,15.6,17.8,25.0,-5.4,3.6,0.13,0,
4483,北野輝季,67.8,36,16.7,13.9,30.6,38.2,-5.4,15.2,0.155,2,0.0
3776,横井健太,21.5,32,0.0,0.0,0.0,8.0,-5.4,0.8,0.197,2,0.0
5190,大月遊雅,38.9,33,9.1,0.0,9.1,16.9,-5.4,7.9,0.195,0,
5207,高山敬悟,45.7,30,3.3,6.7,10.0,18.0,-5.4,4.1,0.159,0,
4123,細川裕子,68.2,36,13.9,16.7,30.6,38.2,-5.4,13.3,0.213,0,
4294,古賀繁輝,65.3,35,8.6,17.1,25.7,33.5,-5.4,9.1,0.157,1,0.0
3941,池田浩二,72.4,30,6.7,23.3,30.0,38.2,-5.5,8.4,0.149,1,0.0
5265,大廣咲季,27.5,31,3.2,0.0,3.2,11.4,-5.5,3.3,0.185,0,
4365,盛本真輔,56.4,35,0.0,17.1,17.1,25.0,-5.5,2.3,0.202,2,0.0
4286,平田さやか,54.5,35,8.6,8.6,17.1,25.0,-5.5,8.3,0.176,2,0.0
3618,海野ゆかり,62.3,35,8.6,11.4,20.0,27.9,-5.5,8.6,0.212,0,
5284,嘉手苅徹哉,22.6,20,0.0,0.0,0.0,9.5,-5.5,1.3,0.178,0,
5124,上瀧絢也,40.4,16,0.0,6.2,6.2,16.9,-5.5,2.5,0.18,0,
4601,森野正弘,67.3,39,7.7,17.9,25.6,33.5,-5.6,8.4,0.145,0,
4532,秋元哲,72.5,24,16.7,12.5,29.2,38.2,-5.6,14.8,0.166,3,66.7
4152,深水慎一郎,48.9,26,3.8,7.7,11.5,20.4,-5.6,4.7,0.199,2,50.0
5035,櫻井優,53.1,30,0.0,16.7,16.7,25.0,-5.6,2.6,0.184,3,66.7
5013,山下夏鈴,53.3,30,3.3,13.3,16.7,25.0,-5.6,4.8,0.188,2,0.0
3892,草場康幸,52.0,26,7.7,3.8,11.5,20.4,-5.6,7.2,0.171,0,
4343,村岡賢,39.2,25,0.0,8.0,8.0,16.9,-5.6,2.0,0.185,0,
5065,伊久間陽優,50.3,33,12.1,0.0,12.1,20.4,-5.7,10.3,0.141,0,
5213,湯淺紀香,50.9,33,3.0,9.1,12.1,20.4,-5.7,4.1,0.216,3,33.3
5128,坪井爽佑,42.9,23,4.3,4.3,8.7,18.0,-5.7,4.8,0.198,1,0.0
4950,高岡竜也,63.9,32,6.2,18.8,25.0,33.5,-5.8,7.6,0.181,0,
4331,三好勇人,57.7,22,4.5,13.6,18.2,27.9,-5.8,6.2,0.199,0,
4047,吉永浩則,36.4,28,0.0,3.6,3.6,12.5,-5.8,1.4,0.202,2,0.0
4790,柳内敬太,63.4,43,7.0,18.6,25.6,33.5,-5.8,7.9,0.183,2,0.0
4519,清水沙樹,52.7,15,6.7,6.7,13.3,25.0,-5.8,7.2,0.181,1,0.0
4580,長谷川雅和,54.5,41,2.4,14.6,17.1,25.0,-5.8,3.9,0.17,0,
3932,池田浩美,39.6,26,3.8,3.8,7.7,16.9,-5.8,4.4,0.193,0,
3843,上之晃弘,44.0,32,0.0,9.4,9.4,18.0,-5.9,1.8,0.167,0,
4182,吉田和仁,43.7,32,0.0,9.4,9.4,18.0,-5.9,1.8,0.227,1,0.0
3497,後藤浩,44.1,24,0.0,8.3,8.3,18.0,-6.0,2.2,0.18,2,50.0
4957,竹之内極,52.2,34,5.9,5.9,11.8,20.4,-6.0,6.0,0.19,2,0.0
5039,倉田茂将,42.6,24,8.3,0.0,8.3,18.0,-6.0,7.3,0.171,0,
3550,都築正治,53.7,31,6.5,9.7,16.1,25.0,-6.0,6.9,0.167,1,0.0
4086,寺本重宣,57.8,36,2.8,16.7,19.4,27.9,-6.0,4.5,0.176,6,33.3
5088,高憧四季,69.7,40,15.0,15.0,30.0,38.2,-6.0,14.1,0.164,2,100.0
5288,尾道佳諭,25.9,25,0.0,0.0,0.0,9.5,-6.0,1.1,0.179,2,0.0
4932,新開航,67.8,40,12.5,17.5,30.0,38.2,-6.0,12.3,0.165,3,0.0
3800,牧宏次,51.7,27,3.7,7.4,11.1,20.4,-6.0,4.6,0.185,1,0.0
4057,松井賢治,58.9,36,8.3,11.1,19.4,27.9,-6.0,8.4,0.166,1,0.0
5145,島川海輝,60.4,36,5.6,13.9,19.4,27.9,-6.0,6.5,0.175,2,50.0
3655,本橋克洋,54.4,26,0.0,15.4,15.4,25.0,-6.1,2.8,0.179,0,
4366,前沢丈史,69.8,34,5.9,23.5,29.4,38.2,-6.1,7.7,0.17,3,0.0
4857,加藤翔馬,71.3,34,8.8,20.6,29.4,38.2,-6.1,9.7,0.188,4,25.0
4772,石丸海渡,69.3,34,14.7,14.7,29.4,38.2,-6.1,13.8,0.146,0,
5111,三村岳人,52.8,26,7.7,7.7,15.4,25.0,-6.1,7.7,0.17,0,
3556,田中信一郎,69.7,31,9.7,19.4,29.0,38.2,-6.2,10.4,0.149,2,50.0
3158,島川光男,58.6,32,6.2,12.5,18.8,27.9,-6.2,7.0,0.17,0,
4571,菅章哉,50.7,77,6.5,6.5,13.0,20.4,-6.2,6.5,0.151,1,0.0
4842,山下昂大,57.5,41,9.8,9.8,19.5,27.9,-6.2,9.5,0.179,0,
4581,吉村誠,61.3,41,7.3,12.2,19.5,27.9,-6.2,7.7,0.139,0,
5135,仲航太,48.0,42,9.5,2.4,11.9,20.4,-6.2,8.7,0.224,2,0.0
5173,谷口佳蓮,45.2,33,0.0,9.1,9.1,18.0,-6.2,1.7,0.186,0,
5003,来田衣織,42.4,18,0.0,5.6,5.6,16.9,-6.2,2.4,0.174,3,33.3
5052,赤井星璃菜,38.7,18,0.0,5.6,5.6,16.9,-6.2,2.4,0.192,2,0.0
4738,清埜翔子,55.6,37,2.7,13.5,16.2,25.0,-6.3,4.2,0.17,5,60.0
4084,杉山正樹,65.4,44,13.6,11.4,25.0,33.5,-6.3,12.8,0.165,0,
4404,岸蔭亮,34.0,31,3.2,0.0,3.2,12.5,-6.3,3.4,0.177,2,0.0
3708,岡部貴司,47.9,28,0.0,10.7,10.7,20.4,-6.3,2.2,0.168,1,0.0
5089,前田翔,75.2,29,20.7,13.8,34.5,44.0,-6.3,18.3,0.185,0,
3948,大町利克,34.7,31,0.0,3.2,3.2,12.5,-6.3,1.3,0.22,4,25.0
3828,明石正之,48.8,28,3.6,7.1,10.7,20.4,-6.3,4.5,0.184,1,100.0
4269,杉山裕也,68.3,28,7.1,21.4,28.6,38.2,-6.3,8.8,0.16,1,0.0
3998,冨成謙児,39.4,28,0.0,7.1,7.1,16.9,-6.4,1.8,0.203,0,
4120,柘植政浩,61.9,37,8.1,10.8,18.9,27.9,-6.4,8.3,0.186,0,
4866,橋本英一,41.4,28,3.6,3.6,7.1,16.9,-6.4,4.2,0.185,0,
3617,竹田広樹,30.1,20,0.0,0.0,0.0,11.4,-6.5,1.5,0.198,0,
4688,永井彪也,63.0,41,7.3,17.1,24.4,33.5,-6.6,8.1,0.14,0,
3951,石川吉鎬,49.0,29,0.0,10.3,10.3,20.4,-6.6,2.2,0.205,0,
4306,畔柳俊吾,49.2,29,6.9,3.4,10.3,20.4,-6.6,6.7,0.187,0,
4329,小松卓司,40.1,29,0.0,6.9,6.9,16.9,-6.6,1.8,0.214,2,50.0
4142,平野和明,56.3,27,3.7,11.1,14.8,25.0,-6.6,5.2,0.179,2,0.0
4907,小池修平,72.5,40,15.0,20.0,35.0,44.0,-6.6,14.6,0.169,0,
4154,森安弘雅,48.6,29,3.4,6.9,10.3,20.4,-6.6,4.4,0.214,0,
4060,島田一生,46.9,35,0.0,8.6,8.6,18.0,-6.6,1.7,0.18,5,20.0
4361,柳生泰二,73.2,32,18.8,15.6,34.4,44.0,-6.6,17.1,0.16,0,
4315,山崎昂介,43.6,26,3.8,3.8,7.7,18.0,-6.6,4.5,0.191,0,
3539,金子順一,33.2,18,0.0,0.0,0.0,12.5,-6.8,1.8,0.175,0,
4563,齋藤真之,30.5,22,0.0,0.0,0.0,11.4,-6.8,1.4,0.191,0,
4027,松江秀徳,53.5,22,4.5,9.1,13.6,25.0,-6.8,5.8,0.177,0,
5078,山川波乙,42.8,27,3.7,3.7,7.4,18.0,-6.8,4.4,0.203,0,
4536,喜井つかさ,63.6,30,6.7,16.7,23.3,33.5,-6.8,7.9,0.179,1,0.0
3974,深山祐二,36.6,18,0.0,0.0,0.0,12.5,-6.8,1.8,0.198,1,0.0
4926,吉川貴仁,79.2,27,18.5,14.8,33.3,44.0,-6.9,16.8,0.171,1,0.0
4538,笠置博之,57.0,50,8.0,8.0,16.0,25.0,-6.9,7.9,0.152,1,0.0
3984,坂口周,65.9,34,0.0,23.5,23.5,33.5,-6.9,3.2,0.186,2,100.0
4518,大須賀友,70.2,32,9.4,18.8,28.1,38.2,-6.9,10.2,0.194,0,
3960,菊地孝平,59.6,29,10.3,6.9,17.2,27.9,-7.0,9.8,0.147,2,0.0
4414,大澤真菜,36.6,19,0.0,0.0,0.0,12.5,-7.0,1.7,0.186,1,0.0
3458,東健介,30.1,24,0.0,0.0,0.0,11.4,-7.0,1.4,0.183,0,
4436,渋谷明憲,66.4,38,0.0,23.7,23.7,33.5,-7.0,2.9,0.165,2,100.0
5026,安河内健,63.0,38,10.5,13.2,23.7,33.5,-7.0,10.5,0.173,0,
3876,中辻崇人,70.6,29,10.3,17.2,27.6,38.2,-7.0,10.9,0.145,0,
4893,渡邉真奈美,48.6,23,0.0,8.7,8.7,20.4,-7.1,2.5,0.171,0,
3176,長谷川巌,39.1,21,0.0,4.8,4.8,16.9,-7.1,2.2,0.208,0,
4159,向後龍一,58.6,34,11.8,5.9,17.6,27.9,-7.1,10.8,0.188,5,20.0
4992,廣瀬篤哉,38.6,31,0.0,6.5,6.5,16.9,-7.1,1.7,0.185,2,0.0
4491,田中堅,38.2,31,0.0,6.5,6.5,16.9,-7.1,1.7,0.221,2,0.0
4193,郷原章平,60.0,34,5.9,11.8,17.6,27.9,-7.1,6.7,0.169,1,0.0
4942,柴田朋哉,58.1,39,2.6,15.4,17.9,27.9,-7.2,4.3,0.168,1,0.0
3489,大場敏,58.3,39,5.1,12.8,17.9,27.9,-7.2,6.1,0.18,3,33.3
4030,森高一真,55.0,34,5.9,8.8,14.7,25.0,-7.2,6.5,0.164,0,
4420,津久井拓也,54.7,34,8.8,5.9,14.7,25.0,-7.2,8.5,0.193,3,66.7
4369,丹下将,58.0,39,7.7,10.3,17.9,27.9,-7.2,8.0,0.179,0,
4764,小池礼乃,49.3,31,0.0,9.7,9.7,20.4,-7.2,2.1,0.186,0,
4600,井内将太郎,66.5,31,0.0,22.6,22.6,33.5,-7.3,3.4,0.148,0,
4025,山本隆幸,70.9,23,13.0,13.0,26.1,38.2,-7.3,12.6,0.167,0,
3976,内田圭,32.0,26,0.0,0.0,0.0,11.4,-7.3,1.3,0.194,1,0.0
5238,笹木香吾,55.0,40,7.5,7.5,15.0,25.0,-7.3,7.6,0.157,5,20.0
4239,竹田辰也,65.4,31,9.7,12.9,22.6,33.5,-7.3,9.9,0.171,0,
4740,齋藤達希,45.5,29,0.0,6.9,6.9,18.0,-7.3,1.9,0.195,2,0.0
4438,森作雄大,43.3,29,3.4,3.4,6.9,18.0,-7.3,4.2,0.155,2,0.0
4864,小川日紀太,38.4,22,0.0,4.5,4.5,16.9,-7.4,2.1,0.167,1,0.0
4897,深見亜由美,29.8,28,0.0,0.0,0.0,11.4,-7.4,1.2,0.198,2,0.0
4383,竹田吉行,57.7,30,6.7,10.0,16.7,27.9,-7.5,7.3,0.18,0,
5104,山田丈,57.8,25,4.0,12.0,16.0,27.9,-7.5,5.7,0.188,0,
4240,今井裕梨,59.4,35,11.4,5.7,17.1,27.9,-7.5,10.6,0.172,2,50.0
3484,芝田浩治,58.1,30,6.7,10.0,16.7,27.9,-7.5,7.3,0.184,3,0.0
4522,古澤光紀,57.6,35,5.7,11.4,17.1,27.9,-7.5,6.6,0.178,0,
4819,蜂須瑞生,59.5,40,5.0,12.5,17.5,27.9,-7.6,6.0,0.192,2,0.0
3982,福田理,33.0,23,0.0,0.0,0.0,12.5,-7.6,1.5,0.167,2,0.0
4934,佐々木翔斗,58.0,40,5.0,12.5,17.5,27.9,-7.6,6.0,0.167,2,50.0
4598,加藤政彦,56.7,41,4.9,9.8,14.6,25.0,-7.6,5.6,0.186,1,0.0
4277,金田大輔,43.5,30,3.3,3.3,6.7,18.0,-7.6,4.1,0.154,0,
3619,長谷川充,45.7,30,6.7,0.0,6.7,18.0,-7.6,6.3,0.198,2,0.0
4831,羽野直也,67.7,30,6.7,20.0,26.7,38.2,-7.7,8.4,0.172,4,0.0
3579,中里優子,43.3,21,0.0,4.8,4.8,18.0,-7.7,2.3,0.181,0,
5105,富田恕生,43.4,21,0.0,4.8,4.8,18.0,-7.7,2.3,0.176,0,
5273,山下拓巳,34.1,25,0.0,0.0,0.0,12.5,-7.8,1.5,0.174,1,0.0
4389,伊藤喜智,53.7,30,10.0,3.3,13.3,25.0,-7.8,9.3,0.192,2,0.0
4952,吉武真也,35.8,25,0.0,0.0,0.0,12.5,-7.8,1.5,0.199,1,0.0
4464,山下友貴,63.3,28,10.7,10.7,21.4,33.5,-7.8,10.6,0.202,2,0.0
4398,船岡洋一郎,67.6,40,15.0,12.5,27.5,38.2,-7.8,14.1,0.186,1,0.0
4246,喜多那由夏,39.1,24,0.0,4.2,4.2,16.9,-7.8,2.0,0.182,2,0.0
3535,渡修平,35.5,26,0.0,0.0,0.0,12.5,-7.9,1.4,0.209,0,
3614,谷勝幸,34.7,26,0.0,0.0,0.0,12.5,-7.9,1.4,0.188,0,
3684,清水攻二,57.7,31,3.2,12.9,16.1,27.9,-7.9,5.0,0.222,1,0.0
3557,太田和美,65.8,44,9.1,13.6,22.7,33.5,-8.0,9.4,0.157,2,0.0
4579,中嶋健一郎,58.8,26,3.8,11.5,15.4,27.9,-8.0,5.6,0.17,1,0.0
4468,大池佑来,64.0,40,12.5,10.0,22.5,33.5,-8.0,11.9,0.16,1,0.0
3508,久富政弘,52.0,26,0.0,7.7,7.7,20.4,-8.0,2.3,0.236,0,
4523,中村辰也,58.6,26,0.0,15.4,15.4,27.9,-8.0,3.2,0.17,0,
3589,西村勝,40.3,25,4.0,0.0,4.0,16.9,-8.1,4.5,0.186,4,0.0
3606,川北浩貴,54.7,31,0.0,12.9,12.9,25.0,-8.2,2.5,0.206,0,
4588,田中京介,55.7,37,2.7,10.8,13.5,25.0,-8.2,4.2,0.186,0,
3885,久田武,53.4,31,3.2,9.7,12.9,25.0,-8.2,4.7,0.207,1,0.0
4734,安河内将,70.8,31,3.2,22.6,25.8,38.2,-8.3,6.0,0.174,1,100.0
5014,梶山涼斗,47.8,27,3.7,3.7,7.4,20.4,-8.3,4.6,0.17,0,
3643,米田隆弘,49.0,27,0.0,7.4,7.4,20.4,-8.3,2.3,0.177,0,
3615,横田茂,41.3,27,0.0,3.7,3.7,16.9,-8.5,1.9,0.179,1,0.0
4610,佐藤大佑,57.1,44,4.5,9.1,13.6,25.0,-8.5,5.4,0.176,2,0.0
3572,安田政彦,46.9,25,0.0,4.0,4.0,18.0,-8.8,2.1,0.212,5,0.0
4416,三宅健太,49.1,38,0.0,7.9,7.9,20.4,-8.9,1.8,0.185,0,
3986,沖島広和,48.8,29,0.0,6.9,6.9,20.4,-8.9,2.2,0.18,1,0.0
4263,武重雄介,48.6,38,7.9,0.0,7.9,20.4,-8.9,7.4,0.202,0,
4796,春園功太,63.6,38,7.9,13.2,21.1,33.5,-8.9,8.6,0.146,6,0.0
4409,坂元浩仁,65.2,38,7.9,13.2,21.1,33.5,-8.9,8.6,0.173,1,0.0
4072,森永淳,68.3,25,4.0,20.0,24.0,38.2,-8.9,6.9,0.154,0,
3959,坪井康晴,69.1,32,9.4,15.6,25.0,38.2,-9.0,10.2,0.166,2,0.0
5028,原田才一郎,67.6,32,15.6,9.4,25.0,38.2,-9.0,14.4,0.192,2,0.0
3436,柏野幸二,58.2,23,0.0,13.0,13.0,27.9,-9.0,3.4,0.179,0,
4903,吉田凌太朗,67.8,39,5.1,20.5,25.6,38.2,-9.1,7.0,0.177,4,25.0
3721,守田俊介,60.9,18,0.0,11.1,11.1,27.9,-9.2,3.9,0.162,2,0.0
3831,安藤裕貴,43.4,28,3.6,0.0,3.6,18.0,-9.4,4.3,0.202,1,0.0
3711,江本真治,65.0,39,7.7,12.8,20.5,33.5,-9.4,8.4,0.177,0,
5112,砂長知輝,67.2,35,5.7,14.3,20.0,33.5,-9.4,7.1,0.192,3,0.0
4853,前原哉,37.5,19,0.0,0.0,0.0,16.9,-9.5,2.3,0.211,0,
5069,山崎小葉音,44.4,17,0.0,0.0,0.0,18.0,-9.6,2.6,0.184,0,
3505,山田竜一,52.4,32,3.1,3.1,6.2,20.4,-9.6,4.1,0.156,1,0.0
4055,吉田俊彦,65.7,23,4.3,13.0,17.4,33.5,-9.7,6.7,0.186,0,
3912,川原正明,53.6,36,0.0,11.1,11.1,25.0,-9.8,2.3,0.165,2,0.0
4058,野末智一,63.1,32,6.2,12.5,18.8,33.5,-10.0,7.6,0.189,1,0.0
3822,平尾崇典,63.7,32,9.4,9.4,18.8,33.5,-10.0,9.7,0.163,2,0.0
4561,藤山翔大,56.4,17,0.0,5.9,5.9,25.0,-10.2,3.6,0.205,0,
3942,寺田祥,67.5,20,0.0,20.0,20.0,38.2,-10.4,5.1,0.168,0,
3303,渡辺豊,44.5,34,2.9,0.0,2.9,18.0,-10.5,3.8,0.205,1,0.0
4965,福岡泉水,40.8,25,0.0,0.0,0.0,16.9,-10.6,2.0,0.173,3,0.0
4052,興津藍,57.0,40,2.5,7.5,10.0,25.0,-10.9,3.9,0.17,0,
4804,高田ひかる,63.5,34,5.9,11.8,17.6,33.5,-11.0,7.3,0.198,0,
5194,大久保佑香,38.4,28,0.0,0.0,0.0,16.9,-11.0,1.8,0.187,2,0.0
3454,井川大作,56.0,34,0.0,8.8,8.8,25.0,-11.2,2.4,0.193,0,
4877,鈴谷一平,62.6,30,10.0,6.7,16.7,33.5,-11.2,10.1,0.152,1,0.0
4384,鶴本崇文,68.7,36,5.6,16.7,22.2,38.2,-11.3,7.4,0.203,1,100.0
4234,野相弘司,44.1,25,0.0,0.0,0.0,18.0,-11.3,2.1,0.23,1,0.0
4488,小山勉,70.0,36,8.3,13.9,22.2,38.2,-11.3,9.4,0.194,0,
4500,山田康二,69.2,33,9.1,12.1,21.2,38.2,-11.7,9.9,0.161,1,0.0
4758,富樫麗加,59.8,17,0.0,5.9,5.9,27.9,-11.7,4.1,0.183,3,0.0
4969,町田洸希,48.5,21,0.0,0.0,0.0,20.4,-11.9,2.6,0.195,0,
4624,高田明,68.6,30,3.3,16.7,20.0,38.2,-12.1,6.2,0.16,0,
4370,山口達也,63.7,32,12.5,3.1,15.6,33.5,-12.1,11.8,0.163,2,0.0
3744,徳増秀樹,60.2,18,5.6,0.0,5.6,27.9,-12.2,7.0,0.171,1,0.0
4431,石塚裕介,43.0,32,0.0,0.0,0.0,18.0,-12.3,1.8,0.216,0,
4356,長岡良也,64.9,23,0.0,13.0,13.0,33.5,-12.4,4.1,0.173,0,
4775,千葉真弥,61.8,26,0.0,7.7,7.7,27.9,-12.8,3.2,0.187,2,50.0
4679,植田太一,58.9,34,2.9,5.9,8.8,27.9,-13.3,4.7,0.182,0,
4381,田路朋史,57.9,30,3.3,3.3,6.7,27.9,-14.2,5.1,0.178,0,
4163,山崎裕司,55.7,33,0.0,3.0,3.0,25.0,-15.1,2.4,0.184,1,0.0
