登番,選手名,地力3連対,全国4走,実4まくり率,期待まくり率,まくり力,実4_1着率,全国4ST,ST偏差,当地4走,当地4まくり率
4538,笠置博之,57.0,38,47.4,9.3,27.3,50.0,0.147,-0.014,2,100.0
4571,菅章哉,50.7,18,55.6,6.7,26.7,61.1,0.14,-0.021,1,0.0
4561,藤山翔大,56.4,50,34.0,9.3,19.0,38.0,0.166,0.005,1,0.0
4544,松田大志郎,80.2,46,39.1,15.0,18.2,47.8,0.136,-0.025,0,
4610,佐藤大佑,57.1,40,32.5,9.3,16.9,32.5,0.147,-0.014,1,0.0
5126,山下大輝,66.1,45,33.3,11.0,16.7,33.3,0.147,-0.014,0,
5368,宮崎心之介,42.5,29,27.6,5.1,14.8,27.6,0.154,-0.007,9,44.4
5013,山下夏鈴,53.3,41,29.3,9.3,14.7,29.3,0.169,0.008,1,0.0
4438,森作雄大,43.3,48,25.0,6.2,14.4,27.1,0.122,-0.039,3,0.0
3876,中辻崇人,70.6,23,34.8,12.7,13.4,34.8,0.154,-0.007,0,
5041,荒牧凪沙,46.0,26,26.9,6.2,13.2,26.9,0.17,0.009,0,
4188,久田敏之,76.8,40,32.5,15.0,12.7,37.5,0.134,-0.027,0,
5197,中野仁照,58.4,20,30.0,9.1,11.9,30.0,0.165,0.004,0,
4207,松下一也,61.4,35,25.7,9.1,11.6,25.7,0.145,-0.016,3,0.0
5029,中亮太,61.6,45,24.4,9.1,11.5,28.9,0.133,-0.028,5,60.0
3577,向所浩二,39.3,26,23.1,5.1,11.4,23.1,0.132,-0.029,0,
5295,田上凜,35.3,33,21.2,4.6,11.4,21.2,0.165,0.004,1,0.0
4257,古川健,40.8,33,21.2,5.1,11.1,24.2,0.153,-0.008,0,
5044,渡邉健,46.6,37,21.6,6.2,11.0,21.6,0.128,-0.033,2,50.0
5075,中島秀治,63.2,52,25.0,11.0,10.9,28.8,0.147,-0.014,0,
4102,益田啓司,64.0,43,25.6,11.0,10.8,27.9,0.156,-0.005,2,0.0
4297,山田哲也,61.6,42,23.8,9.1,10.8,23.8,0.105,-0.056,1,0.0
4183,宇野弥生,44.7,38,21.1,6.2,10.7,21.1,0.14,-0.021,2,50.0
4677,片橋幸貴,63.6,25,28.0,11.0,10.6,32.0,0.152,-0.009,0,
4926,吉川貴仁,79.2,33,30.3,15.0,10.5,36.4,0.142,-0.019,1,0.0
4960,黒野元基,75.7,45,28.9,15.0,10.4,40.0,0.146,-0.015,3,66.7
4619,伏田裕隆,46.9,33,21.2,6.2,10.4,27.3,0.153,-0.008,0,
5077,滝沢崚,31.2,18,22.2,3.3,10.3,22.2,0.169,0.008,5,0.0
4624,高田明,68.6,37,27.0,12.7,10.2,29.7,0.155,-0.006,0,
4974,安井瑞紀,58.0,39,23.1,9.1,10.1,23.1,0.175,0.013,3,33.3
4636,赤池修平,30.3,27,18.5,3.3,9.8,18.5,0.152,-0.01,0,
4423,坂口貴彦,51.7,46,19.6,6.7,9.7,19.6,0.153,-0.008,0,
4237,大峯豊,66.0,51,23.5,11.0,9.7,23.5,0.144,-0.017,1,0.0
4294,古賀繁輝,65.3,46,23.9,11.0,9.7,30.4,0.117,-0.044,2,50.0
4760,山崎郡,68.4,52,25.0,12.7,9.6,28.8,0.139,-0.022,1,0.0
5158,宮脇遼太,64.1,37,24.3,11.0,9.5,32.4,0.165,0.004,0,
4496,内堀学,69.7,44,25.0,12.7,9.2,27.3,0.155,-0.006,1,0.0
4040,廣瀬将亨,58.7,42,21.4,9.1,9.1,23.8,0.143,-0.018,0,
3699,富永正人,38.9,33,18.2,5.1,9.0,18.2,0.177,0.015,0,
4416,三宅健太,49.1,43,18.6,6.7,8.8,18.6,0.17,0.009,0,
5220,青木蓮,64.6,49,22.4,11.0,8.8,24.5,0.132,-0.029,15,33.3
4826,井上一輝,68.6,36,25.0,12.7,8.7,27.8,0.133,-0.028,0,
4364,池永太,65.2,39,23.1,11.0,8.7,25.6,0.146,-0.015,1,0.0
3965,北中元樹,61.2,49,20.4,9.1,8.7,24.5,0.162,0.001,4,25.0
4928,栗城匠,64.8,44,22.7,11.0,8.7,27.3,0.139,-0.022,1,100.0
4027,松江秀徳,53.5,43,20.9,9.3,8.7,23.3,0.147,-0.014,0,
5256,中山翔太,65.7,45,22.2,11.0,8.4,28.9,0.127,-0.035,0,
3388,今垣光太郎,57.4,44,20.5,9.3,8.4,22.7,0.149,-0.012,0,
4483,北野輝季,67.8,37,24.3,12.7,8.3,32.4,0.14,-0.021,1,0.0
5048,眞鳥康太,42.6,19,21.1,6.2,8.3,21.1,0.164,0.003,0,
4692,酒井俊弘,46.2,26,19.2,6.2,8.3,19.2,0.137,-0.024,1,0.0
4704,河野大,60.8,45,20.0,9.1,8.2,24.4,0.146,-0.015,2,50.0
4979,中野夢斗,50.2,39,17.9,6.7,8.1,17.9,0.155,-0.006,2,0.0
4930,佐藤悠,57.1,39,20.5,9.3,8.1,20.5,0.143,-0.018,2,50.0
5238,笹木香吾,55.0,39,20.5,9.3,8.1,20.5,0.141,-0.02,3,0.0
4649,和田操拓,48.7,46,17.4,6.7,8.1,19.6,0.137,-0.024,0,
4330,奈須啓太,62.3,40,20.0,9.1,7.9,20.0,0.142,-0.019,1,0.0
4845,前田紗希,71.6,38,23.7,12.7,7.9,26.3,0.158,-0.003,8,37.5
3849,中岡正彦,73.5,43,25.6,15.0,7.8,32.6,0.121,-0.04,0,
5234,塚越海斗,70.2,48,22.9,12.7,7.8,31.2,0.145,-0.016,1,100.0
3918,深井利寿,65.4,47,21.3,11.0,7.8,21.3,0.153,-0.008,1,0.0
4213,重富伸也,36.0,23,17.4,4.6,7.7,17.4,0.162,0.001,0,
4100,松田隆司,49.1,42,16.7,6.7,7.3,19.0,0.155,-0.006,1,0.0
3912,川原正明,53.6,42,19.0,9.3,7.2,19.0,0.14,-0.021,2,50.0
4925,森悠稀,57.2,42,19.0,9.3,7.2,19.0,0.14,-0.021,1,0.0
4812,西野雄貴,72.4,40,22.5,12.7,7.1,22.5,0.128,-0.033,0,
5098,大江純,48.8,43,16.3,6.7,7.1,23.3,0.148,-0.014,2,0.0
4011,堀之内紀代子,57.7,37,18.9,9.1,7.0,18.9,0.153,-0.008,2,0.0
5214,田中宏典,46.3,30,16.7,6.2,7.0,20.0,0.163,0.002,1,0.0
4232,笠雅雄,44.3,30,16.7,6.2,7.0,23.3,0.169,0.007,1,0.0
3568,木村光宏,42.1,41,14.6,5.1,7.0,14.6,0.161,0.0,3,0.0
5141,大澤風葵,66.4,33,21.2,11.0,7.0,24.2,0.125,-0.037,3,66.7
4702,三浦敬太,66.8,33,21.2,11.0,7.0,21.2,0.138,-0.024,2,0.0
3843,上之晃弘,44.0,38,15.8,6.2,6.9,15.8,0.16,-0.002,0,
4879,山崎鉄平,42.2,33,15.2,5.1,6.9,18.2,0.16,-0.001,1,0.0
3870,寺嶋雄,36.8,43,14.0,4.6,6.9,16.3,0.168,0.007,2,50.0
5377,鳥居塚嶺王,30.5,39,12.8,3.3,6.9,12.8,0.168,0.007,2,0.0
4766,石井孝之,36.1,26,15.4,4.6,6.8,19.2,0.145,-0.016,2,0.0
5161,登玉隼百,57.4,44,18.2,9.3,6.7,18.2,0.14,-0.021,2,100.0
4518,大須賀友,70.2,36,22.2,12.7,6.7,25.0,0.161,-0.0,0,
4012,中村有裕,60.6,51,17.6,9.1,6.6,17.6,0.154,-0.007,3,66.7
4627,藤原菜希,60.9,32,18.8,9.1,6.6,25.0,0.152,-0.009,0,
4497,桑原悠,62.0,32,18.8,9.1,6.6,21.9,0.151,-0.01,2,0.0
4834,浜本裕己,55.8,51,17.6,9.3,6.5,21.6,0.144,-0.018,0,
5269,山口晃朋,51.5,38,15.8,6.7,6.5,15.8,0.154,-0.007,3,0.0
5245,倉富大誠,45.7,32,15.6,6.2,6.5,18.8,0.159,-0.002,2,50.0
5265,大廣咲季,27.5,41,12.2,3.3,6.5,17.1,0.155,-0.006,0,
4252,松下哲也,39.9,44,13.6,5.1,6.4,18.2,0.184,0.023,2,0.0
3966,作間章,70.2,42,21.4,12.7,6.4,26.2,0.156,-0.005,3,0.0
4369,丹下将,58.0,39,17.9,9.1,6.4,20.5,0.159,-0.002,0,
4762,藤原啓史朗,68.6,37,21.6,12.7,6.4,21.6,0.146,-0.015,0,
5136,濱野斗馬,60.1,39,17.9,9.1,6.4,20.5,0.153,-0.008,0,
4410,井上大輔,46.3,40,15.0,6.2,6.4,15.0,0.14,-0.021,3,33.3
4539,金子賢志,59.0,39,17.9,9.1,6.4,20.5,0.129,-0.032,0,
3289,高橋淳美,22.8,20,15.0,3.9,6.4,15.0,0.159,-0.002,0,
3784,中島友和,52.4,39,15.4,6.7,6.3,15.4,0.149,-0.012,0,
5344,谷口丞,34.4,28,14.3,4.6,6.3,14.3,0.146,-0.015,1,0.0
3740,大澤普司,63.9,35,20.0,11.0,6.3,22.9,0.161,-0.001,2,50.0
3940,飯山泰,64.8,47,19.1,11.0,6.2,19.1,0.143,-0.018,2,0.0
4813,宮内直哉,30.2,32,12.5,3.3,6.2,12.5,0.163,0.002,3,33.3
4769,馬場剛,63.4,47,19.1,11.0,6.2,19.1,0.128,-0.033,4,0.0
4366,前沢丈史,69.8,48,20.8,12.7,6.2,22.9,0.133,-0.028,3,33.3
4370,山口達也,63.7,41,19.5,11.0,6.2,19.5,0.155,-0.006,2,0.0
4992,廣瀬篤哉,38.6,36,13.9,5.1,6.2,22.2,0.144,-0.017,1,0.0
5086,本村大,30.2,33,12.1,3.3,6.1,15.2,0.167,0.006,0,
4163,山崎裕司,55.7,46,17.4,9.3,6.1,19.6,0.172,0.011,2,0.0
4288,永田啓二,73.4,43,23.3,15.0,6.1,25.6,0.124,-0.037,0,
4190,長嶋万記,67.4,18,22.2,11.0,6.1,27.8,0.161,0.0,0,
5226,藤田俊祐,56.5,20,20.0,9.3,6.1,20.0,0.159,-0.002,2,0.0
4843,深尾巴恵,44.4,17,17.6,6.2,6.1,17.6,0.146,-0.015,0,
3381,滝沢芳行,42.2,46,13.0,5.1,6.0,13.0,0.145,-0.016,6,33.3
4276,鈴木勝博,56.4,40,17.5,9.3,6.0,25.0,0.14,-0.021,1,100.0
3822,平尾崇典,63.7,36,19.4,11.0,6.0,19.4,0.152,-0.009,1,0.0
5150,坂本雄紀,64.8,42,19.0,11.0,5.9,23.8,0.149,-0.013,5,40.0
4898,菊地敬介,43.5,26,15.4,6.2,5.9,15.4,0.149,-0.012,0,
3439,大平誉史明,58.6,34,17.6,9.1,5.9,23.5,0.159,-0.003,2,0.0
5038,金田智博,61.9,34,17.6,9.1,5.9,17.6,0.135,-0.026,1,0.0
4804,高田ひかる,63.5,42,19.0,11.0,5.9,26.2,0.168,0.007,0,
4729,佐藤謙史朗,32.5,20,15.0,4.6,5.9,15.0,0.167,0.006,0,
4552,杉山勝匡,51.1,41,14.6,6.7,5.8,19.5,0.146,-0.015,0,
4754,松尾充,59.8,41,17.1,9.1,5.8,19.5,0.155,-0.006,1,0.0
4059,入澤友治,50.2,41,14.6,6.7,5.8,22.0,0.143,-0.018,1,0.0
3930,岸本隆,49.3,41,14.6,6.7,5.8,17.1,0.15,-0.011,2,0.0
5319,近藤颯斗,51.4,25,16.0,6.7,5.8,20.0,0.127,-0.034,3,33.3
5129,山口真喜子,54.9,34,17.6,9.3,5.8,20.6,0.16,-0.001,0,
4887,富澤祐作,46.2,35,14.3,6.2,5.7,17.1,0.131,-0.03,2,0.0
5196,鰐部太空海,68.6,39,20.5,12.7,5.7,28.2,0.149,-0.012,0,
3878,胡本悟志,35.0,31,12.9,4.6,5.6,12.9,0.164,0.003,3,0.0
5065,伊久間陽優,50.3,34,14.7,6.7,5.6,14.7,0.143,-0.019,0,
4796,春園功太,63.6,31,19.4,11.0,5.6,22.6,0.138,-0.023,5,40.0
4505,島田賢人,63.2,43,18.6,11.0,5.6,25.6,0.157,-0.004,9,33.3
4478,櫻本あゆみ,59.0,35,17.1,9.1,5.6,22.9,0.144,-0.017,3,0.0
5034,若林義人,64.5,43,18.6,11.0,5.6,20.9,0.131,-0.03,2,50.0
4977,馬野耀,59.4,35,17.1,9.1,5.6,20.0,0.142,-0.019,2,0.0
4467,渡邉俊介,67.0,49,18.4,11.0,5.6,22.4,0.13,-0.031,1,0.0
5299,西丸敦基,49.8,42,14.3,6.7,5.6,16.7,0.159,-0.002,0,
3975,小野寺智洋,54.3,35,17.1,9.3,5.5,17.1,0.141,-0.02,0,
4374,永田義紘,44.3,36,13.9,6.2,5.5,13.9,0.155,-0.006,1,0.0
4650,中山雄太,60.5,22,18.2,9.1,5.4,18.2,0.143,-0.018,1,0.0
3801,五反田忍,43.0,19,15.8,6.2,5.4,15.8,0.165,0.004,0,
4832,権藤俊光,65.6,44,18.2,11.0,5.4,27.3,0.144,-0.017,0,
4177,萬正嗣,42.9,28,14.3,6.2,5.3,14.3,0.16,-0.001,0,
5051,松本純平,66.4,38,18.4,11.0,5.3,18.4,0.152,-0.009,4,50.0
4519,清水沙樹,52.7,29,17.2,9.3,5.3,17.2,0.149,-0.012,2,50.0
5020,宮村勇哉,37.5,31,12.9,5.1,5.3,12.9,0.168,0.007,3,66.7
5005,石田貴洋,64.9,32,18.8,11.0,5.3,18.8,0.156,-0.005,5,20.0
4988,牟田奨太,34.6,33,12.1,4.6,5.2,12.1,0.145,-0.016,0,
5132,中野希一,74.6,46,21.7,15.0,5.1,26.1,0.121,-0.04,13,23.1
4587,木田峰由季,61.8,37,16.2,9.1,5.1,16.2,0.152,-0.009,0,
4625,渡邊裕貴,39.5,32,12.5,5.1,5.1,18.8,0.167,0.006,0,
4062,後藤陽介,35.6,44,11.4,4.6,5.0,11.4,0.162,0.001,3,0.0
4342,谷野錬志,69.1,41,19.5,12.7,5.0,29.3,0.145,-0.016,4,50.0
4871,菊池宏志,42.7,29,13.8,6.2,5.0,13.8,0.172,0.011,0,
4823,中村桃佳,67.3,33,18.2,11.0,4.9,27.3,0.137,-0.024,1,0.0
3517,高橋勲,58.7,52,15.4,9.1,4.9,17.3,0.159,-0.002,4,0.0
4594,谷川祐一,59.8,52,15.4,9.1,4.9,17.3,0.144,-0.017,4,25.0
3475,橋本久和,49.2,28,14.3,6.7,4.9,17.9,0.162,0.001,1,0.0
4427,秦英悟,61.8,38,15.8,9.1,4.8,23.7,0.164,0.003,2,0.0
5016,宮田龍馬,69.3,36,19.4,12.7,4.8,22.2,0.144,-0.017,1,100.0
5061,中村駿平,27.5,28,10.7,3.3,4.8,10.7,0.148,-0.014,1,0.0
3562,山下和彦,59.3,45,15.6,9.1,4.8,17.8,0.148,-0.013,1,0.0
5145,島川海輝,60.4,38,15.8,9.1,4.8,21.1,0.146,-0.015,2,0.0
5117,冨名腰桃奈,36.2,24,12.5,4.6,4.8,12.5,0.175,0.014,1,0.0
3422,服部幸男,59.2,60,15.0,9.1,4.7,20.0,0.159,-0.002,6,0.0
3444,香月大介,21.2,22,9.1,1.2,4.7,9.1,0.177,0.016,0,
4983,前田篤哉,71.3,42,19.0,12.7,4.7,33.3,0.14,-0.021,2,50.0
4361,柳生泰二,73.2,42,21.4,15.0,4.7,31.0,0.147,-0.014,0,
4953,尾上雅也,66.8,40,17.5,11.0,4.7,20.0,0.154,-0.007,4,25.0
5405,竹内来,8.9,20,10.0,1.7,4.7,10.0,0.174,0.013,2,0.0
5255,藤原仙二,69.3,42,19.0,12.7,4.7,21.4,0.181,0.02,0,
3294,野中義生,38.2,24,12.5,5.1,4.6,12.5,0.158,-0.003,3,0.0
4973,栗原直也,49.1,38,13.2,6.7,4.6,13.2,0.167,0.006,5,0.0
4380,鈴木峻佑,37.9,34,11.8,5.1,4.6,11.8,0.164,0.003,2,0.0
4750,井上尚悟,46.6,40,12.5,6.2,4.6,17.5,0.17,0.009,3,33.3
4349,犬童千秋,43.1,31,12.9,6.2,4.6,16.1,0.16,-0.001,0,
4254,川島圭司,52.8,31,16.1,9.3,4.6,19.4,0.136,-0.025,3,0.0
5331,佐藤永梧,35.4,25,12.0,4.6,4.6,12.0,0.142,-0.019,1,0.0
5156,坂野さくら,44.9,31,12.9,6.2,4.6,16.1,0.185,0.024,0,
4313,西村美智子,56.6,24,16.7,9.3,4.6,25.0,0.141,-0.02,2,0.0
5107,松本真広,40.5,35,11.4,5.1,4.5,11.4,0.187,0.026,0,
5218,山田理央,65.7,54,16.7,11.0,4.4,25.9,0.154,-0.007,2,0.0
5206,梅原祥平,37.1,26,11.5,4.6,4.4,11.5,0.156,-0.006,2,0.0
5057,上田紗奈,50.0,39,12.8,6.7,4.4,12.8,0.159,-0.002,0,
4520,高倉孝太,55.3,39,15.4,9.3,4.4,15.4,0.155,-0.006,4,25.0
5092,篠原晟弥,60.8,47,14.9,9.1,4.4,21.3,0.141,-0.02,3,0.0
4530,小野生奈,69.2,37,18.9,12.7,4.4,18.9,0.156,-0.005,0,
5003,来田衣織,42.4,46,10.9,5.1,4.4,13.0,0.16,-0.001,7,0.0
4840,鈴木秀茉,50.0,39,12.8,6.7,4.4,15.4,0.17,0.009,2,0.0
3470,新田芳美,51.9,30,13.3,6.7,4.4,13.3,0.164,0.003,0,
4156,浜野孝志,55.3,47,14.9,9.3,4.3,17.0,0.154,-0.007,0,
5252,荒木颯斗,62.7,35,17.1,11.0,4.3,20.0,0.155,-0.007,1,0.0
5183,中野孝二,45.0,32,12.5,6.2,4.3,12.5,0.158,-0.004,3,33.3
3779,原田幸哉,55.4,47,14.9,9.3,4.3,17.0,0.12,-0.041,1,0.0
3716,石渡鉄兵,57.1,40,15.0,9.3,4.2,17.5,0.145,-0.016,2,0.0
4401,小林泰,50.9,40,12.5,6.7,4.2,15.0,0.154,-0.007,1,100.0
3713,伊藤誠二,56.0,40,15.0,9.3,4.2,15.0,0.15,-0.011,0,
4793,金子萌,63.1,42,16.7,11.0,4.2,23.8,0.147,-0.014,0,
3992,関口智久,50.3,31,12.9,6.7,4.2,12.9,0.149,-0.012,4,25.0
5275,松田淳平,66.8,42,16.7,11.0,4.2,21.4,0.133,-0.028,1,0.0
3872,岡田憲行,55.5,40,15.0,9.3,4.2,15.0,0.181,0.02,0,
5179,藤本元輝,36.2,27,11.1,4.6,4.2,11.1,0.172,0.011,0,
5289,佃來紀,56.7,40,15.0,9.3,4.2,15.0,0.152,-0.009,0,
4216,星栄爾,51.0,40,12.5,6.7,4.2,12.5,0.152,-0.009,0,
4816,村松修二,52.4,40,12.5,6.7,4.2,17.5,0.144,-0.017,3,0.0
4402,乙藤智史,60.2,33,15.2,9.1,4.2,21.2,0.15,-0.011,0,
4683,向井田直弥,29.6,18,11.1,3.3,4.2,11.1,0.155,-0.006,0,
3556,田中信一郎,69.7,38,18.4,12.7,4.1,21.1,0.149,-0.012,2,50.0
3959,坪井康晴,69.1,38,18.4,12.7,4.1,18.4,0.154,-0.008,2,0.0
5087,佐藤航,66.9,49,16.3,11.0,4.1,18.4,0.155,-0.006,12,0.0
5298,水谷理人,70.9,50,18.0,12.7,4.1,24.0,0.161,-0.0,0,
5067,山田真聖,47.3,33,12.1,6.2,4.1,12.1,0.16,-0.001,0,
4226,村田浩司,44.5,33,12.1,6.2,4.1,12.1,0.156,-0.006,0,
5264,登みひ果,46.5,33,12.1,6.2,4.1,12.1,0.167,0.006,1,0.0
4286,平田さやか,54.5,48,14.6,9.3,4.1,16.7,0.151,-0.01,0,
3459,中野和裕,23.8,30,10.0,3.9,4.1,10.0,0.161,-0.001,0,
4705,吉川勇作,27.4,30,10.0,3.9,4.1,13.3,0.161,-0.0,0,
3617,竹田広樹,30.1,32,9.4,3.3,4.1,12.5,0.168,0.007,0,
4189,川上剛,62.1,56,14.3,9.1,4.1,16.1,0.161,-0.001,0,
5079,大石真央,44.9,33,12.1,6.2,4.1,12.1,0.162,0.001,2,0.0
4893,渡邉真奈美,48.6,32,12.5,6.7,4.0,12.5,0.155,-0.006,1,0.0
4950,高岡竜也,63.9,36,16.7,11.0,4.0,22.2,0.156,-0.005,0,
4084,杉山正樹,65.4,43,16.3,11.0,3.9,20.9,0.156,-0.005,0,
3825,宮嵜隆太郎,25.6,31,9.7,3.9,3.9,9.7,0.131,-0.031,0,
5341,山道諄也,11.5,25,8.0,1.7,3.9,8.0,0.186,0.025,4,0.0
4327,加藤翔,35.9,41,9.8,4.6,3.8,9.8,0.184,0.023,3,0.0
3652,森下勇,27.2,32,9.4,3.9,3.8,9.4,0.164,0.003,1,0.0
4797,中山将,67.6,33,18.2,12.7,3.8,18.2,0.146,-0.015,3,33.3
4131,原豊土,63.1,30,16.7,11.0,3.8,23.3,0.164,0.003,1,0.0
5243,三馬崇史,50.7,42,11.9,6.7,3.8,16.7,0.165,0.004,2,0.0
5006,久保原秀人,24.3,32,9.4,3.9,3.8,9.4,0.175,0.014,1,0.0
3895,堀本裕也,34.3,17,11.8,4.6,3.8,11.8,0.156,-0.006,1,0.0
3340,池田雷太,31.9,35,8.6,3.3,3.7,8.6,0.18,0.019,0,
5278,田中駿兵,72.5,45,20.0,15.0,3.7,22.2,0.144,-0.017,2,50.0
3497,後藤浩,44.1,35,11.4,6.2,3.7,14.3,0.168,0.007,6,0.0
3630,黒田誠司,25.9,19,10.5,3.9,3.7,10.5,0.158,-0.003,2,50.0
4815,伏島祐介,43.9,25,12.0,6.2,3.7,16.0,0.17,0.009,2,0.0
4073,大橋純一郎,66.0,44,15.9,11.0,3.7,15.9,0.153,-0.008,1,100.0
4640,山ノ内雅人,64.7,44,15.9,11.0,3.7,15.9,0.144,-0.017,1,0.0
3176,長谷川巌,39.1,17,11.8,5.1,3.6,11.8,0.175,0.014,0,
4601,森野正弘,67.3,51,15.7,11.0,3.6,17.6,0.131,-0.03,0,
4385,鈴木祐美子,28.1,21,9.5,3.3,3.6,9.5,0.193,0.032,4,25.0
4863,三浦裕貴,44.4,15,13.3,6.2,3.6,13.3,0.155,-0.007,1,0.0
4414,大澤真菜,36.6,30,10.0,4.6,3.6,10.0,0.171,0.01,2,50.0
4383,竹田吉行,57.7,43,14.0,9.1,3.6,14.0,0.166,0.005,0,
3811,石田章央,62.1,35,14.3,9.1,3.6,14.3,0.15,-0.011,4,25.0
4645,上村純一,60.8,35,14.3,9.1,3.6,20.0,0.147,-0.014,2,0.0
3339,泉具巳,41.7,29,10.3,5.1,3.5,10.3,0.156,-0.005,0,
4230,濱崎直矢,63.0,24,16.7,11.0,3.5,16.7,0.164,0.003,4,0.0
5388,佐野優都,34.0,43,9.3,4.6,3.5,11.6,0.139,-0.022,3,0.0
4945,上村宏太,33.6,43,9.3,4.6,3.5,9.3,0.169,0.008,0,
3701,大西隆洋,29.9,36,8.3,3.3,3.5,8.3,0.163,0.002,0,
5217,藤原碧生,64.4,31,16.1,11.0,3.5,19.4,0.151,-0.01,0,
4215,吉島祥之,57.2,43,14.0,9.3,3.5,14.0,0.145,-0.016,0,
4009,小林一樹,53.5,43,14.0,9.3,3.5,14.0,0.138,-0.023,0,
4679,植田太一,58.9,44,13.6,9.1,3.4,15.9,0.165,0.004,0,
5257,西丸侑太朗,64.3,45,15.6,11.0,3.4,24.4,0.152,-0.009,0,
4319,三宅潤,60.4,36,13.9,9.1,3.4,19.4,0.158,-0.003,0,
4808,松尾拓,61.1,44,13.6,9.1,3.4,13.6,0.164,0.003,2,0.0
5318,河内一馬,21.5,32,6.2,1.2,3.4,6.2,0.171,0.01,2,0.0
5068,前田滉,73.2,41,19.5,15.0,3.3,29.3,0.152,-0.009,0,
3717,立間充宏,52.0,25,12.0,6.7,3.3,12.0,0.166,0.005,2,0.0
4415,下出卓矢,56.6,36,13.9,9.3,3.3,13.9,0.145,-0.016,2,0.0
4152,深水慎一郎,48.9,25,12.0,6.7,3.3,20.0,0.153,-0.008,2,0.0
4635,峰重力也,48.0,25,12.0,6.7,3.3,24.0,0.143,-0.018,1,0.0
5223,森清友翔,41.6,42,9.5,5.1,3.3,16.7,0.159,-0.002,2,0.0
4138,中井俊祐,43.8,37,10.8,6.2,3.3,16.2,0.152,-0.009,0,
4461,安田吉宏,41.1,30,10.0,5.1,3.3,10.0,0.159,-0.003,2,50.0
4703,森永隆,61.3,45,13.3,9.1,3.2,17.8,0.151,-0.01,0,
4877,鈴谷一平,62.6,39,15.4,11.0,3.2,17.9,0.143,-0.018,1,100.0
4106,坂井康嗣,28.1,39,7.7,3.3,3.2,10.3,0.173,0.012,0,
4072,森永淳,68.3,41,17.1,12.7,3.2,17.1,0.133,-0.028,1,0.0
3982,福田理,33.0,33,9.1,4.6,3.1,9.1,0.154,-0.007,4,0.0
4359,横川聖志,51.9,36,11.1,6.7,3.1,11.1,0.134,-0.028,0,
3550,都築正治,53.7,45,13.3,9.3,3.1,20.0,0.165,0.004,2,0.0
4821,妻鳥晋也,48.4,36,11.1,6.7,3.1,16.7,0.163,0.002,0,
4825,倉持莉々,64.8,32,15.6,11.0,3.1,18.8,0.142,-0.019,3,33.3
5190,大月遊雅,38.9,31,9.7,5.1,3.1,9.7,0.173,0.011,2,0.0
3567,吉岡誠,27.0,22,9.1,3.9,3.1,9.1,0.16,-0.001,2,0.0
3212,亀本勇樹,40.8,43,9.3,5.1,3.1,9.3,0.151,-0.01,0,
5301,岩下巧斗,42.4,31,9.7,5.1,3.1,9.7,0.154,-0.007,1,0.0
3898,平田忠則,71.0,35,17.1,12.7,3.1,20.0,0.167,0.006,4,50.0
4363,大野芳顕,58.6,46,13.0,9.1,3.0,15.2,0.159,-0.002,6,0.0
4482,守屋美穂,59.3,46,13.0,9.1,3.0,17.4,0.165,0.003,1,0.0
3664,鈴木賢一,45.3,28,10.7,6.2,3.0,10.7,0.176,0.015,4,25.0
4792,杉村賢也,44.7,28,10.7,6.2,3.0,10.7,0.162,0.001,2,50.0
4589,塩崎桐加,45.8,28,10.7,6.2,3.0,10.7,0.153,-0.008,1,0.0
4725,佐竹太一,45.5,28,10.7,6.2,3.0,17.9,0.166,0.005,0,
5083,柳瀬幹太,44.7,28,10.7,6.2,3.0,17.9,0.153,-0.008,0,
3995,重野哲之,67.0,33,15.2,11.0,2.9,15.2,0.121,-0.04,3,0.0
4734,安河内将,70.8,42,16.7,12.7,2.9,21.4,0.145,-0.016,1,0.0
4204,柴田大輔,48.1,37,10.8,6.7,2.9,10.8,0.173,0.012,0,
3743,林美憲,60.4,55,12.7,9.1,2.9,12.7,0.166,0.005,0,
4346,前田健太郎,37.3,34,8.8,4.6,2.9,14.7,0.161,-0.0,0,
5381,有山望,17.0,38,5.3,1.3,2.9,5.3,0.168,0.007,2,50.0
5352,西岡蒼志,39.4,45,8.9,5.1,2.9,8.9,0.148,-0.013,0,
4735,角山雄哉,41.9,32,9.4,5.1,2.9,12.5,0.14,-0.022,0,
5222,津田陸翔,65.3,40,15.0,11.0,2.9,22.5,0.157,-0.004,4,25.0
4997,濱崎寿里矢,26.2,23,8.7,3.9,2.9,8.7,0.162,0.001,3,0.0
4819,蜂須瑞生,59.5,30,13.3,9.1,2.8,16.7,0.159,-0.002,2,0.0
3612,馬袋義則,68.3,62,16.1,12.7,2.8,19.4,0.126,-0.035,0,
4025,山本隆幸,70.9,36,16.7,12.7,2.8,19.4,0.174,0.013,0,
3582,吉川昭男,58.7,30,13.3,9.1,2.8,16.7,0.172,0.011,0,
5052,赤井星璃菜,38.7,20,10.0,5.1,2.8,15.0,0.157,-0.004,1,0.0
5014,梶山涼斗,47.8,38,10.5,6.7,2.7,13.2,0.127,-0.034,0,
4033,伊藤将吉,65.2,41,14.6,11.0,2.7,17.1,0.142,-0.019,1,0.0
4608,荒井翔伍,59.3,39,12.8,9.1,2.7,12.8,0.159,-0.002,1,0.0
4044,湯川浩司,63.0,41,14.6,11.0,2.7,17.1,0.136,-0.025,1,100.0
4533,峰重侑治,37.2,22,9.1,4.6,2.7,9.1,0.171,0.01,0,
4067,永井源,66.9,48,14.6,11.0,2.7,18.8,0.151,-0.01,2,50.0
4548,篠木亜衣花,17.6,15,6.7,1.2,2.7,6.7,0.192,0.031,1,0.0
4885,大山千広,66.4,19,15.8,11.0,2.7,15.8,0.15,-0.011,0,
4938,小芦るり華,66.4,34,14.7,11.0,2.6,20.6,0.165,0.004,2,50.0
4733,赤井睦,45.9,30,10.0,6.2,2.6,10.0,0.151,-0.01,0,
3286,坂東満,38.1,21,9.5,5.1,2.6,9.5,0.172,0.011,1,0.0
4109,谷津幸宏,59.8,48,12.5,9.1,2.6,12.5,0.132,-0.029,6,50.0
4113,木村浩士,47.9,39,10.3,6.7,2.6,12.8,0.178,0.017,0,
4527,高野心吾,36.9,36,8.3,4.6,2.6,11.1,0.172,0.01,0,
4239,竹田辰也,65.4,34,14.7,11.0,2.6,14.7,0.158,-0.003,0,
5135,仲航太,48.0,28,10.7,6.7,2.6,10.7,0.143,-0.018,1,100.0
5199,垂水悠,49.7,28,10.7,6.7,2.6,10.7,0.135,-0.026,0,
4903,吉田凌太朗,67.8,50,16.0,12.7,2.6,18.0,0.143,-0.018,3,0.0
4281,大澤大夢,46.3,30,10.0,6.2,2.6,10.0,0.165,0.004,1,100.0
3978,齊藤仁,57.7,40,12.5,9.1,2.5,12.5,0.155,-0.006,2,0.0
4856,豊田健士郎,66.7,49,14.3,11.0,2.5,18.4,0.136,-0.025,3,0.0
3233,小畑実成,41.7,35,8.6,5.1,2.5,11.4,0.169,0.008,2,50.0
4270,岸本雄貴,38.7,35,8.6,5.1,2.5,8.6,0.181,0.02,4,50.0
3277,齋藤勇,39.4,35,8.6,5.1,2.5,8.6,0.17,0.009,2,0.0
5212,西川拓利,60.6,40,12.5,9.1,2.5,20.0,0.139,-0.022,0,
4403,木下大將,61.9,40,12.5,9.1,2.5,17.5,0.155,-0.006,2,50.0
4944,田代達也,36.9,37,8.1,4.6,2.5,8.1,0.175,0.014,4,0.0
5194,大久保佑香,38.4,35,8.6,5.1,2.5,8.6,0.156,-0.005,1,0.0
5036,福田翔吾,47.4,42,9.5,6.2,2.5,16.7,0.15,-0.011,0,
4967,中村魁生,67.6,44,15.9,12.7,2.4,22.7,0.134,-0.028,0,
4028,田村隆信,55.4,40,12.5,9.3,2.4,15.0,0.166,0.005,1,0.0
4852,川原祐明,74.3,44,18.2,15.0,2.4,27.3,0.15,-0.011,2,50.0
3874,山本寛久,65.9,42,14.3,11.0,2.4,19.0,0.167,0.006,2,50.0
5231,寺田空詩,49.7,29,10.3,6.7,2.4,13.8,0.162,0.001,3,0.0
3543,福田雅一,49.3,29,10.3,6.7,2.4,10.3,0.167,0.006,0,
5350,網代良芽,38.3,36,8.3,5.1,2.3,8.3,0.159,-0.003,2,50.0
4747,山戸信二,34.3,24,8.3,4.6,2.3,12.5,0.149,-0.012,0,
5337,出畑孝成,34.2,53,7.5,4.6,2.3,9.4,0.174,0.013,3,33.3
5367,赤松咲香,5.4,22,4.5,0.8,2.2,4.5,0.17,0.009,1,0.0
4495,森晋太郎,56.3,32,12.5,9.3,2.2,12.5,0.151,-0.011,2,0.0
5417,小柳勝希,20.3,20,5.0,1.2,2.2,10.0,0.178,0.017,0,
3377,塚田修二,31.5,30,6.7,3.3,2.2,6.7,0.186,0.025,3,33.3
4158,木場雄二郎,45.3,32,9.4,6.2,2.2,9.4,0.16,-0.001,0,
4020,川上清人,32.5,30,6.7,3.3,2.2,6.7,0.183,0.022,0,
5090,生方靖亜,51.8,30,10.0,6.7,2.2,10.0,0.164,0.003,3,33.3
4365,盛本真輔,56.4,41,12.2,9.3,2.2,22.0,0.174,0.013,0,
3054,北川幸典,51.2,30,10.0,6.7,2.2,13.3,0.17,0.009,0,
4537,渡邉和将,65.9,43,14.0,11.0,2.2,20.9,0.139,-0.023,1,0.0
3349,吉田一郎,59.8,50,12.0,9.1,2.2,16.0,0.147,-0.014,0,
4771,下寺秀和,71.8,45,15.6,12.7,2.2,24.4,0.163,0.002,0,
5348,小林甘寧,40.3,37,8.1,5.1,2.2,16.2,0.153,-0.008,0,
5153,佐藤ほのか,31.1,31,6.5,3.3,2.1,6.5,0.165,0.004,0,
5070,中島航,36.6,25,8.0,4.6,2.1,8.0,0.181,0.02,2,0.0
3981,今坂晃広,33.8,40,7.5,4.6,2.1,7.5,0.179,0.018,2,0.0
5081,篠原飛翔,62.2,42,11.9,9.1,2.1,16.7,0.165,0.004,0,
5104,山田丈,57.8,33,12.1,9.1,2.1,18.2,0.153,-0.008,0,
4948,木場悠介,55.6,33,12.1,9.3,2.0,18.2,0.141,-0.02,0,
3615,横田茂,41.3,38,7.9,5.1,2.0,7.9,0.16,-0.002,2,100.0
4260,中越博紀,53.0,42,11.9,9.3,2.0,19.0,0.166,0.005,0,
3714,梶原正,38.2,38,7.9,5.1,2.0,7.9,0.146,-0.015,3,33.3
4169,多田有佑,26.8,29,6.9,3.9,2.0,6.9,0.205,0.044,1,0.0
3952,中澤和志,69.6,39,15.4,12.7,2.0,23.1,0.137,-0.024,5,20.0
5355,萩原丈太朗,8.1,19,5.3,1.7,2.0,5.3,0.155,-0.006,1,0.0
4289,落合直子,54.8,42,11.9,9.3,2.0,14.3,0.142,-0.019,1,0.0
5283,植木美帆,15.3,21,4.8,1.3,2.0,4.8,0.191,0.03,3,33.3
5076,石原光,50.0,31,9.7,6.7,2.0,9.7,0.17,0.009,2,50.0
5093,浦野海,48.9,31,9.7,6.7,2.0,12.9,0.177,0.016,2,0.0
4196,田中太一郎,35.0,41,7.3,4.6,2.0,7.3,0.161,0.0,1,0.0
4932,新開航,67.8,39,15.4,12.7,2.0,15.4,0.145,-0.016,4,50.0
5321,一色颯輝,46.8,21,9.5,6.2,2.0,14.3,0.175,0.014,0,
3778,安達美帆,22.1,22,4.5,1.2,2.0,9.1,0.194,0.033,3,0.0
3932,池田浩美,39.6,24,8.3,5.1,2.0,8.3,0.164,0.003,0,
4689,豊田結,52.1,31,9.7,6.7,2.0,9.7,0.149,-0.012,0,
5270,小玉啓太,43.9,33,9.1,6.2,2.0,9.1,0.157,-0.004,0,
4449,中嶋達也,34.4,42,7.1,4.6,1.9,7.1,0.147,-0.014,2,0.0
4463,三苫晃幸,59.6,43,11.6,9.1,1.9,14.0,0.171,0.01,0,
3226,浦田信義,44.1,34,8.8,6.2,1.9,8.8,0.189,0.028,1,0.0
4957,竹之内極,52.2,43,9.3,6.7,1.9,11.6,0.157,-0.004,1,0.0
4118,宇佐見淳,63.7,52,13.5,11.0,1.9,21.2,0.157,-0.004,5,20.0
4485,楠原正剛,50.4,43,9.3,6.7,1.9,11.6,0.152,-0.009,0,
4765,野田部宏子,43.5,34,8.8,6.2,1.9,8.8,0.137,-0.024,0,
3075,中村裕将,41.8,39,7.7,5.1,1.9,7.7,0.144,-0.017,5,20.0
4512,高野哲史,68.6,46,15.2,12.7,1.9,19.6,0.157,-0.005,0,
3953,志道吉和,21.7,23,4.3,1.2,1.9,4.3,0.179,0.018,0,
4876,梅木敬太,41.9,40,7.5,5.1,1.8,10.0,0.173,0.012,2,0.0
3653,品川賢次,41.1,25,8.0,5.1,1.8,8.0,0.18,0.019,2,0.0
5369,岡崎凪汰,20.4,24,4.2,1.2,1.8,4.2,0.169,0.008,0,
4708,半田尚也,32.4,34,5.9,3.3,1.8,5.9,0.185,0.024,0,
4201,佐竹友樹,34.2,27,7.4,4.6,1.8,14.8,0.156,-0.005,7,14.3
3327,野長瀬正孝,61.4,62,11.3,9.1,1.8,16.1,0.179,0.017,7,0.0
5192,中尾優香,46.1,35,8.6,6.2,1.7,11.4,0.164,0.003,0,
4882,瀧川千依,31.1,15,6.7,3.3,1.7,6.7,0.171,0.01,2,0.0
4811,向井田佑紀,42.7,48,8.3,6.2,1.7,12.5,0.162,0.001,2,0.0
5066,鈴木孝明,68.3,40,15.0,12.7,1.7,20.0,0.165,0.004,4,25.0
4540,相原利章,52.7,34,11.8,9.3,1.7,14.7,0.126,-0.035,0,
4035,杉江浩明,31.2,35,5.7,3.3,1.7,5.7,0.193,0.032,3,0.0
3805,高橋英之,54.5,34,11.8,9.3,1.7,11.8,0.139,-0.022,0,
5042,畑田汰一,65.0,53,13.2,11.0,1.7,17.0,0.124,-0.037,15,33.3
3814,金子貴志,42.9,35,8.6,6.2,1.7,8.6,0.176,0.015,1,0.0
5315,浅井翼,16.2,25,4.0,1.3,1.7,4.0,0.168,0.007,1,0.0
5106,山崎祥,54.9,34,11.8,9.3,1.7,17.6,0.159,-0.002,0,
3503,堂原洋史,32.0,35,5.7,3.3,1.7,5.7,0.149,-0.012,2,0.0
4914,吉田裕平,63.7,45,13.3,11.0,1.7,17.8,0.127,-0.034,0,
4269,杉山裕也,68.3,40,15.0,12.7,1.7,22.5,0.146,-0.015,1,0.0
4939,宮之原輝紀,67.7,33,15.2,12.7,1.7,27.3,0.138,-0.023,1,100.0
4656,大崎翔,46.4,35,8.6,6.2,1.7,14.3,0.151,-0.01,4,0.0
4675,井手良太,53.4,25,12.0,9.3,1.7,16.0,0.142,-0.019,1,0.0
4499,滝川真由子,52.6,25,12.0,9.3,1.7,20.0,0.18,0.019,0,
3535,渡修平,35.5,28,7.1,4.6,1.6,7.1,0.187,0.026,0,
4943,八木治樹,36.0,28,7.1,4.6,1.6,7.1,0.143,-0.018,1,0.0
3627,井上恵一,52.0,57,8.8,6.7,1.6,12.3,0.172,0.011,2,0.0
4323,山田佑樹,48.5,33,9.1,6.7,1.6,15.2,0.166,0.005,0,
5386,米玉利大悟,16.4,26,3.8,1.3,1.6,3.8,0.162,0.001,0,
3641,一瀬明,58.6,54,11.1,9.1,1.6,18.5,0.174,0.013,1,0.0
4575,戸塚邦好,61.4,35,11.4,9.1,1.6,11.4,0.144,-0.017,0,
3578,塩田雄一,33.8,28,7.1,4.6,1.6,7.1,0.186,0.025,0,
4651,佐藤大騎,27.5,32,6.2,3.9,1.6,6.2,0.159,-0.002,2,0.0
3544,豊田訓靖,27.2,32,6.2,3.9,1.6,6.2,0.177,0.015,1,0.0
3158,島川光男,58.6,45,11.1,9.1,1.5,13.3,0.147,-0.014,0,
3999,大瀧明日香,61.1,45,11.1,9.1,1.5,13.3,0.151,-0.01,0,
4277,金田大輔,43.5,36,8.3,6.2,1.5,8.3,0.159,-0.002,0,
3848,川上聡介,46.6,36,8.3,6.2,1.5,8.3,0.152,-0.009,0,
5089,前田翔,75.2,41,17.1,15.0,1.5,17.1,0.159,-0.002,0,
3516,吉原聖人,36.1,29,6.9,4.6,1.5,6.9,0.172,0.011,2,50.0
4060,島田一生,46.9,36,8.3,6.2,1.5,16.7,0.169,0.008,3,0.0
4895,門間雄大,48.4,34,8.8,6.7,1.5,11.8,0.15,-0.011,3,0.0
5230,石原凪紗,37.3,29,6.9,4.6,1.5,6.9,0.179,0.018,2,0.0
5277,井上未都,50.3,34,8.8,6.7,1.5,11.8,0.155,-0.006,0,
5133,堀越雄貴,49.2,34,8.8,6.7,1.5,11.8,0.185,0.024,3,0.0
5311,小林京平,46.4,36,8.3,6.2,1.5,13.9,0.159,-0.002,0,
3993,永井聖美,52.6,35,11.4,9.3,1.5,11.4,0.165,0.004,0,
4419,原加央理,56.8,35,11.4,9.3,1.5,17.1,0.161,-0.001,0,
5313,鈴木唯央,32.6,29,6.9,4.6,1.5,6.9,0.176,0.015,2,0.0
4203,小倉康典,35.6,29,6.9,4.6,1.5,10.3,0.143,-0.018,3,33.3
3788,一宮稔弘,56.6,26,11.5,9.3,1.4,11.5,0.131,-0.03,0,
3564,桑原啓,42.1,43,7.0,5.1,1.4,7.0,0.165,0.004,1,0.0
4122,安東幸治,55.7,45,11.1,9.3,1.4,17.8,0.163,0.002,2,0.0
3175,渡辺千草,42.7,37,8.1,6.2,1.4,8.1,0.148,-0.013,0,
4446,和田兼輔,70.8,48,14.6,12.7,1.4,16.7,0.137,-0.024,1,0.0
5121,定松勇樹,68.0,41,14.6,12.7,1.4,19.5,0.134,-0.028,0,
5258,仲本舜,36.5,30,6.7,4.6,1.4,6.7,0.185,0.024,1,0.0
4836,大谷健太,41.9,28,7.1,5.1,1.4,10.7,0.162,0.001,4,0.0
5290,坂本一真,24.0,34,5.9,3.9,1.4,5.9,0.167,0.006,1,0.0
4958,溝口海義也,61.9,46,10.9,9.1,1.3,17.4,0.137,-0.024,1,0.0
3654,武田光史,64.4,47,12.8,11.0,1.3,25.5,0.154,-0.008,4,0.0
3613,角谷健吾,61.8,46,10.9,9.1,1.3,15.2,0.147,-0.014,1,0.0
3976,内田圭,32.0,39,5.1,3.3,1.3,5.1,0.161,0.0,1,0.0
3629,浅見昌克,61.6,46,10.9,9.1,1.3,10.9,0.144,-0.017,3,0.0
4161,黒柳浩孝,51.8,35,8.6,6.7,1.3,8.6,0.161,-0.001,2,0.0
3256,三角哲男,63.3,31,12.9,11.0,1.3,25.8,0.151,-0.01,1,0.0
4247,齊藤優,46.1,38,7.9,6.2,1.3,10.5,0.156,-0.005,0,
4568,廣瀬真也,54.5,36,11.1,9.3,1.3,11.1,0.16,-0.001,3,33.3
4637,中田友也,56.8,36,11.1,9.3,1.3,19.4,0.148,-0.013,1,0.0
4315,山崎昂介,43.6,38,7.9,6.2,1.3,7.9,0.163,0.002,0,
3757,畑和宏,55.9,36,11.1,9.3,1.3,11.1,0.154,-0.007,0,
5320,岩崎麗子,17.0,31,3.2,1.3,1.3,3.2,0.157,-0.004,2,0.0
4473,藤堂里香,52.0,35,8.6,6.7,1.3,14.3,0.169,0.008,0,
5267,石本裕武,64.3,39,12.8,11.0,1.3,23.1,0.149,-0.012,0,
4569,中澤宏奈,43.2,24,8.3,6.2,1.3,12.5,0.161,-0.0,0,
4942,柴田朋哉,58.1,37,10.8,9.1,1.2,13.5,0.14,-0.021,3,0.0
3956,横澤剛治,61.6,37,10.8,9.1,1.2,16.2,0.159,-0.002,3,33.3
4706,三浦洋次朗,55.0,46,10.9,9.3,1.2,13.0,0.167,0.006,5,0.0
3508,久富政弘,52.0,36,8.3,6.7,1.2,11.1,0.177,0.015,0,
3719,辻栄蔵,69.7,42,14.3,12.7,1.2,19.0,0.145,-0.016,5,20.0
4017,向井美鈴,51.6,36,8.3,6.7,1.2,13.9,0.181,0.02,2,0.0
4351,里岡右貴,71.5,42,14.3,12.7,1.2,23.8,0.146,-0.015,4,25.0
3302,谷川里江,43.6,25,8.0,6.2,1.2,12.0,0.156,-0.005,2,0.0
3842,星野太郎,43.1,25,8.0,6.2,1.2,12.0,0.172,0.011,0,
3726,桂林寛,42.9,25,8.0,6.2,1.2,8.0,0.158,-0.003,0,
4283,石井裕美,39.2,30,6.7,5.1,1.1,6.7,0.174,0.013,0,
5188,武井莉里佳,56.3,37,10.8,9.3,1.1,13.5,0.166,0.005,0,
3866,木山誠一,41.8,30,6.7,5.1,1.1,6.7,0.127,-0.034,2,0.0
4557,松尾光広,39.6,30,6.7,5.1,1.1,10.0,0.197,0.036,1,0.0
4377,濱本優一,69.7,35,14.3,12.7,1.1,28.6,0.148,-0.014,3,66.7
4245,高橋直哉,39.7,30,6.7,5.1,1.1,10.0,0.174,0.013,1,0.0
3558,山本浩次,43.4,39,7.7,6.2,1.1,7.7,0.158,-0.003,3,0.0
3539,金子順一,33.2,50,6.0,4.6,1.1,6.0,0.186,0.025,0,
4664,東口晃,33.3,32,6.2,4.6,1.1,6.2,0.184,0.022,0,
5371,早川颯太,3.4,43,2.3,0.8,1.1,2.3,0.207,0.046,3,0.0
3711,江本真治,65.0,40,12.5,11.0,1.1,15.0,0.146,-0.016,0,
5103,芝田京介,31.2,19,5.3,3.3,1.1,5.3,0.185,0.024,2,0.0
5339,石井伸長,45.8,39,7.7,6.2,1.1,12.8,0.171,0.01,0,
4789,古賀智之,56.9,37,10.8,9.3,1.1,10.8,0.149,-0.012,5,20.0
4641,磯村匠,42.9,39,7.7,6.2,1.1,10.3,0.183,0.022,1,0.0
4090,中村尊,58.5,28,10.7,9.1,1.1,17.9,0.149,-0.012,5,0.0
4045,佐々木裕美,42.2,30,6.7,5.1,1.1,10.0,0.158,-0.003,2,0.0
3977,山本兼士,38.9,46,6.5,5.1,1.1,10.9,0.165,0.004,0,
4506,稗田聖也,64.3,40,12.5,11.0,1.1,22.5,0.134,-0.027,3,0.0
5060,数原魁,55.7,37,10.8,9.3,1.1,10.8,0.17,0.009,0,
5053,山口広樹,38.0,30,6.7,5.1,1.1,10.0,0.172,0.011,0,
5180,藤本紗弥香,22.8,17,5.9,3.9,1.1,5.9,0.171,0.009,0,
3463,乙津康志,44.1,40,7.5,6.2,1.0,7.5,0.185,0.024,3,0.0
4459,片岡雅裕,50.6,37,8.1,6.7,1.0,10.8,0.113,-0.048,0,
4430,永田秀二,59.3,48,10.4,9.1,1.0,14.6,0.171,0.01,2,0.0
4966,田川大貴,50.6,37,8.1,6.7,1.0,10.8,0.155,-0.007,1,100.0
5382,山下心一,14.6,38,2.6,1.3,1.0,2.6,0.167,0.006,0,
4375,照屋厚仁,59.0,38,10.5,9.1,1.0,15.8,0.153,-0.008,2,50.0
4875,大塚康雅,45.9,40,7.5,6.2,1.0,12.5,0.181,0.02,2,0.0
5207,高山敬悟,45.7,26,7.7,6.2,1.0,11.5,0.163,0.002,0,
4231,鈴木裕隆,54.5,47,10.6,9.3,1.0,14.9,0.167,0.006,4,0.0
3661,柳瀬興志,50.8,37,8.1,6.7,1.0,10.8,0.163,0.002,2,0.0
4442,松竹大輔,49.5,37,8.1,6.7,1.0,10.8,0.155,-0.006,1,0.0
4994,山本梨菜,66.9,32,12.5,11.0,1.0,12.5,0.168,0.007,3,0.0
5055,眞鳥章太,55.7,47,10.6,9.3,1.0,12.8,0.163,0.001,0,
4193,郷原章平,60.0,48,10.4,9.1,1.0,18.8,0.155,-0.006,6,16.7
4146,柳橋宏紀,52.4,37,8.1,6.7,1.0,10.8,0.147,-0.014,0,
5261,岡暢祐,34.9,33,6.1,4.6,1.0,9.1,0.168,0.007,2,0.0
5191,飛田江己,67.7,50,14.0,12.7,1.0,16.0,0.136,-0.025,10,30.0
4644,山田亮太,66.1,49,12.2,11.0,0.9,14.3,0.145,-0.016,3,0.0
3911,鈴木猛,48.1,51,7.8,6.7,0.9,9.8,0.169,0.008,1,0.0
4180,上野秀和,51.9,38,7.9,6.7,0.9,10.5,0.159,-0.002,0,
3852,澤大介,38.7,31,6.5,5.1,0.9,6.5,0.168,0.006,2,0.0
4532,秋元哲,72.5,43,14.0,12.7,0.9,18.6,0.137,-0.024,10,0.0
3941,池田浩二,72.4,43,14.0,12.7,0.9,20.9,0.14,-0.021,0,
4174,赤坂俊輔,64.7,49,12.2,11.0,0.9,12.2,0.159,-0.002,1,0.0
4685,島村隆幸,78.0,37,16.2,15.0,0.9,18.9,0.163,0.002,1,0.0
4878,西岡育未,41.2,31,6.5,5.1,0.9,9.7,0.161,-0.0,1,0.0
4846,佐藤駿介,33.2,34,5.9,4.6,0.9,8.8,0.162,0.001,3,0.0
4171,榎幸司,62.5,41,12.2,11.0,0.9,12.2,0.166,0.005,0,
4509,平見真彦,57.1,38,10.5,9.3,0.9,13.2,0.163,0.002,1,0.0
4580,長谷川雅和,54.5,38,10.5,9.3,0.9,13.2,0.155,-0.006,0,
4956,齊藤大将,37.2,16,6.2,4.6,0.8,6.2,0.175,0.014,0,
3361,岡部浩,31.9,21,4.8,3.3,0.8,4.8,0.177,0.015,0,
3747,國崎良春,57.8,29,10.3,9.1,0.8,13.8,0.167,0.006,1,0.0
4889,後藤盛也,47.8,25,8.0,6.7,0.8,8.0,0.151,-0.01,1,100.0
5008,羽野諒,40.3,32,6.2,5.1,0.8,6.2,0.135,-0.026,1,0.0
5074,大澤誠也,38.0,32,6.2,5.1,0.8,6.2,0.173,0.012,5,20.0
4240,今井裕梨,59.4,29,10.3,9.1,0.8,13.8,0.144,-0.017,1,0.0
3306,武田正紀,32.6,35,5.7,4.6,0.8,5.7,0.145,-0.017,7,14.3
5017,澤田尚也,59.8,39,10.3,9.1,0.8,17.9,0.144,-0.017,1,0.0
5137,川原涼,51.1,25,8.0,6.7,0.8,12.0,0.169,0.008,1,0.0
4727,安部慎一,39.7,33,6.1,5.1,0.7,6.1,0.152,-0.01,0,
5201,村上宗太郎,34.0,17,5.9,4.6,0.7,17.6,0.163,0.002,0,
4024,井口佳典,59.6,40,10.0,9.1,0.7,10.0,0.155,-0.006,3,0.0
4384,鶴本崇文,68.7,44,13.6,12.7,0.7,15.9,0.17,0.009,2,0.0
4404,岸蔭亮,34.0,36,5.6,4.6,0.7,5.6,0.176,0.015,2,0.0
4669,井上茂,41.8,33,6.1,5.1,0.7,6.1,0.175,0.014,0,
4917,岩橋裕馬,34.9,36,5.6,4.6,0.7,5.6,0.162,0.001,3,33.3
5236,小宮涼雅,35.8,54,5.6,4.6,0.7,9.3,0.17,0.009,0,
5308,藤森拓海,36.0,36,5.6,4.6,0.7,5.6,0.162,0.0,1,100.0
3637,齋藤和政,37.6,33,6.1,5.1,0.7,9.1,0.176,0.015,4,0.0
4406,幸野史明,37.2,36,5.6,4.6,0.7,5.6,0.162,0.001,3,0.0
4112,大久保信一郎,59.6,40,10.0,9.1,0.7,17.5,0.175,0.014,1,0.0
4317,木村紗友希,34.7,36,5.6,4.6,0.7,5.6,0.183,0.022,2,0.0
3662,大庭元明,51.7,39,7.7,6.7,0.7,12.8,0.172,0.011,0,
4526,池田雄祐,56.7,29,10.3,9.3,0.7,10.3,0.143,-0.018,4,25.0
4764,小池礼乃,49.3,39,7.7,6.7,0.7,10.3,0.163,0.002,0,
4381,田路朋史,57.9,30,10.0,9.1,0.6,16.7,0.159,-0.002,3,0.0
4448,青木玄太,71.4,37,13.5,12.7,0.6,18.9,0.142,-0.019,2,0.0
4500,山田康二,69.2,37,13.5,12.7,0.6,21.6,0.137,-0.024,0,
4356,長岡良也,64.9,51,11.8,11.0,0.6,11.8,0.165,0.004,1,0.0
3546,中里昌志,39.7,51,5.9,5.1,0.6,7.8,0.181,0.02,4,0.0
3921,川村正輝,38.4,16,6.2,5.1,0.6,6.2,0.191,0.029,0,
4743,木村仁紀,67.5,51,11.8,11.0,0.6,11.8,0.151,-0.01,0,
3579,中里優子,43.3,28,7.1,6.2,0.6,7.1,0.168,0.007,0,
5340,樋江井舞,30.1,49,4.1,3.3,0.6,4.1,0.159,-0.003,0,
4969,町田洸希,48.5,26,7.7,6.7,0.6,7.7,0.176,0.015,0,
5276,大島隆乃介,44.4,43,7.0,6.2,0.6,7.0,0.159,-0.002,1,0.0
3860,松本浩貴,29.3,23,4.3,3.3,0.6,4.3,0.191,0.03,3,0.0
4772,石丸海渡,69.3,37,13.5,12.7,0.6,16.2,0.118,-0.043,0,
4775,千葉真弥,61.8,30,10.0,9.1,0.6,10.0,0.158,-0.003,2,0.0
4562,阪本勇介,35.8,37,5.4,4.6,0.6,5.4,0.184,0.023,2,0.0
3773,津留浩一郎,41.1,34,5.9,5.1,0.6,8.8,0.158,-0.003,0,
5338,香月大輝,28.9,49,4.1,3.3,0.6,4.1,0.155,-0.006,2,0.0
5128,坪井爽佑,42.9,28,7.1,6.2,0.6,10.7,0.162,0.001,1,0.0
4182,吉田和仁,43.7,43,7.0,6.2,0.6,9.3,0.175,0.013,2,0.0
4372,原田佑実,58.0,30,10.0,9.1,0.6,13.3,0.16,-0.001,0,
4143,浦田晃嗣,39.7,35,5.7,5.1,0.5,5.7,0.141,-0.02,2,0.0
4573,佐藤翼,58.6,41,9.8,9.1,0.5,9.8,0.134,-0.028,5,20.0
4700,金子和之,60.1,41,9.8,9.1,0.5,17.1,0.144,-0.018,9,11.1
5082,一色凌雅,53.8,40,10.0,9.3,0.5,12.5,0.159,-0.002,0,
5356,長谷川暖,48.9,27,7.4,6.7,0.5,11.1,0.141,-0.02,1,0.0
5213,湯淺紀香,50.9,41,7.3,6.7,0.5,9.8,0.181,0.02,4,25.0
4899,占部一真,38.5,35,5.7,5.1,0.5,5.7,0.162,0.001,3,0.0
4110,小澤和也,38.0,35,5.7,5.1,0.5,8.6,0.16,-0.001,4,50.0
5114,小林孝彰,57.9,41,9.8,9.1,0.5,14.6,0.158,-0.003,0,
5112,砂長知輝,67.2,43,11.6,11.0,0.5,14.0,0.144,-0.017,9,22.2
4436,渋谷明憲,66.4,34,11.8,11.0,0.5,11.8,0.171,0.01,1,0.0
5232,樅山拓馬,46.3,29,6.9,6.2,0.5,6.9,0.139,-0.022,1,100.0
4395,下河雅史,45.8,44,6.8,6.2,0.5,9.1,0.177,0.016,3,0.0
3897,白井英治,64.6,43,11.6,11.0,0.5,16.3,0.143,-0.019,1,0.0
4093,吉田宗弘,38.1,35,5.7,5.1,0.5,5.7,0.173,0.012,2,0.0
3882,新田智彰,46.3,44,6.8,6.2,0.5,9.1,0.159,-0.002,1,0.0
5263,花田凱成,37.4,38,5.3,4.6,0.5,7.9,0.173,0.012,3,0.0
4643,近江翔吾,65.5,34,11.8,11.0,0.5,14.7,0.141,-0.021,0,
5012,加倉侑征,52.6,30,10.0,9.3,0.5,16.7,0.148,-0.013,5,20.0
5130,上野拓馬,41.1,35,5.7,5.1,0.5,8.6,0.165,0.004,0,
4959,井上忠政,65.3,43,11.6,11.0,0.5,16.3,0.141,-0.02,0,
5219,森口和紀,45.1,29,6.9,6.2,0.5,6.9,0.171,0.01,0,
5111,三村岳人,52.8,30,10.0,9.3,0.5,13.3,0.146,-0.015,0,
4516,野口勝弘,67.3,52,11.5,11.0,0.4,15.4,0.149,-0.012,4,0.0
4865,立具敬司,40.8,17,5.9,5.1,0.4,5.9,0.172,0.011,1,0.0
4535,北山康介,70.6,30,13.3,12.7,0.4,20.0,0.145,-0.016,0,
5085,中村栄治,53.3,41,9.8,9.3,0.4,14.6,0.189,0.028,1,0.0
4472,尾嶋一広,64.3,52,11.5,11.0,0.4,13.5,0.156,-0.005,3,66.7
4681,太田潮,32.3,25,4.0,3.3,0.4,4.0,0.169,0.008,1,0.0
4501,樋口由加里,48.9,42,7.1,6.7,0.3,9.5,0.16,-0.001,5,0.0
3960,菊地孝平,59.6,53,9.4,9.1,0.3,17.0,0.114,-0.047,2,0.0
4851,関浩哉,66.1,35,11.4,11.0,0.3,11.4,0.141,-0.02,2,0.0
4367,山口修路,39.2,36,5.6,5.1,0.3,5.6,0.203,0.042,1,0.0
4031,飯島誠,48.1,28,7.1,6.7,0.3,10.7,0.161,-0.0,4,25.0
4391,松田祐季,61.0,42,9.5,9.1,0.3,14.3,0.157,-0.004,1,0.0
4468,大池佑来,64.0,35,11.4,11.0,0.3,11.4,0.161,0.0,3,33.3
4344,新田雄史,70.2,38,13.2,12.7,0.3,18.4,0.139,-0.022,0,
5010,宇留田翔平,58.7,53,9.4,9.1,0.3,13.2,0.153,-0.008,2,0.0
4886,入海馨,65.3,35,11.4,11.0,0.3,17.1,0.15,-0.011,0,
4798,浜先真範,62.1,42,9.5,9.1,0.3,9.5,0.137,-0.024,1,0.0
4437,中田元泰,60.7,42,9.5,9.1,0.3,11.9,0.151,-0.01,0,
4880,澤崎雄哉,54.6,31,9.7,9.3,0.3,12.9,0.162,0.001,2,0.0
4244,鈴木成美,27.1,23,4.3,3.9,0.3,4.3,0.139,-0.022,2,0.0
4614,石倉洋行,67.9,46,13.0,12.7,0.3,19.6,0.129,-0.032,0,
5198,奥村明日香,41.1,37,5.4,5.1,0.2,8.1,0.193,0.032,0,
3951,石川吉鎬,49.0,43,7.0,6.7,0.2,7.0,0.175,0.014,0,
3787,天野誠,29.3,27,3.7,3.3,0.2,3.7,0.18,0.019,0,
4301,関裕也,42.2,37,5.4,5.1,0.2,8.1,0.178,0.017,0,
4672,守屋大地,39.9,37,5.4,5.1,0.2,8.1,0.186,0.024,0,
4431,石塚裕介,43.0,31,6.5,6.2,0.2,16.1,0.164,0.003,0,
4376,藤田靖弘,56.9,42,9.5,9.3,0.2,16.7,0.164,0.003,1,0.0
3910,松下知幸,31.7,28,3.6,3.3,0.2,10.7,0.165,0.004,0,
4287,今井貴士,61.4,32,9.4,9.1,0.2,9.4,0.16,-0.001,1,0.0
4227,安達裕樹,55.9,42,9.5,9.3,0.2,9.5,0.165,0.003,0,
3680,森林太,35.4,41,4.9,4.6,0.2,7.3,0.172,0.011,1,0.0
3251,平石和男,58.0,43,9.3,9.1,0.2,20.9,0.177,0.016,5,40.0
4784,向井田真紀,37.2,20,5.0,4.6,0.2,10.0,0.197,0.036,0,
4989,石原翼,59.4,43,9.3,9.1,0.2,11.6,0.137,-0.024,0,
4439,近藤友宝,31.4,28,3.6,3.3,0.2,3.6,0.16,-0.001,2,0.0
3945,橋口真樹,31.6,27,3.7,3.3,0.2,3.7,0.196,0.035,1,0.0
5181,森智哉,47.0,31,6.5,6.2,0.2,6.5,0.143,-0.018,2,0.0
4872,山下流心,44.1,48,6.2,6.2,0.1,6.2,0.175,0.014,0,
4791,黒澤めぐみ,56.0,32,9.4,9.3,0.1,9.4,0.177,0.016,6,16.7
4092,岡部大輔,50.3,29,6.9,6.7,0.1,6.9,0.164,0.003,0,
4042,丸岡正典,62.8,45,11.1,11.0,0.1,11.1,0.167,0.006,4,0.0
4302,西野翔太,67.8,39,12.8,12.7,0.1,15.4,0.151,-0.01,2,50.0
4337,平本真之,66.4,36,11.1,11.0,0.1,16.7,0.144,-0.017,1,100.0
5039,倉田茂将,42.6,48,6.2,6.2,0.1,10.4,0.145,-0.016,2,0.0
3572,安田政彦,46.9,48,6.2,6.2,0.1,6.2,0.205,0.044,3,33.3
4243,西村歩,57.4,32,9.4,9.3,0.1,9.4,0.157,-0.004,1,0.0
3333,丸尾義孝,62.9,54,11.1,11.0,0.1,13.0,0.148,-0.013,0,
4985,井本昌也,65.4,45,11.1,11.0,0.1,11.1,0.159,-0.002,2,0.0
4137,君島秀三,68.5,39,12.8,12.7,0.1,12.8,0.142,-0.02,4,0.0
3583,齋藤智裕,28.1,29,3.4,3.3,0.1,3.4,0.176,0.015,2,0.0
4398,船岡洋一郎,67.6,47,12.8,12.7,0.1,14.9,0.137,-0.024,1,0.0
3792,田中豪,65.8,36,11.1,11.0,0.1,16.7,0.145,-0.016,3,0.0
4479,矢野真梨菜,30.4,29,3.4,3.3,0.1,6.9,0.162,0.001,1,0.0
4674,池田剛規,53.7,43,9.3,9.3,0.0,14.0,0.158,-0.003,0,
4803,飯田庄吾,25.7,26,3.8,3.9,-0.0,7.7,0.186,0.024,1,0.0
4140,梶野学志,62.4,33,9.1,9.1,-0.0,9.1,0.166,0.005,0,
4752,西尾亮輔,36.5,43,4.7,4.6,0.0,7.0,0.179,0.018,0,
4753,森照夫,40.8,20,5.0,5.1,-0.0,5.0,0.152,-0.009,2,0.0
5091,為本智也,61.4,22,9.1,9.1,-0.0,13.6,0.159,-0.002,0,
4904,松本一毅,49.6,45,6.7,6.7,-0.0,11.1,0.163,0.002,2,50.0
4075,中野次郎,59.1,44,9.1,9.1,-0.0,11.4,0.141,-0.02,2,0.0
4933,板橋侑我,62.2,33,9.1,9.1,-0.0,15.2,0.14,-0.021,2,0.0
4761,山田晃大,53.4,43,9.3,9.3,0.0,14.0,0.152,-0.009,1,0.0
5100,栗原一馬,38.7,20,5.0,5.1,-0.0,5.0,0.17,0.009,1,0.0
3659,藤生雄人,58.5,33,9.1,9.1,-0.0,12.1,0.165,0.004,5,20.0
3808,秋田健太郎,28.7,30,3.3,3.3,0.0,3.3,0.155,-0.006,1,0.0
5328,井上慧人,28.9,30,3.3,3.3,0.0,3.3,0.161,-0.0,1,0.0
4413,水摩敦,61.5,44,9.1,9.1,-0.0,13.6,0.174,0.013,2,0.0
4139,丹下健,41.8,39,5.1,5.1,0.0,10.3,0.177,0.016,0,
4847,佐藤隆太郎,60.4,33,9.1,9.1,-0.0,9.1,0.148,-0.014,2,0.0
4737,竹井貴史,77.1,40,15.0,15.0,-0.0,22.5,0.142,-0.019,2,50.0
4186,小川時光,25.7,26,3.8,3.9,-0.0,3.8,0.159,-0.002,6,0.0
5147,田中勇輔,33.1,22,4.5,4.6,-0.0,9.1,0.148,-0.013,1,0.0
4757,山田祐也,63.0,37,10.8,11.0,-0.1,13.5,0.148,-0.013,0,
4529,嶋義信,56.9,33,9.1,9.3,-0.1,12.1,0.155,-0.006,2,0.0
4298,宮下元胤,67.2,46,10.9,11.0,-0.1,10.9,0.168,0.007,1,100.0
5073,上原健次郎,53.4,33,9.1,9.3,-0.1,15.2,0.168,0.007,1,0.0
3642,大塚浩二,29.5,31,3.2,3.3,-0.1,3.2,0.187,0.026,1,0.0
4488,小山勉,70.0,32,12.5,12.7,-0.1,18.8,0.155,-0.006,2,0.0
5160,藤森陸斗,56.0,44,9.1,9.3,-0.1,9.1,0.141,-0.02,2,50.0
5101,表健太,29.1,31,3.2,3.3,-0.1,3.2,0.165,0.004,1,0.0
5007,近藤雄一郎,45.4,33,6.1,6.2,-0.1,6.1,0.162,0.001,0,
3319,山崎義明,54.5,44,9.1,9.3,-0.1,9.1,0.149,-0.012,5,40.0
3812,山崎聖司,42.1,42,4.8,5.1,-0.2,7.1,0.179,0.018,1,0.0
4086,寺本重宣,57.8,34,8.8,9.1,-0.2,20.6,0.144,-0.018,3,0.0
3712,淺香文武,45.4,34,5.9,6.2,-0.2,8.8,0.165,0.004,2,0.0
4368,山口隆史,31.7,33,3.0,3.3,-0.2,3.0,0.191,0.03,0,
5131,江藤敦宏,28.9,33,3.0,3.3,-0.2,6.1,0.168,0.007,1,0.0
5205,刑部亜里紗,60.1,45,8.9,9.1,-0.2,8.9,0.18,0.019,0,
5172,田村慶,46.7,34,5.9,6.2,-0.2,5.9,0.188,0.027,0,
5323,香川陽太,39.5,21,4.8,5.1,-0.2,4.8,0.173,0.012,2,50.0
4941,孫崎百世,44.1,34,5.9,6.2,-0.2,8.8,0.21,0.048,1,0.0
3528,笠野友紀恵,32.0,35,2.9,3.3,-0.3,5.7,0.161,-0.001,0,
3796,長野道臣,45.8,35,5.7,6.2,-0.3,8.6,0.157,-0.004,0,
4563,齋藤真之,30.5,35,2.9,3.3,-0.3,2.9,0.183,0.022,1,0.0
4779,伊倉光,46.5,35,5.7,6.2,-0.3,5.7,0.162,0.001,2,0.0
4261,岡祐臣,63.9,38,10.5,11.0,-0.3,15.8,0.168,0.007,2,50.0
5195,北村寧々,51.6,32,6.2,6.7,-0.3,9.4,0.136,-0.025,0,
3994,小野桜,49.7,32,6.2,6.7,-0.3,9.4,0.191,0.03,0,
5071,野見山拓己,46.9,35,5.7,6.2,-0.3,5.7,0.151,-0.01,1,0.0
3616,中村真,53.3,34,8.8,9.3,-0.3,14.7,0.159,-0.002,3,33.3
4228,吉田慎二郎,60.4,46,8.7,9.1,-0.3,10.9,0.144,-0.017,2,0.0
4443,津田裕絵,58.2,46,8.7,9.1,-0.3,10.9,0.172,0.011,1,0.0
5146,野田彩加,53.9,34,8.8,9.3,-0.3,8.8,0.162,0.001,2,0.0
5167,小川竜太朗,49.5,32,6.2,6.7,-0.3,15.6,0.149,-0.012,6,0.0
5274,城間盛渚,48.1,32,6.2,6.7,-0.3,6.2,0.177,0.016,0,
4854,大橋由珠,41.4,22,4.5,5.1,-0.3,4.5,0.168,0.007,1,0.0
3604,武藤綾子,34.8,25,4.0,4.6,-0.4,8.0,0.162,0.001,0,
5287,滝沢織寧,23.9,31,3.2,3.9,-0.4,6.5,0.157,-0.004,6,0.0
4723,寺島吉彦,39.0,23,4.3,5.1,-0.4,8.7,0.164,0.003,2,0.0
4211,村田敦,33.0,25,4.0,4.6,-0.4,4.0,0.141,-0.02,3,0.0
4331,三好勇人,57.7,47,8.5,9.1,-0.4,17.0,0.154,-0.007,0,
5288,尾道佳諭,25.9,31,3.2,3.9,-0.4,3.2,0.163,0.002,7,14.3
5282,中本大樹,44.6,36,5.6,6.2,-0.4,8.3,0.166,0.005,2,0.0
4715,村上遼,64.4,29,10.3,11.0,-0.4,17.2,0.136,-0.025,0,
5281,井上遥妃,59.1,35,8.6,9.1,-0.4,14.3,0.135,-0.026,0,
4314,青木幸太郎,61.2,35,8.6,9.1,-0.4,8.6,0.148,-0.013,2,0.0
3873,別府昌樹,41.1,23,4.3,5.1,-0.4,8.7,0.142,-0.019,0,
5412,久保田凪紗,3.1,17,0.0,0.8,-0.4,0.0,0.188,0.027,3,0.0
3908,重成一人,62.0,35,8.6,9.1,-0.4,14.3,0.134,-0.027,0,
5294,豊田祥生,28.6,36,2.8,3.3,-0.4,2.8,0.156,-0.005,4,0.0
5370,日隈茜,1.7,24,0.0,0.8,-0.5,0.0,0.157,-0.004,1,0.0
5387,戸田海咲音,1.4,18,0.0,0.8,-0.5,0.0,0.196,0.035,2,0.0
5389,恵良琴美,7.2,23,0.0,0.8,-0.5,4.3,0.189,0.028,4,0.0
3611,岩崎芳美,55.1,35,8.6,9.3,-0.5,8.6,0.141,-0.02,4,25.0
5383,中村楓,4.8,26,0.0,0.8,-0.5,0.0,0.176,0.014,0,
5380,野田亜湖,0.0,27,0.0,0.8,-0.5,0.0,0.217,0.056,0,
5357,田中瀬里奈,3.3,22,0.0,0.8,-0.5,0.0,0.17,0.009,3,0.0
5378,鈴木結平太,4.6,21,0.0,0.8,-0.5,0.0,0.184,0.023,2,0.0
5310,土屋蘭,35.8,26,3.8,4.6,-0.5,3.8,0.157,-0.004,4,25.0
5291,三嶌こころ,28.0,39,2.6,3.3,-0.5,2.6,0.209,0.048,0,
5391,出穂和鼓,3.7,23,0.0,0.8,-0.5,0.0,0.2,0.039,0,
4534,坂咲友理,33.3,26,3.8,4.6,-0.5,3.8,0.179,0.018,0,
4695,尾崎雄二,46.8,37,5.4,6.2,-0.5,13.5,0.152,-0.009,1,0.0
5396,近藤来希,6.3,18,0.0,0.8,-0.5,0.0,0.187,0.026,0,
4428,有賀達也,59.8,36,8.3,9.1,-0.5,16.7,0.152,-0.009,6,33.3
5400,高村諒,3.7,19,0.0,0.8,-0.5,0.0,0.178,0.017,0,
4225,土屋千明,62.4,24,8.3,9.1,-0.5,12.5,0.172,0.011,4,0.0
4063,市橋卓士,62.9,39,10.3,11.0,-0.5,12.8,0.143,-0.019,1,0.0
3867,松浦勝,30.8,39,2.6,3.3,-0.5,5.1,0.155,-0.006,2,0.0
3968,茶谷信次,57.5,36,8.3,9.1,-0.5,8.3,0.165,0.004,2,0.0
5392,安武一也,1.3,19,0.0,0.8,-0.5,0.0,0.182,0.021,0,
5384,八戸琉楓,5.0,21,0.0,0.8,-0.5,0.0,0.202,0.04,0,
5366,塩嶋泰空,1.4,19,0.0,0.8,-0.5,0.0,0.184,0.023,0,
3950,石川哲秀,34.3,27,3.7,4.6,-0.6,7.4,0.143,-0.018,2,0.0
3820,樫葉次郎,19.1,16,0.0,1.2,-0.6,0.0,0.156,-0.005,0,
3532,柴田光,64.4,20,10.0,11.0,-0.6,15.0,0.146,-0.015,1,0.0
4824,松井洪弥,60.2,48,8.3,9.1,-0.6,16.7,0.121,-0.04,0,
4397,西村拓也,67.2,49,10.2,11.0,-0.6,16.3,0.133,-0.028,2,0.0
5365,石村日奈那,7.5,31,0.0,0.8,-0.6,0.0,0.186,0.025,1,0.0
4034,西原明生,31.8,40,2.5,3.3,-0.6,5.0,0.195,0.034,0,
3605,中村守成,34.8,27,3.7,4.6,-0.6,3.7,0.18,0.019,1,0.0
5058,前原大道,70.6,42,11.9,12.7,-0.6,16.7,0.147,-0.015,0,
4236,松村敏,79.6,49,14.3,15.0,-0.6,20.4,0.124,-0.037,2,0.0
5379,廣部大明,15.2,15,0.0,1.3,-0.6,0.0,0.187,0.026,0,
5327,西田和加,2.5,32,0.0,0.8,-0.6,0.0,0.21,0.049,8,0.0
3518,倉田郁美,34.2,27,3.7,4.6,-0.6,7.4,0.177,0.016,0,
4556,竹井奈美,71.8,42,11.9,12.7,-0.6,21.4,0.15,-0.011,3,0.0
5173,谷口佳蓮,45.2,38,5.3,6.2,-0.6,5.3,0.159,-0.002,0,
3839,川合理司,29.0,40,2.5,3.3,-0.6,2.5,0.165,0.004,2,0.0
3989,熊本英一,29.6,40,2.5,3.3,-0.6,2.5,0.197,0.036,0,
5084,末永和也,67.5,42,11.9,12.7,-0.6,14.3,0.136,-0.026,0,
4653,小野達哉,67.9,34,11.8,12.7,-0.6,14.7,0.14,-0.022,0,
4429,豊田泰洋,31.3,40,2.5,3.3,-0.6,2.5,0.186,0.025,0,
3538,菊池峰晴,40.5,24,4.2,5.1,-0.6,4.2,0.193,0.032,0,
5349,宮崎奏磨,1.3,38,0.0,0.8,-0.6,0.0,0.193,0.032,3,0.0
4408,仁科さやか,27.2,33,3.0,3.9,-0.6,3.0,0.204,0.043,0,
5347,井澤聖奈,2.8,34,0.0,0.8,-0.6,0.0,0.216,0.055,1,0.0
4050,田口節子,72.5,34,11.8,12.7,-0.6,17.6,0.149,-0.012,3,0.0
5398,鐘ヶ江真司,25.8,34,2.9,3.9,-0.6,2.9,0.17,0.009,0,
5184,飯塚響,21.1,15,0.0,1.2,-0.6,0.0,0.186,0.025,0,
5209,小野京平,20.9,17,0.0,1.2,-0.6,0.0,0.189,0.028,0,
5342,原村百那,5.8,41,0.0,0.8,-0.6,0.0,0.161,-0.0,1,0.0
3857,阿波勝哉,40.2,24,4.2,5.1,-0.6,8.3,0.194,0.033,4,0.0
4660,宇田川信一,32.8,27,3.7,4.6,-0.6,3.7,0.192,0.031,0,
3748,小黒竜吾,37.3,28,3.6,4.6,-0.7,3.6,0.16,-0.001,4,0.0
3461,渡邊哲也,18.2,21,0.0,1.2,-0.7,0.0,0.195,0.034,0,
3834,細川明人,33.9,28,3.6,4.6,-0.7,3.6,0.18,0.019,0,
4503,上野真之介,69.9,51,11.8,12.7,-0.7,15.7,0.124,-0.037,1,0.0
3957,大谷直弘,48.5,35,5.7,6.7,-0.7,8.6,0.176,0.015,0,
4458,抹香雄三,47.9,35,5.7,6.7,-0.7,5.7,0.146,-0.015,0,
3685,荒井輝年,57.6,37,8.1,9.1,-0.7,10.8,0.151,-0.01,2,50.0
5353,草川壮良,13.7,17,0.0,1.3,-0.7,5.9,0.163,0.002,0,
3793,高橋真吾,38.0,25,4.0,5.1,-0.7,4.0,0.146,-0.015,2,0.0
3591,後藤孝義,20.6,24,0.0,1.2,-0.7,0.0,0.198,0.037,1,0.0
3631,田添康介,17.9,19,0.0,1.2,-0.7,0.0,0.183,0.021,0,
4271,川崎公靖,44.2,39,5.1,6.2,-0.7,7.7,0.162,0.001,0,
5235,岩田凌,22.3,18,0.0,1.2,-0.7,0.0,0.161,0.0,2,0.0
5358,増本杏珠,19.7,22,0.0,1.2,-0.7,0.0,0.171,0.01,0,
5109,川崎智稔,46.3,39,5.1,6.2,-0.7,5.1,0.133,-0.028,1,0.0
3584,佐々木英樹,48.6,35,5.7,6.7,-0.7,14.3,0.171,0.009,0,
4510,坂本奈央,22.4,22,0.0,1.2,-0.7,0.0,0.19,0.029,0,
5336,瀬川大地,20.1,24,0.0,1.2,-0.7,0.0,0.166,0.005,0,
3722,西村秀樹,22.3,24,0.0,1.2,-0.7,0.0,0.163,0.002,3,0.0
3851,森田昭彦,13.0,16,0.0,1.3,-0.7,0.0,0.18,0.019,0,
5022,伊藤尚汰,33.5,28,3.6,4.6,-0.7,10.7,0.172,0.011,0,
4462,夏山亮平,50.6,35,5.7,6.7,-0.7,5.7,0.166,0.005,1,0.0
5268,山本幸也,22.3,21,0.0,1.2,-0.7,4.8,0.19,0.029,0,
3987,後藤正宗,60.4,37,8.1,9.1,-0.7,8.1,0.148,-0.013,2,0.0
5210,藤井公人,49.2,35,5.7,6.7,-0.7,8.6,0.157,-0.004,1,0.0
5309,森雄利,15.6,30,0.0,1.3,-0.8,0.0,0.169,0.008,0,
5305,伊藤栞,13.9,29,0.0,1.3,-0.8,0.0,0.149,-0.012,0,
4978,山田和佐,43.6,40,5.0,6.2,-0.8,12.5,0.168,0.006,0,
4965,福岡泉水,40.8,26,3.8,5.1,-0.8,3.8,0.174,0.012,1,0.0
4900,中田夕貴,52.4,36,5.6,6.7,-0.8,13.9,0.168,0.007,7,0.0
4166,吉田拡郎,67.7,43,11.6,12.7,-0.8,16.3,0.128,-0.033,3,33.3
4175,川尻泰輔,55.2,37,8.1,9.3,-0.8,10.8,0.141,-0.02,7,14.3
3776,横井健太,21.5,34,0.0,1.2,-0.8,0.0,0.172,0.01,3,0.0
5354,渡邊雄斗,18.6,34,0.0,1.2,-0.8,2.9,0.194,0.033,0,
4465,大西賢,36.8,29,3.4,4.6,-0.8,6.9,0.166,0.005,0,
5373,諏訪玲奈,12.8,29,0.0,1.3,-0.8,0.0,0.212,0.051,5,0.0
4355,小川広大,20.1,26,0.0,1.2,-0.8,0.0,0.203,0.041,2,0.0
4023,柴田友和,34.1,29,3.4,4.6,-0.8,3.4,0.171,0.01,1,0.0
4550,石岡将太,51.2,36,5.6,6.7,-0.8,11.1,0.158,-0.003,0,
3730,塩崎優司,42.6,40,5.0,6.2,-0.8,7.5,0.168,0.007,0,
5360,高木茉白,20.0,30,0.0,1.2,-0.8,0.0,0.175,0.014,7,0.0
5394,福西広太郎,18.5,28,0.0,1.2,-0.8,0.0,0.172,0.011,3,0.0
5335,森陽多,15.0,29,0.0,1.3,-0.8,3.4,0.169,0.007,0,
3704,本部めぐみ,20.7,26,0.0,1.2,-0.8,0.0,0.194,0.033,2,0.0
5322,根岸真優,14.1,25,0.0,1.3,-0.8,0.0,0.172,0.011,6,0.0
4504,前田将太,55.7,37,8.1,9.3,-0.8,8.1,0.139,-0.023,0,
5314,中曽瑠華,17.7,37,0.0,1.2,-0.8,0.0,0.163,0.002,0,
4638,小林遼太,48.3,36,5.6,6.7,-0.8,11.1,0.176,0.015,3,0.0
3207,田村美和,18.9,26,0.0,1.2,-0.8,0.0,0.16,-0.001,1,0.0
5334,樫葉新心,19.3,34,0.0,1.2,-0.8,2.9,0.181,0.02,0,
4615,板倉敦史,39.3,26,3.8,5.1,-0.8,7.7,0.174,0.012,1,0.0
3372,加藤雅之,22.4,29,0.0,1.2,-0.8,0.0,0.199,0.038,0,
5333,山下智己,34.8,29,3.4,4.6,-0.8,6.9,0.19,0.029,0,
5004,河野主樹,54.1,37,8.1,9.3,-0.8,8.1,0.163,0.002,2,0.0
3660,長谷川親王,19.6,27,0.0,1.2,-0.8,0.0,0.178,0.017,0,
3871,池田紫乃,36.6,29,3.4,4.6,-0.8,3.4,0.179,0.017,0,
4128,川口貴久,45.9,21,4.8,6.2,-0.8,4.8,0.166,0.005,2,0.0
5124,上瀧絢也,40.4,26,3.8,5.1,-0.8,3.8,0.176,0.015,0,
4688,永井彪也,63.0,41,9.8,11.0,-0.9,14.6,0.131,-0.03,1,0.0
3305,小野信樹,34.7,31,3.2,4.6,-0.9,3.2,0.156,-0.005,0,
4980,佐々木完太,67.0,41,9.8,11.0,-0.9,17.1,0.163,0.002,2,0.0
4896,花本剛,36.1,30,3.3,4.6,-0.9,3.3,0.165,0.004,0,
4405,南野利騰,35.1,31,3.2,4.6,-0.9,6.5,0.16,-0.001,0,
3362,間嶋仁志,52.4,37,5.4,6.7,-0.9,8.1,0.181,0.02,2,0.0
3202,三品隆浩,34.5,30,3.3,4.6,-0.9,3.3,0.178,0.017,0,
4460,後藤翔之,60.9,38,7.9,9.1,-0.9,10.5,0.146,-0.015,0,
4191,赤羽克也,61.8,38,7.9,9.1,-0.9,7.9,0.164,0.003,7,14.3
5374,木山大聖,14.8,42,0.0,1.3,-0.9,0.0,0.164,0.003,0,
5359,佐藤世那,35.7,31,3.2,4.6,-0.9,6.5,0.176,0.015,2,0.0
4902,山川雄大,47.1,41,4.9,6.2,-0.9,4.9,0.178,0.017,0,
3589,西村勝,40.3,27,3.7,5.1,-0.9,7.4,0.127,-0.034,4,0.0
4233,亀山雅幸,63.9,41,9.8,11.0,-0.9,9.8,0.173,0.012,1,0.0
3313,本吉正樹,33.2,31,3.2,4.6,-0.9,9.7,0.175,0.014,2,0.0
4004,山本浩輔,46.6,41,4.9,6.2,-0.9,7.3,0.175,0.014,0,
5361,植竹玲奈,13.3,34,0.0,1.3,-0.9,0.0,0.209,0.048,0,
4343,村岡賢,39.2,27,3.7,5.1,-0.9,3.7,0.178,0.017,0,
3974,深山祐二,36.6,31,3.2,4.6,-0.9,6.5,0.153,-0.009,4,0.0
5385,鈴木柊介,12.9,31,0.0,1.3,-0.9,0.0,0.163,0.002,1,0.0
5292,佐藤右京,33.7,30,3.3,4.6,-0.9,3.3,0.185,0.024,1,0.0
5345,牧村俊輝,13.7,38,0.0,1.3,-0.9,0.0,0.193,0.032,5,0.0
5346,中村紋夕梨,12.6,36,0.0,1.3,-0.9,0.0,0.195,0.034,1,0.0
5251,沼田七華,10.1,15,0.0,1.7,-0.9,0.0,0.17,0.009,0,
5306,河内悠利杏,14.8,32,0.0,1.3,-0.9,0.0,0.184,0.023,2,0.0
3944,山口裕二,64.1,51,9.8,11.0,-0.9,13.7,0.165,0.004,4,50.0
5122,相馬翔,40.8,27,3.7,5.1,-0.9,14.8,0.18,0.019,3,0.0
4041,小林基樹,33.1,31,3.2,4.6,-0.9,6.5,0.187,0.026,0,
5108,柴田愛梨,11.8,17,0.0,1.7,-0.9,0.0,0.206,0.045,2,0.0
4498,宮本夏樹,50.4,20,5.0,6.7,-1.0,10.0,0.15,-0.011,0,
5407,中岡駿,10.2,19,0.0,1.7,-1.0,0.0,0.171,0.01,0,
3777,樋口亮,58.2,39,7.7,9.1,-1.0,7.7,0.167,0.006,0,
5019,柴田百恵,53.5,26,7.7,9.3,-1.0,11.5,0.153,-0.008,0,
5303,土井歩夢,55.9,38,7.9,9.3,-1.0,18.4,0.158,-0.003,2,0.0
4167,片岡秀樹,36.2,32,3.1,4.6,-1.0,3.1,0.153,-0.008,0,
2878,富山弘幸,54.5,38,7.9,9.3,-1.0,7.9,0.165,0.004,2,0.0
4036,金田諭,68.7,44,11.4,12.7,-1.0,15.9,0.171,0.01,1,0.0
4150,山田雄太,57.1,38,7.9,9.3,-1.0,18.4,0.141,-0.02,2,0.0
4082,濱崎誠,53.8,38,7.9,9.3,-1.0,13.2,0.169,0.008,2,0.0
3731,高濱芳久,50.2,38,5.3,6.7,-1.0,7.9,0.179,0.018,0,
3904,森貴洋,48.4,20,5.0,6.7,-1.0,5.0,0.167,0.006,0,
5262,鈴木章司,40.4,28,3.6,5.1,-1.0,7.1,0.212,0.051,2,0.0
4433,川野芽唯,70.8,44,11.4,12.7,-1.0,13.6,0.178,0.017,0,
5165,小林愛実,41.6,28,3.6,5.1,-1.0,3.6,0.155,-0.006,2,0.0
5304,井田涼介,8.0,22,0.0,1.7,-1.0,0.0,0.175,0.014,2,0.0
5125,高井雄基,53.9,26,7.7,9.3,-1.0,7.7,0.179,0.018,0,
5027,重冨勇哉,43.9,42,4.8,6.2,-1.0,4.8,0.171,0.01,0,
5395,日高龍之介,9.2,18,0.0,1.7,-1.0,5.6,0.173,0.012,0,
5228,若林樹蘭,56.4,26,7.7,9.3,-1.0,11.5,0.154,-0.007,1,0.0
5069,山崎小葉音,44.4,23,4.3,6.2,-1.1,4.3,0.17,0.009,0,
3850,小川知行,46.2,43,4.7,6.2,-1.1,7.0,0.15,-0.011,3,0.0
5375,庄島潤成,10.6,27,0.0,1.7,-1.1,0.0,0.169,0.008,0,
5229,吉川晴人,53.6,39,7.7,9.3,-1.1,15.4,0.164,0.003,1,100.0
5362,中嶋世奈,10.1,26,0.0,1.7,-1.1,0.0,0.183,0.022,1,0.0
4432,黄金井力良,50.2,39,5.1,6.7,-1.1,5.1,0.154,-0.007,3,0.0
4411,沢田昭宏,52.5,39,5.1,6.7,-1.1,5.1,0.185,0.024,0,
4047,吉永浩則,36.4,33,3.0,4.6,-1.1,6.1,0.182,0.021,1,0.0
3602,奥平拓也,41.6,29,3.4,5.1,-1.1,3.4,0.181,0.02,2,0.0
4489,岩川仁士,49.1,39,5.1,6.7,-1.1,10.3,0.148,-0.013,0,
4305,金子拓矢,77.7,30,13.3,15.0,-1.1,26.7,0.156,-0.005,0,
4016,西川新太郎,48.5,39,5.1,6.7,-1.1,10.3,0.158,-0.003,5,0.0
3909,佐々木康幸,65.4,52,9.6,11.0,-1.1,11.5,0.126,-0.035,0,
5324,畑田希咲,8.0,24,0.0,1.7,-1.1,0.0,0.196,0.035,2,0.0
4574,東潤樹,50.5,39,5.1,6.7,-1.1,5.1,0.173,0.012,0,
5343,小林礼央,32.5,52,1.9,3.3,-1.1,1.9,0.169,0.008,3,0.0
3863,海老澤泰行,37.1,33,3.0,4.6,-1.1,3.0,0.182,0.021,1,0.0
4730,土屋実沙希,48.0,39,5.1,6.7,-1.1,10.3,0.172,0.011,0,
3761,山本光雄,47.3,43,4.7,6.2,-1.1,4.7,0.167,0.006,1,0.0
4474,渡辺崇,50.5,39,5.1,6.7,-1.1,7.7,0.174,0.013,1,0.0
4022,待鳥雄紀,37.1,35,2.9,4.6,-1.2,2.9,0.156,-0.005,3,0.0
3557,太田和美,65.8,53,9.4,11.0,-1.2,17.0,0.151,-0.01,2,0.0
5143,常盤海心,33.2,35,2.9,4.6,-1.2,5.7,0.174,0.013,0,
4593,小坂宗司,60.8,40,7.5,9.1,-1.2,10.0,0.177,0.016,6,16.7
5300,横田海人,10.6,30,0.0,1.7,-1.2,0.0,0.173,0.012,2,0.0
5364,金子怜央,8.7,31,0.0,1.7,-1.2,0.0,0.173,0.012,0,
4134,杉山貴博,60.3,40,7.5,9.1,-1.2,10.0,0.155,-0.006,4,0.0
4864,小川日紀太,38.4,31,3.2,5.1,-1.2,3.2,0.157,-0.004,1,0.0
4581,吉村誠,61.3,53,7.5,9.1,-1.2,9.4,0.16,-0.002,0,
3563,堤昇,50.7,40,5.0,6.7,-1.2,5.0,0.173,0.012,1,0.0
5140,吉田彩乃,42.3,31,3.2,5.1,-1.2,3.2,0.174,0.013,2,0.0
4553,坪口竜也,58.4,40,7.5,9.1,-1.2,10.0,0.164,0.002,1,100.0
4788,小池哲也,58.6,40,7.5,9.1,-1.2,7.5,0.163,0.002,2,0.0
3703,鳥飼眞,57.9,40,7.5,9.1,-1.2,12.5,0.157,-0.004,0,
4588,田中京介,55.7,52,7.7,9.3,-1.2,11.5,0.146,-0.015,0,
5330,安河内鈴之介,62.2,40,7.5,9.1,-1.2,12.5,0.15,-0.011,2,0.0
5123,福山恵里奈,36.1,34,2.9,4.6,-1.2,2.9,0.155,-0.006,1,0.0
4445,宮地元輝,55.5,40,7.5,9.3,-1.3,15.0,0.126,-0.035,0,
3946,赤岩善生,72.0,28,10.7,12.7,-1.3,14.3,0.158,-0.004,0,
4828,松山将吾,68.0,37,10.8,12.7,-1.3,13.5,0.14,-0.021,4,0.0
4475,末永祐輝,64.0,43,9.3,11.0,-1.3,9.3,0.152,-0.009,0,
3752,宇土泰就,35.3,36,2.8,4.6,-1.3,2.8,0.155,-0.006,1,0.0
4547,中田竜太,63.2,43,9.3,11.0,-1.3,14.0,0.145,-0.016,9,0.0
5035,櫻井優,53.1,40,7.5,9.3,-1.3,10.0,0.157,-0.004,6,0.0
3519,冨田秀幸,36.6,36,2.8,4.6,-1.3,5.6,0.16,-0.001,2,0.0
4773,中川りな,61.1,41,7.3,9.1,-1.3,7.3,0.181,0.02,0,
5329,金子龍斗,40.8,32,3.1,5.1,-1.3,3.1,0.185,0.024,1,0.0
3907,村越篤,52.4,41,4.9,6.7,-1.3,7.3,0.168,0.007,1,0.0
3906,飯山晃三,36.5,36,2.8,4.6,-1.3,2.8,0.2,0.039,0,
3484,芝田浩治,58.1,41,7.3,9.1,-1.3,14.6,0.162,0.001,2,0.0
4224,大橋栄里佳,51.3,41,4.9,6.7,-1.3,12.2,0.176,0.015,0,
5166,仲道大輔,66.8,33,9.1,11.0,-1.3,9.1,0.185,0.024,4,0.0
5325,澁川夏,46.5,45,4.4,6.2,-1.3,4.4,0.154,-0.007,1,0.0
4586,磯部誠,60.0,41,7.3,9.1,-1.3,7.3,0.136,-0.025,0,
5031,渡辺空依,39.0,32,3.1,5.1,-1.3,3.1,0.181,0.02,0,
4116,川田正人,47.0,47,4.3,6.2,-1.4,6.4,0.169,0.008,1,0.0
4924,中北涼,35.8,37,2.7,4.6,-1.4,2.7,0.174,0.013,3,0.0
3988,古川誠之,59.4,42,7.1,9.1,-1.4,14.3,0.147,-0.014,4,0.0
4002,古結宏,68.6,46,10.9,12.7,-1.4,21.7,0.134,-0.027,0,
3304,烏野賢太,58.8,42,7.1,9.1,-1.4,11.9,0.168,0.007,0,
4407,鹿島敏弘,47.6,42,4.8,6.7,-1.4,4.8,0.16,-0.001,1,0.0
4013,中島孝平,67.7,46,10.9,12.7,-1.4,13.0,0.139,-0.022,1,0.0
4469,土山卓也,56.1,41,7.3,9.3,-1.4,9.8,0.155,-0.006,2,0.0
5273,山下拓巳,34.1,38,2.6,4.6,-1.4,2.6,0.181,0.02,3,33.3
3620,信濃由行,35.2,38,2.6,4.6,-1.4,7.9,0.156,-0.005,6,0.0
5266,石田勇斗,38.6,33,3.0,5.1,-1.4,3.0,0.169,0.008,3,0.0
4054,福嶋智之,38.5,33,3.0,5.1,-1.4,3.0,0.158,-0.003,0,
3963,原田秀弥,56.1,28,7.1,9.3,-1.4,14.3,0.161,-0.0,0,
4883,岡部大輝,56.7,28,7.1,9.3,-1.4,21.4,0.169,0.007,3,0.0
3998,冨成謙児,39.4,34,2.9,5.1,-1.5,2.9,0.162,0.0,0,
5182,宮崎安奈,44.9,26,3.8,6.2,-1.5,7.7,0.153,-0.008,4,0.0
3718,伊達正利,37.6,34,2.9,5.1,-1.5,2.9,0.164,0.003,3,33.3
4173,岡谷健吾,48.0,43,4.7,6.7,-1.5,4.7,0.172,0.011,0,
4205,山口剛,66.5,34,8.8,11.0,-1.5,20.6,0.13,-0.031,2,0.0
3614,谷勝幸,34.7,40,2.5,4.6,-1.5,2.5,0.164,0.003,0,
4794,和田拓也,71.9,38,10.5,12.7,-1.5,10.5,0.139,-0.022,3,33.3
5211,高井駿弥,36.3,39,2.6,4.6,-1.5,2.6,0.154,-0.007,1,100.0
4396,大田直弥,51.3,43,4.7,6.7,-1.5,4.7,0.184,0.023,0,
3742,宮地秀祈,42.5,34,2.9,5.1,-1.5,2.9,0.169,0.008,2,0.0
5178,成貞琳平,34.1,39,2.6,4.6,-1.5,2.6,0.18,0.019,2,0.0
4387,平山智加,69.5,47,10.6,12.7,-1.5,17.0,0.155,-0.006,1,0.0
4094,中島真二,40.6,35,2.9,5.1,-1.5,2.9,0.169,0.008,0,
4736,高倉和士,70.6,47,10.6,12.7,-1.5,17.0,0.132,-0.03,3,33.3
5272,松田真実,40.0,35,2.9,5.1,-1.5,5.7,0.17,0.009,2,0.0
3587,武田信一,33.2,39,2.6,4.6,-1.5,2.6,0.159,-0.002,2,0.0
5241,門田栞,45.3,26,3.8,6.2,-1.5,3.8,0.155,-0.006,0,
3929,杢野誓良,37.9,34,2.9,5.1,-1.5,5.9,0.171,0.01,2,0.0
4665,加藤啓太,33.2,39,2.6,4.6,-1.5,5.1,0.176,0.015,5,0.0
3580,水口由紀,38.7,34,2.9,5.1,-1.5,2.9,0.179,0.018,4,0.0
4694,高田綾,41.1,34,2.9,5.1,-1.5,5.9,0.171,0.01,4,0.0
4104,木下陽介,37.6,35,2.9,5.1,-1.5,5.7,0.145,-0.016,1,0.0
3232,山川美由紀,59.9,30,6.7,9.1,-1.6,10.0,0.153,-0.008,0,
4007,榮田将彦,42.5,27,3.7,6.2,-1.6,3.7,0.142,-0.019,0,
4264,長尾章平,70.0,56,10.7,12.7,-1.6,14.3,0.161,-0.0,2,50.0
4121,富永修一,60.7,30,6.7,9.1,-1.6,6.7,0.137,-0.025,1,0.0
4114,深澤達徳,47.2,27,3.7,6.2,-1.6,3.7,0.191,0.03,3,0.0
4440,萩原知哉,38.5,36,2.8,5.1,-1.6,2.8,0.154,-0.007,2,0.0
4052,興津藍,57.0,42,7.1,9.3,-1.6,7.1,0.161,0.0,0,
4085,荻野裕介,51.3,24,4.2,6.7,-1.6,4.2,0.191,0.03,1,0.0
4274,長畑友輔,41.6,36,2.8,5.1,-1.6,5.6,0.157,-0.004,1,0.0
3901,松田憲幸,42.8,27,3.7,6.2,-1.6,3.7,0.177,0.015,1,0.0
3618,海野ゆかり,62.3,43,7.0,9.1,-1.6,11.6,0.163,0.001,0,
3401,上田隆章,38.2,36,2.8,5.1,-1.6,2.8,0.207,0.046,0,
5115,香川颯太,48.1,24,4.2,6.7,-1.6,4.2,0.151,-0.01,0,
3832,下田哲也,31.1,16,0.0,3.3,-1.7,0.0,0.166,0.005,1,0.0
3955,眞田英二,49.7,25,4.0,6.7,-1.7,12.0,0.168,0.007,0,
4081,樋口範政,37.2,42,2.4,4.6,-1.7,2.4,0.181,0.02,1,0.0
3931,黒崎竜也,56.1,30,6.7,9.3,-1.7,10.0,0.153,-0.008,0,
4583,古田祐貴,53.7,43,7.0,9.3,-1.7,9.3,0.144,-0.017,1,0.0
3692,竹腰正樹,45.2,28,3.6,6.2,-1.7,3.6,0.16,-0.001,1,0.0
4095,福来剛,70.3,48,10.4,12.7,-1.7,14.6,0.154,-0.008,2,0.0
3690,河合三弘,41.4,38,2.6,5.1,-1.7,7.9,0.165,0.004,0,
4632,長尾京志郎,45.2,28,3.6,6.2,-1.7,3.6,0.19,0.029,2,0.0
5162,松尾怜実,31.2,15,0.0,3.3,-1.7,0.0,0.161,0.0,0,
4844,村上奈穂,41.5,38,2.6,5.1,-1.7,5.3,0.167,0.005,0,
3282,池本輝明,38.6,37,2.7,5.1,-1.7,2.7,0.184,0.023,0,
5316,村松将平,48.4,45,4.4,6.7,-1.7,6.7,0.136,-0.025,2,0.0
4984,森下愛梨,50.3,25,4.0,6.7,-1.7,8.0,0.198,0.037,3,0.0
5208,屋良龍紀,38.5,37,2.7,5.1,-1.7,2.7,0.156,-0.005,1,0.0
4909,薮内瑞希,45.4,28,3.6,6.2,-1.7,7.1,0.174,0.013,0,
3809,吉田光,40.5,37,2.7,5.1,-1.7,2.7,0.18,0.018,0,
3430,角浜修,34.9,45,2.2,4.6,-1.8,2.2,0.18,0.019,2,0.0
3942,寺田祥,67.5,39,10.3,12.7,-1.8,10.3,0.148,-0.013,0,
5096,上原崚,55.2,44,6.8,9.3,-1.8,11.4,0.152,-0.009,0,
4253,西川真人,36.2,46,2.2,4.6,-1.8,4.3,0.166,0.005,1,0.0
3838,伊藤啓三,49.5,26,3.8,6.7,-1.8,3.8,0.145,-0.016,0,
4648,木村亮太,44.2,29,3.4,6.2,-1.8,10.3,0.147,-0.014,0,
3554,仲口博崇,69.7,67,10.4,12.7,-1.8,17.9,0.188,0.027,2,50.0
3934,鋤柄貴俊,52.1,46,4.3,6.7,-1.8,4.3,0.152,-0.009,1,0.0
3807,岡部哲,41.1,39,2.6,5.1,-1.8,2.6,0.167,0.005,3,0.0
3406,中里英夫,54.7,44,6.8,9.3,-1.8,9.1,0.18,0.019,0,
4200,早川尚人,34.5,44,2.3,4.6,-1.8,2.3,0.173,0.012,1,0.0
5028,原田才一郎,67.6,39,10.3,12.7,-1.8,15.4,0.172,0.011,4,0.0
3983,須藤博倫,61.8,45,6.7,9.1,-1.8,8.9,0.136,-0.025,5,20.0
4713,白神優,70.2,39,10.3,12.7,-1.8,20.5,0.137,-0.024,0,
5280,廣瀬凜,72.7,40,12.5,15.0,-1.8,12.5,0.161,0.0,2,0.0
5063,大塚雅治,38.8,39,2.6,5.1,-1.8,5.1,0.176,0.015,0,
4570,前田聖文,67.8,39,10.3,12.7,-1.8,15.4,0.144,-0.017,1,0.0
4477,篠崎仁志,67.8,39,10.3,12.7,-1.8,17.9,0.14,-0.021,1,0.0
4901,出口舞有子,43.3,29,3.4,6.2,-1.8,3.4,0.164,0.003,1,0.0
3070,山室展弘,51.6,26,3.8,6.7,-1.8,7.7,0.141,-0.02,0,
4982,中村将隆,49.1,26,3.8,6.7,-1.8,3.8,0.167,0.006,1,0.0
5155,内山七海,64.2,36,8.3,11.0,-1.9,11.1,0.151,-0.01,3,0.0
5148,松本怜,48.3,27,3.7,6.7,-1.9,11.1,0.178,0.017,0,
4873,蒲原健太,50.8,48,4.2,6.7,-1.9,4.2,0.189,0.028,0,
3935,岩津徹郎,47.0,30,3.3,6.2,-1.9,6.7,0.159,-0.002,1,0.0
3548,室田泰史,56.4,45,6.7,9.3,-1.9,8.9,0.124,-0.037,1,0.0
3590,濱野谷憲吾,64.7,47,8.5,11.0,-1.9,12.8,0.135,-0.026,3,33.3
4686,丸野一樹,62.0,32,6.2,9.1,-1.9,9.4,0.135,-0.026,2,50.0
4076,杉田篤光,50.4,47,4.3,6.7,-1.9,8.5,0.194,0.033,2,0.0
4682,大上卓人,58.5,46,6.5,9.1,-1.9,10.9,0.139,-0.022,0,
5246,楠将太郎,51.0,27,3.7,6.7,-1.9,11.1,0.166,0.005,7,0.0
5279,石渡翔一郎,54.4,31,6.5,9.3,-1.9,12.9,0.169,0.008,1,0.0
4360,庄司孝輔,56.4,45,6.7,9.3,-1.9,15.6,0.174,0.013,2,0.0
4000,松本博昭,59.9,46,6.5,9.1,-1.9,8.7,0.173,0.012,0,
3973,崎利仁,38.2,41,2.4,5.1,-1.9,4.9,0.189,0.028,4,0.0
5138,村本大成,31.6,20,0.0,3.3,-1.9,0.0,0.17,0.009,0,
4278,藤岡俊介,70.5,40,10.0,12.7,-1.9,12.5,0.136,-0.025,0,
3721,守田俊介,60.9,46,6.5,9.1,-1.9,17.4,0.12,-0.041,7,0.0
4787,椎名豊,70.5,40,10.0,12.7,-1.9,15.0,0.145,-0.016,1,0.0
3412,鈴木博,69.3,49,10.2,12.7,-1.9,14.3,0.17,0.009,6,16.7
4711,前出達吉,60.6,32,6.2,9.1,-1.9,12.5,0.146,-0.015,0,
3868,尾形栄治,41.0,40,2.5,5.1,-1.9,10.0,0.197,0.036,3,0.0
4119,泥谷一毅,57.6,46,6.5,9.1,-1.9,6.5,0.166,0.005,0,
4964,土屋南,57.4,31,6.5,9.3,-1.9,9.7,0.152,-0.009,1,0.0
5154,村松栄太,43.7,31,3.2,6.2,-2.0,6.5,0.173,0.012,0,
4320,峰竜太,73.7,33,12.1,15.0,-2.0,18.2,0.143,-0.018,0,
5302,秋末秦悟,32.1,24,0.0,3.3,-2.0,0.0,0.184,0.023,1,0.0
4329,小松卓司,40.1,42,2.4,5.1,-2.0,2.4,0.172,0.01,1,0.0
5221,竹間隆晟,65.3,48,8.3,11.0,-2.0,12.5,0.145,-0.017,3,33.3
4572,渡部悟,54.1,32,6.2,9.3,-2.0,6.2,0.137,-0.024,2,0.0
3905,天野友和,65.6,48,8.3,11.0,-2.0,8.3,0.146,-0.016,1,0.0
4220,深川和仁,45.1,31,3.2,6.2,-2.0,6.5,0.16,-0.001,0,
3509,池千夏,28.7,23,0.0,3.3,-2.0,0.0,0.146,-0.015,1,0.0
5242,高山弘斗,29.7,23,0.0,3.3,-2.0,4.3,0.155,-0.006,5,0.0
4940,白石有美,23.5,17,0.0,3.9,-2.1,0.0,0.176,0.015,0,
5254,羽田妃希,31.5,26,0.0,3.3,-2.1,7.7,0.171,0.01,0,
3442,宮武英司,45.8,33,3.0,6.2,-2.1,3.0,0.157,-0.004,0,
3467,森弘行,30.3,26,0.0,3.3,-2.1,0.0,0.161,0.0,1,0.0
3432,宮迫暢彦,39.5,44,2.3,5.1,-2.1,2.3,0.174,0.013,0,
4502,遠藤エミ,72.1,41,9.8,12.7,-2.1,24.4,0.147,-0.014,1,0.0
3710,吉永泰弘,40.8,45,2.2,5.1,-2.1,6.7,0.173,0.012,0,
4778,堤啓輔,49.7,29,3.4,6.7,-2.1,10.3,0.154,-0.007,0,
4210,松村康太,56.5,46,6.5,9.3,-2.1,6.5,0.166,0.005,0,
3370,坪内実,29.3,27,0.0,3.3,-2.1,0.0,0.168,0.007,1,0.0
4976,金山立樹,49.7,29,3.4,6.7,-2.1,6.9,0.19,0.029,0,
3458,東健介,30.1,26,0.0,3.3,-2.1,0.0,0.17,0.009,0,
4308,河村了,70.8,41,9.8,12.7,-2.1,12.2,0.164,0.003,0,
4097,貫地谷直人,30.6,26,0.0,3.3,-2.1,0.0,0.192,0.031,0,
4234,野相弘司,44.1,33,3.0,6.2,-2.1,3.0,0.161,-0.0,1,0.0
4272,大場広孝,45.4,32,3.1,6.2,-2.1,6.2,0.171,0.01,1,0.0
4409,坂元浩仁,65.2,37,8.1,11.0,-2.1,10.8,0.146,-0.015,2,0.0
3681,山谷央,44.7,32,3.1,6.2,-2.1,6.2,0.152,-0.009,2,0.0
4592,小林孝弘,43.2,33,3.0,6.2,-2.1,3.0,0.167,0.006,2,0.0
3888,山本英志,56.9,46,6.5,9.3,-2.1,13.0,0.138,-0.023,0,
4292,麻生慎介,64.2,37,8.1,11.0,-2.1,13.5,0.15,-0.012,1,0.0
4144,石塚久也,65.8,37,8.1,11.0,-2.1,10.8,0.165,0.004,7,0.0
4709,岡村将也,58.1,33,6.1,9.1,-2.1,6.1,0.166,0.005,1,0.0
5271,杉山太陽,32.0,25,0.0,3.3,-2.1,4.0,0.18,0.019,0,
3211,北川敏弘,29.5,29,0.0,3.3,-2.2,0.0,0.169,0.008,0,
4839,四宮与寛,56.4,33,6.1,9.3,-2.2,9.1,0.142,-0.019,1,0.0
5113,黒明花夢,23.6,20,0.0,3.9,-2.2,0.0,0.177,0.016,2,0.0
4275,菅野はやか,25.0,20,0.0,3.9,-2.2,0.0,0.159,-0.002,0,
3246,星野政彦,24.4,19,0.0,3.9,-2.2,0.0,0.16,-0.001,1,0.0
3875,廣中良一,41.0,46,2.2,5.1,-2.2,2.2,0.156,-0.005,0,
3643,米田隆弘,49.0,30,3.3,6.7,-2.2,6.7,0.165,0.004,0,
5002,上田健太,60.3,34,5.9,9.1,-2.2,11.8,0.16,-0.001,1,0.0
5088,高憧四季,69.7,51,9.8,12.7,-2.2,19.6,0.151,-0.011,1,0.0
3596,河上年昭,32.1,28,0.0,3.3,-2.2,0.0,0.154,-0.007,3,0.0
3293,宮内由紀英,31.3,29,0.0,3.3,-2.2,0.0,0.179,0.018,1,0.0
4631,新井英孝,46.1,34,2.9,6.2,-2.2,2.9,0.176,0.015,0,
4528,黒井達矢,66.7,38,7.9,11.0,-2.2,10.5,0.168,0.007,7,0.0
4724,吉田祐貴,24.3,20,0.0,3.9,-2.2,0.0,0.177,0.016,0,
3800,牧宏次,51.7,30,3.3,6.7,-2.2,3.3,0.156,-0.005,1,0.0
3949,今出晋二,27.6,31,0.0,3.3,-2.2,0.0,0.173,0.011,2,0.0
3551,藤田美代,29.0,28,0.0,3.3,-2.2,3.6,0.176,0.015,0,
5033,藤原孝斗,30.5,30,0.0,3.3,-2.2,3.3,0.174,0.013,2,0.0
4522,古澤光紀,57.6,34,5.9,9.1,-2.2,5.9,0.148,-0.013,0,
3900,香川素子,67.4,38,7.9,11.0,-2.2,13.2,0.176,0.015,5,0.0
4897,深見亜由美,29.8,30,0.0,3.3,-2.2,0.0,0.192,0.031,0,
4010,越智照浩,29.0,33,0.0,3.3,-2.3,0.0,0.152,-0.009,3,0.0
4256,渡辺浩司,73.1,34,11.8,15.0,-2.3,20.6,0.137,-0.024,0,
3268,森竜也,38.2,49,2.0,5.1,-2.3,2.0,0.18,0.019,6,16.7
4511,中岡健人,43.4,35,2.9,6.2,-2.3,5.7,0.18,0.019,2,0.0
5152,丸山祐也,28.2,34,0.0,3.3,-2.3,0.0,0.205,0.044,0,
5259,野田昇吾,23.8,23,0.0,3.9,-2.3,0.0,0.143,-0.018,1,0.0
4421,森作広大,26.4,21,0.0,3.9,-2.3,0.0,0.171,0.01,4,0.0
4258,関根彰人,43.2,35,2.9,6.2,-2.3,5.7,0.177,0.016,6,0.0
4181,花本夏樹,32.3,32,0.0,3.3,-2.3,3.1,0.188,0.027,5,0.0
3357,福島陽子,31.6,35,0.0,3.3,-2.3,0.0,0.176,0.015,0,
5296,永田楽,30.8,32,0.0,3.3,-2.3,9.4,0.184,0.023,0,
5009,大賀龍之介,49.6,31,3.2,6.7,-2.3,9.7,0.156,-0.005,2,0.0
5244,黒田剛,29.1,33,0.0,3.3,-2.3,6.1,0.162,0.001,0,
4103,山崎善庸,28.4,32,0.0,3.3,-2.3,0.0,0.196,0.035,2,0.0
3827,今泉徹,32.0,35,0.0,3.3,-2.3,0.0,0.162,0.001,3,0.0
3477,近藤稔也,29.1,34,0.0,3.3,-2.3,2.9,0.183,0.022,1,0.0
4339,平瀬城啓,32.3,32,0.0,3.3,-2.3,0.0,0.164,0.003,2,0.0
5332,村松遥輝,30.2,35,0.0,3.3,-2.3,5.7,0.169,0.008,5,0.0
4176,樋口喜彦,26.0,23,0.0,3.9,-2.3,0.0,0.176,0.015,1,0.0
3647,伊藤雄二,29.8,32,0.0,3.3,-2.3,0.0,0.16,-0.001,4,0.0
4129,宇野博之,31.3,33,0.0,3.3,-2.3,0.0,0.18,0.019,5,0.0
4837,酒井陽祐,49.5,32,3.1,6.7,-2.4,3.1,0.148,-0.013,1,0.0
3928,林恵祐,29.5,38,0.0,3.3,-2.4,0.0,0.165,0.004,0,
5011,高木圭大,30.1,40,0.0,3.3,-2.4,2.5,0.164,0.003,0,
4039,村上功祐,51.9,32,3.1,6.7,-2.4,6.2,0.146,-0.015,0,
5054,佐々木大河,66.1,51,7.8,11.0,-2.4,11.8,0.143,-0.018,1,0.0
5043,中村日向,63.0,39,7.7,11.0,-2.4,12.8,0.145,-0.016,0,
3922,菅沼佳昭,31.4,41,0.0,3.3,-2.4,7.3,0.172,0.011,0,
4219,本岡勝利,28.8,38,0.0,3.3,-2.4,0.0,0.168,0.007,0,
4551,三川昂暁,61.1,35,5.7,9.1,-2.4,14.3,0.157,-0.004,2,50.0
4145,小澤学,31.6,40,0.0,3.3,-2.4,5.0,0.238,0.077,3,0.0
4268,和合俊介,26.1,27,0.0,3.9,-2.5,0.0,0.171,0.01,1,0.0
3300,川崎智幸,58.1,36,5.6,9.1,-2.5,8.3,0.15,-0.011,4,0.0
4514,上條嘉嗣,69.5,43,9.3,12.7,-2.5,14.0,0.192,0.031,6,0.0
4306,畔柳俊吾,49.2,33,3.0,6.7,-2.5,3.0,0.182,0.021,0,
3353,前田光昭,26.4,26,0.0,3.9,-2.5,0.0,0.14,-0.021,3,0.0
4336,松田竜馬,46.4,37,2.7,6.2,-2.5,5.4,0.157,-0.004,1,0.0
4618,乃村康友,48.1,33,3.0,6.7,-2.5,6.1,0.162,0.001,2,50.0
4435,服部達哉,52.5,33,3.0,6.7,-2.5,9.1,0.171,0.01,0,
4731,間野兼礼,48.6,33,3.0,6.7,-2.5,6.1,0.155,-0.006,0,
3947,寺本昇平,42.9,37,2.7,6.2,-2.5,2.7,0.194,0.032,2,0.0
4120,柘植政浩,61.9,51,5.9,9.1,-2.5,7.8,0.168,0.007,0,
3107,平岡重典,26.4,27,0.0,3.9,-2.5,3.7,0.172,0.01,2,0.0
4263,武重雄介,48.6,33,3.0,6.7,-2.5,3.0,0.177,0.016,0,
4068,幸田智裕,47.1,38,2.6,6.2,-2.5,5.3,0.18,0.019,4,0.0
4892,柴田直哉,49.5,33,3.0,6.7,-2.5,3.0,0.173,0.012,1,0.0
5163,清水愛海,64.1,40,7.5,11.0,-2.5,12.5,0.19,0.029,0,
4623,中北将史,45.4,38,2.6,6.2,-2.5,2.6,0.157,-0.005,3,0.0
4117,廣中智紗衣,64.3,40,7.5,11.0,-2.5,7.5,0.199,0.038,3,33.3
4521,小池公生,52.2,33,3.0,6.7,-2.5,3.0,0.185,0.024,1,0.0
4906,鈴木雅希,55.9,35,5.7,9.3,-2.5,8.6,0.146,-0.015,3,33.3
4578,藤山雅弘,58.4,36,5.6,9.1,-2.5,8.3,0.169,0.008,2,0.0
3619,長谷川充,45.7,37,2.7,6.2,-2.5,2.7,0.173,0.012,3,0.0
4466,南佑典,58.6,36,5.6,9.1,-2.5,8.3,0.166,0.005,0,
4065,金田幸子,47.2,37,2.7,6.2,-2.5,5.4,0.172,0.011,1,100.0
3797,岩井繁,31.8,43,0.0,3.3,-2.5,0.0,0.193,0.032,1,0.0
4394,永嶋裕一,63.1,40,7.5,11.0,-2.5,17.5,0.153,-0.008,1,0.0
4560,庄司樹良々,59.3,36,5.6,9.1,-2.5,13.9,0.13,-0.031,1,0.0
5284,嘉手苅徹哉,22.6,28,0.0,3.9,-2.5,0.0,0.163,0.002,0,
3804,中渡修作,44.1,39,2.6,6.2,-2.6,2.6,0.148,-0.013,2,0.0
4049,荒川健太,61.8,52,5.8,9.1,-2.6,7.7,0.18,0.019,2,50.0
4197,渥美卓郎,27.3,32,0.0,3.9,-2.6,0.0,0.183,0.022,0,
5285,若林麗,22.8,30,0.0,3.9,-2.6,3.3,0.183,0.022,0,
4714,喜多須杏奈,47.4,39,2.6,6.2,-2.6,2.6,0.172,0.011,2,0.0
2538,高橋二朗,23.2,32,0.0,3.9,-2.6,0.0,0.192,0.031,0,
4890,石川諒,56.7,36,5.6,9.3,-2.6,13.9,0.128,-0.033,0,
4998,中村かなえ,39.1,16,0.0,5.1,-2.6,0.0,0.141,-0.02,2,0.0
5032,谷口知優,54.3,37,5.4,9.3,-2.7,8.1,0.168,0.007,0,
4600,井内将太郎,66.5,41,7.3,11.0,-2.7,9.8,0.133,-0.028,0,
4642,松尾夏海,66.0,41,7.3,11.0,-2.7,9.8,0.155,-0.007,1,100.0
3961,谷村一哉,71.3,24,8.3,12.7,-2.7,8.3,0.152,-0.009,0,
4598,加藤政彦,56.7,37,5.4,9.3,-2.7,10.8,0.151,-0.011,1,0.0
4931,木谷賢太,71.2,44,9.1,12.7,-2.7,11.4,0.151,-0.01,3,0.0
4888,金児隆太,47.2,41,2.4,6.2,-2.7,4.9,0.175,0.014,6,0.0
4962,畑竜生,58.8,38,5.3,9.1,-2.7,7.9,0.154,-0.007,0,
5185,加藤優弥,51.0,35,2.9,6.7,-2.7,8.6,0.136,-0.025,1,0.0
5139,大場恒季,63.6,41,7.3,11.0,-2.7,14.6,0.145,-0.016,3,0.0
4229,市川美宏,35.2,22,0.0,4.6,-2.7,0.0,0.174,0.013,0,
3741,松尾基成,25.5,36,0.0,3.9,-2.7,0.0,0.165,0.004,3,0.0
4208,三浦永理,67.4,41,7.3,11.0,-2.7,19.5,0.145,-0.016,0,
4168,石野貴之,60.5,38,5.3,9.1,-2.7,5.3,0.144,-0.017,2,0.0
4555,富永大一,53.0,37,5.4,9.3,-2.7,10.8,0.166,0.005,1,0.0
5312,川辺郭人,22.8,35,0.0,3.9,-2.7,0.0,0.193,0.031,0,
4536,喜井つかさ,63.6,41,7.3,11.0,-2.7,14.6,0.159,-0.003,3,66.7
5297,南彩寧,22.7,36,0.0,3.9,-2.7,2.8,0.205,0.044,1,0.0
3853,岩崎正哉,51.0,37,2.7,6.7,-2.8,2.7,0.187,0.026,3,0.0
4111,奥田誠,50.7,37,2.7,6.7,-2.8,2.7,0.156,-0.005,0,
3411,池上隆行,27.0,40,0.0,3.9,-2.8,2.5,0.155,-0.006,2,0.0
3350,藤本佳史,48.0,37,2.7,6.7,-2.8,5.4,0.17,0.009,2,0.0
4420,津久井拓也,54.7,53,5.7,9.3,-2.8,13.2,0.15,-0.011,2,0.0
5110,杉山喜一,50.4,36,2.8,6.7,-2.8,2.8,0.16,-0.002,2,0.0
4154,森安弘雅,48.6,37,2.7,6.7,-2.8,5.4,0.172,0.011,0,
5187,小坂風太,34.8,24,0.0,4.6,-2.8,0.0,0.194,0.033,3,0.0
3896,上田洋平,50.0,37,2.7,6.7,-2.8,5.4,0.156,-0.005,0,
5026,安河内健,63.0,42,7.1,11.0,-2.8,16.7,0.158,-0.003,0,
3891,谷口健一,26.0,42,0.0,3.9,-2.8,0.0,0.171,0.01,0,
4311,岡村仁,69.1,45,8.9,12.7,-2.8,13.3,0.144,-0.018,4,25.0
3527,中嶋誠一郎,52.0,38,2.6,6.7,-2.9,5.3,0.168,0.007,0,
3841,佐々木和伸,61.2,39,5.1,9.1,-2.9,12.8,0.15,-0.011,1,0.0
4934,佐々木翔斗,58.0,39,5.1,9.1,-2.9,7.7,0.177,0.016,1,100.0
4853,前原哉,37.5,20,0.0,5.1,-2.9,10.0,0.196,0.035,0,
3948,大町利克,34.7,25,0.0,4.6,-2.9,0.0,0.179,0.018,2,0.0
4057,松井賢治,58.9,55,5.5,9.1,-2.9,10.9,0.161,-0.0,5,20.0
4857,加藤翔馬,71.3,25,8.0,12.7,-2.9,28.0,0.17,0.009,2,0.0
5317,長尾萌加,45.6,44,2.3,6.2,-2.9,4.5,0.16,-0.002,0,
5144,中尾彩香,47.8,38,2.6,6.7,-2.9,5.3,0.161,-0.0,2,0.0
4744,伊藤玲奈,41.5,20,0.0,5.1,-2.9,0.0,0.192,0.031,0,
4352,下條雄太郎,64.4,30,6.7,11.0,-2.9,16.7,0.148,-0.013,0,
4508,野間大樹,54.6,38,5.3,9.3,-2.9,10.5,0.176,0.014,1,0.0
4549,小林文彦,58.4,39,5.1,9.1,-2.9,7.7,0.183,0.022,3,0.0
3885,久田武,53.4,38,5.3,9.3,-2.9,7.9,0.167,0.006,1,0.0
4164,岩永節也,35.7,29,0.0,4.6,-3.0,0.0,0.183,0.022,0,
4382,高山智至,42.6,46,2.2,6.2,-3.0,4.3,0.183,0.022,2,0.0
3514,山一鉄也,55.0,39,5.1,9.3,-3.0,10.3,0.167,0.006,1,0.0
3915,繁野谷圭介,57.4,39,5.1,9.3,-3.0,7.7,0.171,0.01,0,
4350,篠崎元志,65.0,43,7.0,11.0,-3.0,9.3,0.155,-0.006,0,
3920,正木聖賢,52.6,39,5.1,9.3,-3.0,7.7,0.156,-0.005,0,
3566,川添英正,48.1,39,2.6,6.7,-3.0,5.1,0.187,0.026,1,0.0
3984,坂口周,65.9,43,7.0,11.0,-3.0,9.3,0.162,0.001,1,0.0
3505,山田竜一,52.4,39,2.6,6.7,-3.0,5.1,0.142,-0.019,3,0.0
4043,桐本康臣,59.2,40,5.0,9.1,-3.0,7.5,0.145,-0.016,2,0.0
3156,金子良昭,34.9,29,0.0,4.6,-3.0,0.0,0.164,0.003,4,0.0
3441,土屋太朗,46.6,46,2.2,6.2,-3.0,2.2,0.177,0.016,6,0.0
4567,上村慎太郎,36.5,27,0.0,4.6,-3.0,0.0,0.212,0.051,0,
3303,渡辺豊,44.5,46,2.2,6.2,-3.0,4.3,0.194,0.033,2,0.0
4720,西澤日花里,37.3,30,0.0,4.6,-3.1,0.0,0.17,0.009,1,0.0
3471,赤峰和也,33.1,30,0.0,4.6,-3.1,3.3,0.175,0.014,1,0.0
4434,田中辰彦,65.1,44,6.8,11.0,-3.1,11.4,0.155,-0.006,0,
5151,山下奈緒,32.6,32,0.0,4.6,-3.1,0.0,0.218,0.057,1,0.0
4108,吉村正明,54.5,40,5.0,9.3,-3.1,10.0,0.134,-0.027,3,0.0
3392,小森信雄,38.8,24,0.0,5.1,-3.1,0.0,0.178,0.017,4,0.0
4358,松本庸平,37.2,30,0.0,4.6,-3.1,3.3,0.216,0.055,0,
4199,北川潤二,65.5,69,7.2,11.0,-3.1,8.7,0.152,-0.009,4,25.0
4345,西舘健,53.4,40,5.0,9.3,-3.1,12.5,0.165,0.004,1,0.0
4952,吉武真也,35.8,31,0.0,4.6,-3.1,0.0,0.176,0.015,2,0.0
3297,藤丸光一,37.3,32,0.0,4.6,-3.1,3.1,0.192,0.031,1,0.0
4927,関野文,55.3,40,5.0,9.3,-3.1,10.0,0.16,-0.001,0,
4936,戸敷晃美,59.3,41,4.9,9.1,-3.1,9.8,0.158,-0.003,2,0.0
3889,須藤隆雄,34.2,30,0.0,4.6,-3.1,0.0,0.174,0.013,1,0.0
4905,土井祥伍,33.9,32,0.0,4.6,-3.1,0.0,0.177,0.016,0,
3964,宮地博士,36.9,32,0.0,4.6,-3.1,0.0,0.177,0.016,1,0.0
4718,北川太一,62.0,41,4.9,9.1,-3.1,4.9,0.143,-0.018,0,
3315,広瀬聖仁,37.9,23,0.0,5.1,-3.1,4.3,0.17,0.009,0,
4558,宮野仁,33.0,30,0.0,4.6,-3.1,0.0,0.187,0.026,0,
4486,野村誠,54.7,40,5.0,9.3,-3.1,10.0,0.171,0.01,1,0.0
3507,藤井徹,35.8,32,0.0,4.6,-3.1,0.0,0.198,0.036,0,
4894,原村拓也,44.0,49,2.0,6.2,-3.1,8.2,0.192,0.031,0,
4390,松本弓雄,32.8,32,0.0,4.6,-3.1,0.0,0.186,0.025,0,
4162,竹本太樹,38.8,23,0.0,5.1,-3.1,0.0,0.162,0.001,1,0.0
4891,寺島美里,40.6,25,0.0,5.1,-3.2,0.0,0.142,-0.019,0,
4393,田中孝明,33.2,35,0.0,4.6,-3.2,2.9,0.198,0.037,3,0.0
3686,鳥居塚孝博,60.5,42,4.8,9.1,-3.2,14.3,0.144,-0.017,0,
4951,新田洋一,50.9,42,2.4,6.7,-3.2,4.8,0.144,-0.017,0,
3708,岡部貴司,47.9,42,2.4,6.7,-3.2,2.4,0.168,0.007,2,0.0
3869,井芹大志,37.4,34,0.0,4.6,-3.2,0.0,0.185,0.024,0,
4697,國弘翔平,35.0,34,0.0,4.6,-3.2,0.0,0.173,0.011,2,0.0
5250,嶋田有里,36.3,35,0.0,4.6,-3.2,0.0,0.177,0.016,0,
4014,片岡恵里,53.2,41,4.9,9.3,-3.2,7.3,0.171,0.01,0,
3569,増田進,33.3,33,0.0,4.6,-3.2,0.0,0.166,0.004,0,
4918,川島拓郎,50.2,43,2.3,6.7,-3.2,2.3,0.15,-0.011,3,0.0
4987,島倉都,32.6,35,0.0,4.6,-3.2,0.0,0.171,0.01,7,0.0
4400,加藤奈月,35.4,33,0.0,4.6,-3.2,0.0,0.17,0.008,0,
5186,遠藤圭吾,38.9,25,0.0,5.1,-3.2,4.0,0.161,0.0,2,0.0
4388,是澤孝宏,60.8,42,4.8,9.1,-3.2,7.1,0.165,0.004,1,0.0
3224,栗山繁洋,34.0,36,0.0,4.6,-3.3,0.0,0.187,0.026,0,
4738,清埜翔子,55.6,42,4.8,9.3,-3.3,7.1,0.154,-0.007,6,0.0
4071,古賀千晶,41.4,27,0.0,5.1,-3.3,0.0,0.157,-0.004,0,
4418,茅原悠紀,71.4,37,8.1,12.7,-3.3,13.5,0.127,-0.034,1,0.0
3687,花田和明,45.3,53,1.9,6.2,-3.3,3.8,0.167,0.005,3,0.0
4782,浜崎準也,38.5,29,0.0,5.1,-3.3,3.4,0.172,0.011,0,
3775,泉啓文,32.6,37,0.0,4.6,-3.3,0.0,0.177,0.016,0,
4693,松下誉士,34.9,36,0.0,4.6,-3.3,0.0,0.179,0.018,0,
3523,寳田亮治,37.9,29,0.0,5.1,-3.3,3.4,0.187,0.026,0,
4325,新出浩司,41.9,27,0.0,5.1,-3.3,0.0,0.164,0.003,3,0.0
4565,西村豪洋,34.0,36,0.0,4.6,-3.3,2.8,0.172,0.011,1,0.0
3645,淺田千亜希,47.4,17,0.0,6.2,-3.3,5.9,0.159,-0.002,0,
3859,多羅尾達之,38.4,28,0.0,5.1,-3.3,0.0,0.172,0.011,3,0.0
4079,出畑孝典,60.7,44,4.5,9.1,-3.4,6.8,0.167,0.006,1,0.0
5037,田頭虎親,53.2,26,3.8,9.3,-3.4,11.5,0.168,0.007,0,
4251,川崎誠志,39.2,31,0.0,5.1,-3.4,3.2,0.192,0.031,0,
4098,赤澤文香,38.5,32,0.0,5.1,-3.4,0.0,0.183,0.022,0,
4053,芦澤望,57.3,43,4.7,9.3,-3.4,9.3,0.164,0.003,2,0.0
3771,折下寛法,56.5,43,4.7,9.3,-3.4,7.0,0.15,-0.012,2,50.0
4105,松下直也,54.1,43,4.7,9.3,-3.4,4.7,0.16,-0.001,0,
3448,高山秀雄,41.5,32,0.0,5.1,-3.4,0.0,0.187,0.026,2,0.0
4579,中嶋健一郎,58.8,44,4.5,9.1,-3.4,13.6,0.161,-0.0,2,0.0
5000,岡本翔太郎,39.2,32,0.0,5.1,-3.4,6.2,0.134,-0.028,0,
4295,小坂尚哉,71.8,38,7.9,12.7,-3.4,13.2,0.145,-0.016,2,0.0
5286,坂井滉哉,41.2,30,0.0,5.1,-3.4,3.3,0.157,-0.004,0,
5351,齊藤廉,35.0,40,0.0,4.6,-3.4,5.0,0.15,-0.011,4,0.0
5046,松山裕基,38.7,32,0.0,5.1,-3.4,0.0,0.169,0.008,1,0.0
4324,海野康志郎,66.8,46,6.5,11.0,-3.4,8.7,0.149,-0.012,0,
4785,木幡純也,39.2,30,0.0,5.1,-3.4,0.0,0.181,0.019,3,0.0
4494,河合佑樹,62.9,33,6.1,11.0,-3.4,9.1,0.166,0.005,1,0.0
4866,橋本英一,41.4,30,0.0,5.1,-3.4,0.0,0.186,0.025,0,
4728,山口亮,40.9,30,0.0,5.1,-3.4,0.0,0.179,0.018,0,
4963,實森美祐,60.1,44,4.5,9.1,-3.4,9.1,0.156,-0.005,3,0.0
3081,岡本慎治,46.7,18,0.0,6.2,-3.4,0.0,0.164,0.003,4,0.0
3769,佐竹恒彦,54.6,26,3.8,9.3,-3.4,7.7,0.167,0.006,0,
4332,村上彰一,39.4,33,0.0,5.1,-3.5,3.0,0.192,0.031,1,0.0
4248,岡本大,40.2,34,0.0,5.1,-3.5,0.0,0.169,0.008,0,
3790,佐口達也,37.8,34,0.0,5.1,-3.5,0.0,0.184,0.023,0,
5216,長谷川晴哉,60.9,45,4.4,9.1,-3.5,8.9,0.146,-0.015,3,33.3
4202,浮田圭浩,42.2,33,0.0,5.1,-3.5,3.0,0.188,0.027,0,
5157,市川健太,37.8,35,0.0,5.1,-3.5,0.0,0.159,-0.002,1,0.0
4525,真子奈津実,41.4,34,0.0,5.1,-3.5,0.0,0.157,-0.004,2,0.0
5326,三嶌さらら,32.7,47,0.0,4.6,-3.5,4.3,0.185,0.024,0,
3684,清水攻二,57.7,45,4.4,9.1,-3.5,8.9,0.165,0.004,0,
4299,中島浩哉,40.6,34,0.0,5.1,-3.5,2.9,0.147,-0.014,0,
3990,芹澤克彦,41.3,35,0.0,5.1,-3.5,2.9,0.154,-0.007,0,
5174,川井萌,51.4,16,0.0,6.7,-3.5,6.2,0.177,0.016,3,0.0
5118,野田なづき,58.3,28,3.6,9.1,-3.6,7.1,0.172,0.011,2,0.0
4947,間庭菜摘,42.4,36,0.0,5.1,-3.6,0.0,0.167,0.006,2,0.0
4746,大豆生田蒼,55.3,27,3.7,9.3,-3.6,14.8,0.192,0.031,7,14.3
5064,品川二千翔,60.4,46,4.3,9.1,-3.6,10.9,0.148,-0.013,2,0.0
4850,野中一平,63.2,48,6.2,11.0,-3.6,12.5,0.122,-0.039,1,0.0
4584,村岡賢人,68.9,39,7.7,12.7,-3.6,7.7,0.127,-0.034,2,0.0
4262,馬場貴也,67.5,39,7.7,12.7,-3.6,17.9,0.146,-0.015,1,0.0
4842,山下昂大,57.5,46,4.3,9.1,-3.6,6.5,0.168,0.007,0,
4543,重木輝彦,65.5,48,6.2,11.0,-3.6,8.3,0.176,0.014,0,
4995,田邉亮蔵,40.3,38,0.0,5.1,-3.6,0.0,0.181,0.02,1,0.0
5177,松井貫太,38.7,36,0.0,5.1,-3.6,0.0,0.185,0.024,1,0.0
4790,柳内敬太,63.4,48,6.2,11.0,-3.6,6.2,0.162,0.001,1,100.0
4491,田中堅,38.2,38,0.0,5.1,-3.6,0.0,0.176,0.015,2,0.0
4246,喜多那由夏,39.1,36,0.0,5.1,-3.6,2.8,0.185,0.024,2,0.0
3967,鈴木茂高,38.5,37,0.0,5.1,-3.6,0.0,0.179,0.017,2,0.0
4822,百武翔,61.5,47,4.3,9.1,-3.7,4.3,0.172,0.011,2,50.0
4487,三原司,40.2,39,0.0,5.1,-3.7,5.1,0.175,0.014,0,
4919,吉田翔悟,45.2,25,0.0,6.2,-3.8,0.0,0.156,-0.005,1,0.0
4030,森高一真,55.0,47,4.3,9.3,-3.8,8.5,0.133,-0.028,0,
5175,島崎丈一朗,43.4,24,0.0,6.2,-3.8,4.2,0.171,0.01,2,0.0
4151,下河誉史,48.2,55,1.8,6.7,-3.8,1.8,0.183,0.022,0,
4424,松尾昂明,58.6,48,4.2,9.1,-3.8,6.2,0.165,0.004,8,0.0
4678,水野望美,47.4,25,0.0,6.2,-3.8,0.0,0.163,0.002,0,
5240,高橋龍治,44.6,25,0.0,6.2,-3.8,0.0,0.156,-0.005,1,0.0
5237,永松良教,44.1,24,0.0,6.2,-3.8,0.0,0.171,0.01,1,0.0
5248,本田愛,44.4,24,0.0,6.2,-3.8,4.2,0.19,0.029,4,0.0
3415,松井繁,60.6,49,4.1,9.1,-3.8,14.3,0.137,-0.024,0,
3454,井川大作,56.0,30,3.3,9.3,-3.9,3.3,0.142,-0.019,0,
4639,雑賀勇貴,39.1,49,0.0,5.1,-3.9,2.0,0.163,0.002,4,0.0
3621,天野晶夫,54.7,30,3.3,9.3,-3.9,3.3,0.159,-0.002,0,
5307,富永夏哉人,44.8,28,0.0,6.2,-4.0,3.6,0.172,0.011,1,0.0
5170,佐藤太亮,45.9,28,0.0,6.2,-4.0,0.0,0.156,-0.005,2,0.0
4450,平高奈菜,58.1,31,3.2,9.1,-4.0,12.9,0.169,0.008,0,
5023,久永祥平,61.8,31,3.2,9.1,-4.0,3.2,0.157,-0.005,2,0.0
4019,笠原亮,65.8,37,5.4,11.0,-4.0,13.5,0.161,-0.0,2,0.0
4884,勝浦真帆,51.8,22,0.0,6.7,-4.0,0.0,0.147,-0.014,1,0.0
4691,水原慎,43.5,30,0.0,6.2,-4.1,0.0,0.187,0.026,0,
5239,上野俊樹,48.8,24,0.0,6.7,-4.1,4.2,0.148,-0.013,1,0.0
3986,沖島広和,48.8,24,0.0,6.7,-4.1,0.0,0.177,0.016,2,0.0
4484,稲生夏季,45.2,30,0.0,6.2,-4.1,0.0,0.179,0.018,0,
4064,原田篤志,72.8,42,9.5,15.0,-4.1,16.7,0.165,0.004,2,0.0
4066,東本勝利,64.5,38,5.3,11.0,-4.1,7.9,0.182,0.021,3,0.0
4273,佐藤旭,46.9,31,0.0,6.2,-4.1,0.0,0.183,0.022,3,0.0
5050,木下雄介,59.3,32,3.1,9.1,-4.1,15.6,0.162,0.001,2,0.0
5376,吉田一心,47.3,31,0.0,6.2,-4.1,3.2,0.183,0.022,1,0.0
3284,渡邊伸太郎,45.5,32,0.0,6.2,-4.2,3.1,0.191,0.03,0,
3813,佐藤大介,68.2,31,6.5,12.7,-4.2,9.7,0.176,0.015,0,
4422,永井亮次,43.8,32,0.0,6.2,-4.2,0.0,0.172,0.011,0,
5127,沼田大都,47.2,32,0.0,6.2,-4.2,0.0,0.208,0.047,0,
3436,柏野幸二,58.2,33,3.0,9.1,-4.2,3.0,0.143,-0.018,1,0.0
4214,林祐介,55.2,32,3.1,9.3,-4.2,6.2,0.156,-0.005,1,0.0
4347,魚谷香織,61.9,33,3.0,9.1,-4.2,3.0,0.189,0.028,3,0.0
4710,福田宗平,61.6,33,3.0,9.1,-4.2,6.1,0.137,-0.024,0,
3656,伯母芳恒,53.2,32,3.1,9.3,-4.2,6.2,0.161,-0.0,3,0.0
4626,伊藤紘章,43.1,32,0.0,6.2,-4.2,0.0,0.214,0.053,1,0.0
4910,中村泰平,71.9,43,7.0,12.7,-4.2,9.3,0.154,-0.007,1,0.0
3105,内山文典,48.0,26,0.0,6.7,-4.2,3.8,0.155,-0.006,1,0.0
4357,田中和也,70.4,43,7.0,12.7,-4.2,14.0,0.157,-0.004,0,
4680,後藤美翼,56.5,33,3.0,9.3,-4.3,3.0,0.196,0.034,4,0.0
5047,國分将太郎,47.4,35,0.0,6.2,-4.3,5.7,0.176,0.015,1,0.0
3831,安藤裕貴,43.4,36,0.0,6.2,-4.3,2.8,0.144,-0.018,1,0.0
4051,清水敦揮,72.9,34,8.8,15.0,-4.3,17.6,0.168,0.007,0,
4209,藤田竜弘,53.6,33,3.0,9.3,-4.3,6.1,0.165,0.004,2,0.0
3880,浅見宗孝,43.7,34,0.0,6.2,-4.3,2.9,0.184,0.023,0,
3893,汐崎正則,46.2,36,0.0,6.2,-4.3,2.8,0.16,-0.001,2,0.0
5078,山川波乙,42.8,36,0.0,6.2,-4.3,2.8,0.182,0.021,0,
3474,松瀬弘美,43.2,34,0.0,6.2,-4.3,2.9,0.161,0.0,2,0.0
3696,白井友晴,45.7,34,0.0,6.2,-4.3,0.0,0.164,0.002,3,0.0
4300,加藤綾,45.2,35,0.0,6.2,-4.3,2.9,0.165,0.004,2,0.0
4835,橋本明,47.0,39,0.0,6.2,-4.4,0.0,0.149,-0.012,1,0.0
3434,松尾宣邦,46.3,38,0.0,6.2,-4.4,0.0,0.158,-0.003,0,
5015,高橋竜矢,70.5,44,6.8,12.7,-4.4,13.6,0.148,-0.013,3,0.0
3489,大場敏,58.3,57,3.5,9.1,-4.4,7.0,0.156,-0.005,2,0.0
3833,中辻博訓,66.1,55,5.5,11.0,-4.4,9.1,0.137,-0.024,0,
4425,大井清貴,48.6,28,0.0,6.7,-4.4,3.6,0.17,0.009,0,
4457,神田達也,45.3,38,0.0,6.2,-4.4,2.6,0.16,-0.001,4,0.0
4949,横田貴満,62.7,40,5.0,11.0,-4.4,10.0,0.161,-0.0,0,
5247,大森翼,45.1,39,0.0,6.2,-4.4,2.6,0.164,0.003,1,0.0
5102,原田雄次,44.5,38,0.0,6.2,-4.4,0.0,0.191,0.03,1,0.0
3541,三嶌誠司,61.5,35,2.9,9.1,-4.4,8.6,0.151,-0.01,3,0.0
4809,外崎悟,52.8,34,2.9,9.3,-4.4,8.8,0.15,-0.012,6,0.0
3837,秋山広一,65.4,40,5.0,11.0,-4.4,7.5,0.161,0.0,0,
3581,加木郁,43.7,37,0.0,6.2,-4.4,5.4,0.176,0.014,0,
4908,上田龍星,68.0,44,6.8,12.7,-4.4,13.6,0.146,-0.015,3,33.3
5203,神里琴音,46.2,39,0.0,6.2,-4.4,2.6,0.15,-0.011,1,0.0
3845,中谷朋子,49.0,29,0.0,6.7,-4.4,0.0,0.184,0.023,2,0.0
4055,吉田俊彦,65.7,55,5.5,11.0,-4.4,9.1,0.157,-0.004,0,
4740,齋藤達希,45.5,37,0.0,6.2,-4.4,5.4,0.177,0.016,0,
4195,前川守嗣,48.3,29,0.0,6.7,-4.4,3.4,0.157,-0.005,0,
5105,富田恕生,43.4,37,0.0,6.2,-4.4,2.7,0.176,0.015,0,
4684,楠原翔太,53.0,35,2.9,9.3,-4.5,5.7,0.167,0.006,2,0.0
4596,葛原大陽,67.2,41,4.9,11.0,-4.5,7.3,0.155,-0.006,0,
4159,向後龍一,58.6,37,2.7,9.1,-4.5,2.7,0.164,0.003,6,0.0
4604,岩瀬裕亮,69.1,45,6.7,12.7,-4.5,11.1,0.157,-0.004,3,33.3
5249,三木晴斗,47.6,31,0.0,6.7,-4.5,0.0,0.164,0.003,0,
4417,服部剛,48.3,30,0.0,6.7,-4.5,3.3,0.191,0.029,2,0.0
4564,山本景士郎,42.5,41,0.0,6.2,-4.5,2.4,0.19,0.029,1,0.0
3892,草場康幸,52.0,31,0.0,6.7,-4.5,0.0,0.156,-0.006,0,
3478,嶋田貴支,49.5,31,0.0,6.7,-4.5,6.5,0.168,0.007,0,
3455,谷本幸司,47.3,40,0.0,6.2,-4.5,5.0,0.153,-0.008,1,0.0
3445,加藤高史,49.7,31,0.0,6.7,-4.5,6.5,0.177,0.016,2,0.0
3635,石田政吾,48.3,30,0.0,6.7,-4.5,3.3,0.169,0.007,0,
4654,篠田優也,64.0,41,4.9,11.0,-4.5,12.2,0.153,-0.008,2,0.0
4006,小野勇作,49.7,32,0.0,6.7,-4.6,3.1,0.157,-0.004,0,
4293,鈴木智啓,49.2,33,0.0,6.7,-4.6,0.0,0.178,0.017,1,0.0
5134,大原祥昌,55.3,36,2.8,9.3,-4.6,2.8,0.147,-0.014,2,0.0
4077,品田直樹,52.1,33,0.0,6.7,-4.6,12.1,0.171,0.01,0,
4444,桐生順平,61.7,38,2.6,9.1,-4.6,7.9,0.141,-0.02,8,0.0
5120,山本稔太朗,51.4,32,0.0,6.7,-4.6,3.1,0.151,-0.011,0,
4861,田中宏樹,51.4,33,0.0,6.7,-4.6,9.1,0.173,0.012,1,0.0
4447,深川麻奈美,56.1,36,2.8,9.3,-4.6,8.3,0.165,0.004,0,
3772,一柳和孝,52.0,32,0.0,6.7,-4.6,3.1,0.139,-0.022,2,0.0
4238,毒島誠,76.6,26,7.7,15.0,-4.6,15.4,0.155,-0.006,1,0.0
4981,牧山敦也,50.5,36,0.0,6.7,-4.7,2.8,0.168,0.007,0,
4266,長田頼宗,63.6,43,4.7,11.0,-4.7,4.7,0.161,-0.0,0,
5095,小原聡将,65.0,27,3.7,11.0,-4.7,14.8,0.158,-0.003,2,0.0
4303,牧原崇,49.8,36,0.0,6.7,-4.7,2.8,0.156,-0.005,1,0.0
4074,柳沢一,65.2,43,4.7,11.0,-4.7,14.0,0.148,-0.013,2,0.0
4241,大串重幸,58.8,39,2.6,9.1,-4.7,2.6,0.169,0.008,0,
3828,明石正之,48.8,35,0.0,6.7,-4.7,0.0,0.167,0.006,0,
4758,富樫麗加,59.8,16,0.0,9.1,-4.7,0.0,0.162,0.0,4,0.0
4099,吉永則雄,64.7,43,4.7,11.0,-4.7,7.0,0.16,-0.002,3,0.0
3663,木山和幸,53.8,38,2.6,9.3,-4.8,5.3,0.167,0.006,0,
4452,松尾祭,52.0,39,0.0,6.7,-4.8,2.6,0.175,0.014,0,
4389,伊藤喜智,53.7,38,2.6,9.3,-4.8,10.5,0.164,0.002,1,0.0
4513,河野真也,57.4,38,2.6,9.3,-4.8,7.9,0.17,0.009,1,100.0
4652,酒見峻介,48.6,38,0.0,6.7,-4.8,5.3,0.168,0.007,0,
5142,常住蓮,75.6,46,8.7,15.0,-4.8,17.4,0.141,-0.02,0,
5018,竹下大樹,67.9,47,6.4,12.7,-4.8,8.5,0.156,-0.005,0,
4371,西山貴浩,56.0,39,2.6,9.3,-4.8,7.7,0.138,-0.024,0,
4061,萩原秀人,65.3,44,4.5,11.0,-4.8,9.1,0.146,-0.015,2,0.0
4961,西橋奈未,59.3,40,2.5,9.1,-4.8,5.0,0.151,-0.01,2,0.0
3606,川北浩貴,54.7,40,2.5,9.3,-4.9,5.0,0.164,0.003,0,
4676,後藤隼之,51.6,41,0.0,6.7,-4.9,0.0,0.173,0.012,0,
4633,森智也,58.3,41,2.4,9.1,-4.9,4.9,0.172,0.011,0,
4748,渡邉雄朗,68.1,35,5.7,12.7,-4.9,11.4,0.165,0.004,1,0.0
4379,桑島和宏,60.4,42,2.4,9.1,-4.9,7.1,0.151,-0.01,0,
4566,塩田北斗,58.1,42,2.4,9.1,-4.9,2.4,0.137,-0.024,0,
3576,白水勝也,74.9,37,8.1,15.0,-4.9,10.8,0.163,0.002,2,0.0
4515,藤田浩人,61.5,41,2.4,9.1,-4.9,2.4,0.16,-0.001,0,
3854,吉川元浩,64.6,45,4.4,11.0,-4.9,8.9,0.139,-0.022,4,0.0
3482,金子猛志,50.2,43,0.0,6.7,-5.0,2.3,0.162,0.001,3,0.0
3502,渡邉英児,60.0,43,2.3,9.1,-5.0,2.3,0.16,-0.001,2,0.0
4471,新田泰章,68.3,49,6.1,12.7,-5.0,10.2,0.153,-0.009,4,0.0
4607,鶴田勇雄,57.5,43,2.3,9.1,-5.0,2.3,0.179,0.018,3,0.0
4907,小池修平,72.5,38,7.9,15.0,-5.1,18.4,0.135,-0.026,0,
4259,真庭明志,55.7,42,2.4,9.3,-5.1,7.1,0.157,-0.004,0,
4441,末永由楽,61.4,44,2.3,9.1,-5.1,2.3,0.14,-0.021,2,0.0
3744,徳増秀樹,60.2,69,2.9,9.1,-5.1,10.1,0.135,-0.026,3,0.0
3334,角ひとみ,54.5,43,2.3,9.3,-5.1,2.3,0.193,0.032,1,0.0
4603,谷川将太,52.9,42,2.4,9.3,-5.1,2.4,0.165,0.004,0,
4155,長野壮志郎,64.4,30,3.3,11.0,-5.1,10.0,0.142,-0.019,0,
4148,枝尾賢,58.8,45,2.2,9.1,-5.2,2.2,0.14,-0.021,1,0.0
4611,今井美亜,58.9,45,2.2,9.1,-5.2,2.2,0.174,0.013,1,0.0
4524,深谷知博,60.8,46,2.2,9.1,-5.2,10.9,0.14,-0.021,2,0.0
4083,福島勇樹,74.8,39,7.7,15.0,-5.3,10.3,0.141,-0.02,3,33.3
4335,若林将,73.3,39,7.7,15.0,-5.3,12.8,0.124,-0.037,2,0.0
4348,宮崎奨,60.3,47,2.1,9.1,-5.3,2.1,0.164,0.003,1,0.0
3933,山地正樹,53.6,20,0.0,9.3,-5.3,0.0,0.168,0.007,2,0.0
3745,橋本年光,53.8,20,0.0,9.3,-5.3,0.0,0.16,-0.001,0,
4124,池田雄一,65.2,32,3.1,11.0,-5.4,9.4,0.172,0.011,2,0.0
3746,岡瀬正人,55.3,47,2.1,9.3,-5.4,6.4,0.181,0.02,0,
4546,浜田亜理沙,64.7,32,3.1,11.0,-5.4,6.2,0.167,0.006,7,0.0
5045,平川香織,65.1,50,4.0,11.0,-5.4,8.0,0.203,0.041,8,0.0
4848,仲谷颯仁,62.8,33,3.0,11.0,-5.5,3.0,0.154,-0.007,0,
4545,岡村慶太,70.6,39,5.1,12.7,-5.5,12.8,0.146,-0.015,4,0.0
4296,岡崎恭裕,69.8,26,3.8,12.7,-5.6,3.8,0.141,-0.02,0,
4290,稲田浩二,64.6,34,2.9,11.0,-5.6,5.9,0.115,-0.046,1,0.0
4096,石橋道友,65.0,35,2.9,11.0,-5.7,11.4,0.151,-0.01,1,0.0
3679,飯島昌弘,66.8,54,3.7,11.0,-5.7,9.3,0.161,-0.001,6,0.0
4817,渡邉翼,62.4,27,0.0,9.1,-5.8,0.0,0.152,-0.009,0,
4659,木下翔太,70.1,42,4.8,12.7,-5.8,11.9,0.153,-0.009,0,
5049,松井友汰,61.2,27,0.0,9.1,-5.8,3.7,0.169,0.008,2,0.0
4531,武富智亮,63.0,37,2.7,11.0,-5.9,5.4,0.17,0.009,0,
4991,宗行治哉,63.6,38,2.6,11.0,-6.0,7.9,0.181,0.019,2,0.0
4456,鎌倉涼,65.4,39,2.6,11.0,-6.1,5.1,0.167,0.006,1,0.0
4003,表憲一,53.4,30,0.0,9.3,-6.2,0.0,0.165,0.003,0,
4464,山下友貴,63.3,40,2.5,11.0,-6.2,12.5,0.181,0.02,2,0.0
4661,中島昂章,53.3,31,0.0,9.3,-6.2,0.0,0.177,0.016,0,
4523,中村辰也,58.6,32,0.0,9.1,-6.2,3.1,0.148,-0.013,0,
3715,倉尾大介,59.9,34,0.0,9.1,-6.3,2.9,0.174,0.013,2,0.0
4831,羽野直也,67.7,31,3.2,12.7,-6.4,9.7,0.154,-0.007,0,
3783,瓜生正義,60.8,35,0.0,9.1,-6.4,2.9,0.153,-0.008,1,0.0
5189,藤原早菜,57.9,35,0.0,9.1,-6.4,5.7,0.179,0.018,0,
4362,土屋智則,60.8,37,0.0,9.1,-6.5,5.4,0.15,-0.011,0,
4470,平田健之佑,67.7,32,3.1,12.7,-6.5,6.2,0.14,-0.021,0,
4015,前野竜一,59.0,38,0.0,9.1,-6.5,2.6,0.157,-0.004,0,
3385,渡邉睦広,56.5,36,0.0,9.3,-6.5,5.6,0.158,-0.003,0,
4739,中村晃朋,65.2,45,2.2,11.0,-6.6,6.7,0.14,-0.021,0,
4089,妹尾忠幸,64.9,45,2.2,11.0,-6.6,8.9,0.164,0.003,0,
4630,岩永雅人,57.1,37,0.0,9.3,-6.6,2.7,0.17,0.009,1,0.0
4911,片岡大地,52.6,37,0.0,9.3,-6.6,2.7,0.147,-0.014,2,0.0
4373,若狭奈美子,67.3,47,2.1,11.0,-6.7,8.5,0.174,0.013,4,0.0
4719,上條暢嵩,64.5,47,2.1,11.0,-6.7,8.5,0.137,-0.024,0,
4451,松崎祐太郎,64.7,46,2.2,11.0,-6.7,6.5,0.153,-0.008,0,
4786,佐藤博亮,67.4,46,2.2,11.0,-6.7,13.0,0.138,-0.023,3,0.0
4732,堀本和也,64.4,47,2.1,11.0,-6.7,12.8,0.114,-0.047,0,
3435,寺田千恵,63.9,48,2.1,11.0,-6.8,10.4,0.154,-0.007,1,0.0
3161,古場輝義,56.2,41,0.0,9.3,-6.8,2.4,0.167,0.006,1,0.0
4179,広次修,55.2,41,0.0,9.3,-6.8,2.4,0.157,-0.004,1,0.0
4318,桑原将光,54.7,41,0.0,9.3,-6.8,0.0,0.151,-0.01,2,0.0
4142,平野和明,56.3,43,0.0,9.3,-6.9,0.0,0.17,0.009,1,0.0
3997,北村征嗣,68.4,52,3.8,12.7,-6.9,9.6,0.162,0.001,0,
5224,西岡顕心,69.8,35,2.9,12.7,-6.9,8.6,0.142,-0.019,0,
3655,本橋克洋,54.4,46,0.0,9.3,-7.0,0.0,0.177,0.016,2,0.0
4759,今泉友吾,70.8,36,2.8,12.7,-7.0,8.3,0.166,0.005,3,0.0
3737,上平真二,68.1,36,2.8,12.7,-7.0,2.8,0.174,0.013,3,0.0
5193,米丸乃絵,68.5,38,2.6,12.7,-7.2,2.6,0.161,-0.0,0,
4123,細川裕子,68.2,38,2.6,12.7,-7.2,5.3,0.177,0.016,0,
3826,村田修次,63.2,32,0.0,11.0,-7.5,0.0,0.158,-0.003,0,
4218,吉川喜継,74.2,55,5.5,15.0,-7.5,10.9,0.161,-0.0,4,0.0
4776,竹田和哉,71.0,42,2.4,12.7,-7.6,7.1,0.163,0.002,0,
4133,高橋正男,65.6,39,0.0,11.0,-7.9,2.6,0.141,-0.02,3,0.0
3499,市川哲也,64.2,39,0.0,11.0,-7.9,2.6,0.142,-0.02,0,
4590,渡邉優美,67.4,40,0.0,11.0,-8.0,12.5,0.153,-0.008,1,0.0
4069,山本修一,64.3,42,0.0,11.0,-8.1,4.8,0.171,0.01,0,
4172,森定晃史,63.6,43,0.0,11.0,-8.2,11.6,0.164,0.003,0,
4136,江夏満,72.2,31,0.0,12.7,-8.5,3.2,0.17,0.009,1,0.0
4058,野末智一,63.1,54,0.0,11.0,-8.6,0.0,0.18,0.019,0,
4184,渡邊雄一郎,74.4,39,2.6,15.0,-9.0,23.1,0.171,0.01,0,
